country,winter,season,metric,value,anom,anom_dt,n_sites,group,oni_djf
DK,1950,DJF,frost_days,41.436,2.632,-14.484,2,lanina,-1.320
DK,1950,DJF,ice_days,9.263,-0.916,-8.852,2,lanina,-1.320
DK,1950,DJF,precip,211.350,19.147,41.647,2,lanina,-1.320
DK,1950,DJF,precip_days,40.500,3.700,6.970,2,lanina,-1.320
DK,1950,DJF,thaw_days,80.737,1.183,9.079,2,lanina,-1.320
DK,1950,DJF,tmax_mean,4.359,0.377,1.758,2,lanina,-1.320
DK,1950,DJF,tmin_mean,-0.370,-0.550,1.508,2,lanina,-1.320
DK,1950,JFM,frost_days,46.853,7.779,-12.666,2,lanina,-1.320
DK,1950,JFM,ice_days,9.044,1.359,-7.968,2,lanina,-1.320
DK,1950,JFM,precip,153.900,-25.370,13.620,2,lanina,-1.320
DK,1950,JFM,precip_days,30.000,-0.967,1.964,2,lanina,-1.320
DK,1950,JFM,thaw_days,80.956,-1.198,8.236,2,lanina,-1.320
DK,1950,JFM,tmax_mean,4.803,0.108,2.075,2,lanina,-1.320
DK,1950,JFM,tmin_mean,-0.625,-0.714,1.494,2,lanina,-1.320
DK,1950,NDJFM,frost_days,52.837,-1.575,-26.384,2,lanina,-1.320
DK,1950,NDJFM,ice_days,9.076,-2.021,-10.878,2,lanina,-1.320
DK,1950,NDJFM,precip,309.700,-15.330,23.152,2,lanina,-1.320
DK,1950,NDJFM,precip_days,61.000,6.167,6.673,2,lanina,-1.320
DK,1950,NDJFM,thaw_days,141.923,2.336,11.262,2,lanina,-1.320
DK,1950,NDJFM,tmax_mean,5.812,0.534,1.857,2,lanina,-1.320
DK,1950,NDJFM,tmin_mean,0.840,-0.173,1.586,2,lanina,-1.320
DK,1951,DJF,frost_days,55.095,16.291,-0.520,2,lanina,-0.660
DK,1951,DJF,ice_days,7.136,-2.659,-10.845,2,lanina,-0.660
DK,1951,DJF,precip,225.250,51.647,55.445,2,lanina,-0.660
DK,1951,DJF,precip_days,44.500,4.700,10.977,2,lanina,-0.660
DK,1951,DJF,thaw_days,80.841,-1.119,9.059,2,lanina,-0.660
DK,1951,DJF,tmax_mean,2.304,-2.232,-0.326,2,lanina,-0.660
DK,1951,DJF,tmean,0.592,,0.050,2,lanina,-0.660
DK,1951,DJF,tmin_mean,-1.179,-1.360,0.662,2,lanina,-0.660
DK,1951,JFM,frost_days,63.209,24.135,4.066,2,lanina,-0.660
DK,1951,JFM,ice_days,7.188,-0.025,-9.661,2,lanina,-0.660
DK,1951,JFM,precip,238.950,80.130,98.439,2,lanina,-0.660
DK,1951,JFM,precip_days,39.000,6.033,10.904,2,lanina,-0.660
DK,1951,JFM,thaw_days,81.278,-2.882,8.397,2,lanina,-0.660
DK,1951,JFM,tmax_mean,2.527,-2.345,-0.239,2,lanina,-0.660
DK,1951,JFM,tmean,0.570,-2.036,0.243,2,lanina,-0.660
DK,1951,JFM,tmin_mean,-1.406,-1.495,0.673,2,lanina,-0.660
DK,1951,NDJFM,frost_days,86.617,32.203,7.848,2,lanina,-0.660
DK,1951,NDJFM,ice_days,10.182,0.444,-9.619,2,lanina,-0.660
DK,1951,NDJFM,precip,403.600,94.670,116.781,2,lanina,-0.660
DK,1951,NDJFM,precip_days,70.000,9.167,15.636,2,lanina,-0.660
DK,1951,NDJFM,thaw_days,138.791,-4.183,7.982,2,lanina,-0.660
DK,1951,NDJFM,tmax_mean,3.325,-2.297,-0.655,2,lanina,-0.660
DK,1951,NDJFM,tmean,1.361,,-0.308,2,lanina,-0.660
DK,1951,NDJFM,tmin_mean,-0.658,-1.671,0.057,2,lanina,-0.660
DK,1952,DJF,frost_days,37.550,-1.252,-17.758,2,elnino,0.520
DK,1952,DJF,ice_days,6.729,-2.346,-11.120,2,elnino,0.520
DK,1952,DJF,precip,168.350,2.647,-1.556,2,elnino,0.520
DK,1952,DJF,precip_days,40.500,7.700,6.983,2,elnino,0.520
DK,1952,DJF,thaw_days,83.748,2.567,11.841,2,elnino,0.520
DK,1952,DJF,tmax_mean,4.564,0.431,1.905,2,elnino,0.520
DK,1952,DJF,tmean,2.417,,1.843,2,elnino,0.520
DK,1952,DJF,tmin_mean,0.434,0.255,2.240,2,elnino,0.520
DK,1952,JFM,frost_days,60.174,21.101,1.405,2,elnino,0.520
DK,1952,JFM,ice_days,9.135,3.040,-7.553,2,elnino,0.520
DK,1952,JFM,precip,147.700,-2.570,6.959,2,elnino,0.520
DK,1952,JFM,precip_days,33.000,2.033,4.845,2,elnino,0.520
DK,1952,JFM,thaw_days,81.354,-2.901,8.314,2,elnino,0.520
DK,1952,JFM,tmax_mean,3.511,-1.000,0.707,2,elnino,0.520
DK,1952,JFM,tmean,1.081,-1.309,0.715,2,elnino,0.520
DK,1952,JFM,tmin_mean,-1.282,-1.371,0.758,2,elnino,0.520
DK,1952,NDJFM,frost_days,62.660,8.248,-15.654,2,elnino,0.520
DK,1952,NDJFM,ice_days,9.287,-0.237,-10.361,2,elnino,0.520
DK,1952,NDJFM,precip,323.250,51.070,36.159,2,elnino,0.520
DK,1952,NDJFM,precip_days,66.500,10.167,12.098,2,elnino,0.520
DK,1952,NDJFM,thaw_days,142.193,0.511,11.238,2,elnino,0.520
DK,1952,NDJFM,tmax_mean,5.332,0.171,1.327,2,elnino,0.520
DK,1952,NDJFM,tmean,3.046,,1.352,2,elnino,0.520
DK,1952,NDJFM,tmin_mean,0.882,-0.131,1.566,2,elnino,0.520
DK,1953,DJF,frost_days,52.025,13.221,-2.979,2,neutral,0.250
DK,1953,DJF,ice_days,13.527,1.689,-4.190,2,neutral,0.250
DK,1953,DJF,precip,136.850,-67.853,-33.158,2,neutral,0.250
DK,1953,DJF,precip_days,32.500,-6.300,-1.010,2,neutral,0.250
DK,1953,DJF,thaw_days,76.474,-1.422,4.441,2,neutral,0.250
DK,1953,DJF,tmax_mean,2.843,-1.328,0.154,2,neutral,0.250
DK,1953,DJF,tmean,0.721,,0.115,2,neutral,0.250
DK,1953,DJF,tmin_mean,-1.504,-1.684,0.267,2,neutral,0.250
DK,1953,JFM,frost_days,44.501,5.426,-13.893,2,neutral,0.250
DK,1953,JFM,ice_days,12.939,3.044,-3.587,2,neutral,0.250
DK,1953,JFM,precip,95.150,-84.270,-45.822,2,neutral,0.250
DK,1953,JFM,precip_days,24.500,-11.967,-3.715,2,neutral,0.250
DK,1953,JFM,thaw_days,77.061,-2.882,3.862,2,neutral,0.250
DK,1953,JFM,tmax_mean,4.476,-0.553,1.635,2,neutral,0.250
DK,1953,JFM,tmean,1.891,-0.527,1.485,2,neutral,0.250
DK,1953,JFM,tmin_mean,-0.892,-0.981,1.109,2,neutral,0.250
DK,1953,NDJFM,frost_days,72.148,17.735,-5.715,2,neutral,0.250
DK,1953,NDJFM,ice_days,13.309,0.533,-6.186,2,neutral,0.250
DK,1953,NDJFM,precip,218.600,-121.030,-68.763,2,neutral,0.250
DK,1953,NDJFM,precip_days,50.500,-12.833,-3.939,2,neutral,0.250
DK,1953,NDJFM,thaw_days,137.691,-0.218,6.588,2,neutral,0.250
DK,1953,NDJFM,tmax_mean,4.261,-1.131,0.231,2,neutral,0.250
DK,1953,NDJFM,tmean,1.923,,0.203,2,neutral,0.250
DK,1953,NDJFM,tmin_mean,-0.526,-1.538,0.127,2,neutral,0.250
DK,1954,DJF,frost_days,55.338,16.535,0.640,2,neutral,0.410
DK,1954,DJF,ice_days,28.981,17.887,11.396,2,neutral,0.410
DK,1954,DJF,precip,142.600,-58.353,-27.509,2,neutral,0.410
DK,1954,DJF,precip_days,24.000,-17.300,-9.503,2,neutral,0.410
DK,1954,DJF,thaw_days,61.019,-17.620,-11.137,2,neutral,0.410
DK,1954,DJF,tmax_mean,2.220,-1.759,-0.498,2,neutral,0.410
DK,1954,DJF,tmean,0.090,,-0.548,2,neutral,0.410
DK,1954,DJF,tmin_mean,-1.870,-2.050,-0.136,2,neutral,0.410
DK,1954,JFM,frost_days,71.601,32.526,13.581,2,neutral,0.410
DK,1954,JFM,ice_days,29.663,20.771,13.300,2,neutral,0.410
DK,1954,JFM,precip,148.650,-13.670,7.447,2,neutral,0.410
DK,1954,JFM,precip_days,23.500,-12.967,-4.775,2,neutral,0.410
DK,1954,JFM,thaw_days,59.820,-21.644,-13.540,2,neutral,0.410
DK,1954,JFM,tmax_mean,1.606,-2.890,-1.274,2,neutral,0.410
DK,1954,JFM,tmean,-0.630,-2.938,-1.076,2,neutral,0.410
DK,1954,JFM,tmin_mean,-2.806,-2.896,-0.843,2,neutral,0.410
DK,1954,NDJFM,frost_days,78.631,24.219,1.222,2,neutral,0.410
DK,1954,NDJFM,ice_days,30.509,17.679,11.168,2,neutral,0.410
DK,1954,NDJFM,precip,265.400,-38.530,-22.236,2,neutral,0.410
DK,1954,NDJFM,precip_days,43.500,-21.833,-10.977,2,neutral,0.410
DK,1954,NDJFM,thaw_days,119.967,-18.413,-11.283,2,neutral,0.410
DK,1954,NDJFM,tmax_mean,3.931,-1.141,-0.122,2,neutral,0.410
DK,1954,NDJFM,tmean,1.809,,0.064,2,neutral,0.410
DK,1954,NDJFM,tmin_mean,-0.206,-1.219,0.415,2,neutral,0.410
DK,1955,DJF,frost_days,54.204,15.401,-0.189,2,neutral,-0.500
DK,1955,DJF,ice_days,18.921,3.581,1.469,2,neutral,-0.500
DK,1955,DJF,precip,170.300,-22.153,0.089,2,neutral,-0.500
DK,1955,DJF,precip_days,28.500,-8.300,-4.996,2,neutral,-0.500
DK,1955,DJF,thaw_days,69.546,-4.337,-2.736,2,neutral,-0.500
DK,1955,DJF,tmax_mean,2.596,-1.256,-0.150,2,neutral,-0.500
DK,1955,DJF,tmean,0.330,,-0.339,2,neutral,-0.500
DK,1955,DJF,tmin_mean,-1.837,-2.018,-0.138,2,neutral,-0.500
DK,1955,JFM,frost_days,73.927,34.853,16.283,2,neutral,-0.500
DK,1955,JFM,ice_days,22.157,6.771,5.956,2,neutral,-0.500
DK,1955,JFM,precip,111.450,-64.470,-29.985,2,neutral,-0.500
DK,1955,JFM,precip_days,22.500,-11.967,-5.834,2,neutral,-0.500
DK,1955,JFM,thaw_days,65.832,-8.609,-7.688,2,neutral,-0.500
DK,1955,JFM,tmax_mean,1.378,-2.913,-1.540,2,neutral,-0.500
DK,1955,JFM,tmean,-1.173,-3.263,-1.659,2,neutral,-0.500
DK,1955,JFM,tmin_mean,-3.714,-3.803,-1.790,2,neutral,-0.500
DK,1955,NDJFM,frost_days,87.155,32.742,10.198,2,neutral,-0.500
DK,1955,NDJFM,ice_days,22.296,3.484,3.107,2,neutral,-0.500
DK,1955,NDJFM,precip,291.150,-29.130,3.243,2,neutral,-0.500
DK,1955,NDJFM,precip_days,51.500,-10.833,-3.014,2,neutral,-0.500
DK,1955,NDJFM,thaw_days,126.678,-5.196,-4.720,2,neutral,-0.500
DK,1955,NDJFM,tmax_mean,3.324,-1.596,-0.755,2,neutral,-0.500
DK,1955,NDJFM,tmean,1.016,,-0.756,2,neutral,-0.500
DK,1955,NDJFM,tmin_mean,-1.255,-2.268,-0.664,2,neutral,-0.500
DK,1956,DJF,frost_days,63.813,25.009,9.726,2,lanina,-1.170
DK,1956,DJF,ice_days,28.762,17.195,11.444,2,lanina,-1.170
DK,1956,DJF,precip,195.200,-20.753,24.887,2,lanina,-1.170
DK,1956,DJF,precip_days,40.500,2.700,7.011,2,lanina,-1.170
DK,1956,DJF,thaw_days,61.192,-16.962,-11.214,2,lanina,-1.170
DK,1956,DJF,tmax_mean,1.458,-2.640,-1.317,2,lanina,-1.170
DK,1956,DJF,tmean,-1.025,,-1.726,2,lanina,-1.170
DK,1956,DJF,tmin_mean,-3.792,-3.971,-2.127,2,lanina,-1.170
DK,1956,JFM,frost_days,70.199,31.126,12.930,2,lanina,-1.170
DK,1956,JFM,ice_days,24.966,14.555,8.927,2,lanina,-1.170
DK,1956,JFM,precip,111.250,-59.470,-30.415,2,lanina,-1.170
DK,1956,JFM,precip_days,28.000,-2.967,-0.394,2,lanina,-1.170
DK,1956,JFM,thaw_days,65.510,-13.393,-8.169,2,lanina,-1.170
DK,1956,JFM,tmax_mean,1.541,-2.817,-1.415,2,lanina,-1.170
DK,1956,JFM,tmean,-1.090,-3.217,-1.615,2,lanina,-1.170
DK,1956,JFM,tmin_mean,-4.021,-4.110,-2.135,2,lanina,-1.170
DK,1956,NDJFM,frost_days,93.257,38.844,16.754,2,lanina,-1.170
DK,1956,NDJFM,ice_days,29.885,17.053,10.850,2,lanina,-1.170
DK,1956,NDJFM,precip,251.450,-79.630,-36.729,2,lanina,-1.170
DK,1956,NDJFM,precip_days,53.500,-1.833,-1.052,2,lanina,-1.170
DK,1956,NDJFM,thaw_days,121.084,-16.765,-10.460,2,lanina,-1.170
DK,1956,NDJFM,tmax_mean,3.348,-1.759,-0.756,2,lanina,-1.170
DK,1956,NDJFM,tmean,0.814,,-0.984,2,lanina,-1.170
DK,1956,NDJFM,tmin_mean,-1.941,-2.953,-1.381,2,lanina,-1.170
DK,1957,DJF,frost_days,33.950,-4.854,-19.832,2,neutral,-0.270
DK,1957,DJF,ice_days,6.688,-4.518,-10.497,2,neutral,-0.270
DK,1957,DJF,precip,167.550,-20.253,-2.865,2,neutral,-0.270
DK,1957,DJF,precip_days,38.000,0.700,4.518,2,neutral,-0.270
DK,1957,DJF,thaw_days,83.311,4.785,10.780,2,neutral,-0.270
DK,1957,DJF,tmax_mean,4.697,0.770,1.893,2,neutral,-0.270
DK,1957,DJF,tmean,2.835,,2.103,2,neutral,-0.270
DK,1957,DJF,tmin_mean,0.930,0.750,2.558,2,neutral,-0.270
DK,1957,JFM,frost_days,39.828,0.754,-17.066,2,neutral,-0.270
DK,1957,JFM,ice_days,2.069,-7.160,-13.808,2,neutral,-0.270
DK,1957,JFM,precip,166.150,22.730,24.254,2,neutral,-0.270
DK,1957,JFM,precip_days,32.000,1.033,3.546,2,neutral,-0.270
DK,1957,JFM,thaw_days,87.931,7.322,14.093,2,neutral,-0.270
DK,1957,JFM,tmax_mean,5.218,0.752,2.224,2,neutral,-0.270
DK,1957,JFM,tmean,2.810,0.631,2.245,2,neutral,-0.270
DK,1957,JFM,tmin_mean,0.322,0.233,2.169,2,neutral,-0.270
DK,1957,NDJFM,frost_days,59.891,5.478,-16.160,2,neutral,-0.270
DK,1957,NDJFM,ice_days,6.656,-5.540,-12.226,2,neutral,-0.270
DK,1957,NDJFM,precip,269.300,-24.930,-19.151,2,neutral,-0.270
DK,1957,NDJFM,precip_days,56.500,-1.833,1.910,2,neutral,-0.270
DK,1957,NDJFM,thaw_days,144.344,5.855,12.652,2,neutral,-0.270
DK,1957,NDJFM,tmax_mean,5.282,0.359,1.155,2,neutral,-0.270
DK,1957,NDJFM,tmean,3.083,,1.259,2,neutral,-0.270
DK,1957,NDJFM,tmin_mean,0.829,-0.182,1.358,2,neutral,-0.270
DK,1958,DJF,frost_days,59.178,20.375,5.702,2,elnino,1.690
DK,1958,DJF,ice_days,16.217,4.792,-0.837,2,elnino,1.690
DK,1958,DJF,precip,251.100,44.347,80.584,2,elnino,1.690
DK,1958,DJF,precip_days,38.500,-2.300,5.024,2,elnino,1.690
DK,1958,DJF,thaw_days,73.783,-4.525,1.128,2,elnino,1.690
DK,1958,DJF,tmax_mean,2.716,-1.287,-0.118,2,elnino,1.690
DK,1958,DJF,tmin_mean,-2.148,-2.328,-0.555,2,elnino,1.690
DK,1958,JFM,frost_days,74.416,35.343,17.898,2,elnino,1.690
DK,1958,JFM,ice_days,18.314,7.515,2.599,2,elnino,1.690
DK,1958,JFM,precip,216.500,24.430,74.374,2,elnino,1.690
DK,1958,JFM,precip_days,34.000,-3.967,5.487,2,elnino,1.690
DK,1958,JFM,thaw_days,71.162,-8.400,-2.835,2,elnino,1.690
DK,1958,JFM,tmax_mean,1.755,-2.628,-1.277,2,elnino,1.690
DK,1958,JFM,tmean,-0.951,-3.050,-1.555,2,elnino,1.690
DK,1958,JFM,tmin_mean,-3.721,-3.811,-1.913,2,elnino,1.690
DK,1958,NDJFM,frost_days,93.563,39.150,17.966,2,elnino,1.690
DK,1958,NDJFM,ice_days,21.958,7.954,3.229,2,elnino,1.690
DK,1958,NDJFM,precip,312.300,-30.030,23.576,2,elnino,1.690
DK,1958,NDJFM,precip_days,51.500,-13.833,-3.127,2,elnino,1.690
DK,1958,NDJFM,thaw_days,128.525,-8.674,-3.314,2,elnino,1.690
DK,1958,NDJFM,tmax_mean,3.364,-1.706,-0.788,2,elnino,1.690
DK,1958,NDJFM,tmin_mean,-1.539,-2.552,-1.042,2,elnino,1.690
DK,1959,DJF,frost_days,50.362,11.559,-2.809,2,neutral,0.600
DK,1959,DJF,ice_days,17.473,6.443,0.553,2,neutral,0.600
DK,1959,DJF,precip,142.750,-36.253,-27.867,2,neutral,0.600
DK,1959,DJF,precip_days,31.000,-11.300,-2.468,2,neutral,0.600
DK,1959,DJF,thaw_days,72.527,-6.176,-0.253,2,neutral,0.600
DK,1959,DJF,tmax_mean,3.559,-0.611,0.696,2,neutral,0.600
DK,1959,DJF,tmean,1.389,,0.594,2,neutral,0.600
DK,1959,DJF,tmin_mean,-0.806,-0.986,0.750,2,neutral,0.600
DK,1959,JFM,frost_days,43.989,4.915,-12.155,2,neutral,0.600
DK,1959,JFM,ice_days,16.182,6.771,0.628,2,neutral,0.600
DK,1959,JFM,precip,103.300,-32.570,-39.058,2,neutral,0.600
DK,1959,JFM,precip_days,22.000,-9.967,-6.573,2,neutral,0.600
DK,1959,JFM,thaw_days,73.818,-6.609,-0.340,2,neutral,0.600
DK,1959,JFM,tmax_mean,4.595,0.006,1.524,2,neutral,0.600
DK,1959,JFM,tmean,2.106,-0.176,1.461,2,neutral,0.600
DK,1959,JFM,tmin_mean,-0.396,-0.485,1.373,2,neutral,0.600
DK,1959,NDJFM,frost_days,56.084,1.671,-19.061,2,neutral,0.600
DK,1959,NDJFM,ice_days,17.334,5.389,-1.241,2,neutral,0.600
DK,1959,NDJFM,precip,214.150,-71.830,-74.846,2,neutral,0.600
DK,1959,NDJFM,precip_days,42.000,-19.833,-12.665,2,neutral,0.600
DK,1959,NDJFM,thaw_days,133.666,-5.075,1.679,2,neutral,0.600
DK,1959,NDJFM,tmax_mean,5.292,0.075,1.115,2,neutral,0.600
DK,1959,NDJFM,tmean,3.003,,1.128,2,neutral,0.600
DK,1959,NDJFM,tmin_mean,0.688,-0.325,1.153,2,neutral,0.600
DK,1960,DJF,frost_days,55.552,16.749,2.686,2,neutral,0.020
DK,1960,DJF,ice_days,17.989,5.171,1.201,2,neutral,0.020
DK,1960,DJF,precip,212.450,27.647,41.730,2,neutral,0.020
DK,1960,DJF,precip_days,41.500,3.700,8.038,2,neutral,0.020
DK,1960,DJF,thaw_days,72.483,-4.962,-0.422,2,neutral,0.020
DK,1960,DJF,tmax_mean,2.670,-1.344,-0.221,2,neutral,0.020
DK,1960,DJF,tmin_mean,-1.454,-1.633,0.068,2,neutral,0.020
DK,1960,JFM,frost_days,59.621,20.547,3.852,2,neutral,0.020
DK,1960,JFM,ice_days,15.167,5.414,-0.225,2,neutral,0.020
DK,1960,JFM,precip,146.750,-22.470,4.162,2,neutral,0.020
DK,1960,JFM,precip_days,29.000,-7.967,0.368,2,neutral,0.020
DK,1960,JFM,thaw_days,75.310,-5.299,0.992,2,neutral,0.020
DK,1960,JFM,tmax_mean,3.299,-1.114,0.191,2,neutral,0.020
DK,1960,JFM,tmean,0.705,-1.645,0.020,2,neutral,0.020
DK,1960,JFM,tmin_mean,-1.970,-2.058,-0.239,2,neutral,0.020
DK,1960,NDJFM,frost_days,74.137,19.724,-0.555,2,neutral,0.020
DK,1960,NDJFM,ice_days,18.808,4.968,0.387,2,neutral,0.020
DK,1960,NDJFM,precip,285.600,-9.930,-3.667,2,neutral,0.020
DK,1960,NDJFM,precip_days,55.000,-4.833,0.298,2,neutral,0.020
DK,1960,NDJFM,thaw_days,132.671,-4.694,0.538,2,neutral,0.020
DK,1960,NDJFM,tmax_mean,4.362,-0.716,0.160,2,neutral,0.020
DK,1960,NDJFM,tmean,2.099,,0.200,2,neutral,0.020
DK,1960,NDJFM,tmin_mean,-0.225,-1.238,0.210,2,neutral,0.020
DK,1961,DJF,frost_days,31.358,-7.446,-21.203,2,neutral,0.000
DK,1961,DJF,ice_days,7.183,-1.532,-9.473,2,neutral,0.000
DK,1961,DJF,precip,185.750,-13.253,14.929,2,neutral,0.000
DK,1961,DJF,precip_days,35.500,-1.300,2.046,2,neutral,0.000
DK,1961,DJF,thaw_days,82.300,1.799,9.271,2,neutral,0.000
DK,1961,DJF,tmax_mean,4.180,-0.151,1.259,2,neutral,0.000
DK,1961,DJF,tmean,2.336,,1.478,2,neutral,0.000
DK,1961,DJF,tmin_mean,0.498,0.319,1.984,2,neutral,0.000
DK,1961,JFM,frost_days,25.431,-13.644,-29.964,2,neutral,0.000
DK,1961,JFM,ice_days,5.602,-2.070,-9.627,2,neutral,0.000
DK,1961,JFM,precip,121.400,-24.914,-5.748,3,neutral,0.000
DK,1961,JFM,precip_days,29.333,-0.278,2.207,3,neutral,0.000
DK,1961,JFM,thaw_days,84.398,2.232,9.920,2,neutral,0.000
DK,1961,JFM,tmax_mean,5.526,0.536,2.380,2,neutral,0.000
DK,1961,JFM,tmean,3.299,0.847,2.575,2,neutral,0.000
DK,1961,JFM,tmin_mean,1.052,0.962,2.742,2,neutral,0.000
DK,1961,NDJFM,frost_days,38.120,-16.294,-36.119,2,neutral,0.000
DK,1961,NDJFM,ice_days,7.204,-2.458,-11.064,2,neutral,0.000
DK,1961,NDJFM,precip,337.400,25.570,47.861,2,neutral,0.000
DK,1961,NDJFM,precip_days,63.000,0.167,8.260,2,neutral,0.000
DK,1961,NDJFM,thaw_days,143.279,2.773,10.997,2,neutral,0.000
DK,1961,NDJFM,tmax_mean,5.780,0.241,1.553,2,neutral,0.000
DK,1961,NDJFM,tmean,3.717,,1.792,2,neutral,0.000
DK,1961,NDJFM,tmin_mean,1.650,0.637,2.054,2,neutral,0.000
DK,1962,DJF,frost_days,41.938,3.134,-10.318,2,neutral,-0.160
DK,1962,DJF,ice_days,9.746,-4.681,-6.776,2,neutral,-0.160
DK,1962,DJF,precip,170.900,-5.000,18.272,3,neutral,-0.160
DK,1962,DJF,precip_days,34.333,-0.683,3.669,3,neutral,-0.160
DK,1962,DJF,thaw_days,79.737,4.948,6.583,2,neutral,-0.160
DK,1962,DJF,tmax_mean,3.711,-0.233,0.760,2,neutral,-0.160
DK,1962,DJF,tmean,1.539,,0.650,2,neutral,-0.160
DK,1962,DJF,tmin_mean,-0.677,-0.857,0.773,2,neutral,-0.160
DK,1962,JFM,frost_days,48.046,8.972,-6.973,2,neutral,-0.160
DK,1962,JFM,ice_days,7.614,-4.229,-7.454,2,neutral,-0.160
DK,1962,JFM,precip,144.900,-2.514,17.346,3,neutral,-0.160
DK,1962,JFM,precip_days,33.333,2.722,6.136,3,neutral,-0.160
DK,1962,JFM,thaw_days,81.875,4.391,7.238,2,neutral,-0.160
DK,1962,JFM,tmax_mean,3.799,-0.517,0.615,2,neutral,-0.160
DK,1962,JFM,tmean,1.470,-0.547,0.706,2,neutral,-0.160
DK,1962,JFM,tmin_mean,-0.883,-0.972,0.769,2,neutral,-0.160
DK,1962,NDJFM,frost_days,74.771,20.358,0.985,2,neutral,-0.160
DK,1962,NDJFM,ice_days,11.837,-4.677,-6.278,2,neutral,-0.160
DK,1962,NDJFM,precip,253.533,-35.540,-12.663,3,neutral,-0.160
DK,1962,NDJFM,precip_days,52.667,-2.960,0.912,3,neutral,-0.160
DK,1962,NDJFM,thaw_days,138.642,4.992,6.214,2,neutral,-0.160
DK,1962,NDJFM,tmax_mean,4.428,-0.544,0.177,2,neutral,-0.160
DK,1962,NDJFM,tmean,2.004,,0.052,2,neutral,-0.160
DK,1962,NDJFM,tmin_mean,-0.423,-1.436,-0.051,2,neutral,-0.160
DK,1963,DJF,frost_days,78.000,39.197,26.050,2,neutral,-0.330
DK,1963,DJF,ice_days,55.000,38.240,38.611,2,neutral,-0.330
DK,1963,DJF,precip,78.633,-91.250,-74.327,3,neutral,-0.330
DK,1963,DJF,precip_days,18.667,-15.184,-12.044,3,neutral,-0.330
DK,1963,DJF,thaw_days,34.000,-38.973,-39.278,2,neutral,-0.330
DK,1963,DJF,tmax_mean,-0.478,-4.082,-3.458,2,neutral,-0.330
DK,1963,DJF,tmean,-2.947,,-3.869,2,neutral,-0.330
DK,1963,DJF,tmin_mean,-5.415,-5.595,-4.000,2,neutral,-0.330
DK,1963,JFM,frost_days,82.953,43.880,28.309,2,neutral,-0.330
DK,1963,JFM,ice_days,46.617,33.771,31.711,2,neutral,-0.330
DK,1963,JFM,precip,70.633,-79.414,-57.327,3,neutral,-0.330
DK,1963,JFM,precip_days,19.333,-9.778,-7.934,3,neutral,-0.330
DK,1963,JFM,thaw_days,42.337,-33.609,-32.460,2,neutral,-0.330
DK,1963,JFM,tmax_mean,-0.452,-4.734,-3.673,2,neutral,-0.330
DK,1963,JFM,tmean,-3.130,-5.130,-3.935,2,neutral,-0.330
DK,1963,JFM,tmin_mean,-5.704,-5.793,-4.090,2,neutral,-0.330
DK,1963,NDJFM,frost_days,109.400,54.988,36.068,2,neutral,-0.330
DK,1963,NDJFM,ice_days,59.062,41.269,41.100,2,neutral,-0.330
DK,1963,NDJFM,precip,167.767,-106.490,-98.799,3,neutral,-0.330
DK,1963,NDJFM,precip_days,37.000,-16.960,-14.816,3,neutral,-0.330
DK,1963,NDJFM,thaw_days,90.404,-41.955,-42.171,2,neutral,-0.330
DK,1963,NDJFM,tmax_mean,1.367,-3.574,-2.909,2,neutral,-0.330
DK,1963,NDJFM,tmean,-0.972,,-2.949,2,neutral,-0.330
DK,1963,NDJFM,tmin_mean,-3.242,-4.255,-2.901,2,neutral,-0.330
DK,1964,DJF,frost_days,57.633,18.830,5.989,2,elnino,0.950
DK,1964,DJF,ice_days,14.661,0.374,-1.595,2,elnino,0.950
DK,1964,DJF,precip,54.400,-123.000,-98.893,3,elnino,0.950
DK,1964,DJF,precip_days,14.333,-21.684,-16.425,3,elnino,0.950
DK,1964,DJF,thaw_days,76.339,0.893,2.936,2,elnino,0.950
DK,1964,DJF,tmax_mean,2.950,-0.520,-0.059,2,elnino,0.950
DK,1964,DJF,tmean,0.754,,-0.198,2,elnino,0.950
DK,1964,DJF,tmin_mean,-1.394,-1.575,-0.016,2,elnino,0.950
DK,1964,JFM,frost_days,63.839,24.765,9.570,2,elnino,0.950
DK,1964,JFM,ice_days,11.050,-0.129,-3.693,2,elnino,0.950
DK,1964,JFM,precip,48.667,-104.164,-79.700,3,elnino,0.950
DK,1964,JFM,precip_days,12.000,-19.778,-15.337,3,elnino,0.950
DK,1964,JFM,thaw_days,79.950,1.291,4.992,2,elnino,0.950
DK,1964,JFM,tmax_mean,2.961,-1.047,-0.298,2,elnino,0.950
DK,1964,JFM,tmean,0.756,-1.068,-0.087,2,elnino,0.950
DK,1964,JFM,tmin_mean,-1.435,-1.524,0.140,2,elnino,0.950
DK,1964,NDJFM,frost_days,85.358,30.945,12.478,2,elnino,0.950
DK,1964,NDJFM,ice_days,17.687,1.362,-0.122,2,elnino,0.950
DK,1964,NDJFM,precip,199.233,-81.590,-67.702,3,elnino,0.950
DK,1964,NDJFM,precip_days,34.667,-22.960,-17.210,3,elnino,0.950
DK,1964,NDJFM,thaw_days,134.314,-0.047,1.591,2,elnino,0.950
DK,1964,NDJFM,tmax_mean,4.044,-0.689,-0.256,2,elnino,0.950
DK,1964,NDJFM,tmean,1.898,,-0.105,2,elnino,0.950
DK,1964,NDJFM,tmin_mean,-0.207,-1.220,0.103,2,elnino,0.950
DK,1965,DJF,frost_days,54.931,16.127,3.592,2,lanina,-0.510
DK,1965,DJF,ice_days,6.638,-6.760,-9.486,2,lanina,-0.510
DK,1965,DJF,precip,163.967,0.400,10.342,3,lanina,-0.510
DK,1965,DJF,precip_days,34.667,-1.683,3.862,3,lanina,-0.510
DK,1965,DJF,thaw_days,81.828,6.027,8.300,2,lanina,-0.510
DK,1965,DJF,tmax_mean,3.554,-0.272,0.517,2,lanina,-0.510
DK,1965,DJF,tmean,1.382,,0.398,2,lanina,-0.510
DK,1965,DJF,tmin_mean,-0.782,-0.962,0.561,2,lanina,-0.510
DK,1965,JFM,frost_days,56.431,17.358,2.538,2,lanina,-0.510
DK,1965,JFM,ice_days,8.707,-4.229,-5.874,2,lanina,-0.510
DK,1965,JFM,precip,93.467,-53.064,-35.307,3,lanina,-0.510
DK,1965,JFM,precip_days,23.333,-8.778,-4.074,3,lanina,-0.510
DK,1965,JFM,thaw_days,79.758,3.391,4.642,2,lanina,-0.510
DK,1965,JFM,tmax_mean,3.845,-0.423,0.548,2,lanina,-0.510
DK,1965,JFM,tmean,1.303,-0.633,0.419,2,lanina,-0.510
DK,1965,JFM,tmin_mean,-1.237,-1.327,0.298,2,lanina,-0.510
DK,1965,NDJFM,frost_days,74.487,20.074,2.060,2,lanina,-0.510
DK,1965,NDJFM,ice_days,10.665,-5.684,-6.989,2,lanina,-0.510
DK,1965,NDJFM,precip,228.967,-43.690,-38.339,3,lanina,-0.510
DK,1965,NDJFM,precip_days,49.333,-7.460,-2.604,3,lanina,-0.510
DK,1965,NDJFM,thaw_days,138.811,4.992,5.941,2,lanina,-0.510
DK,1965,NDJFM,tmax_mean,4.835,-0.173,0.511,2,lanina,-0.510
DK,1965,NDJFM,tmean,2.410,,0.382,2,lanina,-0.510
DK,1965,NDJFM,tmin_mean,-0.020,-1.032,0.260,2,lanina,-0.510
DK,1966,DJF,frost_days,68.783,29.980,17.749,2,elnino,1.240
DK,1966,DJF,ice_days,33.339,22.775,17.347,2,elnino,1.240
DK,1966,DJF,precip,227.533,47.550,73.576,3,elnino,1.240
DK,1966,DJF,precip_days,36.000,0.817,5.149,3,elnino,1.240
DK,1966,DJF,thaw_days,56.126,-22.508,-17.527,2,elnino,1.240
DK,1966,DJF,tmax_mean,1.275,-3.386,-1.792,2,elnino,1.240
DK,1966,DJF,tmin_mean,-3.294,-3.474,-1.986,2,elnino,1.240
DK,1966,JFM,frost_days,54.736,15.662,1.216,2,elnino,1.240
DK,1966,JFM,ice_days,31.035,22.840,16.615,2,elnino,1.240
DK,1966,JFM,precip,177.400,19.986,48.220,3,elnino,1.240
DK,1966,JFM,precip_days,30.667,-0.278,3.190,3,elnino,1.240
DK,1966,JFM,thaw_days,58.430,-22.678,-16.847,2,elnino,1.240
DK,1966,JFM,tmax_mean,2.236,-3.026,-1.099,2,elnino,1.240
DK,1966,JFM,tmin_mean,-2.811,-2.901,-1.315,2,elnino,1.240
DK,1966,NDJFM,frost_days,91.834,37.422,19.861,2,elnino,1.240
DK,1966,NDJFM,ice_days,34.833,23.971,17.331,2,elnino,1.240
DK,1966,NDJFM,precip,355.833,70.610,88.158,3,elnino,1.240
DK,1966,NDJFM,precip_days,58.333,2.540,6.335,3,elnino,1.240
DK,1966,NDJFM,thaw_days,115.103,-23.656,-17.914,2,elnino,1.240
DK,1966,NDJFM,tmax_mean,2.782,-2.958,-1.567,2,elnino,1.240
DK,1966,NDJFM,tmin_mean,-1.917,-2.929,-1.669,2,elnino,1.240
DK,1967,DJF,frost_days,42.707,3.904,-8.021,2,neutral,-0.460
DK,1967,DJF,ice_days,7.113,-3.670,-8.746,2,neutral,-0.460
DK,1967,DJF,precip,198.300,25.700,44.010,3,neutral,-0.460
DK,1967,DJF,precip_days,38.333,3.817,7.436,3,neutral,-0.460
DK,1967,DJF,thaw_days,82.887,3.937,9.110,2,neutral,-0.460
DK,1967,DJF,tmax_mean,3.686,-0.455,0.590,2,neutral,-0.460
DK,1967,DJF,tmean,1.697,,0.649,2,neutral,-0.460
DK,1967,DJF,tmin_mean,-0.365,-0.545,0.907,2,neutral,-0.460
DK,1967,JFM,frost_days,31.169,-7.905,-21.976,2,neutral,-0.460
DK,1967,JFM,ice_days,7.034,-1.229,-7.223,2,neutral,-0.460
DK,1967,JFM,precip,150.967,-0.664,21.381,3,neutral,-0.460
DK,1967,JFM,precip_days,35.000,3.222,7.453,3,neutral,-0.460
DK,1967,JFM,thaw_days,82.966,1.391,7.530,2,neutral,-0.460
DK,1967,JFM,tmax_mean,4.888,0.102,1.516,2,neutral,-0.460
DK,1967,JFM,tmean,2.723,0.486,1.760,2,neutral,-0.460
DK,1967,JFM,tmin_mean,0.524,0.435,1.983,2,neutral,-0.460
DK,1967,NDJFM,frost_days,45.097,-9.316,-26.424,2,neutral,-0.460
DK,1967,NDJFM,ice_days,7.094,-4.623,-10.254,2,neutral,-0.460
DK,1967,NDJFM,precip,326.000,43.460,57.955,3,neutral,-0.460
DK,1967,NDJFM,precip_days,64.333,8.040,12.274,3,neutral,-0.460
DK,1967,NDJFM,thaw_days,143.906,4.938,10.742,2,neutral,-0.460
DK,1967,NDJFM,tmax_mean,5.078,-0.303,0.704,2,neutral,-0.460
DK,1967,NDJFM,tmean,3.024,,0.943,2,neutral,-0.460
DK,1967,NDJFM,tmin_mean,0.903,-0.110,1.120,2,neutral,-0.460
DK,1968,DJF,frost_days,58.629,19.826,8.206,2,neutral,-0.620
DK,1968,DJF,ice_days,13.879,1.683,-1.847,2,neutral,-0.620
DK,1968,DJF,precip,159.800,-21.300,5.178,3,neutral,-0.620
DK,1968,DJF,precip_days,34.333,-0.183,3.389,3,neutral,-0.620
DK,1968,DJF,thaw_days,76.610,-0.417,2.708,2,neutral,-0.620
DK,1968,DJF,tmax_mean,2.842,-1.067,-0.283,2,neutral,-0.620
DK,1968,DJF,tmean,0.399,,-0.680,2,neutral,-0.620
DK,1968,DJF,tmin_mean,-1.894,-2.074,-0.657,2,neutral,-0.620
DK,1968,JFM,frost_days,51.800,12.726,-0.969,2,neutral,-0.620
DK,1968,JFM,ice_days,10.056,0.882,-4.040,2,neutral,-0.620
DK,1968,JFM,precip,119.867,-33.314,-10.126,3,neutral,-0.620
DK,1968,JFM,precip_days,32.000,1.722,4.382,3,neutral,-0.620
DK,1968,JFM,thaw_days,80.445,0.280,4.848,2,neutral,-0.620
DK,1968,JFM,tmax_mean,3.735,-1.017,0.325,2,neutral,-0.620
DK,1968,JFM,tmean,1.317,-0.960,0.314,2,neutral,-0.620
DK,1968,JFM,tmin_mean,-1.091,-1.180,0.328,2,neutral,-0.620
DK,1968,NDJFM,frost_days,70.420,16.007,-0.649,2,neutral,-0.620
DK,1968,NDJFM,ice_days,13.769,0.621,-3.426,2,neutral,-0.620
DK,1968,NDJFM,precip,263.100,-19.840,-5.315,3,neutral,-0.620
DK,1968,NDJFM,precip_days,56.667,3.540,4.546,3,neutral,-0.620
DK,1968,NDJFM,thaw_days,137.218,0.694,3.905,2,neutral,-0.620
DK,1968,NDJFM,tmax_mean,4.681,-0.545,0.283,2,neutral,-0.620
DK,1968,NDJFM,tmean,2.321,,0.215,2,neutral,-0.620
DK,1968,NDJFM,tmin_mean,0.007,-1.006,0.192,2,neutral,-0.620
DK,1969,DJF,frost_days,60.531,21.727,10.412,2,elnino,0.980
DK,1969,DJF,ice_days,21.885,13.808,6.292,2,elnino,0.980
DK,1969,DJF,precip,143.267,-26.900,-11.688,3,elnino,0.980
DK,1969,DJF,precip_days,30.667,-3.183,-0.325,3,elnino,0.980
DK,1969,DJF,thaw_days,65.575,-15.587,-8.451,2,elnino,0.980
DK,1969,DJF,tmax_mean,1.348,-2.910,-1.807,2,elnino,0.980
DK,1969,DJF,tmean,-0.365,,-1.476,2,elnino,0.980
DK,1969,DJF,tmin_mean,-2.127,-2.307,-0.926,2,elnino,0.980
DK,1969,JFM,frost_days,71.183,32.109,18.789,2,elnino,0.980
DK,1969,JFM,ice_days,17.812,11.225,3.878,2,elnino,0.980
DK,1969,JFM,precip,114.100,-32.264,-16.299,3,elnino,0.980
DK,1969,JFM,precip_days,24.000,-6.278,-3.687,3,elnino,0.980
DK,1969,JFM,thaw_days,70.160,-12.087,-5.596,2,elnino,0.980
DK,1969,JFM,tmax_mean,1.842,-2.687,-1.607,2,elnino,0.980
DK,1969,JFM,tmean,-0.429,-2.856,-1.473,2,elnino,0.980
DK,1969,JFM,tmin_mean,-2.747,-2.836,-1.366,2,elnino,0.980
DK,1969,NDJFM,frost_days,91.534,37.120,20.918,2,elnino,0.980
DK,1969,NDJFM,ice_days,22.891,13.797,5.849,2,elnino,0.980
DK,1969,NDJFM,precip,225.533,-66.090,-43.251,3,elnino,0.980
DK,1969,NDJFM,precip_days,45.000,-11.960,-7.181,3,elnino,0.980
DK,1969,NDJFM,thaw_days,125.569,-15.522,-7.891,2,elnino,0.980
DK,1969,NDJFM,tmax_mean,2.750,-2.603,-1.673,2,elnino,0.980
DK,1969,NDJFM,tmean,0.765,,-1.367,2,elnino,0.980
DK,1969,NDJFM,tmin_mean,-1.200,-2.212,-1.045,2,elnino,0.980
DK,1970,DJF,frost_days,85.751,46.948,35.939,2,neutral,0.460
DK,1970,DJF,ice_days,52.363,44.752,36.903,2,neutral,0.460
DK,1970,DJF,precip,101.300,-64.200,-53.987,3,neutral,0.460
DK,1970,DJF,precip_days,22.000,-13.184,-9.037,3,neutral,0.460
DK,1970,DJF,thaw_days,37.101,-44.485,-37.049,2,neutral,0.460
DK,1970,DJF,tmax_mean,-0.399,-4.846,-3.583,2,neutral,0.460
DK,1970,DJF,tmin_mean,-4.913,-5.093,-3.748,2,neutral,0.460
DK,1970,JFM,frost_days,79.522,40.448,27.502,2,neutral,0.460
DK,1970,JFM,ice_days,36.620,28.012,22.849,2,neutral,0.460
DK,1970,JFM,precip,148.433,3.936,17.628,3,neutral,0.460
DK,1970,JFM,precip_days,31.333,-0.778,3.576,3,neutral,0.460
DK,1970,JFM,thaw_days,52.850,-27.851,-23.066,2,neutral,0.460
DK,1970,JFM,tmax_mean,0.435,-4.377,-3.052,2,neutral,0.460
DK,1970,JFM,tmean,-1.887,-4.615,-2.970,2,neutral,0.460
DK,1970,JFM,tmin_mean,-4.261,-4.351,-2.920,2,neutral,0.460
DK,1970,NDJFM,frost_days,113.624,59.212,43.462,2,neutral,0.460
DK,1970,NDJFM,ice_days,52.891,43.766,36.002,2,neutral,0.460
DK,1970,NDJFM,precip,318.833,49.460,49.679,3,neutral,0.460
DK,1970,NDJFM,precip_days,57.667,1.040,5.424,3,neutral,0.460
DK,1970,NDJFM,thaw_days,97.585,-43.451,-36.021,2,neutral,0.460
DK,1970,NDJFM,tmax_mean,1.747,-3.711,-2.701,2,neutral,0.460
DK,1970,NDJFM,tmean,-0.470,,-2.628,2,neutral,0.460
DK,1970,NDJFM,tmin_mean,-2.737,-3.750,-2.614,2,neutral,0.460
DK,1971,DJF,frost_days,32.243,-6.561,-17.264,2,lanina,-1.290
DK,1971,DJF,ice_days,10.916,0.654,-4.412,2,lanina,-1.290
DK,1971,DJF,precip,106.700,-66.950,-48.919,3,lanina,-1.290
DK,1971,DJF,precip_days,24.667,-9.684,-6.417,3,lanina,-1.290
DK,1971,DJF,thaw_days,78.560,-0.387,4.285,2,lanina,-1.290
DK,1971,DJF,tmax_mean,4.178,0.131,0.966,2,lanina,-1.290
DK,1971,DJF,tmean,2.214,,1.040,2,lanina,-1.290
DK,1971,DJF,tmin_mean,0.141,-0.040,1.270,2,lanina,-1.290
DK,1971,JFM,frost_days,40.058,2.198,-9.559,3,lanina,-1.290
DK,1971,JFM,ice_days,11.886,3.168,-1.746,3,lanina,-1.290
DK,1971,JFM,precip,113.000,-34.164,-18.211,3,lanina,-1.290
DK,1971,JFM,precip_days,28.000,-2.778,0.172,3,lanina,-1.290
DK,1971,JFM,thaw_days,77.777,-3.572,1.745,3,lanina,-1.290
DK,1971,JFM,tmax_mean,3.624,-0.711,0.394,3,lanina,-1.290
DK,1971,JFM,tmean,1.503,-0.705,0.419,3,lanina,-1.290
DK,1971,JFM,tmin_mean,-0.678,-0.892,0.404,3,lanina,-1.290
DK,1971,NDJFM,frost_days,53.270,-1.143,-16.440,2,lanina,-1.290
DK,1971,NDJFM,ice_days,16.542,4.732,-0.194,2,lanina,-1.290
DK,1971,NDJFM,precip,265.533,-20.640,-3.991,3,lanina,-1.290
DK,1971,NDJFM,precip_days,52.000,-2.960,-0.304,3,lanina,-1.290
DK,1971,NDJFM,thaw_days,133.938,-4.417,0.184,2,lanina,-1.290
DK,1971,NDJFM,tmax_mean,4.881,-0.217,0.410,2,lanina,-1.290
DK,1971,NDJFM,tmean,2.591,,0.408,2,lanina,-1.290
DK,1971,NDJFM,tmin_mean,0.290,-0.723,0.383,2,lanina,-1.290
DK,1972,DJF,frost_days,40.570,3.884,-6.544,3,lanina,-0.570
DK,1972,DJF,ice_days,12.481,4.398,-1.865,3,lanina,-0.570
DK,1972,DJF,precip,65.667,-117.600,-90.285,3,lanina,-0.570
DK,1972,DJF,precip_days,20.000,-15.184,-11.131,3,lanina,-0.570
DK,1972,DJF,thaw_days,77.830,-4.228,2.479,3,lanina,-0.570
DK,1972,DJF,tmax_mean,3.063,-1.206,-0.062,3,lanina,-0.570
DK,1972,DJF,tmean,1.535,-0.945,0.293,3,lanina,-0.570
DK,1972,DJF,tmin_mean,0.004,-0.399,0.850,3,lanina,-0.570
DK,1972,JFM,frost_days,45.768,7.908,-3.498,3,lanina,-0.570
DK,1972,JFM,ice_days,12.539,5.631,-0.934,3,lanina,-0.570
DK,1972,JFM,precip,79.867,-73.114,-51.751,3,lanina,-0.570
DK,1972,JFM,precip_days,19.667,-11.778,-8.231,3,lanina,-0.570
DK,1972,JFM,thaw_days,77.449,-6.047,1.257,3,lanina,-0.570
DK,1972,JFM,tmax_mean,2.758,-1.814,-0.510,3,lanina,-0.570
DK,1972,JFM,tmean,1.007,-1.493,-0.116,3,lanina,-0.570
DK,1972,JFM,tmin_mean,-0.858,-1.072,0.186,3,lanina,-0.570
DK,1972,NDJFM,frost_days,57.571,7.080,-7.578,3,lanina,-0.570
DK,1972,NDJFM,ice_days,13.093,3.569,-2.956,3,lanina,-0.570
DK,1972,NDJFM,precip,201.267,-91.540,-68.627,3,lanina,-0.570
DK,1972,NDJFM,precip_days,42.000,-14.960,-10.364,3,lanina,-0.570
DK,1972,NDJFM,thaw_days,137.878,-3.883,3.391,3,lanina,-0.570
DK,1972,NDJFM,tmax_mean,4.442,-0.889,0.149,3,lanina,-0.570
DK,1972,NDJFM,tmean,2.568,-0.905,0.339,3,lanina,-0.570
DK,1972,NDJFM,tmin_mean,0.680,-0.561,0.524,3,lanina,-0.570
DK,1973,DJF,frost_days,30.082,-6.604,-16.722,3,elnino,1.550
DK,1973,DJF,ice_days,0.670,-9.057,-13.540,3,elnino,1.550
DK,1973,DJF,precip,133.467,-21.600,-22.818,3,elnino,1.550
DK,1973,DJF,precip_days,28.000,-5.184,-3.177,3,elnino,1.550
DK,1973,DJF,thaw_days,89.330,9.261,13.850,3,elnino,1.550
DK,1973,DJF,tmax_mean,4.659,0.552,1.503,3,elnino,1.550
DK,1973,DJF,tmean,2.984,0.392,1.709,3,elnino,1.550
DK,1973,DJF,tmin_mean,1.313,0.911,2.124,3,elnino,1.550
DK,1973,JFM,frost_days,26.101,-11.759,-22.814,3,elnino,1.550
DK,1973,JFM,ice_days,0.670,-8.024,-12.643,3,elnino,1.550
DK,1973,JFM,precip,109.800,-41.264,-22.224,3,elnino,1.550
DK,1973,JFM,precip_days,26.667,-3.778,-1.302,3,elnino,1.550
DK,1973,JFM,thaw_days,89.330,8.126,12.977,3,elnino,1.550
DK,1973,JFM,tmax_mean,5.363,0.891,2.056,3,elnino,1.550
DK,1973,JFM,tmean,3.263,1.073,2.332,4,elnino,1.550
DK,1973,JFM,tmin_mean,1.196,0.982,2.204,3,elnino,1.550
DK,1973,NDJFM,frost_days,35.804,-14.686,-28.900,3,elnino,1.550
DK,1973,NDJFM,ice_days,0.671,-10.363,-15.223,3,elnino,1.550
DK,1973,NDJFM,precip,251.000,-16.890,-19.264,3,elnino,1.550
DK,1973,NDJFM,precip_days,49.000,-3.460,-3.425,3,elnino,1.550
DK,1973,NDJFM,thaw_days,150.329,10.593,15.690,3,elnino,1.550
DK,1973,NDJFM,tmax_mean,5.977,0.725,1.657,3,elnino,1.550
DK,1973,NDJFM,tmean,4.076,0.654,1.819,3,elnino,1.550
DK,1973,NDJFM,tmin_mean,2.170,0.929,1.982,3,elnino,1.550
DK,1974,DJF,frost_days,24.358,-12.328,-22.137,3,lanina,-1.870
DK,1974,DJF,ice_days,1.352,-8.040,-12.723,3,lanina,-1.870
DK,1974,DJF,precip,154.024,-10.400,0.722,4,lanina,-1.870
DK,1974,DJF,precip_days,33.196,-1.183,0.851,4,lanina,-1.870
DK,1974,DJF,thaw_days,88.648,8.245,13.038,3,lanina,-1.870
DK,1974,DJF,tmax_mean,4.453,0.388,1.267,3,lanina,-1.870
DK,1974,DJF,tmean,2.592,0.326,1.644,4,lanina,-1.870
DK,1974,DJF,tmin_mean,0.834,0.432,1.609,3,lanina,-1.870
DK,1974,JFM,frost_days,21.734,-16.126,-26.830,3,lanina,-1.870
DK,1974,JFM,ice_days,0.333,-8.024,-12.821,3,lanina,-1.870
DK,1974,JFM,precip,112.867,-37.514,-14.914,4,lanina,-1.870
DK,1974,JFM,precip_days,24.085,-6.278,-4.182,4,lanina,-1.870
DK,1974,JFM,thaw_days,89.667,8.126,13.153,3,lanina,-1.870
DK,1974,JFM,tmax_mean,5.419,0.891,2.074,3,lanina,-1.870
DK,1974,JFM,tmean,3.284,0.996,2.310,4,lanina,-1.870
DK,1974,JFM,tmin_mean,1.251,1.037,2.223,3,lanina,-1.870
DK,1974,NDJFM,frost_days,40.502,-9.989,-23.758,3,lanina,-1.870
DK,1974,NDJFM,ice_days,2.721,-8.304,-13.018,3,lanina,-1.870
DK,1974,NDJFM,precip,246.745,-34.040,-19.541,4,lanina,-1.870
DK,1974,NDJFM,precip_days,51.851,-4.460,-2.226,4,lanina,-1.870
DK,1974,NDJFM,thaw_days,148.279,8.535,13.486,3,lanina,-1.870
DK,1974,NDJFM,tmax_mean,5.356,0.176,1.008,3,lanina,-1.870
DK,1974,NDJFM,tmean,3.059,-0.249,1.095,4,lanina,-1.870
DK,1974,NDJFM,tmin_mean,1.035,-0.206,0.815,3,lanina,-1.870
DK,1975,DJF,frost_days,15.277,-21.409,-30.908,3,lanina,-0.560
DK,1975,DJF,ice_days,0.000,-9.562,-13.940,3,lanina,-0.560
DK,1975,DJF,precip,187.508,15.500,33.864,4,lanina,-0.560
DK,1975,DJF,precip_days,39.444,1.817,7.066,4,lanina,-0.560
DK,1975,DJF,thaw_days,90.000,9.768,14.261,3,lanina,-0.560
DK,1975,DJF,tmax_mean,5.988,1.776,2.770,3,lanina,-0.560
DK,1975,DJF,tmean,3.894,1.565,2.906,4,lanina,-0.560
DK,1975,DJF,tmin_mean,2.089,1.686,2.828,3,lanina,-0.560
DK,1975,JFM,frost_days,23.005,-14.855,-25.207,3,lanina,-0.560
DK,1975,JFM,ice_days,0.000,-8.524,-12.995,3,lanina,-0.560
DK,1975,JFM,precip,126.732,-26.414,-1.520,4,lanina,-0.560
DK,1975,JFM,precip_days,27.706,-5.778,-0.624,4,lanina,-0.560
DK,1975,JFM,thaw_days,90.000,8.626,13.326,3,lanina,-0.560
DK,1975,JFM,tmax_mean,5.591,1.160,2.208,3,lanina,-0.560
DK,1975,JFM,tmean,3.321,1.051,2.304,4,lanina,-0.560
DK,1975,JFM,tmin_mean,1.354,1.140,2.288,3,lanina,-0.560
DK,1975,NDJFM,frost_days,26.282,-24.209,-37.533,3,lanina,-0.560
DK,1975,NDJFM,ice_days,0.000,-10.866,-15.584,3,lanina,-0.560
DK,1975,NDJFM,precip,310.503,31.710,43.944,4,lanina,-0.560
DK,1975,NDJFM,precip_days,63.446,4.540,9.345,4,lanina,-0.560
DK,1975,NDJFM,thaw_days,151.000,11.096,16.054,3,lanina,-0.560
DK,1975,NDJFM,tmax_mean,6.209,0.961,1.833,3,lanina,-0.560
DK,1975,NDJFM,tmean,4.083,0.818,2.083,4,lanina,-0.560
DK,1975,NDJFM,tmin_mean,2.301,1.060,2.049,3,lanina,-0.560
DK,1976,DJF,frost_days,45.528,8.842,-0.348,3,lanina,-1.490
DK,1976,DJF,ice_days,8.587,0.703,-5.217,3,lanina,-1.490
DK,1976,DJF,precip,118.800,-58.500,-38.482,3,lanina,-1.490
DK,1976,DJF,precip_days,25.000,-9.684,-6.317,3,lanina,-1.490
DK,1976,DJF,thaw_days,82.064,0.501,6.196,3,lanina,-1.490
DK,1976,DJF,tmax_mean,4.172,0.006,0.924,3,lanina,-1.490
DK,1976,DJF,tmean,1.900,-0.328,0.872,4,lanina,-1.490
DK,1976,DJF,tmin_mean,-0.171,-0.573,0.532,3,lanina,-1.490
DK,1976,JFM,frost_days,62.144,24.283,14.282,3,lanina,-1.490
DK,1976,JFM,ice_days,11.198,5.206,-1.638,3,lanina,-1.490
DK,1976,JFM,precip,97.132,-46.714,-31.591,4,lanina,-1.490
DK,1976,JFM,precip_days,22.994,-5.778,-5.399,4,lanina,-1.490
DK,1976,JFM,thaw_days,78.439,-4.615,1.604,3,lanina,-1.490
DK,1976,JFM,tmax_mean,2.899,-1.540,-0.522,3,lanina,-1.490
DK,1976,JFM,tmean,0.543,-1.746,-0.518,4,lanina,-1.490
DK,1976,JFM,tmin_mean,-1.528,-1.742,-0.630,3,lanina,-1.490
DK,1976,NDJFM,frost_days,73.803,23.312,10.432,3,lanina,-1.490
DK,1976,NDJFM,ice_days,11.206,2.862,-4.222,3,lanina,-1.490
DK,1976,NDJFM,precip,176.464,-103.840,-90.370,4,lanina,-1.490
DK,1976,NDJFM,precip_days,40.092,-14.460,-14.034,4,lanina,-1.490
DK,1976,NDJFM,thaw_days,139.427,-2.142,4.328,3,lanina,-1.490
DK,1976,NDJFM,tmax_mean,4.483,-0.694,0.079,3,lanina,-1.490
DK,1976,NDJFM,tmean,2.205,-1.024,0.169,4,lanina,-1.490
DK,1976,NDJFM,tmin_mean,0.168,-1.073,-0.116,3,lanina,-1.490
DK,1977,DJF,frost_days,58.158,21.472,12.592,3,elnino,0.710
DK,1977,DJF,ice_days,9.925,0.153,-3.743,3,elnino,0.710
DK,1977,DJF,precip,193.820,41.300,39.491,4,elnino,0.710
DK,1977,DJF,precip_days,40.078,4.816,7.632,4,elnino,0.710
DK,1977,DJF,thaw_days,79.389,-0.460,3.390,3,elnino,0.710
DK,1977,DJF,tmax_mean,2.356,-1.716,-0.922,3,elnino,0.710
DK,1977,DJF,tmean,0.145,-2.084,-0.923,4,elnino,0.710
DK,1977,DJF,tmin_mean,-1.344,-1.747,-0.678,3,elnino,0.710
DK,1977,JFM,frost_days,46.348,8.488,-1.162,3,elnino,0.710
DK,1977,JFM,ice_days,6.796,-0.917,-5.881,3,elnino,0.710
DK,1977,JFM,precip,179.571,45.486,50.376,4,elnino,0.710
DK,1977,JFM,precip_days,34.157,2.222,5.702,4,elnino,0.710
DK,1977,JFM,thaw_days,82.863,0.506,5.868,3,elnino,0.710
DK,1977,JFM,tmax_mean,3.438,-1.034,-0.021,3,elnino,0.710
DK,1977,JFM,tmean,1.266,-1.113,0.161,4,elnino,0.710
DK,1977,JFM,tmin_mean,-0.353,-0.567,0.508,3,elnino,0.710
DK,1977,NDJFM,frost_days,66.354,15.863,3.427,3,elnino,0.710
DK,1977,NDJFM,ice_days,9.819,-1.238,-5.453,3,elnino,0.710
DK,1977,NDJFM,precip,303.804,49.710,36.697,4,elnino,0.710
DK,1977,NDJFM,precip_days,61.479,4.040,7.329,4,elnino,0.710
DK,1977,NDJFM,thaw_days,140.503,0.962,5.250,3,elnino,0.710
DK,1977,NDJFM,tmax_mean,4.201,-0.988,-0.230,3,elnino,0.710
DK,1977,NDJFM,tmean,1.984,-1.294,-0.088,4,elnino,0.710
DK,1977,NDJFM,tmin_mean,0.327,-0.914,0.011,3,elnino,0.710
DK,1978,DJF,frost_days,46.693,10.007,1.436,3,elnino,0.710
DK,1978,DJF,ice_days,11.289,2.199,-2.244,3,elnino,0.710
DK,1978,DJF,precip,148.542,-30.900,-6.130,4,elnino,0.710
DK,1978,DJF,precip_days,30.310,-7.684,-2.169,4,elnino,0.710
DK,1978,DJF,thaw_days,78.711,-1.994,2.582,3,elnino,0.710
DK,1978,DJF,tmax_mean,3.188,-0.899,-0.121,3,elnino,0.710
DK,1978,DJF,tmean,1.161,-0.971,0.054,4,elnino,0.710
DK,1978,DJF,tmin_mean,-0.615,-1.017,0.016,3,elnino,0.710
DK,1978,JFM,frost_days,45.000,7.139,-2.159,3,elnino,0.710
DK,1978,JFM,ice_days,13.738,5.877,1.221,3,elnino,0.710
DK,1978,JFM,precip,169.565,29.086,39.900,4,elnino,0.710
DK,1978,JFM,precip_days,34.586,1.222,6.069,4,elnino,0.710
DK,1978,JFM,thaw_days,76.262,-5.775,-0.894,3,elnino,0.710
DK,1978,JFM,tmax_mean,3.163,-1.181,-0.335,3,elnino,0.710
DK,1978,JFM,tmean,0.899,-1.342,-0.248,4,elnino,0.710
DK,1978,JFM,tmin_mean,-1.021,-1.235,-0.197,3,elnino,0.710
DK,1978,NDJFM,frost_days,58.567,8.076,-3.916,3,elnino,0.710
DK,1978,NDJFM,ice_days,14.034,3.981,-1.083,3,elnino,0.710
DK,1978,NDJFM,precip,321.775,54.810,54.394,4,elnino,0.710
DK,1978,NDJFM,precip_days,60.964,1.540,6.789,4,elnino,0.710
DK,1978,NDJFM,thaw_days,136.966,-3.750,1.560,3,elnino,0.710
DK,1978,NDJFM,tmax_mean,4.594,-0.559,0.135,3,elnino,0.710
DK,1978,NDJFM,tmean,2.406,-0.760,0.298,4,elnino,0.710
DK,1978,NDJFM,tmin_mean,0.549,-0.692,0.201,3,elnino,0.710
DK,1979,DJF,frost_days,77.427,40.741,32.480,3,neutral,0.190
DK,1979,DJF,ice_days,40.304,32.057,26.906,3,neutral,0.190
DK,1979,DJF,precip,105.189,-76.850,-49.825,4,neutral,0.190
DK,1979,DJF,precip_days,28.428,-5.684,-4.085,4,neutral,0.190
DK,1979,DJF,thaw_days,48.998,-31.852,-27.260,3,neutral,0.190
DK,1979,DJF,tmax_mean,0.321,-3.800,-3.019,3,neutral,0.190
DK,1979,DJF,tmean,-2.054,-4.011,-3.201,4,neutral,0.190
DK,1979,DJF,tmin_mean,-3.989,-4.392,-3.394,3,neutral,0.190
DK,1979,JFM,frost_days,73.658,35.798,26.850,3,neutral,0.190
DK,1979,JFM,ice_days,37.507,29.839,25.150,3,neutral,0.190
DK,1979,JFM,precip,131.331,-16.914,1.194,4,neutral,0.190
DK,1979,JFM,precip_days,32.707,2.222,4.127,4,neutral,0.190
DK,1979,JFM,thaw_days,52.152,-29.738,-25.165,3,neutral,0.190
DK,1979,JFM,tmax_mean,0.813,-3.626,-2.723,3,neutral,0.190
DK,1979,JFM,tmean,-1.557,-3.933,-2.747,4,neutral,0.190
DK,1979,JFM,tmin_mean,-3.639,-3.853,-2.851,3,neutral,0.190
DK,1979,NDJFM,frost_days,95.123,44.632,33.085,3,neutral,0.190
DK,1979,NDJFM,ice_days,42.360,32.889,27.399,3,neutral,0.190
DK,1979,NDJFM,precip,234.758,-61.940,-32.897,4,neutral,0.190
DK,1979,NDJFM,precip_days,53.792,-2.460,-0.407,4,neutral,0.190
DK,1979,NDJFM,thaw_days,107.596,-33.183,-27.963,3,neutral,0.190
DK,1979,NDJFM,tmax_mean,2.821,-2.393,-1.665,3,neutral,0.190
DK,1979,NDJFM,tmean,0.618,-2.497,-1.526,4,neutral,0.190
DK,1979,NDJFM,tmin_mean,-1.282,-2.523,-1.662,3,neutral,0.190
DK,1980,DJF,frost_days,69.029,32.343,24.391,3,neutral,0.620
DK,1980,DJF,ice_days,17.803,8.870,4.540,3,neutral,0.620
DK,1980,DJF,precip,185.293,7.850,29.936,4,neutral,0.620
DK,1980,DJF,precip_days,32.582,-5.184,0.036,4,neutral,0.620
DK,1980,DJF,thaw_days,71.469,-8.188,-4.918,3,neutral,0.620
DK,1980,DJF,tmax_mean,2.048,-1.991,-1.322,3,neutral,0.620
DK,1980,DJF,tmean,-0.019,-2.201,-1.155,3,neutral,0.620
DK,1980,DJF,tmin_mean,-1.830,-2.232,-1.271,3,neutral,0.620
DK,1980,JFM,frost_days,78.040,40.179,31.583,3,neutral,0.620
DK,1980,JFM,ice_days,18.762,11.530,6.564,3,neutral,0.620
DK,1980,JFM,precip,98.607,-48.914,-32.001,4,neutral,0.620
DK,1980,JFM,precip_days,21.776,-8.778,-6.867,4,neutral,0.620
DK,1980,JFM,thaw_days,70.208,-11.451,-7.269,3,neutral,0.620
DK,1980,JFM,tmax_mean,1.467,-2.842,-2.107,3,neutral,0.620
DK,1980,JFM,tmean,-0.651,-2.930,-1.885,4,neutral,0.620
DK,1980,JFM,tmin_mean,-2.494,-2.708,-1.743,3,neutral,0.620
DK,1980,NDJFM,frost_days,91.403,40.913,29.810,3,neutral,0.620
DK,1980,NDJFM,ice_days,20.555,11.296,5.748,3,neutral,0.620
DK,1980,NDJFM,precip,327.033,60.360,59.105,4,neutral,0.620
DK,1980,NDJFM,precip_days,57.014,1.040,2.790,4,neutral,0.620
DK,1980,NDJFM,thaw_days,129.400,-11.093,-6.312,3,neutral,0.620
DK,1980,NDJFM,tmax_mean,3.176,-1.968,-1.338,3,neutral,0.620
DK,1980,NDJFM,tmean,1.082,-2.117,-1.098,4,neutral,0.620
DK,1980,NDJFM,tmin_mean,-0.698,-1.939,-1.111,3,neutral,0.620
DK,1981,DJF,frost_days,46.379,9.693,2.051,3,neutral,-0.270
DK,1981,DJF,ice_days,10.647,-0.834,-2.481,3,neutral,-0.270
DK,1981,DJF,precip,199.577,20.250,43.877,4,neutral,-0.270
DK,1981,DJF,precip_days,35.500,-0.183,2.920,4,neutral,-0.270
DK,1981,DJF,thaw_days,79.009,1.039,2.492,3,neutral,-0.270
DK,1981,DJF,tmax_mean,3.295,-0.757,-0.106,3,neutral,-0.270
DK,1981,DJF,tmean,1.217,-1.008,-0.009,4,neutral,-0.270
DK,1981,DJF,tmin_mean,-0.689,-1.092,-0.166,3,neutral,-0.270
DK,1981,JFM,frost_days,48.539,10.679,2.433,3,neutral,-0.270
DK,1981,JFM,ice_days,7.791,-1.951,-4.248,3,neutral,-0.270
DK,1981,JFM,precip,187.308,30.386,56.229,4,neutral,-0.270
DK,1981,JFM,precip_days,33.122,0.722,4.417,4,neutral,-0.270
DK,1981,JFM,thaw_days,81.531,1.547,3.893,3,neutral,-0.270
DK,1981,JFM,tmax_mean,3.425,-0.994,-0.188,3,neutral,-0.270
DK,1981,JFM,tmean,1.200,-1.071,-0.076,4,neutral,-0.270
DK,1981,JFM,tmin_mean,-0.767,-0.981,-0.053,3,neutral,-0.270
DK,1981,NDJFM,frost_days,68.431,17.940,7.282,3,neutral,-0.270
DK,1981,NDJFM,ice_days,11.782,-1.582,-2.870,3,neutral,-0.270
DK,1981,NDJFM,precip,368.960,85.910,100.757,4,neutral,-0.270
DK,1981,NDJFM,precip_days,66.367,9.540,12.120,4,neutral,-0.270
DK,1981,NDJFM,thaw_days,138.526,1.299,2.661,3,neutral,-0.270
DK,1981,NDJFM,tmax_mean,4.309,-0.877,-0.233,3,neutral,-0.270
DK,1981,NDJFM,tmean,2.029,-1.155,-0.188,4,neutral,-0.270
DK,1981,NDJFM,tmin_mean,-0.006,-1.248,-0.451,3,neutral,-0.270
DK,1982,DJF,frost_days,75.180,38.494,31.160,3,neutral,-0.050
DK,1982,DJF,ice_days,32.041,23.670,19.049,3,neutral,-0.050
DK,1982,DJF,precip,138.933,-33.200,-20.343,3,neutral,-0.050
DK,1982,DJF,precip_days,25.667,-9.184,-5.930,3,neutral,-0.050
DK,1982,DJF,thaw_days,56.599,-23.971,-20.048,3,neutral,-0.050
DK,1982,DJF,tmax_mean,0.598,-3.517,-2.834,3,neutral,-0.050
DK,1982,DJF,tmean,-2.125,-4.532,-3.346,3,neutral,-0.050
DK,1982,DJF,tmin_mean,-4.327,-4.730,-3.840,3,neutral,-0.050
DK,1982,JFM,frost_days,53.324,15.464,7.569,3,neutral,-0.050
DK,1982,JFM,ice_days,18.303,10.335,6.423,3,neutral,-0.050
DK,1982,JFM,precip,133.100,-7.464,-2.581,3,neutral,-0.050
DK,1982,JFM,precip_days,24.333,-5.778,-4.266,3,neutral,-0.050
DK,1982,JFM,thaw_days,71.023,-10.739,-6.776,3,neutral,-0.050
DK,1982,JFM,tmax_mean,2.627,-1.886,-1.024,3,neutral,-0.050
DK,1982,JFM,tmean,-0.006,-2.409,-1.325,4,neutral,-0.050
DK,1982,JFM,tmin_mean,-1.982,-2.196,-1.305,3,neutral,-0.050
DK,1982,NDJFM,frost_days,82.202,31.711,21.497,3,neutral,-0.050
DK,1982,NDJFM,ice_days,31.836,22.194,17.340,3,neutral,-0.050
DK,1982,NDJFM,precip,282.833,3.110,9.242,3,neutral,-0.050
DK,1982,NDJFM,precip_days,52.667,-2.460,-0.308,3,neutral,-0.050
DK,1982,NDJFM,thaw_days,117.810,-22.474,-18.208,3,neutral,-0.050
DK,1982,NDJFM,tmax_mean,3.135,-2.134,-1.434,3,neutral,-0.050
DK,1982,NDJFM,tmean,0.427,-2.932,-1.825,4,neutral,-0.050
DK,1982,NDJFM,tmin_mean,-1.589,-2.830,-2.066,3,neutral,-0.050
DK,1983,DJF,frost_days,33.466,-3.220,-10.244,3,super,2.140
DK,1983,DJF,ice_days,2.743,-6.470,-10.114,3,super,2.140
DK,1983,DJF,precip,187.500,35.850,27.891,3,super,2.140
DK,1983,DJF,precip_days,38.667,7.316,7.023,3,super,2.140
DK,1983,DJF,thaw_days,87.257,6.675,10.480,3,super,2.140
DK,1983,DJF,tmax_mean,4.847,0.778,1.385,3,super,2.140
DK,1983,DJF,tmean,2.529,0.219,1.224,4,super,2.140
DK,1983,DJF,tmin_mean,0.812,0.410,1.264,3,super,2.140
DK,1983,JFM,frost_days,32.819,-5.041,-12.584,3,super,2.140
DK,1983,JFM,ice_days,2.704,-5.490,-9.016,3,super,2.140
DK,1983,JFM,precip,170.400,13.236,34.313,3,super,2.140
DK,1983,JFM,precip_days,37.000,7.722,8.331,3,super,2.140
DK,1983,JFM,thaw_days,87.296,5.591,9.337,3,super,2.140
DK,1983,JFM,tmax_mean,5.008,0.572,1.320,3,super,2.140
DK,1983,JFM,tmean,2.699,0.395,1.336,4,super,2.140
DK,1983,JFM,tmin_mean,0.856,0.642,1.497,3,super,2.140
DK,1983,NDJFM,frost_days,40.395,-10.096,-19.866,3,super,2.140
DK,1983,NDJFM,ice_days,2.746,-7.773,-11.595,3,super,2.140
DK,1983,NDJFM,precip,344.933,79.260,70.972,3,super,2.140
DK,1983,NDJFM,precip_days,66.000,13.040,12.965,3,super,2.140
DK,1983,NDJFM,thaw_days,148.254,8.003,12.082,3,super,2.140
DK,1983,NDJFM,tmax_mean,5.895,0.711,1.298,3,super,2.140
DK,1983,NDJFM,tmean,3.567,0.290,1.279,4,super,2.140
DK,1983,NDJFM,tmin_mean,1.801,0.560,1.293,3,super,2.140
DK,1984,DJF,frost_days,41.998,5.311,-1.403,3,lanina,-0.630
DK,1984,DJF,ice_days,5.147,-3.886,-7.574,3,lanina,-0.630
DK,1984,DJF,precip,199.167,32.350,39.225,3,lanina,-0.630
DK,1984,DJF,precip_days,36.000,1.817,4.310,3,lanina,-0.630
DK,1984,DJF,thaw_days,84.493,4.585,7.587,3,lanina,-0.630
DK,1984,DJF,tmax_mean,3.353,-0.683,-0.140,3,lanina,-0.630
DK,1984,DJF,tmean,1.250,-1.011,-0.095,4,lanina,-0.630
DK,1984,DJF,tmin_mean,-0.278,-0.681,0.137,3,lanina,-0.630
DK,1984,JFM,frost_days,45.720,7.859,0.667,3,lanina,-0.630
DK,1984,JFM,ice_days,4.412,-3.423,-7.149,3,lanina,-0.630
DK,1984,JFM,precip,165.700,26.086,29.206,3,lanina,-0.630
DK,1984,JFM,precip_days,30.333,-0.778,1.594,3,lanina,-0.630
DK,1984,JFM,thaw_days,85.577,4.018,7.458,3,lanina,-0.630
DK,1984,JFM,tmax_mean,2.992,-1.451,-0.735,3,lanina,-0.630
DK,1984,JFM,tmean,0.932,-1.425,-0.474,4,lanina,-0.630
DK,1984,JFM,tmin_mean,-0.496,-0.710,0.108,3,lanina,-0.630
DK,1984,NDJFM,frost_days,68.264,17.773,8.448,3,lanina,-0.630
DK,1984,NDJFM,ice_days,6.235,-4.080,-7.950,3,lanina,-0.630
DK,1984,NDJFM,precip,282.467,-6.740,8.136,3,lanina,-0.630
DK,1984,NDJFM,precip_days,49.333,-5.960,-3.763,3,lanina,-0.630
DK,1984,NDJFM,thaw_days,144.398,4.800,8.072,3,lanina,-0.630
DK,1984,NDJFM,tmax_mean,4.136,-1.020,-0.488,3,lanina,-0.630
DK,1984,NDJFM,tmean,1.871,-1.358,-0.453,4,lanina,-0.630
DK,1984,NDJFM,tmin_mean,0.183,-1.058,-0.358,3,lanina,-0.630
DK,1985,DJF,frost_days,62.895,26.209,19.804,3,lanina,-1.010
DK,1985,DJF,ice_days,36.131,25.496,23.544,3,lanina,-1.010
DK,1985,DJF,precip,121.600,-50.200,-38.674,3,lanina,-1.010
DK,1985,DJF,precip_days,25.333,-5.684,-6.403,3,lanina,-1.010
DK,1985,DJF,thaw_days,53.180,-25.291,-23.857,3,lanina,-1.010
DK,1985,DJF,tmax_mean,0.694,-3.196,-2.828,3,lanina,-1.010
DK,1985,DJF,tmean,-1.885,-4.021,-3.270,4,lanina,-1.010
DK,1985,DJF,tmin_mean,-3.954,-4.357,-3.574,3,lanina,-1.010
DK,1985,JFM,frost_days,75.173,37.312,30.471,3,lanina,-1.010
DK,1985,JFM,ice_days,36.552,28.717,25.150,3,lanina,-1.010
DK,1985,JFM,precip,125.733,-33.364,-11.167,3,lanina,-1.010
DK,1985,JFM,precip_days,27.000,-2.278,-1.809,3,lanina,-1.010
DK,1985,JFM,thaw_days,52.759,-28.617,-25.522,3,lanina,-1.010
DK,1985,JFM,tmax_mean,0.165,-3.964,-3.600,3,lanina,-1.010
DK,1985,JFM,tmean,-2.562,-4.732,-4.011,4,lanina,-1.010
DK,1985,JFM,tmin_mean,-4.747,-4.961,-4.180,3,lanina,-1.010
DK,1985,NDJFM,frost_days,84.093,33.602,24.722,3,lanina,-1.010
DK,1985,NDJFM,ice_days,37.425,26.268,23.395,3,lanina,-1.010
DK,1985,NDJFM,precip,224.233,-66.440,-50.468,3,lanina,-1.010
DK,1985,NDJFM,precip_days,44.333,-7.460,-8.824,3,lanina,-1.010
DK,1985,NDJFM,thaw_days,112.890,-26.038,-23.589,3,lanina,-1.010
DK,1985,NDJFM,tmax_mean,2.593,-2.425,-2.059,3,lanina,-1.010
DK,1985,NDJFM,tmean,0.345,-2.917,-2.015,4,lanina,-1.010
DK,1985,NDJFM,tmin_mean,-1.561,-2.802,-2.134,3,lanina,-1.010
DK,1986,DJF,frost_days,63.751,27.065,20.970,3,neutral,-0.400
DK,1986,DJF,ice_days,30.021,20.830,17.570,3,neutral,-0.400
DK,1986,DJF,precip,239.333,72.800,78.727,3,neutral,-0.400
DK,1986,DJF,precip_days,36.000,2.317,4.216,3,neutral,-0.400
DK,1986,DJF,thaw_days,58.558,-21.672,-18.607,3,neutral,-0.400
DK,1986,DJF,tmax_mean,1.874,-2.221,-1.680,3,neutral,-0.400
DK,1986,DJF,tmean,-0.999,-3.123,-2.202,2,neutral,-0.400
DK,1986,DJF,tmin_mean,-2.894,-3.296,-2.550,3,neutral,-0.400
DK,1986,JFM,frost_days,63.128,25.268,18.778,3,neutral,-0.400
DK,1986,JFM,ice_days,29.289,21.645,18.046,3,neutral,-0.400
DK,1986,JFM,precip,135.633,-4.164,-1.673,3,neutral,-0.400
DK,1986,JFM,precip_days,27.333,-2.278,-1.546,3,neutral,-0.400
DK,1986,JFM,thaw_days,59.331,-22.555,-19.109,3,neutral,-0.400
DK,1986,JFM,tmax_mean,1.580,-2.735,-2.223,3,neutral,-0.400
DK,1986,JFM,tmean,-1.185,-3.456,-2.678,4,neutral,-0.400
DK,1986,JFM,tmin_mean,-3.263,-3.477,-2.733,3,neutral,-0.400
DK,1986,NDJFM,frost_days,85.478,34.987,26.551,3,neutral,-0.400
DK,1986,NDJFM,ice_days,31.995,22.872,18.120,3,neutral,-0.400
DK,1986,NDJFM,precip,343.333,64.810,68.263,3,neutral,-0.400
DK,1986,NDJFM,precip_days,58.333,3.540,5.115,3,neutral,-0.400
DK,1986,NDJFM,thaw_days,117.616,-23.669,-19.016,3,neutral,-0.400
DK,1986,NDJFM,tmax_mean,3.005,-2.187,-1.674,3,neutral,-0.400
DK,1986,NDJFM,tmean,0.321,-2.921,-2.075,4,neutral,-0.400
DK,1986,NDJFM,tmin_mean,-1.596,-2.838,-2.201,3,neutral,-0.400
DK,1987,DJF,frost_days,64.432,27.747,21.960,3,elnino,1.180
DK,1987,DJF,ice_days,25.517,15.159,13.201,3,elnino,1.180
DK,1987,DJF,precip,131.285,-41.322,-29.654,3,elnino,1.180
DK,1987,DJF,precip_days,27.438,-6.026,-4.392,3,elnino,1.180
DK,1987,DJF,thaw_days,64.483,-14.954,-12.813,3,elnino,1.180
DK,1987,DJF,tmax_mean,1.775,-2.327,-1.809,3,elnino,1.180
DK,1987,DJF,tmean,-0.702,-3.053,-2.054,3,elnino,1.180
DK,1987,DJF,tmin_mean,-2.780,-3.182,-2.471,3,elnino,1.180
DK,1987,JFM,frost_days,75.237,37.376,31.237,3,elnino,1.180
DK,1987,JFM,ice_days,34.846,27.002,23.763,3,elnino,1.180
DK,1987,JFM,precip,98.440,-43.105,-39.273,3,elnino,1.180
DK,1987,JFM,precip_days,21.753,-9.149,-7.197,3,elnino,1.180
DK,1987,JFM,thaw_days,54.805,-26.900,-23.796,3,elnino,1.180
DK,1987,JFM,tmax_mean,0.600,-3.785,-3.241,3,elnino,1.180
DK,1987,JFM,tmean,-2.132,-4.422,-3.668,4,elnino,1.180
DK,1987,JFM,tmin_mean,-4.444,-4.658,-3.950,3,elnino,1.180
DK,1987,NDJFM,frost_days,89.526,39.035,31.043,3,elnino,1.180
DK,1987,NDJFM,ice_days,38.272,27.933,24.552,3,elnino,1.180
DK,1987,NDJFM,precip,230.356,-39.605,-45.084,3,elnino,1.180
DK,1987,NDJFM,precip_days,47.431,-6.813,-5.848,3,elnino,1.180
DK,1987,NDJFM,thaw_days,112.374,-27.703,-24.411,3,elnino,1.180
DK,1987,NDJFM,tmax_mean,3.093,-2.135,-1.614,3,elnino,1.180
DK,1987,NDJFM,tmean,0.691,-2.743,-1.741,4,elnino,1.180
DK,1987,NDJFM,tmin_mean,-1.472,-2.714,-2.109,3,elnino,1.180
DK,1988,DJF,frost_days,17.779,-18.907,-24.383,3,elnino,0.630
DK,1988,DJF,ice_days,0.674,-8.551,-11.506,3,elnino,0.630
DK,1988,DJF,precip,224.567,54.900,63.295,3,elnino,0.630
DK,1988,DJF,precip_days,40.667,6.316,8.790,3,elnino,0.630
DK,1988,DJF,thaw_days,90.326,9.756,12.901,3,elnino,0.630
DK,1988,DJF,tmax_mean,5.023,0.875,1.408,3,elnino,0.630
DK,1988,DJF,tmean,3.162,0.724,1.657,4,elnino,0.630
DK,1988,DJF,tmin_mean,1.681,1.279,1.954,3,elnino,0.630
DK,1988,JFM,frost_days,26.157,-11.704,-17.491,3,elnino,0.630
DK,1988,JFM,ice_days,0.337,-8.018,-10.587,3,elnino,0.630
DK,1988,JFM,precip,242.833,108.086,104.714,3,elnino,0.630
DK,1988,JFM,precip_days,46.667,17.722,17.647,3,elnino,0.630
DK,1988,JFM,thaw_days,90.663,9.120,11.901,3,elnino,0.630
DK,1988,JFM,tmax_mean,4.584,0.252,0.704,3,elnino,0.630
DK,1988,JFM,tmean,2.620,0.336,1.041,4,elnino,0.630
DK,1988,JFM,tmin_mean,1.053,0.839,1.509,3,elnino,0.630
DK,1988,NDJFM,frost_days,34.646,-15.845,-23.391,3,elnino,0.630
DK,1988,NDJFM,ice_days,0.676,-9.852,-12.889,3,elnino,0.630
DK,1988,NDJFM,precip,361.033,77.860,85.223,3,elnino,0.630
DK,1988,NDJFM,precip_days,66.000,10.040,12.660,3,elnino,0.630
DK,1988,NDJFM,thaw_days,151.324,11.082,14.386,3,elnino,0.630
DK,1988,NDJFM,tmax_mean,5.367,0.174,0.632,3,elnino,0.630
DK,1988,NDJFM,tmean,3.381,-0.057,0.913,4,elnino,0.630
DK,1988,NDJFM,tmin_mean,1.853,0.612,1.184,3,elnino,0.630
DK,1989,DJF,frost_days,10.791,-25.895,-31.062,3,lanina,-1.640
DK,1989,DJF,ice_days,0.000,-9.562,-12.045,3,lanina,-1.640
DK,1989,DJF,precip,109.667,-60.150,-51.937,3,lanina,-1.640
DK,1989,DJF,precip_days,26.667,-5.684,-5.257,3,lanina,-1.640
DK,1989,DJF,thaw_days,90.000,9.768,12.445,3,lanina,-1.640
DK,1989,DJF,tmax_mean,6.260,1.862,2.614,3,lanina,-1.640
DK,1989,DJF,tmean,4.432,1.920,2.888,4,lanina,-1.640
DK,1989,DJF,tmin_mean,2.654,2.251,2.890,3,lanina,-1.640
DK,1989,JFM,frost_days,2.352,-35.508,-40.945,3,lanina,-1.640
DK,1989,JFM,ice_days,0.000,-8.524,-10.765,3,lanina,-1.640
DK,1989,JFM,precip,113.833,-23.064,-24.692,3,lanina,-1.640
DK,1989,JFM,precip_days,29.000,0.722,-0.090,3,lanina,-1.640
DK,1989,JFM,thaw_days,90.000,8.626,11.077,3,lanina,-1.640
DK,1989,JFM,tmax_mean,7.008,2.297,3.091,3,lanina,-1.640
DK,1989,JFM,tmean,5.095,2.783,3.473,4,lanina,-1.640
DK,1989,JFM,tmin_mean,3.236,3.021,3.655,3,lanina,-1.640
DK,1989,NDJFM,frost_days,17.415,-33.077,-40.179,3,lanina,-1.640
DK,1989,NDJFM,ice_days,0.678,-10.363,-12.731,3,lanina,-1.640
DK,1989,NDJFM,precip,205.400,-77.790,-70.780,3,lanina,-1.640
DK,1989,NDJFM,precip_days,50.000,-1.960,-3.401,3,lanina,-1.640
DK,1989,NDJFM,thaw_days,150.322,10.593,13.230,3,lanina,-1.640
DK,1989,NDJFM,tmax_mean,6.726,1.325,1.964,3,lanina,-1.640
DK,1989,NDJFM,tmean,4.592,1.094,2.088,4,lanina,-1.640
DK,1989,NDJFM,tmin_mean,2.624,1.383,1.923,3,lanina,-1.640
DK,1990,DJF,frost_days,15.834,-20.853,-25.710,3,neutral,0.180
DK,1990,DJF,ice_days,1.674,-8.062,-10.236,3,neutral,0.180
DK,1990,DJF,precip,176.933,20.200,14.997,3,neutral,0.180
DK,1990,DJF,precip_days,36.000,2.817,4.030,3,neutral,0.180
DK,1990,DJF,thaw_days,87.989,8.268,10.304,3,neutral,0.180
DK,1990,DJF,tmax_mean,6.667,2.373,2.991,3,neutral,0.180
DK,1990,DJF,tmean,4.394,2.179,2.810,4,neutral,0.180
DK,1990,DJF,tmin_mean,2.506,2.104,2.707,3,neutral,0.180
DK,1990,JFM,frost_days,7.023,-30.838,-35.923,3,neutral,0.180
DK,1990,JFM,ice_days,0.333,-8.024,-10.272,3,neutral,0.180
DK,1990,JFM,precip,154.533,18.036,15.602,3,neutral,0.180
DK,1990,JFM,precip_days,35.333,6.222,6.173,3,neutral,0.180
DK,1990,JFM,thaw_days,89.667,8.126,10.583,3,neutral,0.180
DK,1990,JFM,tmax_mean,7.789,2.992,3.833,3,neutral,0.180
DK,1990,JFM,tmean,5.504,3.160,3.838,4,neutral,0.180
DK,1990,JFM,tmin_mean,3.468,3.254,3.851,3,neutral,0.180
DK,1990,NDJFM,frost_days,25.247,-25.244,-31.902,3,neutral,0.180
DK,1990,NDJFM,ice_days,2.007,-9.366,-11.247,3,neutral,0.180
DK,1990,NDJFM,precip,238.300,-38.340,-38.250,3,neutral,0.180
DK,1990,NDJFM,precip_days,52.333,-2.960,-1.129,3,neutral,0.180
DK,1990,NDJFM,thaw_days,148.658,9.596,11.413,3,neutral,0.180
DK,1990,NDJFM,tmax_mean,7.466,2.092,2.676,3,neutral,0.180
DK,1990,NDJFM,tmean,4.998,1.768,2.458,4,neutral,0.180
DK,1990,NDJFM,tmin_mean,2.950,1.709,2.217,3,neutral,0.180
DK,1991,DJF,frost_days,40.814,4.128,-0.420,3,neutral,0.350
DK,1991,DJF,ice_days,8.614,1.336,-3.161,3,neutral,0.350
DK,1991,DJF,precip,145.000,-18.200,-17.269,3,neutral,0.350
DK,1991,DJF,precip_days,32.000,-2.683,-0.016,3,neutral,0.350
DK,1991,DJF,thaw_days,81.386,-1.131,3.572,3,neutral,0.350
DK,1991,DJF,tmax_mean,4.059,-0.117,0.352,3,neutral,0.350
DK,1991,DJF,tmean,1.656,-0.658,0.032,4,neutral,0.350
DK,1991,DJF,tmin_mean,-0.074,-0.476,0.091,3,neutral,0.350
DK,1991,JFM,frost_days,34.354,-3.506,-8.241,3,neutral,0.350
DK,1991,JFM,ice_days,8.435,2.128,-2.011,3,neutral,0.350
DK,1991,JFM,precip,123.200,-13.564,-16.138,3,neutral,0.350
DK,1991,JFM,precip_days,26.000,-3.778,-3.230,3,neutral,0.350
DK,1991,JFM,thaw_days,81.565,-2.027,2.321,3,neutral,0.350
DK,1991,JFM,tmax_mean,4.609,0.046,0.615,3,neutral,0.350
DK,1991,JFM,tmean,2.193,-0.186,0.484,4,neutral,0.350
DK,1991,JFM,tmin_mean,0.328,0.113,0.674,3,neutral,0.350
DK,1991,NDJFM,frost_days,46.113,-4.378,-10.592,3,neutral,0.350
DK,1991,NDJFM,ice_days,8.498,-0.132,-4.600,3,neutral,0.350
DK,1991,NDJFM,precip,241.133,-30.040,-35.786,3,neutral,0.350
DK,1991,NDJFM,precip_days,48.000,-7.460,-5.524,3,neutral,0.350
DK,1991,NDJFM,thaw_days,142.502,0.362,5.104,3,neutral,0.350
DK,1991,NDJFM,tmax_mean,5.355,0.082,0.538,3,neutral,0.350
DK,1991,NDJFM,tmean,2.920,-0.392,0.345,4,neutral,0.350
DK,1991,NDJFM,tmin_mean,1.113,-0.129,0.348,3,neutral,0.350
DK,1992,DJF,frost_days,23.651,-13.035,-17.274,3,elnino,1.540
DK,1992,DJF,ice_days,0.697,-8.517,-10.942,3,elnino,1.540
DK,1992,DJF,precip,109.500,-68.650,-53.101,3,elnino,1.540
DK,1992,DJF,precip_days,23.333,-11.684,-8.730,3,elnino,1.540
DK,1992,DJF,thaw_days,89.966,9.721,12.022,3,elnino,1.540
DK,1992,DJF,tmax_mean,5.854,1.631,2.117,3,elnino,1.540
DK,1992,DJF,tmean,3.530,1.151,1.866,4,elnino,1.540
DK,1992,DJF,tmin_mean,1.451,1.048,1.580,3,elnino,1.540
DK,1992,JFM,frost_days,21.581,-16.280,-20.663,3,elnino,1.540
DK,1992,JFM,ice_days,0.697,-7.478,-9.589,3,elnino,1.540
DK,1992,JFM,precip,126.200,-19.514,-13.545,3,elnino,1.540
DK,1992,JFM,precip_days,29.333,-0.278,0.033,3,elnino,1.540
DK,1992,JFM,thaw_days,89.966,8.579,10.561,3,elnino,1.540
DK,1992,JFM,tmax_mean,6.073,1.533,2.040,3,elnino,1.540
DK,1992,JFM,tmean,3.742,1.510,1.990,4,elnino,1.540
DK,1992,JFM,tmin_mean,1.602,1.387,1.911,3,elnino,1.540
DK,1992,NDJFM,frost_days,29.683,-20.807,-26.577,3,elnino,1.540
DK,1992,NDJFM,ice_days,0.689,-9.832,-12.254,3,elnino,1.540
DK,1992,NDJFM,precip,257.133,-27.140,-20.156,3,elnino,1.540
DK,1992,NDJFM,precip_days,51.000,-3.960,-2.584,3,elnino,1.540
DK,1992,NDJFM,thaw_days,150.975,11.062,13.424,3,elnino,1.540
DK,1992,NDJFM,tmax_mean,6.410,1.113,1.564,3,elnino,1.540
DK,1992,NDJFM,tmean,4.122,0.807,1.512,4,elnino,1.540
DK,1992,NDJFM,tmin_mean,2.099,0.858,1.302,3,elnino,1.540
DK,1993,DJF,frost_days,32.666,-4.020,-7.949,3,neutral,0.130
DK,1993,DJF,ice_days,3.763,-6.011,-7.741,3,neutral,0.130
DK,1993,DJF,precip,149.300,-26.400,-13.633,3,neutral,0.130
DK,1993,DJF,precip_days,31.667,-1.683,-0.443,3,neutral,0.130
DK,1993,DJF,thaw_days,85.539,6.216,7.465,3,neutral,0.130
DK,1993,DJF,tmax_mean,4.637,0.504,0.869,3,neutral,0.130
DK,1993,DJF,tmean,2.515,0.146,0.812,4,neutral,0.130
DK,1993,DJF,tmin_mean,0.726,0.323,0.819,3,neutral,0.130
DK,1993,JFM,frost_days,37.413,-0.448,-4.480,3,neutral,0.130
DK,1993,JFM,ice_days,3.740,-5.008,-6.387,3,neutral,0.130
DK,1993,JFM,precip,120.300,-26.014,-19.851,3,neutral,0.130
DK,1993,JFM,precip_days,29.000,-0.278,-0.370,3,neutral,0.130
DK,1993,JFM,thaw_days,85.911,5.109,6.346,3,neutral,0.130
DK,1993,JFM,tmax_mean,4.836,0.339,0.766,3,neutral,0.130
DK,1993,JFM,tmean,2.446,0.109,0.651,4,neutral,0.130
DK,1993,JFM,tmin_mean,0.379,0.164,0.651,3,neutral,0.130
DK,1993,NDJFM,frost_days,48.228,-2.263,-7.587,3,neutral,0.130
DK,1993,NDJFM,ice_days,3.749,-7.311,-9.039,3,neutral,0.130
DK,1993,NDJFM,precip,276.733,-16.040,-0.926,3,neutral,0.130
DK,1993,NDJFM,precip_days,56.000,3.540,2.354,3,neutral,0.130
DK,1993,NDJFM,thaw_days,146.562,7.542,8.857,3,neutral,0.130
DK,1993,NDJFM,tmax_mean,5.478,0.265,0.605,3,neutral,0.130
DK,1993,NDJFM,tmean,3.213,-0.107,0.566,4,neutral,0.130
DK,1993,NDJFM,tmin_mean,1.250,0.008,0.420,3,neutral,0.130
DK,1994,DJF,frost_days,35.674,-1.012,-4.632,3,neutral,0.070
DK,1994,DJF,ice_days,7.198,-1.352,-4.170,3,neutral,0.070
DK,1994,DJF,precip,245.867,73.950,82.601,3,neutral,0.070
DK,1994,DJF,precip_days,46.333,12.316,14.177,3,neutral,0.070
DK,1994,DJF,thaw_days,81.775,0.016,3.572,3,neutral,0.070
DK,1994,DJF,tmax_mean,3.529,-0.646,-0.269,3,neutral,0.070
DK,1994,DJF,tmean,1.486,-0.794,-0.257,4,neutral,0.070
DK,1994,DJF,tmin_mean,-0.034,-0.437,0.023,3,neutral,0.070
DK,1994,JFM,frost_days,35.357,-2.504,-6.185,3,neutral,0.070
DK,1994,JFM,ice_days,7.547,-0.307,-2.421,3,neutral,0.070
DK,1994,JFM,precip,225.933,76.136,85.376,3,neutral,0.070
DK,1994,JFM,precip_days,43.000,13.222,13.560,3,neutral,0.070
DK,1994,JFM,thaw_days,81.426,-1.132,1.701,3,neutral,0.070
DK,1994,JFM,tmax_mean,3.965,-0.574,-0.144,3,neutral,0.070
DK,1994,JFM,tmean,1.742,-0.663,-0.097,4,neutral,0.070
DK,1994,JFM,tmin_mean,-0.053,-0.267,0.182,3,neutral,0.070
DK,1994,NDJFM,frost_days,54.009,3.519,-1.362,3,neutral,0.070
DK,1994,NDJFM,ice_days,8.486,-1.197,-4.146,3,neutral,0.070
DK,1994,NDJFM,precip,369.567,84.710,91.538,3,neutral,0.070
DK,1994,NDJFM,precip_days,73.333,18.040,19.627,3,neutral,0.070
DK,1994,NDJFM,thaw_days,141.496,-0.100,3.637,3,neutral,0.070
DK,1994,NDJFM,tmax_mean,4.206,-1.065,-0.695,3,neutral,0.070
DK,1994,NDJFM,tmean,2.114,-1.120,-0.569,4,neutral,0.070
DK,1994,NDJFM,tmin_mean,0.525,-0.716,-0.336,3,neutral,0.070
DK,1995,DJF,frost_days,26.475,-10.211,-13.522,3,elnino,0.880
DK,1995,DJF,ice_days,1.356,-7.529,-9.877,3,elnino,0.880
DK,1995,DJF,precip,248.700,75.150,85.102,3,elnino,0.880
DK,1995,DJF,precip_days,44.333,8.816,12.130,3,elnino,0.880
DK,1995,DJF,thaw_days,88.644,7.733,10.311,3,elnino,0.880
DK,1995,DJF,tmax_mean,5.241,1.102,1.412,3,elnino,0.880
DK,1995,DJF,tmean,2.839,0.427,1.056,4,elnino,0.880
DK,1995,DJF,tmin_mean,1.089,0.687,1.110,3,elnino,0.880
DK,1995,JFM,frost_days,28.013,-9.848,-13.178,3,elnino,0.880
DK,1995,JFM,ice_days,1.356,-6.490,-8.453,3,elnino,0.880
DK,1995,JFM,precip,198.933,56.086,57.970,3,elnino,0.880
DK,1995,JFM,precip_days,35.000,4.722,5.490,3,elnino,0.880
DK,1995,JFM,thaw_days,88.644,6.591,8.757,3,elnino,0.880
DK,1995,JFM,tmax_mean,4.952,0.503,0.805,3,elnino,0.880
DK,1995,JFM,tmean,2.480,0.175,0.599,4,elnino,0.880
DK,1995,JFM,tmin_mean,0.598,0.384,0.797,3,elnino,0.880
DK,1995,NDJFM,frost_days,34.127,-16.364,-20.800,3,elnino,0.880
DK,1995,NDJFM,ice_days,1.358,-8.828,-11.119,3,elnino,0.880
DK,1995,NDJFM,precip,338.500,44.260,60.101,3,elnino,0.880
DK,1995,NDJFM,precip_days,61.667,5.040,7.899,3,elnino,0.880
DK,1995,NDJFM,thaw_days,149.642,9.059,11.630,3,elnino,0.880
DK,1995,NDJFM,tmax_mean,6.084,0.825,1.156,3,elnino,0.880
DK,1995,NDJFM,tmean,3.726,0.320,1.007,4,elnino,0.880
DK,1995,NDJFM,tmin_mean,1.900,0.659,1.007,3,elnino,0.880
DK,1996,DJF,frost_days,75.689,39.003,36.002,3,lanina,-0.880
DK,1996,DJF,ice_days,31.972,23.230,20.875,3,lanina,-0.880
DK,1996,DJF,precip,72.933,-97.650,-90.997,3,lanina,-0.880
DK,1996,DJF,precip_days,14.667,-19.184,-17.583,3,lanina,-0.880
DK,1996,DJF,thaw_days,56.323,-23.047,-22.139,3,lanina,-0.880
DK,1996,DJF,tmax_mean,0.787,-3.274,-3.072,3,lanina,-0.880
DK,1996,DJF,tmean,-1.694,-3.803,-3.516,4,lanina,-0.880
DK,1996,DJF,tmin_mean,-3.474,-3.876,-3.488,3,lanina,-0.880
DK,1996,JFM,frost_days,80.139,42.278,39.299,3,lanina,-0.880
DK,1996,JFM,ice_days,24.369,17.413,14.719,3,lanina,-0.880
DK,1996,JFM,precip,50.967,-97.264,-90.403,3,lanina,-0.880
DK,1996,JFM,precip_days,12.667,-17.778,-16.914,3,lanina,-0.880
DK,1996,JFM,thaw_days,64.605,-16.823,-15.442,3,lanina,-0.880
DK,1996,JFM,tmax_mean,1.100,-3.312,-3.085,3,lanina,-0.880
DK,1996,JFM,tmean,-1.159,-3.462,-3.083,4,lanina,-0.880
DK,1996,JFM,tmin_mean,-3.027,-3.242,-2.865,3,lanina,-0.880
DK,1996,NDJFM,frost_days,113.809,63.318,59.326,3,lanina,-0.880
DK,1996,NDJFM,ice_days,33.432,23.980,21.110,3,lanina,-0.880
DK,1996,NDJFM,precip,126.600,-155.790,-152.168,3,lanina,-0.880
DK,1996,NDJFM,precip_days,25.667,-29.460,-28.162,3,lanina,-0.880
DK,1996,NDJFM,thaw_days,115.845,-23.774,-22.319,3,lanina,-0.880
DK,1996,NDJFM,tmax_mean,2.325,-2.817,-2.630,3,lanina,-0.880
DK,1996,NDJFM,tmean,-0.193,-3.338,-2.947,4,lanina,-0.880
DK,1996,NDJFM,tmin_mean,-2.100,-3.342,-3.026,3,lanina,-0.880
DK,1997,DJF,frost_days,52.214,15.528,12.836,3,neutral,-0.410
DK,1997,DJF,ice_days,14.781,3.298,3.818,3,neutral,-0.410
DK,1997,DJF,precip,142.250,-36.250,-32.343,2,neutral,-0.410
DK,1997,DJF,precip_days,25.000,-10.184,-9.426,2,neutral,-0.410
DK,1997,DJF,thaw_days,74.530,-3.093,-4.063,3,neutral,-0.410
DK,1997,DJF,tmax_mean,3.426,-0.662,-0.464,3,neutral,-0.410
DK,1997,DJF,tmean,0.680,-1.721,-1.182,4,neutral,-0.410
DK,1997,DJF,tmin_mean,-1.337,-1.740,-1.388,3,neutral,-0.410
DK,1997,JFM,frost_days,42.101,4.239,1.612,3,neutral,-0.410
DK,1997,JFM,ice_days,8.496,-0.893,-0.994,3,neutral,-0.410
DK,1997,JFM,precip,116.350,-35.914,-32.521,2,neutral,-0.410
DK,1997,JFM,precip_days,19.000,-11.778,-11.360,2,neutral,-0.410
DK,1997,JFM,thaw_days,81.504,0.995,1.297,3,neutral,-0.410
DK,1997,JFM,tmax_mean,4.714,0.136,0.490,3,neutral,-0.410
DK,1997,JFM,tmean,1.962,-0.392,-0.006,4,neutral,-0.410
DK,1997,JFM,tmin_mean,-0.337,-0.551,-0.211,3,neutral,-0.410
DK,1997,NDJFM,frost_days,64.957,14.466,10.919,3,neutral,-0.410
DK,1997,NDJFM,ice_days,14.624,1.888,2.458,3,neutral,-0.410
DK,1997,NDJFM,precip,260.450,-35.140,-33.334,2,neutral,-0.410
DK,1997,NDJFM,precip_days,45.500,-10.960,-10.453,2,neutral,-0.410
DK,1997,NDJFM,thaw_days,135.696,-1.657,-2.622,3,neutral,-0.410
DK,1997,NDJFM,tmax_mean,4.915,-0.348,-0.068,3,neutral,-0.410
DK,1997,NDJFM,tmean,2.257,-1.113,-0.534,4,neutral,-0.410
DK,1997,NDJFM,tmin_mean,0.206,-1.036,-0.752,3,neutral,-0.410
DK,1998,DJF,frost_days,22.017,-14.669,-17.052,3,super,2.220
DK,1998,DJF,ice_days,3.026,-8.023,-7.801,3,super,2.220
DK,1998,DJF,precip,159.100,-19.400,-16.109,2,super,2.220
DK,1998,DJF,precip_days,34.000,-1.183,-0.553,2,super,2.220
DK,1998,DJF,thaw_days,86.629,7.710,7.906,3,super,2.220
DK,1998,DJF,tmax_mean,5.290,1.195,1.370,3,super,2.220
DK,1998,DJF,tmean,3.269,0.942,1.367,4,super,2.220
DK,1998,DJF,tmin_mean,1.698,1.295,1.612,3,super,2.220
DK,1998,JFM,frost_days,24.828,-13.033,-15.310,3,super,2.220
DK,1998,JFM,ice_days,2.007,-7.513,-7.323,3,super,2.220
DK,1998,JFM,precip,162.950,10.686,13.458,2,super,2.220
DK,1998,JFM,precip_days,33.000,2.222,2.541,2,super,2.220
DK,1998,JFM,thaw_days,87.993,7.614,7.624,3,super,2.220
DK,1998,JFM,tmax_mean,5.890,1.451,1.628,3,super,2.220
DK,1998,JFM,tmean,3.509,1.295,1.498,4,super,2.220
DK,1998,JFM,tmin_mean,1.514,1.299,1.602,3,super,2.220
DK,1998,NDJFM,frost_days,38.460,-12.032,-15.134,3,super,2.220
DK,1998,NDJFM,ice_days,3.018,-9.338,-8.993,3,super,2.220
DK,1998,NDJFM,precip,261.450,-34.140,-32.861,2,super,2.220
DK,1998,NDJFM,precip_days,54.000,-2.460,-2.070,2,super,2.220
DK,1998,NDJFM,thaw_days,147.640,9.055,9.168,3,super,2.220
DK,1998,NDJFM,tmax_mean,5.773,0.633,0.762,3,super,2.220
DK,1998,NDJFM,tmean,3.566,0.297,0.739,4,super,2.220
DK,1998,NDJFM,tmin_mean,1.734,0.492,0.744,3,super,2.220
DK,1999,DJF,frost_days,42.444,5.758,3.686,3,lanina,-1.510
DK,1999,DJF,ice_days,9.153,-2.333,-1.539,3,lanina,-1.510
DK,1999,DJF,precip,181.250,2.750,5.425,2,lanina,-1.510
DK,1999,DJF,precip_days,40.500,5.316,5.819,2,lanina,-1.510
DK,1999,DJF,thaw_days,80.173,1.526,1.321,3,lanina,-1.510
DK,1999,DJF,tmax_mean,3.823,-0.133,-0.128,3,lanina,-1.510
DK,1999,DJF,tmean,1.532,-0.887,-0.410,4,lanina,-1.510
DK,1999,DJF,tmin_mean,-0.171,-0.574,-0.294,3,lanina,-1.510
DK,1999,JFM,frost_days,33.500,-4.360,-6.286,3,lanina,-1.510
DK,1999,JFM,ice_days,6.095,-3.881,-3.076,3,lanina,-1.510
DK,1999,JFM,precip,180.500,28.236,30.387,2,lanina,-1.510
DK,1999,JFM,precip_days,41.000,10.222,10.441,2,lanina,-1.510
DK,1999,JFM,thaw_days,83.905,3.982,3.376,3,lanina,-1.510
DK,1999,JFM,tmax_mean,4.622,0.414,0.322,3,lanina,-1.510
DK,1999,JFM,tmean,2.260,0.100,0.206,4,lanina,-1.510
DK,1999,JFM,tmin_mean,0.375,0.161,0.428,3,lanina,-1.510
DK,1999,NDJFM,frost_days,58.023,7.532,4.874,3,lanina,-1.510
DK,1999,NDJFM,ice_days,10.133,-2.665,-1.722,3,lanina,-1.510
DK,1999,NDJFM,precip,321.850,26.260,27.013,2,lanina,-1.510
DK,1999,NDJFM,precip_days,63.000,6.540,6.812,2,lanina,-1.510
DK,1999,NDJFM,thaw_days,140.196,1.889,1.571,3,lanina,-1.510
DK,1999,NDJFM,tmax_mean,4.339,-0.670,-0.700,3,lanina,-1.510
DK,1999,NDJFM,tmean,2.043,-1.305,-0.820,4,lanina,-1.510
DK,1999,NDJFM,tmin_mean,0.365,-0.876,-0.657,3,lanina,-1.510
DK,2000,DJF,frost_days,20.713,-14.637,-16.243,2,lanina,-1.470
DK,2000,DJF,ice_days,2.511,-6.343,-6.926,2,lanina,-1.470
DK,2000,DJF,precip,270.900,92.400,94.459,2,lanina,-1.470
DK,2000,DJF,precip_days,44.500,9.316,9.692,2,lanina,-1.470
DK,2000,DJF,thaw_days,87.989,7.485,8.087,2,lanina,-1.470
DK,2000,DJF,tmax_mean,4.888,0.750,0.904,2,lanina,-1.470
DK,2000,DJF,tmean,2.739,0.519,0.749,3,lanina,-1.470
DK,2000,DJF,tmin_mean,1.284,0.747,0.956,2,lanina,-1.470
DK,2000,JFM,frost_days,17.669,-19.713,-20.970,2,lanina,-1.470
DK,2000,JFM,ice_days,2.011,-6.796,-6.410,2,lanina,-1.470
DK,2000,JFM,precip,169.750,17.486,19.016,2,lanina,-1.470
DK,2000,JFM,precip_days,32.500,1.722,1.841,2,lanina,-1.470
DK,2000,JFM,thaw_days,88.489,7.837,7.367,2,lanina,-1.470
DK,2000,JFM,tmax_mean,5.238,0.759,0.920,2,lanina,-1.470
DK,2000,JFM,tmean,3.089,0.738,0.950,3,lanina,-1.470
DK,2000,JFM,tmin_mean,1.406,1.102,1.296,2,lanina,-1.470
DK,2000,NDJFM,frost_days,28.654,-19.250,-21.317,2,lanina,-1.470
DK,2000,NDJFM,ice_days,2.506,-7.987,-8.053,2,lanina,-1.470
DK,2000,NDJFM,precip,392.200,96.610,96.836,2,lanina,-1.470
DK,2000,NDJFM,precip_days,65.000,8.540,8.695,2,lanina,-1.470
DK,2000,NDJFM,thaw_days,148.993,9.133,9.288,2,lanina,-1.470
DK,2000,NDJFM,tmax_mean,5.684,0.411,0.639,2,lanina,-1.470
DK,2000,NDJFM,tmean,3.444,0.220,0.524,3,lanina,-1.470
DK,2000,NDJFM,tmin_mean,1.924,0.529,0.698,2,lanina,-1.470
DK,2001,DJF,frost_days,36.418,-0.267,-1.721,3,lanina,-0.760
DK,2001,DJF,ice_days,4.186,-5.377,-6.444,2,lanina,-0.760
DK,2001,DJF,precip,156.650,-21.850,-20.406,2,lanina,-0.760
DK,2001,DJF,precip_days,34.000,-1.183,-0.935,2,lanina,-0.760
DK,2001,DJF,thaw_days,84.767,4.534,5.491,2,lanina,-0.760
DK,2001,DJF,tmax_mean,4.724,0.656,0.791,2,lanina,-0.760
DK,2001,DJF,tmean,2.312,0.001,0.370,3,lanina,-0.760
DK,2001,DJF,tmin_mean,0.796,0.393,0.602,3,lanina,-0.760
DK,2001,JFM,frost_days,47.078,9.217,7.993,3,lanina,-0.760
DK,2001,JFM,ice_days,5.232,-3.292,-4.334,2,lanina,-0.760
DK,2001,JFM,precip,133.900,-18.364,-17.454,2,lanina,-0.760
DK,2001,JFM,precip_days,29.000,-1.778,-1.758,2,lanina,-0.760
DK,2001,JFM,thaw_days,83.721,2.346,3.340,2,lanina,-0.760
DK,2001,JFM,tmax_mean,3.937,-0.315,-0.169,2,lanina,-0.760
DK,2001,JFM,tmean,1.361,-0.802,-0.616,3,lanina,-0.760
DK,2001,JFM,tmin_mean,-0.494,-0.708,-0.515,3,lanina,-0.760
DK,2001,NDJFM,frost_days,55.988,5.498,3.728,3,lanina,-0.760
DK,2001,NDJFM,ice_days,6.163,-4.703,-5.956,2,lanina,-0.760
DK,2001,NDJFM,precip,316.150,20.560,20.259,2,lanina,-0.760
DK,2001,NDJFM,precip_days,61.500,5.040,5.077,2,lanina,-0.760
DK,2001,NDJFM,thaw_days,143.810,3.905,5.066,2,lanina,-0.760
DK,2001,NDJFM,tmax_mean,5.484,0.390,0.488,2,lanina,-0.760
DK,2001,NDJFM,tmean,3.061,-0.138,0.164,3,lanina,-0.760
DK,2001,NDJFM,tmin_mean,1.578,0.336,0.492,3,lanina,-0.760
DK,2002,DJF,frost_days,34.930,-1.756,-2.900,3,neutral,-0.150
DK,2002,DJF,ice_days,3.663,-5.900,-6.843,2,neutral,-0.150
DK,2002,DJF,precip,237.200,58.700,59.529,2,neutral,-0.150
DK,2002,DJF,precip_days,37.500,2.317,2.438,2,neutral,-0.150
DK,2002,DJF,thaw_days,86.337,6.104,6.936,2,neutral,-0.150
DK,2002,DJF,tmax_mean,5.120,1.051,1.157,2,neutral,-0.150
DK,2002,DJF,tmean,2.948,0.763,0.964,3,neutral,-0.150
DK,2002,DJF,tmin_mean,0.583,0.181,0.353,3,neutral,-0.150
DK,2002,JFM,frost_days,30.431,-8.643,-9.588,2,neutral,-0.150
DK,2002,JFM,precip,208.550,56.286,56.575,2,neutral,-0.150
DK,2002,JFM,precip_days,36.000,5.222,5.141,2,neutral,-0.150
DK,2002,JFM,tmean,3.955,1.792,1.935,3,neutral,-0.150
DK,2002,JFM,tmin_mean,1.154,1.065,1.254,2,neutral,-0.150
DK,2002,NDJFM,frost_days,45.734,-4.757,-6.082,3,neutral,-0.150
DK,2002,NDJFM,precip,322.650,27.060,26.233,2,neutral,-0.150
DK,2002,NDJFM,precip_days,58.000,1.540,1.461,2,neutral,-0.150
DK,2002,NDJFM,tmean,3.843,0.718,0.907,3,neutral,-0.150
DK,2002,NDJFM,tmin_mean,1.359,0.118,0.241,3,neutral,-0.150
DK,2003,DJF,frost_days,59.740,23.055,22.220,3,elnino,0.900
DK,2003,DJF,ice_days,19.801,10.239,9.418,2,elnino,0.900
DK,2003,DJF,precip,103.850,-74.650,-74.438,2,elnino,0.900
DK,2003,DJF,precip_days,18.000,-17.184,-17.189,2,elnino,0.900
DK,2003,DJF,thaw_days,69.669,-10.563,-9.857,2,elnino,0.900
DK,2003,DJF,tmax_mean,2.146,-1.921,-1.845,2,elnino,0.900
DK,2003,DJF,tmean,0.014,-1.938,-2.012,3,elnino,0.900
DK,2003,DJF,tmin_mean,-2.090,-2.492,-2.355,3,elnino,0.900
DK,2003,JFM,frost_days,55.346,17.485,16.963,3,elnino,0.900
DK,2003,JFM,ice_days,16.932,8.408,7.642,2,elnino,0.900
DK,2003,JFM,precip,82.900,-69.364,-69.696,2,elnino,0.900
DK,2003,JFM,precip_days,17.500,-13.278,-13.459,2,elnino,0.900
DK,2003,JFM,thaw_days,72.544,-8.831,-8.127,2,elnino,0.900
DK,2003,JFM,tmax_mean,3.401,-0.852,-0.775,2,elnino,0.900
DK,2003,JFM,tmean,0.934,-1.229,-1.127,3,elnino,0.900
DK,2003,JFM,tmin_mean,-1.736,-1.950,-1.831,3,elnino,0.900
DK,2003,NDJFM,frost_days,79.077,28.586,27.705,3,elnino,0.900
DK,2003,NDJFM,ice_days,22.245,11.380,10.393,2,elnino,0.900
DK,2003,NDJFM,precip,179.650,-115.940,-117.294,2,elnino,0.900
DK,2003,NDJFM,precip_days,36.000,-20.460,-20.657,2,elnino,0.900
DK,2003,NDJFM,thaw_days,128.230,-11.674,-10.793,2,elnino,0.900
DK,2003,NDJFM,tmax_mean,3.761,-1.334,-1.292,2,elnino,0.900
DK,2003,NDJFM,tmean,1.518,-1.388,-1.459,3,elnino,0.900
DK,2003,NDJFM,tmin_mean,-0.714,-1.955,-1.863,3,elnino,0.900
DK,2004,DJF,frost_days,46.079,9.393,8.868,3,neutral,0.340
DK,2004,DJF,ice_days,8.838,-0.725,-1.423,2,neutral,0.340
DK,2004,DJF,precip,182.600,4.100,3.697,2,neutral,0.340
DK,2004,DJF,precip_days,35.000,-0.183,-0.316,2,neutral,0.340
DK,2004,DJF,thaw_days,81.639,1.407,1.989,2,neutral,0.340
DK,2004,DJF,tmax_mean,4.188,0.121,0.168,2,neutral,0.340
DK,2004,DJF,tmean,2.104,-0.145,0.036,3,neutral,0.340
DK,2004,DJF,tmin_mean,0.022,-0.381,-0.280,3,neutral,0.340
DK,2004,JFM,frost_days,51.719,13.858,13.689,3,neutral,0.340
DK,2004,JFM,ice_days,8.691,0.167,-0.461,2,neutral,0.340
DK,2004,JFM,precip,168.950,16.686,15.732,2,neutral,0.340
DK,2004,JFM,precip_days,31.500,0.722,0.442,2,neutral,0.340
DK,2004,JFM,thaw_days,81.798,0.422,0.981,2,neutral,0.340
DK,2004,JFM,tmax_mean,4.053,-0.199,-0.158,2,neutral,0.340
DK,2004,JFM,tmean,1.835,-0.328,-0.269,3,neutral,0.340
DK,2004,JFM,tmin_mean,-0.509,-0.724,-0.641,3,neutral,0.340
DK,2004,NDJFM,frost_days,57.270,6.779,6.343,3,neutral,0.340
DK,2004,NDJFM,ice_days,8.729,-2.135,-2.990,2,neutral,0.340
DK,2004,NDJFM,precip,297.850,2.260,0.379,2,neutral,0.340
DK,2004,NDJFM,precip_days,55.500,-0.960,-1.274,2,neutral,0.340
DK,2004,NDJFM,thaw_days,142.757,2.853,3.594,2,neutral,0.340
DK,2004,NDJFM,tmax_mean,5.409,0.315,0.329,2,neutral,0.340
DK,2004,NDJFM,tmean,3.352,0.219,0.336,3,neutral,0.340
DK,2004,NDJFM,tmin_mean,1.213,-0.028,0.031,3,neutral,0.340
DK,2005,DJF,frost_days,31.732,-4.953,-5.169,3,elnino,0.620
DK,2005,DJF,ice_days,3.045,-6.518,-7.092,2,elnino,0.620
DK,2005,DJF,precip,146.500,-32.000,-33.019,2,elnino,0.620
DK,2005,DJF,precip_days,31.000,-4.184,-4.444,2,elnino,0.620
DK,2005,DJF,thaw_days,86.955,6.721,7.179,2,elnino,0.620
DK,2005,DJF,tmax_mean,4.891,0.824,0.841,2,elnino,0.620
DK,2005,DJF,tmean,2.934,0.515,0.824,3,elnino,0.620
DK,2005,DJF,tmin_mean,1.228,0.825,0.891,3,elnino,0.620
DK,2005,JFM,frost_days,44.557,6.696,6.877,3,elnino,0.620
DK,2005,JFM,ice_days,6.268,-2.256,-2.746,2,elnino,0.620
DK,2005,JFM,precip,146.270,-5.993,-7.567,2,elnino,0.620
DK,2005,JFM,precip_days,29.329,-1.448,-1.829,2,elnino,0.620
DK,2005,JFM,thaw_days,83.733,2.357,2.771,2,elnino,0.620
DK,2005,JFM,tmax_mean,4.212,-0.041,-0.034,2,elnino,0.620
DK,2005,JFM,tmean,1.920,-0.244,-0.227,3,elnino,0.620
DK,2005,JFM,tmin_mean,-0.168,-0.382,-0.336,3,elnino,0.620
DK,2005,NDJFM,frost_days,53.944,3.453,3.461,3,elnino,0.620
DK,2005,NDJFM,ice_days,6.175,-4.692,-5.411,2,elnino,0.620
DK,2005,NDJFM,precip,246.448,-49.142,-51.549,2,elnino,0.620
DK,2005,NDJFM,precip_days,51.302,-5.158,-5.589,2,elnino,0.620
DK,2005,NDJFM,thaw_days,144.826,4.921,5.523,2,elnino,0.620
DK,2005,NDJFM,tmax_mean,5.438,0.343,0.330,2,elnino,0.620
DK,2005,NDJFM,tmean,3.174,-0.211,0.118,3,elnino,0.620
DK,2005,NDJFM,tmin_mean,1.112,-0.130,-0.102,3,elnino,0.620
DK,2006,DJF,frost_days,58.463,21.777,21.870,3,lanina,-0.860
DK,2006,DJF,ice_days,9.375,-0.188,-0.639,2,lanina,-0.860
DK,2006,DJF,precip,123.711,-31.550,-48.137,3,lanina,-0.860
DK,2006,DJF,precip_days,26.388,-8.684,-9.175,3,lanina,-0.860
DK,2006,DJF,thaw_days,79.042,-1.190,-0.858,2,lanina,-0.860
DK,2006,DJF,tmax_mean,2.819,-1.250,-1.261,2,lanina,-0.860
DK,2006,DJF,tmean,0.812,-1.311,-1.348,2,lanina,-0.860
DK,2006,DJF,tmin_mean,-0.957,-1.360,-1.331,3,lanina,-0.860
DK,2006,JFM,frost_days,70.676,32.816,33.348,3,lanina,-0.860
DK,2006,JFM,ice_days,14.839,6.316,5.963,2,lanina,-0.860
DK,2006,JFM,precip,124.218,-7.264,-23.796,3,lanina,-0.860
DK,2006,JFM,precip_days,20.885,-9.278,-10.031,3,lanina,-0.860
DK,2006,JFM,thaw_days,73.608,-7.766,-7.498,2,lanina,-0.860
DK,2006,JFM,tmax_mean,2.032,-2.221,-2.249,2,lanina,-0.860
DK,2006,JFM,tmean,-0.211,-2.374,-2.399,3,lanina,-0.860
DK,2006,JFM,tmin_mean,-2.265,-2.480,-2.471,3,lanina,-0.860
DK,2006,NDJFM,frost_days,89.088,38.597,39.050,3,lanina,-0.860
DK,2006,NDJFM,ice_days,15.566,4.700,4.114,2,lanina,-0.860
DK,2006,NDJFM,precip,254.224,-23.190,-29.063,3,lanina,-0.860
DK,2006,NDJFM,precip_days,46.399,-9.460,-10.311,3,lanina,-0.860
DK,2006,NDJFM,thaw_days,133.337,-6.568,-6.106,2,lanina,-0.860
DK,2006,NDJFM,tmax_mean,3.967,-1.127,-1.169,2,lanina,-0.860
DK,2006,NDJFM,tmean,1.793,-1.292,-1.351,2,lanina,-0.860
DK,2006,NDJFM,tmin_mean,-0.207,-1.448,-1.453,3,lanina,-0.860
DK,2007,DJF,frost_days,16.250,-20.436,-20.033,3,elnino,0.620
DK,2007,DJF,ice_days,2.556,-7.005,-7.335,2,elnino,0.620
DK,2007,DJF,precip,254.861,84.900,82.479,3,elnino,0.620
DK,2007,DJF,precip_days,44.333,8.816,8.687,3,elnino,0.620
DK,2007,DJF,thaw_days,87.444,7.210,7.418,2,elnino,0.620
DK,2007,DJF,tmax_mean,6.506,2.438,2.397,2,elnino,0.620
DK,2007,DJF,tmean,4.920,2.647,2.725,3,elnino,0.620
DK,2007,DJF,tmin_mean,3.278,2.875,2.869,3,elnino,0.620
DK,2007,JFM,frost_days,16.859,-21.001,-20.118,3,elnino,0.620
DK,2007,JFM,ice_days,2.545,-5.979,-6.192,2,elnino,0.620
DK,2007,JFM,precip,191.693,45.586,43.043,3,elnino,0.620
DK,2007,JFM,precip_days,38.414,8.222,7.418,3,elnino,0.620
DK,2007,JFM,thaw_days,87.455,6.080,6.203,2,elnino,0.620
DK,2007,JFM,tmax_mean,6.479,2.227,2.163,2,elnino,0.620
DK,2007,JFM,tmean,4.523,2.359,2.292,3,elnino,0.620
DK,2007,JFM,tmin_mean,2.443,2.229,2.201,3,elnino,0.620
DK,2007,NDJFM,frost_days,18.917,-31.574,-30.677,3,elnino,0.620
DK,2007,NDJFM,ice_days,2.558,-8.308,-8.761,2,elnino,0.620
DK,2007,NDJFM,precip,382.022,102.560,98.389,3,elnino,0.620
DK,2007,NDJFM,precip_days,69.617,13.040,12.857,3,elnino,0.620
DK,2007,NDJFM,thaw_days,148.442,8.538,8.861,2,elnino,0.620
DK,2007,NDJFM,tmax_mean,7.652,2.558,2.488,2,elnino,0.620
DK,2007,NDJFM,tmean,5.781,2.518,2.645,3,elnino,0.620
DK,2007,NDJFM,tmin_mean,3.815,2.574,2.537,3,elnino,0.620
DK,2008,DJF,frost_days,12.832,-23.853,-23.141,3,lanina,-1.760
DK,2008,DJF,ice_days,1.017,-8.546,-8.750,2,lanina,-1.760
DK,2008,DJF,precip,178.067,15.850,5.150,3,lanina,-1.760
DK,2008,DJF,precip_days,37.000,1.817,1.271,3,lanina,-1.760
DK,2008,DJF,thaw_days,89.983,9.750,9.834,2,lanina,-1.760
DK,2008,DJF,tmax_mean,5.795,1.726,1.657,2,lanina,-1.760
DK,2008,DJF,tmean,4.399,2.143,2.162,3,lanina,-1.760
DK,2008,DJF,tmin_mean,2.686,2.284,2.242,3,lanina,-1.760
DK,2008,JFM,frost_days,19.563,-18.297,-17.063,3,lanina,-1.760
DK,2008,JFM,ice_days,1.523,-7.001,-7.076,2,lanina,-1.760
DK,2008,JFM,precip,171.000,28.086,21.714,3,lanina,-1.760
DK,2008,JFM,precip_days,39.000,9.222,7.924,3,lanina,-1.760
DK,2008,JFM,thaw_days,89.477,8.102,8.080,2,lanina,-1.760
DK,2008,JFM,tmax_mean,5.947,1.695,1.597,2,lanina,-1.760
DK,2008,JFM,tmean,4.174,2.011,1.902,3,lanina,-1.760
DK,2008,JFM,tmin_mean,2.090,1.876,1.811,3,lanina,-1.760
DK,2008,NDJFM,frost_days,27.318,-23.173,-21.832,3,lanina,-1.760
DK,2008,NDJFM,ice_days,1.520,-9.345,-9.665,2,lanina,-1.760
DK,2008,NDJFM,precip,285.400,11.660,1.420,3,lanina,-1.760
DK,2008,NDJFM,precip_days,61.000,5.040,4.191,3,lanina,-1.760
DK,2008,NDJFM,thaw_days,150.480,10.575,10.758,2,lanina,-1.760
DK,2008,NDJFM,tmax_mean,6.258,1.164,1.067,2,lanina,-1.760
DK,2008,NDJFM,tmean,4.502,1.358,1.327,3,lanina,-1.760
DK,2008,NDJFM,tmin_mean,2.542,1.300,1.232,3,lanina,-1.760
DK,2009,DJF,frost_days,39.411,2.725,3.747,3,lanina,-0.890
DK,2009,DJF,ice_days,3.091,-6.471,-6.553,2,lanina,-0.890
DK,2009,DJF,precip,103.067,-61.600,-70.385,3,lanina,-0.890
DK,2009,DJF,precip_days,24.000,-8.184,-11.812,3,lanina,-0.890
DK,2009,DJF,thaw_days,86.397,6.164,6.123,2,lanina,-0.890
DK,2009,DJF,tmax_mean,3.666,-0.403,-0.501,2,lanina,-0.890
DK,2009,DJF,tmean,1.854,-0.220,-0.425,3,lanina,-0.890
DK,2009,DJF,tmin_mean,0.083,-0.320,-0.398,3,lanina,-0.890
DK,2009,JFM,frost_days,40.101,2.240,3.825,3,lanina,-0.890
DK,2009,JFM,ice_days,2.539,-5.984,-5.921,2,lanina,-0.890
DK,2009,JFM,precip,119.833,-24.064,-30.088,3,lanina,-0.890
DK,2009,JFM,precip_days,27.333,-1.778,-3.822,3,lanina,-0.890
DK,2009,JFM,thaw_days,86.949,5.575,5.407,2,lanina,-0.890
DK,2009,JFM,tmax_mean,3.927,-0.325,-0.459,2,lanina,-0.890
DK,2009,JFM,tmean,2.112,-0.051,-0.202,3,lanina,-0.890
DK,2009,JFM,tmin_mean,-0.007,-0.221,-0.322,3,lanina,-0.890
DK,2009,NDJFM,frost_days,51.110,0.619,2.405,3,lanina,-0.890
DK,2009,NDJFM,ice_days,3.139,-7.727,-7.913,2,lanina,-0.890
DK,2009,NDJFM,precip,204.767,-73.440,-79.560,3,lanina,-0.890
DK,2009,NDJFM,precip_days,45.667,-8.460,-11.192,3,lanina,-0.890
DK,2009,NDJFM,thaw_days,147.341,7.437,7.479,2,lanina,-0.890
DK,2009,NDJFM,tmax_mean,5.032,-0.064,-0.189,2,lanina,-0.890
DK,2009,NDJFM,tmean,3.083,0.049,-0.132,3,lanina,-0.890
DK,2009,NDJFM,tmin_mean,1.105,-0.137,-0.238,3,lanina,-0.890
DK,2010,DJF,frost_days,68.595,31.909,33.240,3,elnino,1.470
DK,2010,DJF,ice_days,40.081,30.518,30.559,2,elnino,1.470
DK,2010,DJF,precip,164.767,-1.550,-9.219,3,elnino,1.470
DK,2010,DJF,precip_days,30.333,-2.684,-5.562,3,elnino,1.470
DK,2010,DJF,thaw_days,49.403,-30.831,-30.997,2,elnino,1.470
DK,2010,DJF,tmax_mean,0.975,-3.093,-3.221,2,elnino,1.470
DK,2010,DJF,tmean,-1.370,-3.174,-3.691,3,elnino,1.470
DK,2010,DJF,tmin_mean,-2.996,-3.399,-3.513,3,elnino,1.470
DK,2010,JFM,frost_days,70.463,32.602,34.539,3,elnino,1.470
DK,2010,JFM,ice_days,38.122,29.599,29.800,2,elnino,1.470
DK,2010,JFM,precip,121.800,-22.914,-28.757,3,elnino,1.470
DK,2010,JFM,precip_days,23.333,-6.278,-7.902,3,elnino,1.470
DK,2010,JFM,thaw_days,51.367,-30.008,-30.322,2,elnino,1.470
DK,2010,JFM,tmax_mean,1.365,-2.887,-3.055,2,elnino,1.470
DK,2010,JFM,tmean,-1.080,-3.244,-3.438,3,elnino,1.470
DK,2010,JFM,tmin_mean,-3.066,-3.281,-3.419,3,elnino,1.470
DK,2010,NDJFM,frost_days,83.781,33.291,35.521,3,elnino,1.470
DK,2010,NDJFM,ice_days,42.851,31.986,31.933,2,elnino,1.470
DK,2010,NDJFM,precip,294.133,15.260,9.460,3,elnino,1.470
DK,2010,NDJFM,precip_days,52.000,-2.960,-4.909,3,elnino,1.470
DK,2010,NDJFM,thaw_days,107.638,-32.266,-32.362,2,elnino,1.470
DK,2010,NDJFM,tmax_mean,3.260,-1.834,-1.987,2,elnino,1.470
DK,2010,NDJFM,tmean,1.054,-1.891,-2.201,3,elnino,1.470
DK,2010,NDJFM,tmin_mean,-0.679,-1.921,-2.054,3,elnino,1.470
DK,2011,DJF,frost_days,68.890,32.205,33.845,3,lanina,-1.290
DK,2011,DJF,ice_days,27.249,17.687,17.851,2,lanina,-1.290
DK,2011,DJF,precip,143.767,-21.000,-30.754,3,lanina,-1.290
DK,2011,DJF,precip_days,32.000,-2.683,-3.979,3,lanina,-1.290
DK,2011,DJF,thaw_days,62.751,-17.483,-17.772,2,lanina,-1.290
DK,2011,DJF,tmax_mean,1.336,-2.732,-2.889,2,lanina,-1.290
DK,2011,DJF,tmean,-1.000,-3.067,-3.363,3,lanina,-1.290
DK,2011,DJF,tmin_mean,-3.035,-3.438,-3.588,3,lanina,-1.290
DK,2011,JFM,frost_days,50.689,12.828,15.116,3,lanina,-1.290
DK,2011,JFM,ice_days,13.239,4.715,5.054,2,lanina,-1.290
DK,2011,JFM,precip,129.698,-11.564,-21.495,3,lanina,-1.290
DK,2011,JFM,precip_days,26.871,-4.278,-4.444,3,lanina,-1.290
DK,2011,JFM,thaw_days,76.761,-4.614,-5.072,2,lanina,-1.290
DK,2011,JFM,tmax_mean,2.958,-1.294,-1.497,2,lanina,-1.290
DK,2011,JFM,tmean,1.094,-1.069,-1.305,3,lanina,-1.290
DK,2011,JFM,tmin_mean,-1.003,-1.218,-1.392,3,lanina,-1.290
DK,2011,NDJFM,frost_days,87.680,37.189,39.864,3,lanina,-1.290
DK,2011,NDJFM,ice_days,31.436,20.570,20.651,2,lanina,-1.290
DK,2011,NDJFM,precip,282.623,23.760,-2.396,3,lanina,-1.290
DK,2011,NDJFM,precip_days,54.224,-0.460,-2.735,3,lanina,-1.290
DK,2011,NDJFM,thaw_days,119.565,-20.340,-20.576,2,lanina,-1.290
DK,2011,NDJFM,tmax_mean,2.952,-2.143,-2.324,2,lanina,-1.290
DK,2011,NDJFM,tmean,0.763,-2.279,-2.531,3,lanina,-1.290
DK,2011,NDJFM,tmin_mean,-1.213,-2.454,-2.619,3,lanina,-1.290
DK,2012,DJF,frost_days,31.667,-5.019,-3.069,3,lanina,-0.710
DK,2012,DJF,precip,197.900,57.050,22.845,3,lanina,-0.710
DK,2012,DJF,precip_days,40.000,9.316,3.938,3,lanina,-0.710
DK,2012,DJF,tmean,2.232,0.108,-0.216,2,lanina,-0.710
DK,2012,DJF,tmin_mean,0.387,-0.016,-0.202,3,lanina,-0.710
DK,2012,JFM,frost_days,32.667,-5.194,-2.555,3,lanina,-0.710
DK,2012,JFM,precip,127.000,-7.364,-24.828,3,lanina,-0.710
DK,2012,JFM,precip_days,25.333,-2.778,-6.062,3,lanina,-0.710
DK,2012,JFM,tmean,2.439,0.279,-0.034,2,lanina,-0.710
DK,2012,JFM,tmin_mean,0.406,0.192,-0.020,3,lanina,-0.710
DK,2012,NDJFM,frost_days,35.417,-15.074,-11.955,3,lanina,-0.710
DK,2012,NDJFM,precip,227.033,-31.690,-58.333,3,lanina,-0.710
DK,2012,NDJFM,precip_days,48.000,-2.960,-9.008,3,lanina,-0.710
DK,2012,NDJFM,tmean,3.857,0.772,0.435,2,lanina,-0.710
DK,2012,NDJFM,tmin_mean,1.936,0.694,0.497,3,lanina,-0.710
DK,2013,DJF,frost_days,56.000,19.314,21.574,3,neutral,-0.240
DK,2013,DJF,precip,153.600,-3.850,-21.989,3,neutral,-0.240
DK,2013,DJF,precip_days,35.667,4.316,-0.478,3,neutral,-0.240
DK,2013,DJF,tmean,0.494,-1.629,-2.002,2,neutral,-0.240
DK,2013,DJF,tmin_mean,-1.359,-1.762,-1.983,3,neutral,-0.240
DK,2013,JFM,frost_days,64.667,26.806,29.796,3,neutral,-0.240
DK,2013,JFM,precip,88.233,-52.364,-64.231,3,neutral,-0.240
DK,2013,JFM,precip_days,22.333,-5.278,-9.142,3,neutral,-0.240
DK,2013,JFM,tmean,0.236,-1.924,-2.284,2,neutral,-0.240
DK,2013,JFM,tmin_mean,-1.886,-2.100,-2.348,3,neutral,-0.240
DK,2013,NDJFM,frost_days,83.667,33.176,36.739,3,neutral,-0.240
DK,2013,NDJFM,precip,226.000,-33.640,-59.713,3,neutral,-0.240
DK,2013,NDJFM,precip_days,48.667,-0.960,-8.391,3,neutral,-0.240
DK,2013,NDJFM,tmean,1.592,-1.494,-1.875,2,neutral,-0.240
DK,2013,NDJFM,tmin_mean,-0.368,-1.609,-1.838,3,neutral,-0.240
DK,2014,DJF,frost_days,17.000,-19.686,-17.117,3,neutral,-0.240
DK,2014,DJF,precip,195.900,22.550,19.776,3,neutral,-0.240
DK,2014,DJF,precip_days,43.333,6.316,7.105,3,neutral,-0.240
DK,2014,DJF,tmean,3.946,1.823,1.402,2,neutral,-0.240
DK,2014,DJF,tmin_mean,2.183,1.781,1.523,3,neutral,-0.240
DK,2014,JFM,frost_days,16.000,-21.860,-18.520,3,neutral,-0.240
DK,2014,JFM,precip,155.267,6.336,2.167,3,neutral,-0.240
DK,2014,JFM,precip_days,34.333,1.222,2.778,3,neutral,-0.240
DK,2014,JFM,tmean,3.981,1.821,1.414,2,neutral,-0.240
DK,2014,JFM,tmin_mean,1.938,1.724,1.438,3,neutral,-0.240
DK,2014,NDJFM,frost_days,20.333,-30.157,-26.150,3,neutral,-0.240
DK,2014,NDJFM,precip,306.233,28.610,20.173,3,neutral,-0.240
DK,2014,NDJFM,precip_days,64.000,6.040,6.892,3,neutral,-0.240
DK,2014,NDJFM,tmean,4.870,1.785,1.357,2,neutral,-0.240
DK,2014,NDJFM,tmin_mean,2.878,1.637,1.376,3,neutral,-0.240
DK,2015,DJF,frost_days,20.667,-16.019,-13.141,3,elnino,0.730
DK,2015,DJF,precip,224.467,47.750,47.808,3,elnino,0.730
DK,2015,DJF,precip_days,43.333,6.816,7.022,3,elnino,0.730
DK,2015,DJF,tmean,3.345,1.222,0.753,2,elnino,0.730
DK,2015,DJF,tmin_mean,1.475,1.072,0.778,3,elnino,0.730
DK,2015,JFM,frost_days,17.333,-20.527,-16.835,3,elnino,0.730
DK,2015,JFM,precip,176.407,34.486,22.672,3,elnino,0.730
DK,2015,JFM,precip_days,33.481,3.222,1.846,3,elnino,0.730
DK,2015,JFM,tmean,3.704,1.543,1.090,2,elnino,0.730
DK,2015,JFM,tmin_mean,1.612,1.397,1.076,3,elnino,0.730
DK,2015,NDJFM,frost_days,24.000,-26.491,-22.039,3,elnino,0.730
DK,2015,NDJFM,precip,343.178,61.860,56.771,3,elnino,0.730
DK,2015,NDJFM,precip_days,62.265,3.040,5.108,3,elnino,0.730
DK,2015,NDJFM,tmean,4.639,1.554,1.079,2,elnino,0.730
DK,2015,NDJFM,tmin_mean,2.641,1.400,1.107,3,elnino,0.730
DK,2016,DJF,frost_days,30.667,-6.019,-2.832,3,super,2.500
DK,2016,DJF,precip,176.350,-2.150,-9.941,2,super,2.500
DK,2016,DJF,precip_days,37.500,2.317,0.657,2,super,2.500
DK,2016,DJF,tmean,3.446,1.323,0.806,2,super,2.500
DK,2016,DJF,tmin_mean,1.595,1.193,0.864,3,super,2.500
DK,2016,JFM,frost_days,34.000,-3.860,0.183,3,super,2.500
DK,2016,JFM,precip,119.600,-32.664,-41.067,2,super,2.500
DK,2016,JFM,precip_days,31.500,0.722,-0.756,2,super,2.500
DK,2016,JFM,tmean,2.567,0.407,-0.093,2,super,2.500
DK,2016,JFM,tmin_mean,0.549,0.334,-0.024,3,super,2.500
DK,2016,NDJFM,frost_days,37.667,-12.824,-7.927,3,super,2.500
DK,2016,NDJFM,precip,347.700,52.110,43.907,2,super,2.500
DK,2016,NDJFM,precip_days,66.500,10.040,8.319,2,super,2.500
DK,2016,NDJFM,tmean,4.497,1.410,0.891,2,super,2.500
DK,2016,NDJFM,tmin_mean,2.514,1.273,0.948,3,super,2.500
DK,2017,DJF,frost_days,31.667,-5.019,-1.522,3,neutral,-0.080
DK,2017,DJF,precip,110.400,-68.100,-76.507,2,neutral,-0.080
DK,2017,DJF,precip_days,29.000,-6.184,-7.970,2,neutral,-0.080
DK,2017,DJF,tmean,3.178,1.056,0.491,2,neutral,-0.080
DK,2017,DJF,tmin_mean,1.182,0.779,0.414,3,neutral,-0.080
DK,2017,JFM,frost_days,32.333,-5.527,-1.133,3,neutral,-0.080
DK,2017,JFM,precip,133.300,-18.964,-27.989,2,neutral,-0.080
DK,2017,JFM,precip_days,31.500,0.722,-0.856,2,neutral,-0.080
DK,2017,JFM,tmean,3.000,0.840,0.293,2,neutral,-0.080
DK,2017,JFM,tmin_mean,0.839,0.625,0.230,3,neutral,-0.080
DK,2017,NDJFM,frost_days,42.667,-7.824,-2.483,3,neutral,-0.080
DK,2017,NDJFM,precip,235.100,-60.490,-69.219,2,neutral,-0.080
DK,2017,NDJFM,precip_days,51.500,-4.960,-6.799,2,neutral,-0.080
DK,2017,NDJFM,tmean,3.933,0.847,0.281,2,neutral,-0.080
DK,2017,NDJFM,tmin_mean,1.776,0.534,0.177,3,neutral,-0.080
DK,2018,DJF,frost_days,33.667,-3.019,0.787,3,lanina,-0.710
DK,2018,DJF,precip,167.867,-0.350,-10.396,3,lanina,-0.710
DK,2018,DJF,precip_days,37.333,6.816,0.773,3,lanina,-0.710
DK,2018,DJF,tmean,2.487,0.364,-0.247,2,lanina,-0.710
DK,2018,DJF,tmin_mean,0.649,0.246,-0.155,3,lanina,-0.710
DK,2018,JFM,frost_days,48.333,10.473,15.218,3,lanina,-0.710
DK,2018,JFM,precip,139.053,-6.064,-16.590,3,lanina,-0.710
DK,2018,JFM,precip_days,29.943,1.722,-1.932,3,lanina,-0.710
DK,2018,JFM,tmean,1.187,-0.974,-1.566,2,lanina,-0.710
DK,2018,JFM,tmin_mean,-0.696,-0.910,-1.342,3,lanina,-0.710
DK,2018,NDJFM,frost_days,56.667,6.176,11.961,3,lanina,-0.710
DK,2018,NDJFM,precip,280.318,5.210,-7.128,3,lanina,-0.710
DK,2018,NDJFM,precip_days,61.338,10.040,4.032,3,lanina,-0.710
DK,2018,NDJFM,tmean,2.884,-0.201,-0.814,2,lanina,-0.710
DK,2018,NDJFM,tmin_mean,0.922,-0.320,-0.709,3,lanina,-0.710
DK,2019,DJF,frost_days,22.667,-14.019,-9.903,3,elnino,0.990
DK,2019,DJF,precip,171.202,-3.900,-7.595,3,elnino,0.990
DK,2019,DJF,precip_days,35.829,1.817,-0.814,3,elnino,0.990
DK,2019,DJF,tmean,3.335,1.212,0.553,2,elnino,0.990
DK,2019,DJF,tmin_mean,1.794,1.392,0.955,3,elnino,0.990
DK,2019,JFM,frost_days,22.333,-15.527,-10.431,3,elnino,0.990
DK,2019,JFM,precip,187.500,43.836,31.222,3,elnino,0.990
DK,2019,JFM,precip_days,35.000,4.722,3.046,3,elnino,0.990
DK,2019,JFM,tmean,3.631,1.470,0.831,2,elnino,0.990
DK,2019,JFM,tmin_mean,1.802,1.588,1.119,3,elnino,0.990
DK,2019,NDJFM,frost_days,30.000,-20.491,-14.261,3,elnino,0.990
DK,2019,NDJFM,precip,296.350,10.210,8.556,3,elnino,0.990
DK,2019,NDJFM,precip_days,56.814,1.540,-0.542,3,elnino,0.990
DK,2019,NDJFM,tmean,4.320,1.234,0.576,2,elnino,0.990
DK,2019,NDJFM,tmin_mean,2.566,1.324,0.903,3,elnino,0.990
DK,2020,DJF,frost_days,4.667,-32.019,-27.594,3,elnino,0.710
DK,2020,DJF,precip,230.357,53.950,51.025,3,elnino,0.710
DK,2020,DJF,precip_days,45.996,11.316,9.269,3,elnino,0.710
DK,2020,DJF,tmean,5.111,2.988,2.280,2,elnino,0.710
DK,2020,DJF,tmin_mean,3.802,3.399,2.926,3,elnino,0.710
DK,2020,JFM,frost_days,7.000,-30.860,-25.413,3,elnino,0.710
DK,2020,JFM,precip,202.246,49.286,45.332,3,elnino,0.710
DK,2020,JFM,precip_days,42.148,12.222,10.114,3,elnino,0.710
DK,2020,JFM,tmean,5.000,2.840,2.154,2,elnino,0.710
DK,2020,JFM,tmin_mean,3.327,3.113,2.608,3,elnino,0.710
DK,2020,NDJFM,frost_days,9.333,-41.157,-34.483,3,elnino,0.710
DK,2020,NDJFM,precip,368.423,72.860,80.283,3,elnino,0.710
DK,2020,NDJFM,precip_days,69.443,14.040,12.037,3,elnino,0.710
DK,2020,NDJFM,tmean,5.245,2.159,1.454,2,elnino,0.710
DK,2020,NDJFM,tmin_mean,3.779,2.538,2.085,3,elnino,0.710
DK,2021,DJF,precip,163.091,38.735,1.219,2,lanina,-0.990
DK,2021,DJF,precip_days,35.046,9.747,0.231,2,lanina,-0.990
DK,2021,DJF,tmean,2.466,0.342,-0.413,2,lanina,-0.990
DK,2021,JFM,precip,155.886,56.584,12.713,2,lanina,-0.990
DK,2021,JFM,precip_days,28.766,7.993,-1.379,2,lanina,-0.990
DK,2021,JFM,tmean,2.195,0.034,-0.698,2,lanina,-0.990
DK,2021,NDJFM,precip,244.397,15.062,-8.066,2,lanina,-0.990
DK,2021,NDJFM,precip_days,54.319,5.383,0.867,2,lanina,-0.990
DK,2021,NDJFM,tmean,3.967,0.882,0.131,2,lanina,-0.990
DK,2022,DJF,precip,202.000,64.353,39.544,2,lanina,-0.760
DK,2022,DJF,precip_days,38.500,3.933,3.612,2,lanina,-0.760
DK,2022,DJF,tmean,3.137,1.014,0.210,2,lanina,-0.760
DK,2022,JFM,precip,154.058,15.942,10.174,2,lanina,-0.760
DK,2022,JFM,precip_days,30.697,-1.589,0.486,2,lanina,-0.760
DK,2022,JFM,tmean,3.668,1.508,0.729,2,lanina,-0.760
DK,2022,NDJFM,precip,273.371,37.650,20.633,2,lanina,-0.760
DK,2022,NDJFM,precip_days,51.683,-2.087,-1.780,2,lanina,-0.760
DK,2022,NDJFM,tmean,3.998,0.913,0.116,2,lanina,-0.760
DK,2023,DJF,precip,186.476,32.506,23.437,2,lanina,-0.550
DK,2023,DJF,precip_days,37.921,6.774,2.957,2,lanina,-0.550
DK,2023,DJF,tmean,3.133,1.010,0.159,2,lanina,-0.550
DK,2023,JFM,precip,195.322,44.235,50.727,2,lanina,-0.550
DK,2023,JFM,precip_days,38.492,10.086,8.217,2,lanina,-0.550
DK,2023,JFM,tmean,3.615,1.455,0.629,2,lanina,-0.550
DK,2023,NDJFM,precip,292.671,31.574,39.656,2,lanina,-0.550
DK,2023,NDJFM,precip_days,61.828,10.313,8.355,2,lanina,-0.550
DK,2023,NDJFM,tmean,4.121,1.036,0.193,2,lanina,-0.550
DK,2024,DJF,precip,164.541,8.691,0.918,2,elnino,1.840
DK,2024,DJF,precip_days,41.121,6.210,6.083,2,elnino,1.840
DK,2024,DJF,tmean,2.555,0.432,-0.467,2,elnino,1.840
DK,2024,JFM,tmean,3.019,0.859,-0.013,2,elnino,1.840
DK,2024,NDJFM,tmean,3.379,0.294,-0.596,2,elnino,1.840
DK,2025,DJF,precip,120.290,-64.653,-43.917,2,neutral,-0.460
DK,2025,DJF,precip_days,30.164,-6.521,-4.947,2,neutral,-0.460
DK,2025,DJF,tmean,3.611,1.488,0.541,2,neutral,-0.460
DK,2025,JFM,precip,99.709,-66.263,-46.309,2,neutral,-0.460
DK,2025,JFM,precip_days,21.958,-9.386,-8.448,2,neutral,-0.460
DK,2025,JFM,tmean,3.534,1.373,0.456,2,neutral,-0.460
DK,2025,NDJFM,precip,173.769,-112.862,-79.797,2,neutral,-0.460
DK,2025,NDJFM,precip_days,42.235,-13.415,-11.261,2,neutral,-0.460
DK,2025,NDJFM,tmean,4.526,1.440,0.505,2,neutral,-0.460
FI,1950,DJF,frost_days,80.000,1.784,-5.224,2,lanina,-1.320
FI,1950,DJF,ice_days,64.500,7.761,-2.279,2,lanina,-1.320
FI,1950,DJF,precip,134.450,6.208,20.904,2,lanina,-1.320
FI,1950,DJF,precip_days,29.500,-0.484,0.424,2,lanina,-1.320
FI,1950,DJF,rain_on_snow_days,0.500,-3.021,-1.909,2,lanina,-1.320
FI,1950,DJF,snow_cover_days,79.000,3.067,-5.540,2,lanina,-1.320
FI,1950,DJF,snow_depth,31.662,0.040,-3.543,2,lanina,-1.320
FI,1950,DJF,snow_max,64.000,9.950,5.700,2,lanina,-1.320
FI,1950,DJF,thaw_days,25.000,-7.643,2.298,2,lanina,-1.320
FI,1950,DJF,tmax_mean,-5.976,-2.337,0.194,2,lanina,-1.320
FI,1950,DJF,tmean,-9.261,-2.306,0.303,2,lanina,-1.320
FI,1950,DJF,tmin_mean,-13.288,-2.687,0.634,2,lanina,-1.320
FI,1950,JFM,frost_days,85.000,5.885,-2.766,2,lanina,-1.320
FI,1950,JFM,ice_days,63.500,10.390,-3.218,2,lanina,-1.320
FI,1950,JFM,precip,88.900,-22.274,-7.381,2,lanina,-1.320
FI,1950,JFM,precip_days,21.000,-5.867,-3.921,2,lanina,-1.320
FI,1950,JFM,rain_on_snow_days,3.000,-0.674,0.576,2,lanina,-1.320
FI,1950,JFM,snow_cover_days,90.000,9.833,-0.134,2,lanina,-1.320
FI,1950,JFM,snow_depth,44.555,3.220,-2.715,2,lanina,-1.320
FI,1950,JFM,snow_max,67.500,7.967,0.401,2,lanina,-1.320
FI,1950,JFM,thaw_days,26.000,-10.423,3.019,2,lanina,-1.320
FI,1950,JFM,tmax_mean,-5.352,-2.538,-0.019,2,lanina,-1.320
FI,1950,JFM,tmean,-9.146,-2.633,-0.043,2,lanina,-1.320
FI,1950,JFM,tmin_mean,-14.020,-3.538,-0.223,2,lanina,-1.320
FI,1950,NDJFM,frost_days,122.500,-2.032,-14.831,2,lanina,-1.320
FI,1950,NDJFM,ice_days,85.500,3.777,-13.875,2,lanina,-1.320
FI,1950,NDJFM,precip,199.350,-16.715,4.919,2,lanina,-1.320
FI,1950,NDJFM,precip_days,47.000,-1.466,-0.240,2,lanina,-1.320
FI,1950,NDJFM,rain_on_snow_days,4.000,-1.879,-0.968,2,lanina,-1.320
FI,1950,NDJFM,snow_cover_days,122.500,2.636,-11.572,2,lanina,-1.320
FI,1950,NDJFM,snow_depth,30.808,0.516,-3.438,2,lanina,-1.320
FI,1950,NDJFM,snow_max,67.500,7.550,0.722,2,lanina,-1.320
FI,1950,NDJFM,thaw_days,64.500,-3.743,13.715,2,lanina,-1.320
FI,1950,NDJFM,tmax_mean,-3.188,-1.195,1.113,2,lanina,-1.320
FI,1950,NDJFM,tmean,-6.268,-0.930,1.433,2,lanina,-1.320
FI,1950,NDJFM,tmin_mean,-10.063,-1.115,1.901,2,lanina,-1.320
FI,1951,DJF,frost_days,83.000,4.785,-2.107,2,lanina,-0.660
FI,1951,DJF,ice_days,66.500,9.761,-0.129,2,lanina,-0.660
FI,1951,DJF,precip,133.450,5.209,19.660,2,lanina,-0.660
FI,1951,DJF,precip_days,35.000,5.016,5.918,2,lanina,-0.660
FI,1951,DJF,rain_on_snow_days,2.000,-1.520,-0.428,2,lanina,-0.660
FI,1951,DJF,snow_cover_days,80.000,4.067,-4.405,2,lanina,-0.660
FI,1951,DJF,snow_depth,34.184,2.562,-0.967,2,lanina,-0.660
FI,1951,DJF,snow_max,61.500,7.450,3.262,2,lanina,-0.660
FI,1951,DJF,thaw_days,22.000,-10.643,-0.851,2,lanina,-0.660
FI,1951,DJF,tmax_mean,-5.238,-1.599,0.895,2,lanina,-0.660
FI,1951,DJF,tmean,-8.121,-1.167,1.405,2,lanina,-0.660
FI,1951,DJF,tmin_mean,-12.215,-1.615,1.656,2,lanina,-0.660
FI,1951,JFM,frost_days,90.000,10.884,2.397,2,lanina,-0.660
FI,1951,JFM,ice_days,75.500,22.390,9.017,2,lanina,-0.660
FI,1951,JFM,precip,128.750,17.576,32.249,2,lanina,-0.660
FI,1951,JFM,precip_days,29.000,2.134,4.058,2,lanina,-0.660
FI,1951,JFM,rain_on_snow_days,1.500,-2.175,-0.951,2,lanina,-0.660
FI,1951,JFM,snow_cover_days,90.000,9.833,0.039,2,lanina,-0.660
FI,1951,JFM,snow_depth,50.911,9.575,3.745,2,lanina,-0.660
FI,1951,JFM,snow_max,84.500,24.967,17.535,2,lanina,-0.660
FI,1951,JFM,thaw_days,13.500,-22.923,-9.713,2,lanina,-0.660
FI,1951,JFM,tmax_mean,-5.628,-2.814,-0.336,2,lanina,-0.660
FI,1951,JFM,tmean,-9.129,-2.616,-0.070,2,lanina,-0.660
FI,1951,JFM,tmin_mean,-13.780,-3.298,-0.039,2,lanina,-0.660
FI,1951,NDJFM,frost_days,136.000,11.468,-1.092,2,lanina,-0.660
FI,1951,NDJFM,ice_days,103.500,21.776,4.419,2,lanina,-0.660
FI,1951,NDJFM,precip,255.700,39.635,60.951,2,lanina,-0.660
FI,1951,NDJFM,precip_days,57.500,9.034,10.248,2,lanina,-0.660
FI,1951,NDJFM,rain_on_snow_days,4.000,-1.879,-0.988,2,lanina,-0.660
FI,1951,NDJFM,snow_cover_days,125.000,5.136,-8.820,2,lanina,-0.660
FI,1951,NDJFM,snow_depth,34.788,4.496,0.610,2,lanina,-0.660
FI,1951,NDJFM,snow_max,84.500,24.550,17.840,2,lanina,-0.660
FI,1951,NDJFM,thaw_days,45.500,-22.743,-5.577,2,lanina,-0.660
FI,1951,NDJFM,tmax_mean,-3.644,-1.651,0.621,2,lanina,-0.660
FI,1951,NDJFM,tmean,-6.585,-1.247,1.077,2,lanina,-0.660
FI,1951,NDJFM,tmin_mean,-10.520,-1.572,1.395,2,lanina,-0.660
FI,1952,DJF,frost_days,81.989,3.773,-3.002,2,elnino,0.520
FI,1952,DJF,ice_days,57.888,1.148,-8.592,2,elnino,0.520
FI,1952,DJF,precip,149.000,20.758,34.967,2,elnino,0.520
FI,1952,DJF,precip_days,39.500,9.517,10.412,2,elnino,0.520
FI,1952,DJF,rain_on_snow_days,1.500,-2.021,-0.948,2,elnino,0.520
FI,1952,DJF,snow_cover_days,75.000,-0.933,-9.272,2,elnino,0.520
FI,1952,DJF,snow_depth,31.868,0.247,-3.227,2,elnino,0.520
FI,1952,DJF,snow_max,57.500,3.450,-0.676,2,elnino,0.520
FI,1952,DJF,thaw_days,32.112,-0.531,9.111,2,elnino,0.520
FI,1952,DJF,tmax_mean,-2.351,1.288,3.746,2,elnino,0.520
FI,1952,DJF,tmean,-4.950,2.005,4.540,2,elnino,0.520
FI,1952,DJF,tmin_mean,-8.609,1.991,5.213,2,elnino,0.520
FI,1952,JFM,frost_days,89.000,9.884,1.559,2,elnino,0.520
FI,1952,JFM,ice_days,70.894,17.784,4.644,2,elnino,0.520
FI,1952,JFM,precip,121.002,9.829,24.282,2,elnino,0.520
FI,1952,JFM,precip_days,33.712,6.846,8.748,2,elnino,0.520
FI,1952,JFM,rain_on_snow_days,0.500,-3.175,-1.978,2,elnino,0.520
FI,1952,JFM,snow_cover_days,86.000,5.833,-3.788,2,elnino,0.520
FI,1952,JFM,snow_depth,49.610,8.274,2.549,2,elnino,0.520
FI,1952,JFM,snow_max,76.500,16.967,9.669,2,elnino,0.520
FI,1952,JFM,thaw_days,19.106,-17.317,-4.340,2,elnino,0.520
FI,1952,JFM,tmax_mean,-3.547,-0.732,1.706,2,elnino,0.520
FI,1952,JFM,tmean,-6.402,0.111,2.615,2,elnino,0.520
FI,1952,JFM,tmin_mean,-10.361,0.122,3.324,2,elnino,0.520
FI,1952,NDJFM,frost_days,133.897,9.365,-2.957,2,elnino,0.520
FI,1952,NDJFM,ice_days,98.650,16.928,-0.137,2,elnino,0.520
FI,1952,NDJFM,precip,227.853,11.788,32.784,2,elnino,0.520
FI,1952,NDJFM,precip_days,59.270,10.804,12.007,2,elnino,0.520
FI,1952,NDJFM,rain_on_snow_days,3.500,-2.380,-1.507,2,elnino,0.520
FI,1952,NDJFM,snow_cover_days,122.500,2.636,-11.070,2,elnino,0.520
FI,1952,NDJFM,snow_depth,34.221,3.928,0.111,2,elnino,0.520
FI,1952,NDJFM,snow_max,76.500,16.550,9.957,2,elnino,0.520
FI,1952,NDJFM,thaw_days,52.349,-15.893,0.979,2,elnino,0.520
FI,1952,NDJFM,tmax_mean,-2.635,-0.643,1.593,2,elnino,0.520
FI,1952,NDJFM,tmean,-5.665,-0.327,1.959,2,elnino,0.520
FI,1952,NDJFM,tmin_mean,-9.630,-0.681,2.236,2,elnino,0.520
FI,1953,DJF,frost_days,84.500,6.285,-0.373,2,neutral,0.250
FI,1953,DJF,ice_days,66.943,10.204,0.613,2,neutral,0.250
FI,1953,DJF,precip,138.610,10.369,24.334,2,neutral,0.250
FI,1953,DJF,precip_days,38.174,8.191,9.081,2,neutral,0.250
FI,1953,DJF,rain_on_snow_days,5.500,1.979,3.033,2,neutral,0.250
FI,1953,DJF,snow_cover_days,90.000,14.066,5.863,2,neutral,0.250
FI,1953,DJF,snow_depth,40.472,8.851,5.430,2,neutral,0.250
FI,1953,DJF,snow_max,71.500,17.450,13.386,2,neutral,0.250
FI,1953,DJF,thaw_days,22.057,-10.587,-1.093,2,neutral,0.250
FI,1953,DJF,tmax_mean,-7.289,-3.650,-1.228,2,neutral,0.250
FI,1953,DJF,tmean,-8.954,-2.000,0.496,2,neutral,0.250
FI,1953,DJF,tmin_mean,-13.783,-3.183,-0.011,2,neutral,0.250
FI,1953,JFM,frost_days,83.500,4.385,-3.779,2,neutral,0.250
FI,1953,JFM,ice_days,55.871,2.760,-10.146,2,neutral,0.250
FI,1953,JFM,precip,102.600,-8.573,5.660,2,neutral,0.250
FI,1953,JFM,precip_days,27.000,0.134,2.013,2,neutral,0.250
FI,1953,JFM,rain_on_snow_days,1.500,-2.175,-1.004,2,neutral,0.250
FI,1953,JFM,snow_cover_days,89.500,9.333,-0.115,2,neutral,0.250
FI,1953,JFM,snow_depth,47.089,5.753,0.133,2,neutral,0.250
FI,1953,JFM,snow_max,71.500,11.967,4.803,2,neutral,0.250
FI,1953,JFM,thaw_days,33.129,-3.293,9.452,2,neutral,0.250
FI,1953,JFM,tmax_mean,-3.746,-0.931,1.467,2,neutral,0.250
FI,1953,JFM,tmean,-7.697,-1.184,1.276,2,neutral,0.250
FI,1953,JFM,tmin_mean,-12.796,-2.314,0.831,2,neutral,0.250
FI,1953,NDJFM,frost_days,138.000,13.468,1.384,2,neutral,0.250
FI,1953,NDJFM,ice_days,93.312,11.589,-5.182,2,neutral,0.250
FI,1953,NDJFM,precip,217.821,1.756,22.433,2,neutral,0.250
FI,1953,NDJFM,precip_days,55.660,7.194,8.385,2,neutral,0.250
FI,1953,NDJFM,rain_on_snow_days,6.500,0.621,1.475,2,neutral,0.250
FI,1953,NDJFM,snow_cover_days,142.500,22.636,9.182,2,neutral,0.250
FI,1953,NDJFM,snow_depth,36.613,6.320,2.571,2,neutral,0.250
FI,1953,NDJFM,snow_max,71.500,11.550,5.076,2,neutral,0.250
FI,1953,NDJFM,thaw_days,55.688,-12.555,4.025,2,neutral,0.250
FI,1953,NDJFM,tmax_mean,-4.378,-2.385,-0.186,2,neutral,0.250
FI,1953,NDJFM,tmean,-6.729,-1.391,0.857,2,neutral,0.250
FI,1953,NDJFM,tmin_mean,-11.278,-2.331,0.537,2,neutral,0.250
FI,1954,DJF,frost_days,83.000,4.785,-1.756,2,neutral,0.410
FI,1954,DJF,ice_days,65.000,8.261,-1.181,2,neutral,0.410
FI,1954,DJF,precip,67.700,-60.541,-46.820,2,neutral,0.410
FI,1954,DJF,precip_days,17.500,-12.483,-11.600,2,neutral,0.410
FI,1954,DJF,rain_on_snow_days,0.500,-3.021,-1.986,2,neutral,0.410
FI,1954,DJF,snow_cover_days,74.500,-1.433,-9.503,2,neutral,0.410
FI,1954,DJF,snow_depth,21.228,-10.393,-13.761,2,neutral,0.410
FI,1954,DJF,snow_max,39.500,-14.550,-18.552,2,neutral,0.410
FI,1954,DJF,thaw_days,24.500,-8.143,1.200,2,neutral,0.410
FI,1954,DJF,tmax_mean,-4.341,-0.703,1.682,2,neutral,0.410
FI,1954,DJF,tmean,-7.661,-0.706,1.752,2,neutral,0.410
FI,1954,DJF,tmin_mean,-11.690,-1.089,2.032,2,neutral,0.410
FI,1954,JFM,frost_days,86.500,7.385,-0.616,2,neutral,0.410
FI,1954,JFM,ice_days,64.000,10.890,-1.783,2,neutral,0.410
FI,1954,JFM,precip,87.400,-23.773,-9.761,2,neutral,0.410
FI,1954,JFM,precip_days,22.500,-4.367,-2.510,2,neutral,0.410
FI,1954,JFM,rain_on_snow_days,2.500,-1.175,-0.030,2,neutral,0.410
FI,1954,JFM,snow_cover_days,89.000,8.833,-0.443,2,neutral,0.410
FI,1954,JFM,snow_depth,33.072,-8.264,-13.779,2,neutral,0.410
FI,1954,JFM,snow_max,51.000,-8.533,-15.563,2,neutral,0.410
FI,1954,JFM,thaw_days,26.000,-10.423,2.091,2,neutral,0.410
FI,1954,JFM,tmax_mean,-4.556,-1.742,0.616,2,neutral,0.410
FI,1954,JFM,tmean,-8.108,-1.595,0.822,2,neutral,0.410
FI,1954,JFM,tmin_mean,-12.532,-2.050,1.040,2,neutral,0.410
FI,1954,NDJFM,frost_days,130.500,5.968,-5.877,2,neutral,0.410
FI,1954,NDJFM,ice_days,85.500,3.777,-12.701,2,neutral,0.410
FI,1954,NDJFM,precip,145.150,-70.915,-50.556,2,neutral,0.410
FI,1954,NDJFM,precip_days,36.500,-11.966,-10.787,2,neutral,0.410
FI,1954,NDJFM,rain_on_snow_days,3.000,-2.880,-2.044,2,neutral,0.410
FI,1954,NDJFM,snow_cover_days,116.000,-3.863,-17.066,2,neutral,0.410
FI,1954,NDJFM,snow_depth,21.593,-8.700,-12.381,2,neutral,0.410
FI,1954,NDJFM,snow_max,51.000,-8.950,-15.306,2,neutral,0.410
FI,1954,NDJFM,thaw_days,65.000,-3.243,13.044,2,neutral,0.410
FI,1954,NDJFM,tmax_mean,-2.274,-0.281,1.881,2,neutral,0.410
FI,1954,NDJFM,tmean,-5.333,0.005,2.215,2,neutral,0.410
FI,1954,NDJFM,tmin_mean,-9.148,-0.200,2.619,2,neutral,0.410
FI,1955,DJF,frost_days,78.000,-0.216,-6.639,2,neutral,-0.500
FI,1955,DJF,ice_days,56.500,-0.240,-9.531,2,neutral,-0.500
FI,1955,DJF,precip,174.600,46.358,59.837,2,neutral,-0.500
FI,1955,DJF,precip_days,39.500,9.517,10.394,2,neutral,-0.500
FI,1955,DJF,rain_on_snow_days,3.500,-0.020,0.994,2,neutral,-0.500
FI,1955,DJF,snow_cover_days,81.500,5.567,-2.369,2,neutral,-0.500
FI,1955,DJF,snow_depth,41.434,9.812,6.499,2,neutral,-0.500
FI,1955,DJF,snow_max,63.000,8.950,5.010,2,neutral,-0.500
FI,1955,DJF,thaw_days,33.500,0.857,10.052,2,neutral,-0.500
FI,1955,DJF,tmax_mean,-4.558,-0.918,1.430,2,neutral,-0.500
FI,1955,DJF,tmean,-7.487,-0.533,1.887,2,neutral,-0.500
FI,1955,DJF,tmin_mean,-11.196,-0.595,2.476,2,neutral,-0.500
FI,1955,JFM,frost_days,87.500,8.385,0.546,2,neutral,-0.500
FI,1955,JFM,ice_days,72.500,19.390,6.951,2,neutral,-0.500
FI,1955,JFM,precip,117.550,6.376,20.170,2,neutral,-0.500
FI,1955,JFM,precip_days,28.500,1.634,3.468,2,neutral,-0.500
FI,1955,JFM,rain_on_snow_days,2.500,-1.175,-0.057,2,neutral,-0.500
FI,1955,JFM,snow_cover_days,90.000,9.833,0.730,2,neutral,-0.500
FI,1955,JFM,snow_depth,54.750,13.413,8.004,2,neutral,-0.500
FI,1955,JFM,snow_max,71.500,11.967,5.072,2,neutral,-0.500
FI,1955,JFM,thaw_days,17.500,-18.923,-6.641,2,neutral,-0.500
FI,1955,JFM,tmax_mean,-6.141,-3.326,-1.009,2,neutral,-0.500
FI,1955,JFM,tmean,-9.843,-3.331,-0.956,2,neutral,-0.500
FI,1955,JFM,tmin_mean,-14.432,-3.949,-0.917,2,neutral,-0.500
FI,1955,NDJFM,frost_days,133.000,8.468,-3.139,2,neutral,-0.500
FI,1955,NDJFM,ice_days,98.000,16.276,0.093,2,neutral,-0.500
FI,1955,NDJFM,precip,274.900,58.835,78.875,2,neutral,-0.500
FI,1955,NDJFM,precip_days,58.500,10.034,11.201,2,neutral,-0.500
FI,1955,NDJFM,rain_on_snow_days,3.500,-2.380,-1.563,2,neutral,-0.500
FI,1955,NDJFM,snow_cover_days,134.000,14.136,1.185,2,neutral,-0.500
FI,1955,NDJFM,snow_depth,40.666,10.373,6.760,2,neutral,-0.500
FI,1955,NDJFM,snow_max,71.500,11.550,5.312,2,neutral,-0.500
FI,1955,NDJFM,thaw_days,52.000,-16.243,-0.249,2,neutral,-0.500
FI,1955,NDJFM,tmax_mean,-3.784,-1.791,0.335,2,neutral,-0.500
FI,1955,NDJFM,tmean,-6.756,-1.419,0.754,2,neutral,-0.500
FI,1955,NDJFM,tmin_mean,-10.518,-1.570,1.199,2,neutral,-0.500
FI,1956,DJF,frost_days,87.500,9.284,2.978,2,lanina,-1.170
FI,1956,DJF,ice_days,77.000,20.261,11.118,2,lanina,-1.170
FI,1956,DJF,precip,135.700,7.459,20.693,2,lanina,-1.170
FI,1956,DJF,precip_days,35.000,5.016,5.888,2,lanina,-1.170
FI,1956,DJF,rain_on_snow_days,3.000,-0.520,0.475,2,lanina,-1.170
FI,1956,DJF,snow_cover_days,91.000,15.066,7.266,2,lanina,-1.170
FI,1956,DJF,snow_depth,49.638,18.017,14.757,2,lanina,-1.170
FI,1956,DJF,snow_max,72.000,17.950,14.072,2,lanina,-1.170
FI,1956,DJF,thaw_days,14.000,-18.643,-9.598,2,lanina,-1.170
FI,1956,DJF,tmax_mean,-9.659,-6.019,-3.707,2,lanina,-1.170
FI,1956,DJF,tmean,-13.346,-6.393,-4.010,2,lanina,-1.170
FI,1956,DJF,tmin_mean,-17.748,-7.147,-4.125,2,lanina,-1.170
FI,1956,JFM,frost_days,90.000,10.884,3.209,2,lanina,-1.170
FI,1956,JFM,ice_days,68.500,15.390,3.184,2,lanina,-1.170
FI,1956,JFM,precip,93.200,-17.974,-4.400,2,lanina,-1.170
FI,1956,JFM,precip_days,23.500,-3.366,-1.554,2,lanina,-1.170
FI,1956,JFM,rain_on_snow_days,0.500,-3.175,-2.083,2,lanina,-1.170
FI,1956,JFM,snow_cover_days,91.000,10.833,1.903,2,lanina,-1.170
FI,1956,JFM,snow_depth,62.384,21.049,15.743,2,lanina,-1.170
FI,1956,JFM,snow_max,77.500,17.967,11.205,2,lanina,-1.170
FI,1956,JFM,thaw_days,22.000,-14.423,-2.373,2,lanina,-1.170
FI,1956,JFM,tmax_mean,-6.274,-3.458,-1.182,2,lanina,-1.170
FI,1956,JFM,tmean,-10.346,-3.833,-1.501,2,lanina,-1.170
FI,1956,JFM,tmin_mean,-15.139,-4.656,-1.680,2,lanina,-1.170
FI,1956,NDJFM,frost_days,143.000,18.468,7.100,2,lanina,-1.170
FI,1956,NDJFM,ice_days,109.500,27.776,11.886,2,lanina,-1.170
FI,1956,NDJFM,precip,187.450,-28.615,-8.894,2,lanina,-1.170
FI,1956,NDJFM,precip_days,48.000,-0.466,0.689,2,lanina,-1.170
FI,1956,NDJFM,rain_on_snow_days,3.500,-2.380,-1.582,2,lanina,-1.170
FI,1956,NDJFM,snow_cover_days,142.500,22.636,9.938,2,lanina,-1.170
FI,1956,NDJFM,snow_depth,46.796,16.503,12.959,2,lanina,-1.170
FI,1956,NDJFM,snow_max,77.500,17.550,11.430,2,lanina,-1.170
FI,1956,NDJFM,thaw_days,42.000,-26.243,-10.542,2,lanina,-1.170
FI,1956,NDJFM,tmax_mean,-6.431,-4.438,-2.349,2,lanina,-1.170
FI,1956,NDJFM,tmean,-10.341,-5.003,-2.869,2,lanina,-1.170
FI,1956,NDJFM,tmin_mean,-14.944,-5.996,-3.276,2,lanina,-1.170
FI,1957,DJF,frost_days,79.000,0.784,-5.405,2,neutral,-0.270
FI,1957,DJF,ice_days,60.500,3.761,-5.232,2,neutral,-0.270
FI,1957,DJF,precip,144.200,15.958,28.950,2,neutral,-0.270
FI,1957,DJF,precip_days,33.000,3.016,3.881,2,neutral,-0.270
FI,1957,DJF,rain_on_snow_days,6.500,2.979,3.955,2,neutral,-0.270
FI,1957,DJF,snow_cover_days,74.500,-1.433,-9.100,2,neutral,-0.270
FI,1957,DJF,snow_depth,25.239,-6.382,-9.588,2,neutral,-0.270
FI,1957,DJF,snow_max,56.500,2.450,-1.365,2,neutral,-0.270
FI,1957,DJF,thaw_days,29.000,-3.643,5.253,2,neutral,-0.270
FI,1957,DJF,tmax_mean,-3.028,0.612,2.887,2,neutral,-0.270
FI,1957,DJF,tmean,-5.646,1.309,3.654,2,neutral,-0.270
FI,1957,DJF,tmin_mean,-9.030,1.571,4.543,2,neutral,-0.270
FI,1957,JFM,frost_days,82.500,3.385,-4.128,2,neutral,-0.270
FI,1957,JFM,ice_days,59.500,6.390,-5.582,2,neutral,-0.270
FI,1957,JFM,precip,138.450,27.276,40.630,2,neutral,-0.270
FI,1957,JFM,precip_days,28.000,1.134,2.923,2,neutral,-0.270
FI,1957,JFM,rain_on_snow_days,5.500,1.825,2.891,2,neutral,-0.270
FI,1957,JFM,snow_cover_days,84.000,3.833,-4.925,2,neutral,-0.270
FI,1957,JFM,snow_depth,37.456,-3.880,-9.081,2,neutral,-0.270
FI,1957,JFM,snow_max,64.000,4.467,-2.161,2,neutral,-0.270
FI,1957,JFM,thaw_days,29.500,-6.923,4.895,2,neutral,-0.270
FI,1957,JFM,tmax_mean,-3.010,-0.196,2.040,2,neutral,-0.270
FI,1957,JFM,tmean,-6.200,0.313,2.601,2,neutral,-0.270
FI,1957,JFM,tmin_mean,-10.044,0.439,3.358,2,neutral,-0.270
FI,1957,NDJFM,frost_days,137.500,12.968,1.838,2,neutral,-0.270
FI,1957,NDJFM,ice_days,103.957,22.233,6.636,2,neutral,-0.270
FI,1957,NDJFM,precip,208.700,-7.365,12.037,2,neutral,-0.270
FI,1957,NDJFM,precip_days,45.000,-3.466,-2.322,2,neutral,-0.270
FI,1957,NDJFM,rain_on_snow_days,8.000,2.120,2.900,2,neutral,-0.270
FI,1957,NDJFM,snow_cover_days,124.000,4.136,-8.311,2,neutral,-0.270
FI,1957,NDJFM,snow_depth,26.675,-3.617,-7.094,2,neutral,-0.270
FI,1957,NDJFM,snow_max,64.000,4.050,-1.952,2,neutral,-0.270
FI,1957,NDJFM,thaw_days,45.540,-22.703,-7.295,2,neutral,-0.270
FI,1957,NDJFM,tmax_mean,-3.423,-1.430,0.623,2,neutral,-0.270
FI,1957,NDJFM,tmean,-6.559,-1.221,0.875,2,neutral,-0.270
FI,1957,NDJFM,tmin_mean,-10.401,-1.453,1.217,2,neutral,-0.270
FI,1958,DJF,frost_days,83.500,5.285,-0.788,2,elnino,1.690
FI,1958,DJF,ice_days,66.000,9.261,0.417,2,elnino,1.690
FI,1958,DJF,precip,101.750,-26.492,-13.744,2,elnino,1.690
FI,1958,DJF,precip_days,28.000,-1.984,-1.125,2,elnino,1.690
FI,1958,DJF,rain_on_snow_days,0.500,-3.021,-2.063,2,elnino,1.690
FI,1958,DJF,snow_cover_days,81.500,5.567,-1.966,2,elnino,1.690
FI,1958,DJF,snow_depth,26.761,-4.860,-8.011,2,elnino,1.690
FI,1958,DJF,snow_max,50.000,-4.050,-7.803,2,elnino,1.690
FI,1958,DJF,thaw_days,23.500,-9.143,-0.397,2,elnino,1.690
FI,1958,DJF,tmax_mean,-6.502,-2.864,-0.625,2,elnino,1.690
FI,1958,DJF,tmean,-10.043,-3.088,-0.781,2,elnino,1.690
FI,1958,DJF,tmin_mean,-14.536,-3.935,-1.013,2,elnino,1.690
FI,1958,JFM,frost_days,89.500,10.384,3.034,2,elnino,1.690
FI,1958,JFM,ice_days,71.500,18.390,6.652,2,elnino,1.690
FI,1958,JFM,precip,80.850,-30.323,-17.189,2,elnino,1.690
FI,1958,JFM,precip_days,25.000,-1.867,-0.100,2,elnino,1.690
FI,1958,JFM,rain_on_snow_days,0.000,-3.675,-2.636,2,elnino,1.690
FI,1958,JFM,snow_cover_days,90.000,9.833,1.248,2,elnino,1.690
FI,1958,JFM,snow_depth,41.133,-0.203,-5.299,2,elnino,1.690
FI,1958,JFM,snow_max,61.500,1.967,-4.527,2,elnino,1.690
FI,1958,JFM,thaw_days,18.000,-18.423,-6.838,2,elnino,1.690
FI,1958,JFM,tmax_mean,-6.240,-3.426,-1.230,2,elnino,1.690
FI,1958,JFM,tmean,-10.203,-3.690,-1.445,2,elnino,1.690
FI,1958,JFM,tmin_mean,-15.264,-4.782,-1.919,2,elnino,1.690
FI,1958,NDJFM,frost_days,134.500,9.968,-0.923,2,elnino,1.690
FI,1958,NDJFM,ice_days,98.000,16.276,0.972,2,elnino,1.690
FI,1958,NDJFM,precip,159.050,-57.015,-37.931,2,elnino,1.690
FI,1958,NDJFM,precip_days,43.000,-5.466,-4.333,2,elnino,1.690
FI,1958,NDJFM,rain_on_snow_days,1.000,-4.880,-4.120,2,elnino,1.690
FI,1958,NDJFM,snow_cover_days,126.000,6.136,-6.059,2,elnino,1.690
FI,1958,NDJFM,snow_depth,28.291,-2.001,-5.410,2,elnino,1.690
FI,1958,NDJFM,snow_max,61.500,1.550,-4.333,2,elnino,1.690
FI,1958,NDJFM,thaw_days,52.500,-15.743,-0.628,2,elnino,1.690
FI,1958,NDJFM,tmax_mean,-4.324,-2.330,-0.314,2,elnino,1.690
FI,1958,NDJFM,tmean,-7.968,-2.631,-0.572,2,elnino,1.690
FI,1958,NDJFM,tmin_mean,-12.614,-3.666,-1.045,2,elnino,1.690
FI,1959,DJF,frost_days,87.500,9.284,3.329,2,neutral,0.600
FI,1959,DJF,ice_days,60.000,3.260,-5.433,2,neutral,0.600
FI,1959,DJF,precip,141.900,13.659,26.163,2,neutral,0.600
FI,1959,DJF,precip_days,32.000,2.016,2.870,2,neutral,0.600
FI,1959,DJF,rain_on_snow_days,3.500,-0.020,0.916,2,neutral,0.600
FI,1959,DJF,snow_cover_days,86.000,10.066,2.669,2,neutral,0.600
FI,1959,DJF,snow_depth,35.611,3.990,0.893,2,neutral,0.600
FI,1959,DJF,snow_max,62.500,8.450,4.759,2,neutral,0.600
FI,1959,DJF,thaw_days,29.500,-3.143,5.454,2,neutral,0.600
FI,1959,DJF,tmax_mean,-4.308,-0.668,1.534,2,neutral,0.600
FI,1959,DJF,tmean,-7.525,-0.570,1.699,2,neutral,0.600
FI,1959,DJF,tmin_mean,-11.780,-1.179,1.694,2,neutral,0.600
FI,1959,JFM,frost_days,80.500,1.385,-5.803,2,neutral,0.600
FI,1959,JFM,ice_days,40.000,-13.110,-24.614,2,neutral,0.600
FI,1959,JFM,precip,123.450,12.277,25.191,2,neutral,0.600
FI,1959,JFM,precip_days,26.500,-0.367,1.379,2,neutral,0.600
FI,1959,JFM,rain_on_snow_days,4.500,0.826,1.837,2,neutral,0.600
FI,1959,JFM,snow_cover_days,90.000,9.833,1.421,2,neutral,0.600
FI,1959,JFM,snow_depth,44.983,3.647,-1.344,2,neutral,0.600
FI,1959,JFM,snow_max,70.500,10.967,4.607,2,neutral,0.600
FI,1959,JFM,thaw_days,50.000,13.577,24.931,2,neutral,0.600
FI,1959,JFM,tmax_mean,-1.038,1.776,3.931,2,neutral,0.600
FI,1959,JFM,tmean,-4.206,2.306,4.508,2,neutral,0.600
FI,1959,JFM,tmin_mean,-8.133,2.349,5.156,2,neutral,0.600
FI,1959,NDJFM,frost_days,125.000,0.468,-10.185,2,neutral,0.600
FI,1959,NDJFM,ice_days,67.000,-14.723,-29.735,2,neutral,0.600
FI,1959,NDJFM,precip,206.200,-9.865,8.900,2,neutral,0.600
FI,1959,NDJFM,precip_days,45.500,-2.966,-1.846,2,neutral,0.600
FI,1959,NDJFM,rain_on_snow_days,7.000,1.121,1.861,2,neutral,0.600
FI,1959,NDJFM,snow_cover_days,129.000,9.136,-2.808,2,neutral,0.600
FI,1959,NDJFM,snow_depth,30.526,0.234,-3.107,2,neutral,0.600
FI,1959,NDJFM,snow_max,70.500,10.550,4.784,2,neutral,0.600
FI,1959,NDJFM,thaw_days,83.500,15.257,30.079,2,neutral,0.600
FI,1959,NDJFM,tmax_mean,-1.277,0.716,2.696,2,neutral,0.600
FI,1959,NDJFM,tmean,-4.364,0.975,2.995,2,neutral,0.600
FI,1959,NDJFM,tmin_mean,-8.156,0.792,3.363,2,neutral,0.600
FI,1960,DJF,frost_days,88.719,7.956,1.745,11,neutral,0.020
FI,1960,DJF,ice_days,74.611,18.663,5.915,11,neutral,0.020
FI,1960,DJF,precip,98.308,-19.650,3.807,11,neutral,0.020
FI,1960,DJF,precip_days,26.205,-3.339,-0.378,11,neutral,0.020
FI,1960,DJF,rain_on_snow_days,0.820,-3.004,-1.408,11,neutral,0.020
FI,1960,DJF,snow_cover_days,86.987,8.612,-0.110,11,neutral,0.020
FI,1960,DJF,snow_depth,32.941,8.105,-0.409,11,neutral,0.020
FI,1960,DJF,snow_max,62.000,16.517,6.225,11,neutral,0.020
FI,1960,DJF,thaw_days,15.753,-17.644,-4.956,11,neutral,0.020
FI,1960,DJF,tmax_mean,-7.058,-3.732,-1.097,11,neutral,0.020
FI,1960,DJF,tmean,-10.532,-4.108,-1.106,11,neutral,0.020
FI,1960,DJF,tmin_mean,-14.605,-4.621,-0.934,11,neutral,0.020
FI,1960,JFM,frost_days,90.000,8.084,2.441,11,neutral,0.020
FI,1960,JFM,ice_days,67.636,15.725,2.927,11,neutral,0.020
FI,1960,JFM,precip,75.245,-29.345,-6.270,11,neutral,0.020
FI,1960,JFM,precip_days,19.273,-7.528,-4.114,11,neutral,0.020
FI,1960,JFM,rain_on_snow_days,0.364,-3.375,-2.052,11,neutral,0.020
FI,1960,JFM,snow_cover_days,91.000,6.811,0.928,11,neutral,0.020
FI,1960,JFM,snow_depth,47.545,14.344,3.159,11,neutral,0.020
FI,1960,JFM,snow_max,63.364,12.261,1.951,11,neutral,0.020
FI,1960,JFM,thaw_days,22.727,-14.777,-2.051,11,neutral,0.020
FI,1960,JFM,tmax_mean,-5.233,-2.751,-0.340,11,neutral,0.020
FI,1960,JFM,tmean,-9.299,-3.215,-0.527,11,neutral,0.020
FI,1960,JFM,tmin_mean,-14.010,-3.964,-0.628,11,neutral,0.020
FI,1960,NDJFM,frost_days,137.806,9.417,-1.319,11,neutral,0.020
FI,1960,NDJFM,ice_days,101.236,22.017,2.285,11,neutral,0.020
FI,1960,NDJFM,precip,145.526,-54.891,-23.482,11,neutral,0.020
FI,1960,NDJFM,precip_days,38.203,-10.605,-6.873,11,neutral,0.020
FI,1960,NDJFM,rain_on_snow_days,1.547,-4.745,-3.346,11,neutral,0.020
FI,1960,NDJFM,snow_cover_days,130.799,9.734,-4.587,11,neutral,0.020
FI,1960,NDJFM,snow_depth,31.469,7.908,-0.126,11,neutral,0.020
FI,1960,NDJFM,snow_max,63.364,12.016,1.916,11,neutral,0.020
FI,1960,NDJFM,thaw_days,49.764,-20.770,-1.160,11,neutral,0.020
FI,1960,NDJFM,tmax_mean,-4.240,-2.574,-0.292,11,neutral,0.020
FI,1960,NDJFM,tmean,-7.609,-2.791,-0.222,11,neutral,0.020
FI,1960,NDJFM,tmin_mean,-11.471,-3.126,0.019,11,neutral,0.020
FI,1961,DJF,frost_days,81.908,1.144,-4.942,11,neutral,0.000
FI,1961,DJF,ice_days,51.161,-4.787,-17.301,11,neutral,0.000
FI,1961,DJF,precip,118.909,-1.801,23.709,11,neutral,0.000
FI,1961,DJF,precip_days,36.727,5.494,10.078,11,neutral,0.000
FI,1961,DJF,rain_on_snow_days,5.091,0.829,2.828,11,neutral,0.000
FI,1961,DJF,snow_cover_days,83.545,1.779,-3.430,11,neutral,0.000
FI,1961,DJF,snow_depth,27.815,0.844,-5.389,11,neutral,0.000
FI,1961,DJF,snow_max,49.091,-3.316,-6.516,11,neutral,0.000
FI,1961,DJF,thaw_days,37.475,4.078,16.533,11,neutral,0.000
FI,1961,DJF,tmax_mean,-1.763,1.564,4.151,11,neutral,0.000
FI,1961,DJF,tmean,-4.422,2.002,4.949,11,neutral,0.000
FI,1961,DJF,tmin_mean,-7.894,2.090,5.708,11,neutral,0.000
FI,1961,JFM,frost_days,82.818,0.902,-4.607,11,neutral,0.000
FI,1961,JFM,ice_days,44.091,-7.820,-20.349,11,neutral,0.000
FI,1961,JFM,precip,101.082,-5.512,18.922,11,neutral,0.000
FI,1961,JFM,precip_days,30.909,3.472,7.442,11,neutral,0.000
FI,1961,JFM,rain_on_snow_days,4.000,0.125,1.541,11,neutral,0.000
FI,1961,JFM,snow_cover_days,82.545,-1.356,-7.388,11,neutral,0.000
FI,1961,JFM,snow_depth,33.306,-1.466,-10.872,11,neutral,0.000
FI,1961,JFM,snow_max,50.273,-5.405,-10.961,11,neutral,0.000
FI,1961,JFM,thaw_days,44.636,7.132,19.590,11,neutral,0.000
FI,1961,JFM,tmax_mean,-0.784,1.698,4.061,11,neutral,0.000
FI,1961,JFM,tmean,-3.889,2.196,4.829,11,neutral,0.000
FI,1961,JFM,tmin_mean,-7.810,2.236,5.504,11,neutral,0.000
FI,1961,NDJFM,frost_days,131.907,3.519,-6.978,11,neutral,0.000
FI,1961,NDJFM,ice_days,78.068,-1.151,-20.481,11,neutral,0.000
FI,1961,NDJFM,precip,214.645,9.010,44.651,11,neutral,0.000
FI,1961,NDJFM,precip_days,59.818,9.061,14.655,11,neutral,0.000
FI,1961,NDJFM,rain_on_snow_days,8.818,2.088,3.880,11,neutral,0.000
FI,1961,NDJFM,snow_cover_days,126.455,5.067,-8.727,11,neutral,0.000
FI,1961,NDJFM,snow_depth,23.651,-0.931,-7.801,11,neutral,0.000
FI,1961,NDJFM,snow_max,51.091,-5.651,-10.187,11,neutral,0.000
FI,1961,NDJFM,thaw_days,71.022,0.488,19.698,11,neutral,0.000
FI,1961,NDJFM,tmax_mean,-0.979,0.687,2.924,11,neutral,0.000
FI,1961,NDJFM,tmean,-3.690,1.128,3.646,11,neutral,0.000
FI,1961,NDJFM,tmin_mean,-7.076,1.270,4.352,11,neutral,0.000
FI,1962,DJF,frost_days,85.909,5.145,-0.818,11,neutral,-0.160
FI,1962,DJF,ice_days,64.364,8.415,-3.865,11,neutral,-0.160
FI,1962,DJF,precip,126.227,-1.367,30.328,11,neutral,-0.160
FI,1962,DJF,precip_days,32.545,2.494,5.830,11,neutral,-0.160
FI,1962,DJF,rain_on_snow_days,4.364,0.663,2.066,11,neutral,-0.160
FI,1962,DJF,snow_cover_days,89.364,8.445,2.509,11,neutral,-0.160
FI,1962,DJF,snow_depth,31.936,5.162,-1.123,11,neutral,-0.160
FI,1962,DJF,snow_max,56.909,10.184,1.469,11,neutral,-0.160
FI,1962,DJF,thaw_days,24.636,-8.761,3.460,11,neutral,-0.160
FI,1962,DJF,tmax_mean,-4.343,-1.017,1.523,11,neutral,-0.160
FI,1962,DJF,tmean,-7.687,-1.262,1.630,11,neutral,-0.160
FI,1962,DJF,tmin_mean,-11.886,-1.902,1.647,11,neutral,-0.160
FI,1962,JFM,frost_days,87.000,5.084,-0.291,11,neutral,-0.160
FI,1962,JFM,ice_days,68.000,16.089,3.828,11,neutral,-0.160
FI,1962,JFM,precip,102.991,-7.128,20.186,11,neutral,-0.160
FI,1962,JFM,precip_days,26.455,-0.528,2.907,11,neutral,-0.160
FI,1962,JFM,rain_on_snow_days,3.364,-0.542,0.861,11,neutral,-0.160
FI,1962,JFM,snow_cover_days,89.455,4.811,-0.340,11,neutral,-0.160
FI,1962,JFM,snow_depth,46.202,10.742,2.233,11,neutral,-0.160
FI,1962,JFM,snow_max,62.636,10.928,1.581,11,neutral,-0.160
FI,1962,JFM,thaw_days,21.091,-16.414,-4.223,11,neutral,-0.160
FI,1962,JFM,tmax_mean,-4.265,-1.783,0.532,11,neutral,-0.160
FI,1962,JFM,tmean,-8.661,-2.576,0.003,11,neutral,-0.160
FI,1962,JFM,tmin_mean,-14.036,-3.990,-0.791,11,neutral,-0.160
FI,1962,NDJFM,frost_days,134.182,5.793,-4.465,11,neutral,-0.160
FI,1962,NDJFM,ice_days,98.182,18.963,0.033,11,neutral,-0.160
FI,1962,NDJFM,precip,197.518,-15.674,26.538,11,neutral,-0.160
FI,1962,NDJFM,precip_days,49.182,0.728,3.931,11,neutral,-0.160
FI,1962,NDJFM,rain_on_snow_days,5.364,-1.079,0.380,11,neutral,-0.160
FI,1962,NDJFM,snow_cover_days,128.091,4.567,-6.886,11,neutral,-0.160
FI,1962,NDJFM,snow_depth,31.125,5.931,-0.186,11,neutral,-0.160
FI,1962,NDJFM,snow_max,62.636,10.682,1.528,11,neutral,-0.160
FI,1962,NDJFM,thaw_days,51.545,-18.989,-0.179,11,neutral,-0.160
FI,1962,NDJFM,tmax_mean,-2.978,-1.312,0.880,11,neutral,-0.160
FI,1962,NDJFM,tmean,-6.717,-1.898,0.568,11,neutral,-0.160
FI,1962,NDJFM,tmin_mean,-11.243,-2.898,0.121,11,neutral,-0.160
FI,1963,DJF,frost_days,88.333,6.881,1.491,12,neutral,-0.330
FI,1963,DJF,ice_days,77.917,20.278,9.022,12,neutral,-0.330
FI,1963,DJF,precip,68.475,-44.051,-25.676,12,neutral,-0.330
FI,1963,DJF,precip_days,20.417,-8.572,-5.887,12,neutral,-0.330
FI,1963,DJF,rain_on_snow_days,0.833,-2.389,-1.340,12,neutral,-0.330
FI,1963,DJF,snow_cover_days,86.583,5.915,-0.444,12,neutral,-0.330
FI,1963,DJF,snow_depth,31.957,3.671,-2.462,12,neutral,-0.330
FI,1963,DJF,snow_max,52.667,1.910,-3.877,12,neutral,-0.330
FI,1963,DJF,thaw_days,11.667,-20.089,-8.884,12,neutral,-0.330
FI,1963,DJF,tmax_mean,-7.571,-3.896,-1.442,12,neutral,-0.330
FI,1963,DJF,tmean,-11.912,-5.014,-2.205,12,neutral,-0.330
FI,1963,DJF,tmin_mean,-17.187,-6.619,-3.165,12,neutral,-0.330
FI,1963,JFM,frost_days,89.833,7.321,2.505,12,neutral,-0.330
FI,1963,JFM,ice_days,82.750,29.046,17.714,12,neutral,-0.330
FI,1963,JFM,precip,52.883,-46.324,-28.742,12,neutral,-0.330
FI,1963,JFM,precip_days,16.583,-9.281,-6.672,12,neutral,-0.330
FI,1963,JFM,rain_on_snow_days,0.167,-3.131,-2.182,12,neutral,-0.330
FI,1963,JFM,snow_cover_days,90.000,4.943,0.294,12,neutral,-0.330
FI,1963,JFM,snow_depth,43.394,4.597,-1.865,12,neutral,-0.330
FI,1963,JFM,snow_max,55.833,-2.181,-6.474,12,neutral,-0.330
FI,1963,JFM,thaw_days,6.750,-29.007,-17.729,12,neutral,-0.330
FI,1963,JFM,tmax_mean,-6.972,-4.162,-1.940,12,neutral,-0.330
FI,1963,JFM,tmean,-12.061,-5.550,-3.062,12,neutral,-0.330
FI,1963,JFM,tmin_mean,-18.049,-7.478,-4.387,12,neutral,-0.330
FI,1963,NDJFM,frost_days,140.500,10.477,1.205,12,neutral,-0.330
FI,1963,NDJFM,ice_days,113.833,31.313,13.831,12,neutral,-0.330
FI,1963,NDJFM,precip,124.950,-64.876,-42.356,12,neutral,-0.330
FI,1963,NDJFM,precip_days,33.667,-13.857,-10.854,12,neutral,-0.330
FI,1963,NDJFM,rain_on_snow_days,2.167,-3.406,-2.518,12,neutral,-0.330
FI,1963,NDJFM,snow_cover_days,132.333,5.862,-3.818,12,neutral,-0.330
FI,1963,NDJFM,snow_depth,30.184,2.748,-2.463,12,neutral,-0.330
FI,1963,NDJFM,snow_max,55.833,-2.391,-6.531,12,neutral,-0.330
FI,1963,NDJFM,thaw_days,36.250,-31.054,-13.660,12,neutral,-0.330
FI,1963,NDJFM,tmax_mean,-5.120,-3.108,-0.994,12,neutral,-0.330
FI,1963,NDJFM,tmean,-9.391,-4.116,-1.720,12,neutral,-0.330
FI,1963,NDJFM,tmin_mean,-14.346,-5.437,-2.497,12,neutral,-0.330
FI,1964,DJF,frost_days,86.667,5.214,-0.061,12,elnino,0.950
FI,1964,DJF,ice_days,60.833,3.195,-7.844,12,elnino,0.950
FI,1964,DJF,precip,68.942,-45.894,-25.865,12,elnino,0.950
FI,1964,DJF,precip_days,19.167,-10.143,-7.201,12,elnino,0.950
FI,1964,DJF,rain_on_snow_days,2.000,-1.389,-0.206,12,elnino,0.950
FI,1964,DJF,snow_cover_days,83.750,2.915,-3.166,12,elnino,0.950
FI,1964,DJF,snow_depth,28.788,6.212,-5.486,12,elnino,0.950
FI,1964,DJF,snow_max,50.000,6.481,-6.382,12,elnino,0.950
FI,1964,DJF,thaw_days,29.500,-2.256,8.731,12,elnino,0.950
FI,1964,DJF,tmax_mean,-4.109,-0.434,1.974,12,elnino,0.950
FI,1964,DJF,tmean,-7.644,-0.745,2.010,12,elnino,0.950
FI,1964,DJF,tmin_mean,-12.044,-1.476,1.910,12,elnino,0.950
FI,1964,JFM,frost_days,88.167,5.655,0.961,12,elnino,0.950
FI,1964,JFM,ice_days,57.583,3.879,-7.197,12,elnino,0.950
FI,1964,JFM,precip,51.250,-47.310,-30.978,12,elnino,0.950
FI,1964,JFM,precip_days,13.750,-12.567,-9.582,12,elnino,0.950
FI,1964,JFM,rain_on_snow_days,1.333,-2.131,-1.056,12,elnino,0.950
FI,1964,JFM,snow_cover_days,85.917,0.943,-3.662,12,elnino,0.950
FI,1964,JFM,snow_depth,35.616,4.160,-9.440,12,elnino,0.950
FI,1964,JFM,snow_max,50.583,0.962,-11.549,12,elnino,0.950
FI,1964,JFM,thaw_days,32.917,-2.840,8.183,12,elnino,0.950
FI,1964,JFM,tmax_mean,-3.095,-0.285,1.889,12,elnino,0.950
FI,1964,JFM,tmean,-7.462,-0.951,1.483,12,elnino,0.950
FI,1964,JFM,tmin_mean,-12.494,-1.923,1.100,12,elnino,0.950
FI,1964,NDJFM,frost_days,142.000,11.977,2.927,12,elnino,0.950
FI,1964,NDJFM,ice_days,91.917,9.396,-7.706,12,elnino,0.950
FI,1964,NDJFM,precip,125.800,-64.019,-42.420,12,elnino,0.950
FI,1964,NDJFM,precip_days,32.583,-14.857,-12.020,12,elnino,0.950
FI,1964,NDJFM,rain_on_snow_days,2.750,-3.548,-1.977,12,elnino,0.950
FI,1964,NDJFM,snow_cover_days,134.083,7.862,-1.874,12,elnino,0.950
FI,1964,NDJFM,snow_depth,27.932,6.062,-4.573,12,elnino,0.950
FI,1964,NDJFM,snow_max,51.083,0.752,-11.116,12,elnino,0.950
FI,1964,NDJFM,thaw_days,59.167,-8.137,8.877,12,elnino,0.950
FI,1964,NDJFM,tmax_mean,-2.671,-0.659,1.411,12,elnino,0.950
FI,1964,NDJFM,tmean,-6.454,-1.178,1.167,12,elnino,0.950
FI,1964,NDJFM,tmin_mean,-10.899,-1.990,0.887,12,elnino,0.950
FI,1965,DJF,frost_days,84.000,2.547,-2.613,12,lanina,-0.510
FI,1965,DJF,ice_days,63.583,5.945,-4.876,12,lanina,-0.510
FI,1965,DJF,precip,122.508,4.877,27.045,12,lanina,-0.510
FI,1965,DJF,precip_days,33.167,4.714,6.734,12,lanina,-0.510
FI,1965,DJF,rain_on_snow_days,4.750,0.897,2.512,12,lanina,-0.510
FI,1965,DJF,snow_cover_days,86.833,6.058,0.029,12,lanina,-0.510
FI,1965,DJF,snow_depth,31.937,4.158,-2.190,12,lanina,-0.510
FI,1965,DJF,snow_max,53.917,3.338,-2.302,12,lanina,-0.510
FI,1965,DJF,thaw_days,25.500,-6.256,4.513,12,lanina,-0.510
FI,1965,DJF,tmax_mean,-4.403,-0.728,1.633,12,lanina,-0.510
FI,1965,DJF,tmean,-7.571,-0.672,2.029,12,lanina,-0.510
FI,1965,DJF,tmin_mean,-11.538,-0.970,2.348,12,lanina,-0.510
FI,1965,JFM,frost_days,85.917,3.405,-1.165,12,lanina,-0.510
FI,1965,JFM,ice_days,63.917,10.212,-0.608,12,lanina,-0.510
FI,1965,JFM,precip,94.158,-4.124,11.328,12,lanina,-0.510
FI,1965,JFM,precip_days,29.583,4.433,6.174,12,lanina,-0.510
FI,1965,JFM,rain_on_snow_days,4.250,0.012,1.819,12,lanina,-0.510
FI,1965,JFM,snow_cover_days,89.750,4.514,0.299,12,lanina,-0.510
FI,1965,JFM,snow_depth,43.374,7.071,-1.480,12,lanina,-0.510
FI,1965,JFM,snow_max,62.000,10.676,0.042,12,lanina,-0.510
FI,1965,JFM,thaw_days,25.333,-10.423,0.345,12,lanina,-0.510
FI,1965,JFM,tmax_mean,-4.070,-1.260,0.868,12,lanina,-0.510
FI,1965,JFM,tmean,-7.820,-1.309,1.072,12,lanina,-0.510
FI,1965,JFM,tmin_mean,-12.363,-1.792,1.163,12,lanina,-0.510
FI,1965,NDJFM,frost_days,135.917,5.894,-2.934,12,lanina,-0.510
FI,1965,NDJFM,ice_days,95.333,12.813,-3.909,12,lanina,-0.510
FI,1965,NDJFM,precip,189.408,-4.147,20.275,12,lanina,-0.510
FI,1965,NDJFM,precip_days,51.417,5.143,6.731,12,lanina,-0.510
FI,1965,NDJFM,rain_on_snow_days,7.917,1.737,3.147,12,lanina,-0.510
FI,1965,NDJFM,snow_cover_days,135.167,9.291,-0.598,12,lanina,-0.510
FI,1965,NDJFM,snow_depth,30.425,4.008,-1.937,12,lanina,-0.510
FI,1965,NDJFM,snow_max,62.000,10.466,-0.034,12,lanina,-0.510
FI,1965,NDJFM,thaw_days,54.500,-12.804,3.830,12,lanina,-0.510
FI,1965,NDJFM,tmax_mean,-3.149,-1.137,0.889,12,lanina,-0.510
FI,1965,NDJFM,tmean,-6.499,-1.224,1.071,12,lanina,-0.510
FI,1965,NDJFM,tmin_mean,-10.590,-1.680,1.134,12,lanina,-0.510
FI,1966,DJF,frost_days,89.667,8.214,3.167,12,elnino,1.240
FI,1966,DJF,ice_days,83.833,26.195,15.593,12,elnino,1.240
FI,1966,DJF,precip,93.433,-23.180,-2.685,12,elnino,1.240
FI,1966,DJF,precip_days,27.083,-2.143,0.586,12,elnino,1.240
FI,1966,DJF,rain_on_snow_days,0.417,-2.389,-1.855,12,elnino,1.240
FI,1966,DJF,snow_cover_days,90.000,8.201,3.307,12,elnino,1.240
FI,1966,DJF,snow_depth,49.638,18.373,15.658,12,elnino,1.240
FI,1966,DJF,snow_max,73.250,21.053,17.194,12,elnino,1.240
FI,1966,DJF,thaw_days,5.833,-25.922,-15.371,12,elnino,1.240
FI,1966,DJF,tmax_mean,-10.963,-7.288,-4.973,12,elnino,1.240
FI,1966,DJF,tmean,-14.579,-7.680,-5.034,12,elnino,1.240
FI,1966,DJF,tmin_mean,-18.942,-8.374,-5.124,12,elnino,1.240
FI,1966,JFM,frost_days,89.667,7.155,2.708,12,elnino,1.240
FI,1966,JFM,ice_days,76.750,23.046,12.481,12,elnino,1.240
FI,1966,JFM,precip,75.008,-27.510,-8.424,12,elnino,1.240
FI,1966,JFM,precip_days,22.750,-3.995,-0.737,12,elnino,1.240
FI,1966,JFM,rain_on_snow_days,1.000,-2.560,-1.472,12,elnino,1.240
FI,1966,JFM,snow_cover_days,90.000,4.943,0.677,12,elnino,1.240
FI,1966,JFM,snow_depth,61.332,20.720,16.680,12,elnino,1.240
FI,1966,JFM,snow_max,78.833,22.105,17.049,12,elnino,1.240
FI,1966,JFM,thaw_days,13.167,-22.590,-12.076,12,elnino,1.240
FI,1966,JFM,tmax_mean,-10.306,-7.496,-5.415,12,elnino,1.240
FI,1966,JFM,tmean,-14.478,-7.967,-5.640,12,elnino,1.240
FI,1966,JFM,tmin_mean,-19.407,-8.836,-5.949,12,elnino,1.240
FI,1966,NDJFM,frost_days,145.000,14.977,6.372,12,elnino,1.240
FI,1966,NDJFM,ice_days,124.333,41.813,25.471,12,elnino,1.240
FI,1966,NDJFM,precip,159.733,-36.019,-10.314,12,elnino,1.240
FI,1966,NDJFM,precip_days,44.417,-2.714,-0.351,12,elnino,1.240
FI,1966,NDJFM,rain_on_snow_days,1.833,-3.406,-2.980,12,elnino,1.240
FI,1966,NDJFM,snow_cover_days,141.000,13.719,5.429,12,elnino,1.240
FI,1966,NDJFM,snow_depth,45.354,16.162,13.134,12,elnino,1.240
FI,1966,NDJFM,snow_max,78.833,21.895,16.965,12,elnino,1.240
FI,1966,NDJFM,thaw_days,26.167,-41.137,-24.883,12,elnino,1.240
FI,1966,NDJFM,tmax_mean,-8.243,-6.231,-4.249,12,elnino,1.240
FI,1966,NDJFM,tmean,-11.896,-6.621,-4.377,12,elnino,1.240
FI,1966,NDJFM,tmin_mean,-16.174,-7.265,-4.513,12,elnino,1.240
FI,1967,DJF,frost_days,87.333,5.881,0.948,12,neutral,-0.460
FI,1967,DJF,ice_days,73.083,15.445,5.061,12,neutral,-0.460
FI,1967,DJF,precip,92.633,-24.080,-4.141,12,neutral,-0.460
FI,1967,DJF,precip_days,28.083,-1.857,1.522,12,neutral,-0.460
FI,1967,DJF,rain_on_snow_days,1.750,-1.961,-0.554,12,neutral,-0.460
FI,1967,DJF,snow_cover_days,86.833,5.915,0.251,12,neutral,-0.460
FI,1967,DJF,snow_depth,35.721,6.117,1.887,12,neutral,-0.460
FI,1967,DJF,snow_max,59.333,8.481,3.439,12,neutral,-0.460
FI,1967,DJF,thaw_days,16.333,-15.422,-5.089,12,neutral,-0.460
FI,1967,DJF,tmax_mean,-6.629,-2.954,-0.685,12,neutral,-0.460
FI,1967,DJF,tmean,-9.899,-3.000,-0.408,12,neutral,-0.460
FI,1967,DJF,tmin_mean,-13.947,-3.379,-0.197,12,neutral,-0.460
FI,1967,JFM,frost_days,81.833,-0.679,-5.001,12,neutral,-0.460
FI,1967,JFM,ice_days,54.167,0.462,-9.847,12,neutral,-0.460
FI,1967,JFM,precip,96.133,-3.067,12.099,12,neutral,-0.460
FI,1967,JFM,precip_days,29.833,3.433,6.269,12,neutral,-0.460
FI,1967,JFM,rain_on_snow_days,6.583,2.012,4.070,12,neutral,-0.460
FI,1967,JFM,snow_cover_days,89.167,4.943,-0.029,12,neutral,-0.460
FI,1967,JFM,snow_depth,45.653,7.725,1.204,12,neutral,-0.460
FI,1967,JFM,snow_max,64.167,8.248,2.557,12,neutral,-0.460
FI,1967,JFM,thaw_days,35.083,-0.674,9.586,12,neutral,-0.460
FI,1967,JFM,tmax_mean,-4.303,-1.492,0.542,12,neutral,-0.460
FI,1967,JFM,tmean,-7.737,-1.226,1.047,12,neutral,-0.460
FI,1967,JFM,tmin_mean,-11.974,-1.402,1.417,12,neutral,-0.460
FI,1967,NDJFM,frost_days,129.417,-0.606,-8.990,12,neutral,-0.460
FI,1967,NDJFM,ice_days,83.583,1.063,-14.899,12,neutral,-0.460
FI,1967,NDJFM,precip,185.775,-6.490,14.813,12,neutral,-0.460
FI,1967,NDJFM,precip_days,53.500,6.286,8.650,12,neutral,-0.460
FI,1967,NDJFM,rain_on_snow_days,9.500,2.737,4.643,12,neutral,-0.460
FI,1967,NDJFM,snow_cover_days,130.000,6.005,-5.378,12,neutral,-0.460
FI,1967,NDJFM,snow_depth,31.409,4.892,-0.669,12,neutral,-0.460
FI,1967,NDJFM,snow_max,64.167,8.037,2.464,12,neutral,-0.460
FI,1967,NDJFM,thaw_days,66.250,-1.054,14.821,12,neutral,-0.460
FI,1967,NDJFM,tmax_mean,-3.187,-1.175,0.763,12,neutral,-0.460
FI,1967,NDJFM,tmean,-6.078,-0.802,1.390,12,neutral,-0.460
FI,1967,NDJFM,tmin_mean,-9.627,-0.718,1.971,12,neutral,-0.460
FI,1968,DJF,frost_days,90.333,8.881,4.062,12,neutral,-0.620
FI,1968,DJF,ice_days,79.495,21.857,11.691,12,neutral,-0.620
FI,1968,DJF,precip,81.342,-35.209,-16.089,12,neutral,-0.620
FI,1968,DJF,precip_days,23.833,-5.143,-2.792,12,neutral,-0.620
FI,1968,DJF,rain_on_snow_days,0.583,-2.818,-1.754,12,neutral,-0.620
FI,1968,DJF,snow_cover_days,88.833,7.486,2.363,12,neutral,-0.620
FI,1968,DJF,snow_depth,30.255,1.185,-3.433,12,neutral,-0.620
FI,1968,DJF,snow_max,54.833,4.053,-0.898,12,neutral,-0.620
FI,1968,DJF,thaw_days,10.921,-20.834,-10.719,12,neutral,-0.620
FI,1968,DJF,tmax_mean,-9.879,-6.203,-3.981,12,neutral,-0.620
FI,1968,DJF,tmean,-13.896,-6.997,-4.460,12,neutral,-0.620
FI,1968,DJF,tmin_mean,-18.688,-8.120,-5.006,12,neutral,-0.620
FI,1968,JFM,frost_days,86.499,3.987,-0.212,12,neutral,-0.620
FI,1968,JFM,ice_days,67.000,13.295,3.242,12,neutral,-0.620
FI,1968,JFM,precip,86.158,-17.953,1.522,12,neutral,-0.620
FI,1968,JFM,precip_days,27.917,1.719,4.275,12,neutral,-0.620
FI,1968,JFM,rain_on_snow_days,3.083,-0.560,0.529,12,neutral,-0.620
FI,1968,JFM,snow_cover_days,90.583,5.657,1.515,12,neutral,-0.620
FI,1968,JFM,snow_depth,41.059,2.091,-3.186,12,neutral,-0.620
FI,1968,JFM,snow_max,59.000,1.248,-2.436,12,neutral,-0.620
FI,1968,JFM,thaw_days,22.917,-12.840,-2.835,12,neutral,-0.620
FI,1968,JFM,tmax_mean,-6.595,-3.785,-1.797,12,neutral,-0.620
FI,1968,JFM,tmean,-10.468,-3.957,-1.738,12,neutral,-0.620
FI,1968,JFM,tmin_mean,-15.309,-4.738,-1.986,12,neutral,-0.620
FI,1968,NDJFM,frost_days,131.325,1.302,-6.859,12,neutral,-0.620
FI,1968,NDJFM,ice_days,98.728,16.208,0.627,12,neutral,-0.620
FI,1968,NDJFM,precip,159.900,-37.533,-11.975,12,neutral,-0.620
FI,1968,NDJFM,precip_days,46.333,-1.000,1.401,12,neutral,-0.620
FI,1968,NDJFM,rain_on_snow_days,4.667,-0.977,-0.233,12,neutral,-0.620
FI,1968,NDJFM,snow_cover_days,127.583,3.005,-7.601,12,neutral,-0.620
FI,1968,NDJFM,snow_depth,27.686,-0.080,-4.251,12,neutral,-0.620
FI,1968,NDJFM,snow_max,59.000,1.037,-2.537,12,neutral,-0.620
FI,1968,NDJFM,thaw_days,51.855,-15.449,0.045,12,neutral,-0.620
FI,1968,NDJFM,tmax_mean,-5.232,-3.220,-1.326,12,neutral,-0.620
FI,1968,NDJFM,tmean,-8.805,-3.529,-1.387,12,neutral,-0.620
FI,1968,NDJFM,tmin_mean,-13.095,-4.185,-1.559,12,neutral,-0.620
FI,1969,DJF,frost_days,89.250,7.797,3.093,12,elnino,0.980
FI,1969,DJF,ice_days,74.996,17.358,7.410,12,elnino,0.980
FI,1969,DJF,precip,76.617,-34.951,-21.470,12,elnino,0.980
FI,1969,DJF,precip_days,23.167,-5.143,-3.523,12,elnino,0.980
FI,1969,DJF,rain_on_snow_days,0.167,-2.961,-2.203,12,elnino,0.980
FI,1969,DJF,snow_cover_days,85.167,5.629,-1.193,12,elnino,0.980
FI,1969,DJF,snow_depth,40.630,15.612,7.088,12,elnino,0.980
FI,1969,DJF,snow_max,64.583,18.910,9.014,12,elnino,0.980
FI,1969,DJF,thaw_days,14.004,-17.752,-7.854,12,elnino,0.980
FI,1969,DJF,tmax_mean,-6.436,-2.760,-0.584,12,elnino,0.980
FI,1969,DJF,tmean,-9.716,-2.817,-0.334,12,elnino,0.980
FI,1969,DJF,tmin_mean,-13.814,-3.246,-0.200,12,elnino,0.980
FI,1969,JFM,frost_days,89.917,7.405,3.329,12,elnino,0.980
FI,1969,JFM,ice_days,77.224,23.519,13.721,12,elnino,0.980
FI,1969,JFM,precip,61.400,-36.053,-23.839,12,elnino,0.980
FI,1969,JFM,precip_days,18.083,-6.995,-5.636,12,elnino,0.980
FI,1969,JFM,rain_on_snow_days,0.167,-3.274,-2.428,12,elnino,0.980
FI,1969,JFM,snow_cover_days,90.000,4.943,1.059,12,elnino,0.980
FI,1969,JFM,snow_depth,53.968,18.879,9.924,12,elnino,0.980
FI,1969,JFM,snow_max,69.500,17.962,8.239,12,elnino,0.980
FI,1969,JFM,thaw_days,12.191,-23.566,-13.816,12,elnino,0.980
FI,1969,JFM,tmax_mean,-6.809,-3.999,-2.058,12,elnino,0.980
FI,1969,JFM,tmean,-11.365,-4.854,-2.688,12,elnino,0.980
FI,1969,JFM,tmin_mean,-16.624,-6.053,-3.369,12,elnino,0.980
FI,1969,NDJFM,frost_days,146.583,16.560,8.621,12,elnino,0.980
FI,1969,NDJFM,ice_days,114.468,31.947,16.746,12,elnino,0.980
FI,1969,NDJFM,precip,132.267,-57.433,-40.523,12,elnino,0.980
FI,1969,NDJFM,precip_days,36.000,-10.000,-9.015,12,elnino,0.980
FI,1969,NDJFM,rain_on_snow_days,1.583,-4.406,-3.359,12,elnino,0.980
FI,1969,NDJFM,snow_cover_days,140.417,15.291,5.426,12,elnino,0.980
FI,1969,NDJFM,snow_depth,40.514,16.560,8.719,12,elnino,0.980
FI,1969,NDJFM,snow_max,69.500,17.752,8.128,12,elnino,0.980
FI,1969,NDJFM,thaw_days,35.115,-32.189,-17.075,12,elnino,0.980
FI,1969,NDJFM,tmax_mean,-4.646,-2.635,-0.785,12,elnino,0.980
FI,1969,NDJFM,tmean,-8.321,-3.046,-0.955,12,elnino,0.980
FI,1969,NDJFM,tmin_mean,-12.690,-3.780,-1.217,12,elnino,0.980
FI,1970,DJF,frost_days,89.333,7.881,3.291,12,neutral,0.460
FI,1970,DJF,ice_days,84.833,27.195,17.465,12,neutral,0.460
FI,1970,DJF,precip,57.817,-62.423,-40.926,12,neutral,0.460
FI,1970,DJF,precip_days,17.500,-11.143,-9.255,12,neutral,0.460
FI,1970,DJF,rain_on_snow_days,0.000,-3.103,-2.403,12,neutral,0.460
FI,1970,DJF,snow_cover_days,89.667,7.629,3.419,12,neutral,0.460
FI,1970,DJF,snow_depth,35.362,7.001,1.967,12,neutral,0.460
FI,1970,DJF,snow_max,52.833,2.338,-2.573,12,neutral,0.460
FI,1970,DJF,thaw_days,4.750,-27.005,-17.325,12,neutral,0.460
FI,1970,DJF,tmax_mean,-8.596,-4.920,-2.791,12,neutral,0.460
FI,1970,DJF,tmean,-12.261,-5.362,-2.933,12,neutral,0.460
FI,1970,DJF,tmin_mean,-16.930,-6.362,-3.384,12,neutral,0.460
FI,1970,JFM,frost_days,89.333,6.821,2.869,12,neutral,0.460
FI,1970,JFM,ice_days,75.250,21.546,12.003,12,neutral,0.460
FI,1970,JFM,precip,70.867,-32.239,-14.974,12,neutral,0.460
FI,1970,JFM,precip_days,21.333,-3.995,-2.463,12,neutral,0.460
FI,1970,JFM,rain_on_snow_days,0.667,-2.560,-1.969,12,neutral,0.460
FI,1970,JFM,snow_cover_days,90.000,4.943,1.187,12,neutral,0.460
FI,1970,JFM,snow_depth,47.383,9.457,3.543,12,neutral,0.460
FI,1970,JFM,snow_max,65.000,10.533,3.913,12,neutral,0.460
FI,1970,JFM,thaw_days,14.083,-21.674,-12.178,12,neutral,0.460
FI,1970,JFM,tmax_mean,-6.711,-3.900,-2.007,12,neutral,0.460
FI,1970,JFM,tmean,-10.397,-3.886,-1.774,12,neutral,0.460
FI,1970,JFM,tmin_mean,-14.937,-4.366,-1.750,12,neutral,0.460
FI,1970,NDJFM,frost_days,143.241,13.218,5.501,12,neutral,0.460
FI,1970,NDJFM,ice_days,116.500,33.980,19.159,12,neutral,0.460
FI,1970,NDJFM,precip,166.850,-34.319,-6.853,12,neutral,0.460
FI,1970,NDJFM,precip_days,43.500,-3.143,-1.598,12,neutral,0.460
FI,1970,NDJFM,rain_on_snow_days,3.250,-2.834,-1.736,12,neutral,0.460
FI,1970,NDJFM,snow_cover_days,143.083,14.577,8.286,12,neutral,0.460
FI,1970,NDJFM,snow_depth,35.038,7.943,3.386,12,neutral,0.460
FI,1970,NDJFM,snow_max,65.000,10.323,3.794,12,neutral,0.460
FI,1970,NDJFM,thaw_days,33.583,-33.720,-18.986,12,neutral,0.460
FI,1970,NDJFM,tmax_mean,-5.327,-3.315,-1.510,12,neutral,0.460
FI,1970,NDJFM,tmean,-8.605,-3.329,-1.289,12,neutral,0.460
FI,1970,NDJFM,tmin_mean,-12.785,-3.876,-1.375,12,neutral,0.460
FI,1971,DJF,frost_days,81.333,-0.119,-4.595,12,lanina,-1.290
FI,1971,DJF,ice_days,58.917,1.278,-8.234,12,lanina,-1.290
FI,1971,DJF,precip,120.433,-2.180,21.035,12,lanina,-1.290
FI,1971,DJF,precip_days,31.917,1.714,5.098,12,lanina,-1.290
FI,1971,DJF,rain_on_snow_days,3.833,0.039,1.398,12,lanina,-1.290
FI,1971,DJF,snow_cover_days,83.083,2.915,-3.054,12,lanina,-1.290
FI,1971,DJF,snow_depth,24.439,-1.888,-8.809,12,lanina,-1.290
FI,1971,DJF,snow_max,46.583,-1.090,-8.661,12,lanina,-1.290
FI,1971,DJF,thaw_days,30.500,-1.256,8.207,12,lanina,-1.290
FI,1971,DJF,tmax_mean,-4.070,-0.395,1.688,12,lanina,-1.290
FI,1971,DJF,tmean,-7.316,-0.417,1.959,12,lanina,-1.290
FI,1971,DJF,tmin_mean,-11.239,-0.671,2.239,12,lanina,-1.290
FI,1971,JFM,frost_days,82.083,-0.429,-4.257,12,lanina,-1.290
FI,1971,JFM,ice_days,61.500,7.795,-1.491,12,lanina,-1.290
FI,1971,JFM,precip,108.967,1.433,22.523,12,lanina,-1.290
FI,1971,JFM,precip_days,31.083,3.148,7.209,12,lanina,-1.290
FI,1971,JFM,rain_on_snow_days,4.167,0.440,1.490,12,lanina,-1.290
FI,1971,JFM,snow_cover_days,88.333,4.229,-0.352,12,lanina,-1.290
FI,1971,JFM,snow_depth,36.180,0.136,-7.458,12,lanina,-1.290
FI,1971,JFM,snow_max,61.333,5.391,0.421,12,lanina,-1.290
FI,1971,JFM,thaw_days,28.000,-7.757,1.484,12,lanina,-1.290
FI,1971,JFM,tmax_mean,-4.542,-1.731,0.115,12,lanina,-1.290
FI,1971,JFM,tmean,-8.406,-1.896,0.162,12,lanina,-1.290
FI,1971,JFM,tmin_mean,-12.900,-2.329,0.220,12,lanina,-1.290
FI,1971,NDJFM,frost_days,134.583,4.560,-2.934,12,lanina,-1.290
FI,1971,NDJFM,ice_days,97.750,15.230,0.789,12,lanina,-1.290
FI,1971,NDJFM,precip,191.333,-10.790,16.716,12,lanina,-1.290
FI,1971,NDJFM,precip_days,51.333,2.714,6.154,12,lanina,-1.290
FI,1971,NDJFM,rain_on_snow_days,6.417,0.452,1.388,12,lanina,-1.290
FI,1971,NDJFM,snow_cover_days,140.583,13.719,5.979,12,lanina,-1.290
FI,1971,NDJFM,snow_depth,26.787,0.828,-4.723,12,lanina,-1.290
FI,1971,NDJFM,snow_max,61.333,5.180,0.293,12,lanina,-1.290
FI,1971,NDJFM,thaw_days,52.417,-14.887,-0.532,12,lanina,-1.290
FI,1971,NDJFM,tmax_mean,-3.570,-1.558,0.202,12,lanina,-1.290
FI,1971,NDJFM,tmean,-7.025,-1.750,0.240,12,lanina,-1.290
FI,1971,NDJFM,tmin_mean,-11.105,-2.195,0.243,12,lanina,-1.290
FI,1972,DJF,frost_days,88.833,7.381,3.019,12,lanina,-0.570
FI,1972,DJF,ice_days,67.083,9.445,0.151,12,lanina,-0.570
FI,1972,DJF,precip,71.200,-51.223,-28.855,12,lanina,-0.570
FI,1972,DJF,precip_days,19.083,-11.000,-7.800,12,lanina,-0.570
FI,1972,DJF,rain_on_snow_days,1.167,-2.389,-1.302,12,lanina,-0.570
FI,1972,DJF,snow_cover_days,88.333,6.058,2.308,12,lanina,-0.570
FI,1972,DJF,snow_depth,28.547,0.017,-4.555,12,lanina,-0.570
FI,1972,DJF,snow_max,49.250,-0.662,-5.831,12,lanina,-0.570
FI,1972,DJF,thaw_days,22.750,-9.005,0.239,12,lanina,-0.570
FI,1972,DJF,tmax_mean,-4.484,-0.809,1.228,12,lanina,-0.570
FI,1972,DJF,tmean,-7.732,-0.833,1.488,12,lanina,-0.570
FI,1972,DJF,tmin_mean,-11.751,-1.183,1.660,12,lanina,-0.570
FI,1972,JFM,frost_days,89.000,6.488,2.783,12,lanina,-0.570
FI,1972,JFM,ice_days,64.667,10.962,1.931,12,lanina,-0.570
FI,1972,JFM,precip,51.642,-51.881,-35.404,12,lanina,-0.570
FI,1972,JFM,precip_days,13.000,-13.567,-10.952,12,lanina,-0.570
FI,1972,JFM,rain_on_snow_days,1.083,-2.417,-1.635,12,lanina,-0.570
FI,1972,JFM,snow_cover_days,90.333,4.800,1.775,12,lanina,-0.570
FI,1972,JFM,snow_depth,33.201,-4.476,-10.235,12,lanina,-0.570
FI,1972,JFM,snow_max,49.917,-5.324,-10.822,12,lanina,-0.570
FI,1972,JFM,thaw_days,25.833,-9.923,-0.937,12,lanina,-0.570
FI,1972,JFM,tmax_mean,-3.691,-0.880,0.920,12,lanina,-0.570
FI,1972,JFM,tmean,-7.339,-0.828,1.177,12,lanina,-0.570
FI,1972,JFM,tmin_mean,-11.610,-1.039,1.442,12,lanina,-0.570
FI,1972,NDJFM,frost_days,143.917,13.894,6.621,12,lanina,-0.570
FI,1972,NDJFM,ice_days,98.333,15.813,1.753,12,lanina,-0.570
FI,1972,NDJFM,precip,126.508,-72.904,-49.022,12,lanina,-0.570
FI,1972,NDJFM,precip_days,34.000,-13.714,-11.262,12,lanina,-0.570
FI,1972,NDJFM,rain_on_snow_days,2.833,-3.120,-2.239,12,lanina,-0.570
FI,1972,NDJFM,snow_cover_days,140.917,12.719,6.506,12,lanina,-0.570
FI,1972,NDJFM,snow_depth,25.793,-1.023,-5.576,12,lanina,-0.570
FI,1972,NDJFM,snow_max,49.917,-5.534,-10.958,12,lanina,-0.570
FI,1972,NDJFM,thaw_days,52.167,-15.137,-1.162,12,lanina,-0.570
FI,1972,NDJFM,tmax_mean,-3.220,-1.208,0.508,12,lanina,-0.570
FI,1972,NDJFM,tmean,-6.762,-1.486,0.452,12,lanina,-0.570
FI,1972,NDJFM,tmin_mean,-11.020,-2.111,0.264,12,lanina,-0.570
FI,1973,DJF,frost_days,75.583,-5.869,-10.117,12,elnino,1.550
FI,1973,DJF,ice_days,43.583,-14.055,-23.131,12,elnino,1.550
FI,1973,DJF,precip,86.925,-32.280,-13.785,12,elnino,1.550
FI,1973,DJF,precip_days,24.250,-5.143,-2.698,12,elnino,1.550
FI,1973,DJF,rain_on_snow_days,4.167,0.039,1.666,12,elnino,1.550
FI,1973,DJF,snow_cover_days,63.583,-15.228,-22.331,12,elnino,1.550
FI,1973,DJF,snow_depth,19.343,-3.061,-13.613,12,elnino,1.550
FI,1973,DJF,snow_max,37.333,-6.233,-17.586,12,elnino,1.550
FI,1973,DJF,thaw_days,44.917,13.161,22.188,12,elnino,1.550
FI,1973,DJF,tmax_mean,-1.125,2.550,4.541,12,elnino,1.550
FI,1973,DJF,tmean,-4.005,2.894,5.161,12,elnino,1.550
FI,1973,DJF,tmin_mean,-7.485,3.083,5.857,12,elnino,1.550
FI,1973,JFM,frost_days,82.250,-0.262,-3.844,12,elnino,1.550
FI,1973,JFM,ice_days,49.833,-3.871,-12.647,12,elnino,1.550
FI,1973,JFM,precip,76.825,-24.124,-10.822,12,elnino,1.550
FI,1973,JFM,precip_days,21.667,-4.567,-2.362,12,elnino,1.550
FI,1973,JFM,rain_on_snow_days,3.500,-0.560,0.741,12,elnino,1.550
FI,1973,JFM,snow_cover_days,79.667,-3.200,-8.764,12,elnino,1.550
FI,1973,JFM,snow_depth,27.455,-3.691,-15.778,12,elnino,1.550
FI,1973,JFM,snow_max,45.750,-3.181,-14.814,12,elnino,1.550
FI,1973,JFM,thaw_days,39.000,3.243,11.974,12,elnino,1.550
FI,1973,JFM,tmax_mean,-1.440,1.371,3.124,12,elnino,1.550
FI,1973,JFM,tmean,-5.064,1.447,3.397,12,elnino,1.550
FI,1973,JFM,tmin_mean,-9.220,1.351,3.764,12,elnino,1.550
FI,1973,NDJFM,frost_days,127.833,-2.190,-9.240,12,elnino,1.550
FI,1973,NDJFM,ice_days,72.333,-10.187,-23.867,12,elnino,1.550
FI,1973,NDJFM,precip,163.433,-33.333,-13.011,12,elnino,1.550
FI,1973,NDJFM,precip_days,45.083,-2.571,-0.261,12,elnino,1.550
FI,1973,NDJFM,rain_on_snow_days,7.167,0.309,2.052,12,elnino,1.550
FI,1973,NDJFM,snow_cover_days,116.167,-7.709,-18.051,12,elnino,1.550
FI,1973,NDJFM,snow_depth,21.766,-0.030,-9.460,12,elnino,1.550
FI,1973,NDJFM,snow_max,45.750,-3.391,-14.959,12,elnino,1.550
FI,1973,NDJFM,thaw_days,76.750,9.446,23.042,12,elnino,1.550
FI,1973,NDJFM,tmax_mean,-0.618,1.394,3.066,12,elnino,1.550
FI,1973,NDJFM,tmean,-3.693,1.583,3.470,12,elnino,1.550
FI,1973,NDJFM,tmin_mean,-7.343,1.567,3.879,12,elnino,1.550
FI,1974,DJF,frost_days,85.333,3.881,-0.253,12,lanina,-1.870
FI,1974,DJF,ice_days,58.333,0.695,-8.162,12,lanina,-1.870
FI,1974,DJF,precip,126.358,14.106,24.992,12,lanina,-1.870
FI,1974,DJF,precip_days,32.000,3.714,4.988,12,lanina,-1.870
FI,1974,DJF,rain_on_snow_days,2.917,-0.532,0.383,12,lanina,-1.870
FI,1974,DJF,snow_cover_days,90.000,8.201,4.197,12,lanina,-1.870
FI,1974,DJF,snow_depth,42.614,14.701,9.805,12,lanina,-1.870
FI,1974,DJF,snow_max,69.667,20.910,14.910,12,lanina,-1.870
FI,1974,DJF,thaw_days,30.417,-1.339,7.470,12,lanina,-1.870
FI,1974,DJF,tmax_mean,-3.961,-0.285,1.659,12,lanina,-1.870
FI,1974,DJF,tmean,-7.087,-0.189,2.024,12,lanina,-1.870
FI,1974,DJF,tmin_mean,-11.025,-0.457,2.249,12,lanina,-1.870
FI,1974,JFM,frost_days,85.750,3.238,-0.221,12,lanina,-1.870
FI,1974,JFM,ice_days,46.667,-7.038,-15.557,12,lanina,-1.870
FI,1974,JFM,precip,104.675,3.447,16.425,12,lanina,-1.870
FI,1974,JFM,precip_days,25.083,-0.424,0.977,12,lanina,-1.870
FI,1974,JFM,rain_on_snow_days,2.417,-1.131,-0.384,12,lanina,-1.870
FI,1974,JFM,snow_cover_days,90.000,4.943,1.697,12,lanina,-1.870
FI,1974,JFM,snow_depth,51.544,15.574,8.513,12,lanina,-1.870
FI,1974,JFM,snow_max,70.417,16.676,10.027,12,lanina,-1.870
FI,1974,JFM,thaw_days,41.917,6.160,14.637,12,lanina,-1.870
FI,1974,JFM,tmax_mean,-0.926,1.884,3.590,12,lanina,-1.870
FI,1974,JFM,tmean,-4.158,2.353,4.250,12,lanina,-1.870
FI,1974,JFM,tmin_mean,-7.974,2.597,4.942,12,lanina,-1.870
FI,1974,NDJFM,frost_days,141.333,11.310,4.482,12,lanina,-1.870
FI,1974,NDJFM,ice_days,88.500,5.980,-7.320,12,lanina,-1.870
FI,1974,NDJFM,precip,182.517,-10.176,5.158,12,lanina,-1.870
FI,1974,NDJFM,precip_days,45.333,-0.429,-0.093,12,lanina,-1.870
FI,1974,NDJFM,rain_on_snow_days,3.583,-1.977,-1.575,12,lanina,-1.870
FI,1974,NDJFM,snow_cover_days,142.417,15.577,8.393,12,lanina,-1.870
FI,1974,NDJFM,snow_depth,39.375,13.106,8.291,12,lanina,-1.870
FI,1974,NDJFM,snow_max,70.750,16.466,10.206,12,lanina,-1.870
FI,1974,NDJFM,thaw_days,60.750,-6.554,6.662,12,lanina,-1.870
FI,1974,NDJFM,tmax_mean,-2.641,-0.629,0.999,12,lanina,-1.870
FI,1974,NDJFM,tmean,-6.010,-0.735,1.102,12,lanina,-1.870
FI,1974,NDJFM,tmin_mean,-10.078,-1.168,1.081,12,lanina,-1.870
FI,1975,DJF,frost_days,76.750,-4.703,-8.722,12,lanina,-0.560
FI,1975,DJF,ice_days,40.538,-17.100,-25.739,12,lanina,-0.560
FI,1975,DJF,precip,129.625,10.091,27.602,12,lanina,-0.560
FI,1975,DJF,precip_days,32.583,3.000,5.506,12,lanina,-0.560
FI,1975,DJF,rain_on_snow_days,6.167,2.468,3.600,12,lanina,-0.560
FI,1975,DJF,snow_cover_days,78.917,-1.942,-6.775,12,lanina,-0.560
FI,1975,DJF,snow_depth,24.807,-1.612,-7.855,12,lanina,-0.560
FI,1975,DJF,snow_max,39.083,-9.090,-15.510,12,lanina,-0.560
FI,1975,DJF,thaw_days,48.627,16.872,25.463,12,lanina,-0.560
FI,1975,DJF,tmax_mean,-1.369,2.307,4.205,12,lanina,-0.560
FI,1975,DJF,tmean,-4.267,2.632,4.790,12,lanina,-0.560
FI,1975,DJF,tmin_mean,-7.760,2.808,5.447,12,lanina,-0.560
FI,1975,JFM,frost_days,80.000,-2.512,-5.847,12,lanina,-0.560
FI,1975,JFM,ice_days,35.917,-17.788,-26.052,12,lanina,-0.560
FI,1975,JFM,precip,80.150,-17.496,-8.702,12,lanina,-0.560
FI,1975,JFM,precip_days,20.917,-4.852,-3.267,12,lanina,-0.560
FI,1975,JFM,rain_on_snow_days,3.667,0.154,0.825,12,lanina,-0.560
FI,1975,JFM,snow_cover_days,78.583,-3.343,-9.592,12,lanina,-0.560
FI,1975,JFM,snow_depth,27.342,-6.192,-15.486,12,lanina,-0.560
FI,1975,JFM,snow_max,40.167,-13.038,-20.049,12,lanina,-0.560
FI,1975,JFM,thaw_days,53.083,17.326,25.549,12,lanina,-0.560
FI,1975,JFM,tmax_mean,-0.752,2.058,3.718,12,lanina,-0.560
FI,1975,JFM,tmean,-4.199,2.312,4.155,12,lanina,-0.560
FI,1975,JFM,tmin_mean,-8.196,2.376,4.653,12,lanina,-0.560
FI,1975,NDJFM,frost_days,125.667,-4.356,-10.963,12,lanina,-0.560
FI,1975,NDJFM,ice_days,58.779,-23.741,-36.660,12,lanina,-0.560
FI,1975,NDJFM,precip,209.975,12.553,31.703,12,lanina,-0.560
FI,1975,NDJFM,precip_days,52.583,4.714,7.074,12,lanina,-0.560
FI,1975,NDJFM,rain_on_snow_days,8.917,2.594,3.715,12,lanina,-0.560
FI,1975,NDJFM,snow_cover_days,121.667,-3.138,-12.164,12,lanina,-0.560
FI,1975,NDJFM,snow_depth,21.537,-3.534,-9.405,12,lanina,-0.560
FI,1975,NDJFM,snow_max,40.167,-13.248,-20.212,12,lanina,-0.560
FI,1975,NDJFM,thaw_days,90.637,23.333,36.169,12,lanina,-0.560
FI,1975,NDJFM,tmax_mean,-0.325,1.687,3.270,12,lanina,-0.560
FI,1975,NDJFM,tmean,-3.121,2.155,3.941,12,lanina,-0.560
FI,1975,NDJFM,tmin_mean,-6.407,2.503,4.689,12,lanina,-0.560
FI,1976,DJF,frost_days,87.250,5.797,1.892,12,lanina,-1.490
FI,1976,DJF,ice_days,68.167,10.528,2.107,12,lanina,-1.490
FI,1976,DJF,precip,88.392,-29.423,-14.287,12,lanina,-1.490
FI,1976,DJF,precip_days,26.333,-2.572,-0.808,12,lanina,-1.490
FI,1976,DJF,rain_on_snow_days,2.500,-1.246,-0.100,12,lanina,-1.490
FI,1976,DJF,snow_cover_days,87.583,6.058,2.002,12,lanina,-1.490
FI,1976,DJF,snow_depth,29.948,2.200,-2.568,12,lanina,-1.490
FI,1976,DJF,snow_max,49.583,-1.233,-4.848,12,lanina,-1.490
FI,1976,DJF,thaw_days,22.333,-9.422,-1.049,12,lanina,-1.490
FI,1976,DJF,tmax_mean,-5.814,-2.139,-0.287,12,lanina,-1.490
FI,1976,DJF,tmean,-9.890,-2.991,-0.887,12,lanina,-1.490
FI,1976,DJF,tmin_mean,-14.643,-4.075,-1.505,12,lanina,-1.490
FI,1976,JFM,frost_days,88.917,6.405,3.193,12,lanina,-1.490
FI,1976,JFM,ice_days,75.250,21.546,13.537,12,lanina,-1.490
FI,1976,JFM,precip,70.700,-32.410,-18.754,12,lanina,-1.490
FI,1976,JFM,precip_days,21.167,-4.995,-3.095,12,lanina,-1.490
FI,1976,JFM,rain_on_snow_days,1.750,-1.560,-1.132,12,lanina,-1.490
FI,1976,JFM,snow_cover_days,90.583,5.229,2.535,12,lanina,-1.490
FI,1976,JFM,snow_depth,41.247,2.694,-1.378,12,lanina,-1.490
FI,1976,JFM,snow_max,56.583,-0.752,-3.458,12,lanina,-1.490
FI,1976,JFM,thaw_days,15.250,-20.507,-12.539,12,lanina,-1.490
FI,1976,JFM,tmax_mean,-6.251,-3.441,-1.828,12,lanina,-1.490
FI,1976,JFM,tmean,-10.439,-3.928,-2.139,12,lanina,-1.490
FI,1976,JFM,tmin_mean,-15.367,-4.796,-2.585,12,lanina,-1.490
FI,1976,NDJFM,frost_days,138.000,7.977,1.593,12,lanina,-1.490
FI,1976,NDJFM,ice_days,99.250,16.730,4.191,12,lanina,-1.490
FI,1976,NDJFM,precip,143.975,-53.876,-35.211,12,lanina,-1.490
FI,1976,NDJFM,precip_days,41.167,-6.143,-4.425,12,lanina,-1.490
FI,1976,NDJFM,rain_on_snow_days,4.500,-1.691,-0.745,12,lanina,-1.490
FI,1976,NDJFM,snow_cover_days,133.833,7.862,0.196,12,lanina,-1.490
FI,1976,NDJFM,snow_depth,28.493,1.272,-2.307,12,lanina,-1.490
FI,1976,NDJFM,snow_max,56.583,-0.963,-3.630,12,lanina,-1.490
FI,1976,NDJFM,thaw_days,51.583,-15.720,-3.265,12,lanina,-1.490
FI,1976,NDJFM,tmax_mean,-3.788,-1.776,-0.237,12,lanina,-1.490
FI,1976,NDJFM,tmean,-7.721,-2.445,-0.710,12,lanina,-1.490
FI,1976,NDJFM,tmin_mean,-12.325,-3.416,-1.292,12,lanina,-1.490
FI,1977,DJF,frost_days,85.500,4.047,0.256,12,elnino,0.710
FI,1977,DJF,ice_days,75.000,17.361,9.159,12,elnino,0.710
FI,1977,DJF,precip,97.967,-21.537,-5.368,12,elnino,0.710
FI,1977,DJF,precip_days,29.167,-0.572,1.961,12,elnino,0.710
FI,1977,DJF,rain_on_snow_days,1.167,-2.103,-1.466,12,elnino,0.710
FI,1977,DJF,snow_cover_days,85.500,4.058,0.030,12,elnino,0.710
FI,1977,DJF,snow_depth,34.561,7.374,2.192,12,elnino,0.710
FI,1977,DJF,snow_max,64.167,12.624,9.898,12,elnino,0.710
FI,1977,DJF,thaw_days,14.333,-17.422,-9.266,12,elnino,0.710
FI,1977,DJF,tmax_mean,-6.059,-2.383,-0.578,12,elnino,0.710
FI,1977,DJF,tmean,-9.057,-2.158,-0.108,12,elnino,0.710
FI,1977,DJF,tmin_mean,-12.672,-2.104,0.399,12,elnino,0.710
FI,1977,JFM,frost_days,85.000,2.488,-0.600,12,elnino,0.710
FI,1977,JFM,ice_days,67.833,14.129,6.376,12,elnino,0.710
FI,1977,JFM,precip,97.017,-4.939,6.960,12,elnino,0.710
FI,1977,JFM,precip_days,27.917,1.862,3.578,12,elnino,0.710
FI,1977,JFM,rain_on_snow_days,2.667,-1.131,-0.257,12,elnino,0.710
FI,1977,JFM,snow_cover_days,90.000,4.943,2.079,12,elnino,0.710
FI,1977,JFM,snow_depth,47.263,10.509,4.840,12,elnino,0.710
FI,1977,JFM,snow_max,69.500,13.248,9.633,12,elnino,0.710
FI,1977,JFM,thaw_days,21.667,-14.090,-6.378,12,elnino,0.710
FI,1977,JFM,tmax_mean,-4.761,-1.950,-0.385,12,elnino,0.710
FI,1977,JFM,tmean,-8.174,-1.663,0.073,12,elnino,0.710
FI,1977,JFM,tmin_mean,-12.253,-1.682,0.461,12,elnino,0.710
FI,1977,NDJFM,frost_days,133.583,3.560,-2.602,12,elnino,0.710
FI,1977,NDJFM,ice_days,101.250,18.730,6.571,12,elnino,0.710
FI,1977,NDJFM,precip,175.900,-25.290,-4.200,12,elnino,0.710
FI,1977,NDJFM,precip_days,50.500,2.429,4.826,12,elnino,0.710
FI,1977,NDJFM,rain_on_snow_days,5.583,-0.548,0.296,12,elnino,0.710
FI,1977,NDJFM,snow_cover_days,135.167,10.005,1.723,12,elnino,0.710
FI,1977,NDJFM,snow_depth,32.445,6.925,1.787,12,elnino,0.710
FI,1977,NDJFM,snow_max,69.500,13.037,9.453,12,elnino,0.710
FI,1977,NDJFM,thaw_days,48.500,-18.804,-6.728,12,elnino,0.710
FI,1977,NDJFM,tmax_mean,-3.852,-1.840,-0.345,12,elnino,0.710
FI,1977,NDJFM,tmean,-6.956,-1.680,0.004,12,elnino,0.710
FI,1977,NDJFM,tmin_mean,-10.675,-1.765,0.296,12,elnino,0.710
FI,1978,DJF,frost_days,87.000,5.547,1.870,12,elnino,0.710
FI,1978,DJF,ice_days,70.750,13.111,5.127,12,elnino,0.710
FI,1978,DJF,precip,58.125,-57.494,-45.866,12,elnino,0.710
FI,1978,DJF,precip_days,17.417,-11.429,-9.854,12,elnino,0.710
FI,1978,DJF,rain_on_snow_days,1.000,-2.103,-1.665,12,elnino,0.710
FI,1978,DJF,snow_cover_days,88.333,6.486,2.975,12,elnino,0.710
FI,1978,DJF,snow_depth,27.546,-1.069,-4.677,12,elnino,0.710
FI,1978,DJF,snow_max,46.000,-4.805,-8.106,12,elnino,0.710
FI,1978,DJF,thaw_days,17.917,-13.839,-5.901,12,elnino,0.710
FI,1978,DJF,tmax_mean,-6.623,-2.948,-1.189,12,elnino,0.710
FI,1978,DJF,tmean,-10.419,-3.521,-1.525,12,elnino,0.710
FI,1978,DJF,tmin_mean,-14.756,-4.188,-1.753,12,elnino,0.710
FI,1978,JFM,frost_days,83.333,0.821,-2.143,12,elnino,0.710
FI,1978,JFM,ice_days,63.667,9.962,2.465,12,elnino,0.710
FI,1978,JFM,precip,76.275,-25.539,-14.383,12,elnino,0.710
FI,1978,JFM,precip_days,20.250,-4.852,-4.166,12,elnino,0.710
FI,1978,JFM,rain_on_snow_days,4.250,0.869,1.286,12,elnino,0.710
FI,1978,JFM,snow_cover_days,90.000,4.943,2.207,12,elnino,0.710
FI,1978,JFM,snow_depth,37.048,-0.570,-5.172,12,elnino,0.710
FI,1978,JFM,snow_max,53.667,-1.895,-6.026,12,elnino,0.710
FI,1978,JFM,thaw_days,25.333,-10.423,-2.966,12,elnino,0.710
FI,1978,JFM,tmax_mean,-5.710,-2.899,-1.380,12,elnino,0.710
FI,1978,JFM,tmean,-9.646,-3.135,-1.453,12,elnino,0.710
FI,1978,JFM,tmin_mean,-14.062,-3.492,-1.417,12,elnino,0.710
FI,1978,NDJFM,frost_days,129.500,-0.523,-6.463,12,elnino,0.710
FI,1978,NDJFM,ice_days,96.167,13.646,1.868,12,elnino,0.710
FI,1978,NDJFM,precip,158.275,-33.747,-22.739,12,elnino,0.710
FI,1978,NDJFM,precip_days,40.750,-5.429,-5.006,12,elnino,0.710
FI,1978,NDJFM,rain_on_snow_days,5.583,-0.120,0.253,12,elnino,0.710
FI,1978,NDJFM,snow_cover_days,134.250,6.577,0.999,12,elnino,0.710
FI,1978,NDJFM,snow_depth,26.256,-0.712,-4.260,12,elnino,0.710
FI,1978,NDJFM,snow_max,53.667,-2.105,-6.215,12,elnino,0.710
FI,1978,NDJFM,thaw_days,52.833,-14.470,-2.774,12,elnino,0.710
FI,1978,NDJFM,tmax_mean,-4.062,-2.050,-0.599,12,elnino,0.710
FI,1978,NDJFM,tmean,-7.494,-2.218,-0.584,12,elnino,0.710
FI,1978,NDJFM,tmin_mean,-11.368,-2.459,-0.460,12,elnino,0.710
FI,1979,DJF,frost_days,89.667,8.214,4.651,12,neutral,0.190
FI,1979,DJF,ice_days,83.417,25.778,18.012,12,neutral,0.190
FI,1979,DJF,precip,69.892,-43.794,-34.755,12,neutral,0.190
FI,1979,DJF,precip_days,20.750,-7.143,-6.585,12,neutral,0.190
FI,1979,DJF,rain_on_snow_days,0.083,-2.961,-2.615,12,neutral,0.190
FI,1979,DJF,snow_cover_days,90.000,8.201,4.753,12,neutral,0.190
FI,1979,DJF,snow_depth,32.716,3.920,0.639,12,neutral,0.190
FI,1979,DJF,snow_max,56.917,6.910,2.973,12,neutral,0.190
FI,1979,DJF,thaw_days,6.167,-25.589,-17.869,12,neutral,0.190
FI,1979,DJF,tmax_mean,-9.735,-6.060,-4.347,12,neutral,0.190
FI,1979,DJF,tmean,-13.675,-6.776,-4.835,12,neutral,0.190
FI,1979,DJF,tmin_mean,-18.290,-7.722,-5.355,12,neutral,0.190
FI,1979,JFM,frost_days,87.750,5.238,2.397,12,neutral,0.190
FI,1979,JFM,ice_days,64.250,10.546,3.304,12,neutral,0.190
FI,1979,JFM,precip,81.950,-17.424,-9.310,12,neutral,0.190
FI,1979,JFM,precip_days,24.833,0.005,0.340,12,neutral,0.190
FI,1979,JFM,rain_on_snow_days,1.667,-1.417,-1.339,12,neutral,0.190
FI,1979,JFM,snow_cover_days,90.000,4.943,2.334,12,neutral,0.190
FI,1979,JFM,snow_depth,43.826,5.834,1.809,12,neutral,0.190
FI,1979,JFM,snow_max,58.167,3.248,-1.352,12,neutral,0.190
FI,1979,JFM,thaw_days,25.000,-10.757,-3.553,12,neutral,0.190
FI,1979,JFM,tmax_mean,-5.765,-2.954,-1.482,12,neutral,0.190
FI,1979,JFM,tmean,-9.383,-2.872,-1.243,12,neutral,0.190
FI,1979,JFM,tmin_mean,-13.549,-2.978,-0.971,12,neutral,0.190
FI,1979,NDJFM,frost_days,140.750,10.727,5.009,12,neutral,0.190
FI,1979,NDJFM,ice_days,104.250,21.730,10.332,12,neutral,0.190
FI,1979,NDJFM,precip,135.317,-57.590,-46.611,12,neutral,0.190
FI,1979,NDJFM,precip_days,39.167,-6.857,-6.672,12,neutral,0.190
FI,1979,NDJFM,rain_on_snow_days,2.667,-2.548,-2.707,12,neutral,0.190
FI,1979,NDJFM,snow_cover_days,136.000,10.005,2.943,12,neutral,0.190
FI,1979,NDJFM,snow_depth,30.253,2.993,-0.121,12,neutral,0.190
FI,1979,NDJFM,snow_max,58.167,3.037,-1.550,12,neutral,0.190
FI,1979,NDJFM,thaw_days,45.750,-21.554,-10.238,12,neutral,0.190
FI,1979,NDJFM,tmax_mean,-5.623,-3.611,-2.205,12,neutral,0.190
FI,1979,NDJFM,tmean,-9.253,-3.978,-2.395,12,neutral,0.190
FI,1979,NDJFM,tmin_mean,-13.437,-4.527,-2.591,12,neutral,0.190
FI,1980,DJF,frost_days,87.833,6.381,2.932,12,neutral,0.620
FI,1980,DJF,ice_days,72.917,15.278,7.730,12,neutral,0.620
FI,1980,DJF,precip,73.775,-48.080,-31.528,12,neutral,0.620
FI,1980,DJF,precip_days,21.500,-7.572,-5.899,12,neutral,0.620
FI,1980,DJF,rain_on_snow_days,1.583,-2.103,-1.148,12,neutral,0.620
FI,1980,DJF,snow_cover_days,88.667,6.343,3.531,12,neutral,0.620
FI,1980,DJF,snow_depth,33.851,7.073,1.921,12,neutral,0.620
FI,1980,DJF,snow_max,49.917,-0.805,-3.865,12,neutral,0.620
FI,1980,DJF,thaw_days,17.583,-14.172,-6.670,12,neutral,0.620
FI,1980,DJF,tmax_mean,-6.356,-2.680,-1.014,12,neutral,0.620
FI,1980,DJF,tmean,-10.019,-3.120,-1.233,12,neutral,0.620
FI,1980,DJF,tmin_mean,-14.301,-3.733,-1.434,12,neutral,0.620
FI,1980,JFM,frost_days,90.167,7.655,4.937,12,neutral,0.620
FI,1980,JFM,ice_days,77.167,23.462,16.476,12,neutral,0.620
FI,1980,JFM,precip,47.058,-55.839,-44.804,12,neutral,0.620
FI,1980,JFM,precip_days,14.833,-12.138,-9.738,12,neutral,0.620
FI,1980,JFM,rain_on_snow_days,1.250,-2.274,-1.796,12,neutral,0.620
FI,1980,JFM,snow_cover_days,91.000,5.943,3.462,12,neutral,0.620
FI,1980,JFM,snow_depth,43.236,5.964,1.422,12,neutral,0.620
FI,1980,JFM,snow_max,54.583,-0.895,-4.761,12,neutral,0.620
FI,1980,JFM,thaw_days,13.333,-22.424,-15.475,12,neutral,0.620
FI,1980,JFM,tmax_mean,-6.068,-3.258,-1.832,12,neutral,0.620
FI,1980,JFM,tmean,-10.549,-4.038,-2.463,12,neutral,0.620
FI,1980,JFM,tmin_mean,-15.572,-5.001,-3.061,12,neutral,0.620
FI,1980,NDJFM,frost_days,139.833,9.810,4.315,12,neutral,0.620
FI,1980,NDJFM,ice_days,106.000,23.480,12.462,12,neutral,0.620
FI,1980,NDJFM,precip,158.183,-44.747,-24.658,12,neutral,0.620
FI,1980,NDJFM,precip_days,40.333,-7.429,-5.588,12,neutral,0.620
FI,1980,NDJFM,rain_on_snow_days,5.417,-1.406,-0.000,12,neutral,0.620
FI,1980,NDJFM,snow_cover_days,139.333,11.862,6.469,12,neutral,0.620
FI,1980,NDJFM,snow_depth,32.178,6.106,1.946,12,neutral,0.620
FI,1980,NDJFM,snow_max,54.583,-1.105,-4.967,12,neutral,0.620
FI,1980,NDJFM,thaw_days,44.583,-22.720,-11.784,12,neutral,0.620
FI,1980,NDJFM,tmax_mean,-4.199,-2.187,-0.825,12,neutral,0.620
FI,1980,NDJFM,tmean,-7.919,-2.644,-1.111,12,neutral,0.620
FI,1980,NDJFM,tmin_mean,-12.130,-3.220,-1.347,12,neutral,0.620
FI,1981,DJF,frost_days,88.231,6.964,3.347,13,neutral,-0.270
FI,1981,DJF,ice_days,68.000,10.973,3.665,13,neutral,-0.270
FI,1981,DJF,precip,118.677,-6.423,11.756,13,neutral,-0.270
FI,1981,DJF,precip_days,31.231,0.571,3.550,13,neutral,-0.270
FI,1981,DJF,rain_on_snow_days,3.077,-0.246,0.142,13,neutral,-0.270
FI,1981,DJF,snow_cover_days,88.077,6.201,3.071,13,neutral,-0.270
FI,1981,DJF,snow_depth,50.780,18.565,19.270,13,neutral,-0.270
FI,1981,DJF,snow_max,68.923,14.481,15.447,13,neutral,-0.270
FI,1981,DJF,thaw_days,21.154,-11.198,-3.946,13,neutral,-0.270
FI,1981,DJF,tmax_mean,-4.965,-1.412,0.203,13,neutral,-0.270
FI,1981,DJF,tmean,-8.726,-1.984,-0.137,13,neutral,-0.270
FI,1981,DJF,tmin_mean,-13.463,-3.098,-0.836,13,neutral,-0.270
FI,1981,JFM,frost_days,88.692,6.308,3.570,13,neutral,-0.270
FI,1981,JFM,ice_days,70.385,17.335,10.699,13,neutral,-0.270
FI,1981,JFM,precip,100.954,-4.967,7.652,13,neutral,-0.270
FI,1981,JFM,precip_days,25.692,-0.281,0.904,13,neutral,-0.270
FI,1981,JFM,rain_on_snow_days,2.769,-0.703,-0.412,13,neutral,-0.270
FI,1981,JFM,snow_cover_days,90.000,4.943,2.755,13,neutral,-0.270
FI,1981,JFM,snow_depth,63.718,21.544,22.567,13,neutral,-0.270
FI,1981,JFM,snow_max,87.615,29.819,28.594,13,neutral,-0.270
FI,1981,JFM,thaw_days,19.000,-17.423,-10.796,13,neutral,-0.270
FI,1981,JFM,tmax_mean,-4.860,-2.172,-0.794,13,neutral,-0.270
FI,1981,JFM,tmean,-9.275,-2.915,-1.386,13,neutral,-0.270
FI,1981,JFM,tmin_mean,-14.428,-4.053,-2.176,13,neutral,-0.270
FI,1981,NDJFM,frost_days,147.769,18.195,12.241,13,neutral,-0.270
FI,1981,NDJFM,ice_days,108.231,26.836,16.066,13,neutral,-0.270
FI,1981,NDJFM,precip,218.838,8.924,32.979,13,neutral,-0.270
FI,1981,NDJFM,precip_days,49.692,0.714,3.217,13,neutral,-0.270
FI,1981,NDJFM,rain_on_snow_days,5.462,-0.834,-0.255,13,neutral,-0.270
FI,1981,NDJFM,snow_cover_days,145.692,16.434,13.153,13,neutral,-0.270
FI,1981,NDJFM,snow_depth,48.362,17.764,18.670,13,neutral,-0.270
FI,1981,NDJFM,snow_max,87.615,29.609,28.379,13,neutral,-0.270
FI,1981,NDJFM,thaw_days,41.231,-27.196,-16.503,13,neutral,-0.270
FI,1981,NDJFM,tmax_mean,-4.467,-2.574,-1.242,13,neutral,-0.270
FI,1981,NDJFM,tmean,-8.548,-3.421,-1.913,13,neutral,-0.270
FI,1981,NDJFM,tmin_mean,-13.411,-4.692,-2.848,13,neutral,-0.270
FI,1982,DJF,frost_days,89.462,8.195,4.703,13,neutral,-0.050
FI,1982,DJF,ice_days,76.923,19.896,12.806,13,neutral,-0.050
FI,1982,DJF,precip,106.608,-26.094,-0.889,13,neutral,-0.050
FI,1982,DJF,precip_days,24.923,-7.143,-2.808,13,neutral,-0.050
FI,1982,DJF,rain_on_snow_days,0.846,-2.675,-2.116,13,neutral,-0.050
FI,1982,DJF,snow_cover_days,89.538,7.486,4.638,13,neutral,-0.050
FI,1982,DJF,snow_depth,48.510,14.901,17.183,13,neutral,-0.050
FI,1982,DJF,snow_max,64.000,7.481,10.735,13,neutral,-0.050
FI,1982,DJF,thaw_days,12.385,-19.967,-12.932,13,neutral,-0.050
FI,1982,DJF,tmax_mean,-7.421,-3.868,-2.300,13,neutral,-0.050
FI,1982,DJF,tmean,-11.410,-4.668,-2.876,13,neutral,-0.050
FI,1982,DJF,tmin_mean,-15.965,-5.601,-3.408,13,neutral,-0.050
FI,1982,JFM,frost_days,86.231,3.847,1.238,13,neutral,-0.050
FI,1982,JFM,ice_days,58.462,5.412,-0.972,13,neutral,-0.050
FI,1982,JFM,precip,57.785,-47.510,-36.063,13,neutral,-0.050
FI,1982,JFM,precip_days,18.538,-7.852,-6.318,13,neutral,-0.050
FI,1982,JFM,rain_on_snow_days,1.000,-2.274,-2.221,13,neutral,-0.050
FI,1982,JFM,snow_cover_days,90.000,4.943,2.863,13,neutral,-0.050
FI,1982,JFM,snow_depth,55.715,12.989,14.811,13,neutral,-0.050
FI,1982,JFM,snow_max,66.769,6.533,7.979,13,neutral,-0.050
FI,1982,JFM,thaw_days,30.769,-5.653,0.722,13,neutral,-0.050
FI,1982,JFM,tmax_mean,-4.381,-1.693,-0.362,13,neutral,-0.050
FI,1982,JFM,tmean,-8.355,-1.995,-0.520,13,neutral,-0.050
FI,1982,JFM,tmin_mean,-12.827,-2.452,-0.643,13,neutral,-0.050
FI,1982,NDJFM,frost_days,143.385,13.810,8.105,13,neutral,-0.050
FI,1982,NDJFM,ice_days,99.077,17.682,7.298,13,neutral,-0.050
FI,1982,NDJFM,precip,198.923,-19.819,12.317,13,neutral,-0.050
FI,1982,NDJFM,precip_days,44.615,-6.000,-1.904,13,neutral,-0.050
FI,1982,NDJFM,rain_on_snow_days,3.385,-2.691,-2.362,13,neutral,-0.050
FI,1982,NDJFM,snow_cover_days,142.846,12.862,10.505,13,neutral,-0.050
FI,1982,NDJFM,snow_depth,42.206,11.329,12.686,13,neutral,-0.050
FI,1982,NDJFM,snow_max,66.769,6.323,7.756,13,neutral,-0.050
FI,1982,NDJFM,thaw_days,50.615,-17.811,-7.504,13,neutral,-0.050
FI,1982,NDJFM,tmax_mean,-4.259,-2.365,-1.079,13,neutral,-0.050
FI,1982,NDJFM,tmean,-7.768,-2.641,-1.185,13,neutral,-0.050
FI,1982,NDJFM,tmin_mean,-11.741,-3.022,-1.242,13,neutral,-0.050
FI,1983,DJF,frost_days,82.692,1.426,-1.941,13,super,2.140
FI,1983,DJF,ice_days,53.923,-3.104,-9.977,13,super,2.140
FI,1983,DJF,precip,124.100,2.063,16.027,13,super,2.140
FI,1983,DJF,precip_days,29.231,-0.143,1.449,13,super,2.140
FI,1983,DJF,rain_on_snow_days,5.154,1.325,2.165,13,super,2.140
FI,1983,DJF,snow_cover_days,81.692,0.915,-3.102,13,super,2.140
FI,1983,DJF,snow_depth,28.580,1.701,-2.565,13,super,2.140
FI,1983,DJF,snow_max,48.538,0.338,-4.516,13,super,2.140
FI,1983,DJF,thaw_days,35.077,2.725,9.544,13,super,2.140
FI,1983,DJF,tmax_mean,-2.969,0.584,2.106,13,super,2.140
FI,1983,DJF,tmean,-6.478,0.264,2.000,13,super,2.140
FI,1983,DJF,tmin_mean,-10.603,-0.239,1.885,13,super,2.140
FI,1983,JFM,frost_days,84.538,2.154,-0.325,13,super,2.140
FI,1983,JFM,ice_days,53.538,0.489,-5.643,13,super,2.140
FI,1983,JFM,precip,105.923,2.219,11.529,13,super,2.140
FI,1983,JFM,precip_days,25.538,-1.281,0.615,13,super,2.140
FI,1983,JFM,rain_on_snow_days,4.000,1.012,0.740,13,super,2.140
FI,1983,JFM,snow_cover_days,85.769,1.371,-1.259,13,super,2.140
FI,1983,JFM,snow_depth,37.373,1.653,-3.285,13,super,2.140
FI,1983,JFM,snow_max,51.154,-1.038,-7.406,13,super,2.140
FI,1983,JFM,thaw_days,35.462,-0.961,5.163,13,super,2.140
FI,1983,JFM,tmax_mean,-2.785,-0.097,1.188,13,super,2.140
FI,1983,JFM,tmean,-6.796,-0.436,0.984,13,super,2.140
FI,1983,JFM,tmin_mean,-11.403,-1.027,0.714,13,super,2.140
FI,1983,NDJFM,frost_days,128.846,-0.729,-6.184,13,super,2.140
FI,1983,NDJFM,ice_days,72.615,-8.780,-18.777,13,super,2.140
FI,1983,NDJFM,precip,236.938,29.539,49.586,13,super,2.140
FI,1983,NDJFM,precip_days,53.308,4.714,6.745,13,super,2.140
FI,1983,NDJFM,rain_on_snow_days,9.077,3.023,3.301,13,super,2.140
FI,1983,NDJFM,snow_cover_days,123.538,-1.138,-8.605,13,super,2.140
FI,1983,NDJFM,snow_depth,26.335,1.034,-3.015,13,super,2.140
FI,1983,NDJFM,snow_max,51.538,-0.820,-7.252,13,super,2.140
FI,1983,NDJFM,thaw_days,76.769,8.343,18.264,13,super,2.140
FI,1983,NDJFM,tmax_mean,-1.278,0.615,1.856,13,super,2.140
FI,1983,NDJFM,tmean,-4.641,0.487,1.890,13,super,2.140
FI,1983,NDJFM,tmin_mean,-8.526,0.193,1.909,13,super,2.140
FI,1984,DJF,frost_days,87.615,6.349,3.107,13,lanina,-0.630
FI,1984,DJF,ice_days,64.385,7.358,0.702,13,lanina,-0.630
FI,1984,DJF,precip,158.885,22.649,50.235,13,lanina,-0.630
FI,1984,DJF,precip_days,34.462,4.143,6.629,13,lanina,-0.630
FI,1984,DJF,rain_on_snow_days,3.615,-0.389,0.600,13,lanina,-0.630
FI,1984,DJF,snow_cover_days,89.231,6.915,4.542,13,lanina,-0.630
FI,1984,DJF,snow_depth,46.703,15.920,15.741,13,lanina,-0.630
FI,1984,DJF,snow_max,75.385,19.195,22.541,13,lanina,-0.630
FI,1984,DJF,thaw_days,25.154,-7.198,-0.595,13,lanina,-0.630
FI,1984,DJF,tmax_mean,-4.430,-0.878,0.597,13,lanina,-0.630
FI,1984,DJF,tmean,-7.665,-0.923,0.758,13,lanina,-0.630
FI,1984,DJF,tmin_mean,-11.581,-1.217,0.837,13,lanina,-0.630
FI,1984,JFM,frost_days,89.077,6.693,4.343,13,lanina,-0.630
FI,1984,JFM,ice_days,67.769,14.720,8.839,13,lanina,-0.630
FI,1984,JFM,precip,121.762,14.219,26.822,13,lanina,-0.630
FI,1984,JFM,precip_days,28.538,2.862,3.547,13,lanina,-0.630
FI,1984,JFM,rain_on_snow_days,3.000,-0.417,-0.299,13,lanina,-0.630
FI,1984,JFM,snow_cover_days,91.000,5.943,4.081,13,lanina,-0.630
FI,1984,JFM,snow_depth,63.854,21.023,23.441,13,lanina,-0.630
FI,1984,JFM,snow_max,80.231,19.676,21.902,13,lanina,-0.630
FI,1984,JFM,thaw_days,22.231,-14.192,-8.320,13,lanina,-0.630
FI,1984,JFM,tmax_mean,-3.602,-0.913,0.324,13,lanina,-0.630
FI,1984,JFM,tmean,-7.364,-1.004,0.362,13,lanina,-0.630
FI,1984,JFM,tmin_mean,-11.706,-1.331,0.342,13,lanina,-0.630
FI,1984,NDJFM,frost_days,142.769,13.195,7.987,13,lanina,-0.630
FI,1984,NDJFM,ice_days,101.769,20.374,10.763,13,lanina,-0.630
FI,1984,NDJFM,precip,231.831,16.924,43.732,13,lanina,-0.630
FI,1984,NDJFM,precip_days,51.077,3.000,4.471,13,lanina,-0.630
FI,1984,NDJFM,rain_on_snow_days,5.462,-1.263,-0.344,13,lanina,-0.630
FI,1984,NDJFM,snow_cover_days,140.538,12.862,8.593,13,lanina,-0.630
FI,1984,NDJFM,snow_depth,44.514,15.385,15.336,13,lanina,-0.630
FI,1984,NDJFM,snow_max,80.231,19.466,21.663,13,lanina,-0.630
FI,1984,NDJFM,thaw_days,48.154,-20.273,-10.737,13,lanina,-0.630
FI,1984,NDJFM,tmax_mean,-3.559,-1.665,-0.470,13,lanina,-0.630
FI,1984,NDJFM,tmean,-7.296,-2.168,-0.817,13,lanina,-0.630
FI,1984,NDJFM,tmin_mean,-11.537,-2.818,-1.166,13,lanina,-0.630
FI,1985,DJF,frost_days,84.769,3.503,0.386,13,lanina,-1.010
FI,1985,DJF,ice_days,75.462,18.435,11.997,13,lanina,-1.010
FI,1985,DJF,precip,75.077,-47.480,-34.150,13,lanina,-1.010
FI,1985,DJF,precip_days,20.923,-9.286,-6.960,13,lanina,-1.010
FI,1985,DJF,rain_on_snow_days,1.154,-2.246,-1.888,13,lanina,-1.010
FI,1985,DJF,snow_cover_days,83.846,4.201,-0.737,13,lanina,-1.010
FI,1985,DJF,snow_depth,23.454,-6.220,-7.326,13,lanina,-1.010
FI,1985,DJF,snow_max,43.308,-12.662,-9.325,13,lanina,-1.010
FI,1985,DJF,thaw_days,14.154,-18.198,-11.812,13,lanina,-1.010
FI,1985,DJF,tmax_mean,-10.543,-6.991,-5.562,13,lanina,-1.010
FI,1985,DJF,tmean,-14.281,-7.539,-5.913,13,lanina,-1.010
FI,1985,DJF,tmin_mean,-18.131,-7.767,-5.782,13,lanina,-1.010
FI,1985,JFM,frost_days,89.385,7.001,4.780,13,lanina,-1.010
FI,1985,JFM,ice_days,72.000,18.951,13.322,13,lanina,-1.010
FI,1985,JFM,precip,79.631,-28.367,-15.855,13,lanina,-1.010
FI,1985,JFM,precip_days,21.692,-4.995,-3.367,13,lanina,-1.010
FI,1985,JFM,rain_on_snow_days,1.154,-2.131,-2.185,13,lanina,-1.010
FI,1985,JFM,snow_cover_days,89.846,4.943,3.036,13,lanina,-1.010
FI,1985,JFM,snow_depth,36.384,-5.254,-3.783,13,lanina,-1.010
FI,1985,JFM,snow_max,56.538,-5.752,-1.559,13,lanina,-1.010
FI,1985,JFM,thaw_days,17.769,-18.653,-13.033,13,lanina,-1.010
FI,1985,JFM,tmax_mean,-9.916,-7.228,-6.038,13,lanina,-1.010
FI,1985,JFM,tmean,-14.067,-7.708,-6.395,13,lanina,-1.010
FI,1985,JFM,tmin_mean,-18.306,-7.931,-6.326,13,lanina,-1.010
FI,1985,NDJFM,frost_days,137.538,7.964,3.005,13,lanina,-1.010
FI,1985,NDJFM,ice_days,102.154,20.759,11.534,13,lanina,-1.010
FI,1985,NDJFM,precip,151.792,-53.561,-37.053,13,lanina,-1.010
FI,1985,NDJFM,precip_days,38.462,-9.857,-8.188,13,lanina,-1.010
FI,1985,NDJFM,rain_on_snow_days,2.769,-3.120,-3.066,13,lanina,-1.010
FI,1985,NDJFM,snow_cover_days,128.923,5.719,-2.824,13,lanina,-1.010
FI,1985,NDJFM,snow_depth,24.769,-4.127,-4.239,13,lanina,-1.010
FI,1985,NDJFM,snow_max,56.538,-5.963,-1.806,13,lanina,-1.010
FI,1985,NDJFM,thaw_days,47.769,-20.657,-11.506,13,lanina,-1.010
FI,1985,NDJFM,tmax_mean,-6.348,-4.454,-3.303,13,lanina,-1.010
FI,1985,NDJFM,tmean,-9.745,-4.618,-3.319,13,lanina,-1.010
FI,1985,NDJFM,tmin_mean,-13.342,-4.622,-3.036,13,lanina,-1.010
FI,1986,DJF,frost_days,88.231,6.964,3.973,13,neutral,-0.400
FI,1986,DJF,ice_days,80.462,23.435,17.214,13,neutral,-0.400
FI,1986,DJF,precip,96.315,-26.980,-13.487,13,neutral,-0.400
FI,1986,DJF,precip_days,23.462,-5.714,-4.472,13,neutral,-0.400
FI,1986,DJF,rain_on_snow_days,1.385,-1.818,-1.685,13,neutral,-0.400
FI,1986,DJF,snow_cover_days,89.769,7.772,5.292,13,neutral,-0.400
FI,1986,DJF,snow_depth,36.926,8.968,6.328,13,neutral,-0.400
FI,1986,DJF,snow_max,54.538,3.195,2.117,13,neutral,-0.400
FI,1986,DJF,thaw_days,9.000,-23.352,-17.183,13,neutral,-0.400
FI,1986,DJF,tmax_mean,-8.680,-5.127,-3.745,13,neutral,-0.400
FI,1986,DJF,tmean,-12.748,-6.006,-4.435,13,neutral,-0.400
FI,1986,DJF,tmin_mean,-17.428,-7.064,-5.149,13,neutral,-0.400
FI,1986,JFM,frost_days,84.462,2.077,-0.013,13,neutral,-0.400
FI,1986,JFM,ice_days,65.385,12.335,6.959,13,neutral,-0.400
FI,1986,JFM,precip,75.085,-30.667,-20.947,13,neutral,-0.400
FI,1986,JFM,precip_days,21.385,-4.709,-3.742,13,neutral,-0.400
FI,1986,JFM,rain_on_snow_days,4.615,1.154,1.238,13,neutral,-0.400
FI,1986,JFM,snow_cover_days,89.846,4.943,3.144,13,neutral,-0.400
FI,1986,JFM,snow_depth,45.833,8.353,5.913,13,neutral,-0.400
FI,1986,JFM,snow_max,57.923,0.962,0.057,13,neutral,-0.400
FI,1986,JFM,thaw_days,24.154,-12.269,-6.900,13,neutral,-0.400
FI,1986,JFM,tmax_mean,-5.655,-2.967,-1.824,13,neutral,-0.400
FI,1986,JFM,tmean,-9.234,-2.874,-1.616,13,neutral,-0.400
FI,1986,JFM,tmin_mean,-13.295,-2.920,-1.383,13,neutral,-0.400
FI,1986,NDJFM,frost_days,139.000,9.425,4.715,13,neutral,-0.400
FI,1986,NDJFM,ice_days,107.769,26.374,17.536,13,neutral,-0.400
FI,1986,NDJFM,precip,172.338,-31.390,-17.253,13,neutral,-0.400
FI,1986,NDJFM,precip_days,42.154,-4.714,-4.540,13,neutral,-0.400
FI,1986,NDJFM,rain_on_snow_days,7.231,1.309,1.366,13,neutral,-0.400
FI,1986,NDJFM,snow_cover_days,137.923,11.719,6.374,13,neutral,-0.400
FI,1986,NDJFM,snow_depth,32.763,6.448,3.927,13,neutral,-0.400
FI,1986,NDJFM,snow_max,57.923,0.752,-0.198,13,neutral,-0.400
FI,1986,NDJFM,thaw_days,42.308,-26.119,-17.353,13,neutral,-0.400
FI,1986,NDJFM,tmax_mean,-5.219,-3.325,-2.219,13,neutral,-0.400
FI,1986,NDJFM,tmean,-8.734,-3.607,-2.359,13,neutral,-0.400
FI,1986,NDJFM,tmin_mean,-12.710,-3.991,-2.468,13,neutral,-0.400
FI,1987,DJF,frost_days,88.077,6.810,3.945,13,elnino,1.180
FI,1987,DJF,ice_days,76.923,19.896,13.893,13,elnino,1.180
FI,1987,DJF,precip,95.292,-30.023,-15.087,13,elnino,1.180
FI,1987,DJF,precip_days,22.000,-9.429,-5.985,13,elnino,1.180
FI,1987,DJF,rain_on_snow_days,1.308,-2.246,-1.788,13,elnino,1.180
FI,1987,DJF,snow_cover_days,86.692,5.772,2.321,13,elnino,1.180
FI,1987,DJF,snow_depth,22.778,-6.021,-7.637,13,elnino,1.180
FI,1987,DJF,snow_max,50.769,-0.662,-1.442,13,elnino,1.180
FI,1987,DJF,thaw_days,12.385,-19.967,-14.014,13,elnino,1.180
FI,1987,DJF,tmax_mean,-10.596,-7.043,-5.708,13,elnino,1.180
FI,1987,DJF,tmean,-14.494,-7.752,-6.236,13,elnino,1.180
FI,1987,DJF,tmin_mean,-18.775,-8.411,-6.565,13,elnino,1.180
FI,1987,JFM,frost_days,87.538,5.154,3.193,13,elnino,1.180
FI,1987,JFM,ice_days,72.692,19.643,14.518,13,elnino,1.180
FI,1987,JFM,precip,79.554,-24.453,-17.024,13,elnino,1.180
FI,1987,JFM,precip_days,20.692,-5.852,-4.502,13,elnino,1.180
FI,1987,JFM,rain_on_snow_days,2.308,-1.131,-1.110,13,elnino,1.180
FI,1987,JFM,snow_cover_days,90.000,4.943,3.407,13,elnino,1.180
FI,1987,JFM,snow_depth,35.558,-3.483,-4.116,13,elnino,1.180
FI,1987,JFM,snow_max,54.692,-1.324,-2.943,13,elnino,1.180
FI,1987,JFM,thaw_days,16.846,-19.576,-14.460,13,elnino,1.180
FI,1987,JFM,tmax_mean,-8.631,-5.943,-4.847,13,elnino,1.180
FI,1987,JFM,tmean,-13.019,-6.659,-5.455,13,elnino,1.180
FI,1987,JFM,tmin_mean,-17.708,-7.333,-5.863,13,elnino,1.180
FI,1987,NDJFM,frost_days,130.769,1.195,-3.267,13,elnino,1.180
FI,1987,NDJFM,ice_days,100.231,18.836,10.384,13,elnino,1.180
FI,1987,NDJFM,precip,199.315,-5.833,8.977,13,elnino,1.180
FI,1987,NDJFM,precip_days,45.385,-4.857,-1.353,13,elnino,1.180
FI,1987,NDJFM,rain_on_snow_days,5.231,-0.120,-0.664,13,elnino,1.180
FI,1987,NDJFM,snow_cover_days,126.615,2.577,-4.735,13,elnino,1.180
FI,1987,NDJFM,snow_depth,23.676,-4.104,-4.990,13,elnino,1.180
FI,1987,NDJFM,snow_max,54.692,-1.534,-3.206,13,elnino,1.180
FI,1987,NDJFM,thaw_days,49.769,-18.657,-10.277,13,elnino,1.180
FI,1987,NDJFM,tmax_mean,-6.271,-4.378,-3.317,13,elnino,1.180
FI,1987,NDJFM,tmean,-10.025,-4.898,-3.703,13,elnino,1.180
FI,1987,NDJFM,tmin_mean,-14.092,-5.373,-3.915,13,elnino,1.180
FI,1988,DJF,frost_days,83.615,2.349,-0.392,13,elnino,0.630
FI,1988,DJF,ice_days,60.538,3.512,-2.274,13,elnino,0.630
FI,1988,DJF,precip,118.638,-6.466,7.682,13,elnino,0.630
FI,1988,DJF,precip_days,31.385,0.571,3.349,13,elnino,0.630
FI,1988,DJF,rain_on_snow_days,4.692,1.039,1.569,13,elnino,0.630
FI,1988,DJF,snow_cover_days,89.231,6.058,4.966,13,elnino,0.630
FI,1988,DJF,snow_depth,32.767,2.452,2.534,13,elnino,0.630
FI,1988,DJF,snow_max,54.615,1.195,2.615,13,elnino,0.630
FI,1988,DJF,thaw_days,29.462,-2.890,2.846,13,elnino,0.630
FI,1988,DJF,tmax_mean,-4.647,-1.095,0.194,13,elnino,0.630
FI,1988,DJF,tmean,-8.085,-1.343,0.118,13,elnino,0.630
FI,1988,DJF,tmin_mean,-11.847,-1.483,0.294,13,elnino,0.630
FI,1988,JFM,frost_days,82.154,-0.230,-2.062,13,elnino,0.630
FI,1988,JFM,ice_days,58.077,5.028,0.155,13,elnino,0.630
FI,1988,JFM,precip,119.354,8.590,22.230,13,elnino,0.630
FI,1988,JFM,precip_days,34.154,6.862,8.892,13,elnino,0.630
FI,1988,JFM,rain_on_snow_days,6.154,2.154,2.697,13,elnino,0.630
FI,1988,JFM,snow_cover_days,89.769,3.800,3.285,13,elnino,0.630
FI,1988,JFM,snow_depth,44.171,4.513,4.743,13,elnino,0.630
FI,1988,JFM,snow_max,62.308,3.676,4.903,13,elnino,0.630
FI,1988,JFM,thaw_days,31.846,-4.576,0.289,13,elnino,0.630
FI,1988,JFM,tmax_mean,-3.588,-0.900,0.149,13,elnino,0.630
FI,1988,JFM,tmean,-6.549,-0.189,0.961,13,elnino,0.630
FI,1988,JFM,tmin_mean,-9.926,0.449,1.851,13,elnino,0.630
FI,1988,NDJFM,frost_days,137.154,7.579,3.367,13,elnino,0.630
FI,1988,NDJFM,ice_days,96.923,15.528,7.462,13,elnino,0.630
FI,1988,NDJFM,precip,189.123,-19.904,-1.961,13,elnino,0.630
FI,1988,NDJFM,precip_days,51.538,1.429,4.757,13,elnino,0.630
FI,1988,NDJFM,rain_on_snow_days,7.615,1.309,1.691,13,elnino,0.630
FI,1988,NDJFM,snow_cover_days,141.154,12.434,10.002,13,elnino,0.630
FI,1988,NDJFM,snow_depth,32.004,2.953,3.510,13,elnino,0.630
FI,1988,NDJFM,snow_max,62.385,3.466,4.709,13,elnino,0.630
FI,1988,NDJFM,thaw_days,53.385,-15.042,-7.047,13,elnino,0.630
FI,1988,NDJFM,tmax_mean,-3.423,-1.530,-0.514,13,elnino,0.630
FI,1988,NDJFM,tmean,-6.578,-1.450,-0.308,13,elnino,0.630
FI,1988,NDJFM,tmin_mean,-10.062,-1.343,0.051,13,elnino,0.630
FI,1989,DJF,frost_days,80.923,-0.343,-2.959,13,lanina,-1.640
FI,1989,DJF,ice_days,46.231,-10.796,-16.364,13,lanina,-1.640
FI,1989,DJF,precip,143.800,25.834,32.268,13,lanina,-1.640
FI,1989,DJF,precip_days,33.308,3.000,5.222,13,lanina,-1.640
FI,1989,DJF,rain_on_snow_days,6.000,1.897,2.851,13,lanina,-1.640
FI,1989,DJF,snow_cover_days,87.615,6.915,3.456,13,lanina,-1.640
FI,1989,DJF,snow_depth,36.397,9.430,6.347,13,lanina,-1.640
FI,1989,DJF,snow_max,57.923,8.481,6.134,13,lanina,-1.640
FI,1989,DJF,thaw_days,42.462,10.110,15.629,13,lanina,-1.640
FI,1989,DJF,tmax_mean,-2.025,1.528,2.770,13,lanina,-1.640
FI,1989,DJF,tmean,-5.567,1.175,2.580,13,lanina,-1.640
FI,1989,DJF,tmin_mean,-9.746,0.618,2.325,13,lanina,-1.640
FI,1989,JFM,frost_days,71.154,-11.230,-12.932,13,lanina,-1.640
FI,1989,JFM,ice_days,24.846,-28.203,-32.824,13,lanina,-1.640
FI,1989,JFM,precip,149.285,50.390,51.614,13,lanina,-1.640
FI,1989,JFM,precip_days,33.923,7.576,8.594,13,lanina,-1.640
FI,1989,JFM,rain_on_snow_days,9.462,4.869,5.966,13,lanina,-1.640
FI,1989,JFM,snow_cover_days,80.077,-0.914,-6.299,13,lanina,-1.640
FI,1989,JFM,snow_depth,38.992,5.658,-0.190,13,lanina,-1.640
FI,1989,JFM,snow_max,59.615,6.819,2.442,13,lanina,-1.640
FI,1989,JFM,thaw_days,64.462,28.039,32.653,13,lanina,-1.640
FI,1989,JFM,tmax_mean,0.630,3.318,4.320,13,lanina,-1.640
FI,1989,JFM,tmean,-2.188,4.172,5.267,13,lanina,-1.640
FI,1989,JFM,tmin_mean,-5.357,5.018,6.352,13,lanina,-1.640
FI,1989,NDJFM,frost_days,128.385,-1.190,-5.154,13,lanina,-1.640
FI,1989,NDJFM,ice_days,66.846,-14.549,-22.228,13,lanina,-1.640
FI,1989,NDJFM,precip,218.162,23.367,26.330,13,lanina,-1.640
FI,1989,NDJFM,precip_days,51.000,2.714,4.175,13,lanina,-1.640
FI,1989,NDJFM,rain_on_snow_days,10.385,3.166,4.431,13,lanina,-1.640
FI,1989,NDJFM,snow_cover_days,134.538,10.862,3.584,13,lanina,-1.640
FI,1989,NDJFM,snow_depth,30.608,6.090,2.285,13,lanina,-1.640
FI,1989,NDJFM,snow_max,60.231,6.752,2.779,13,lanina,-1.640
FI,1989,NDJFM,thaw_days,82.615,14.189,21.798,13,lanina,-1.640
FI,1989,NDJFM,tmax_mean,-1.357,0.536,1.506,13,lanina,-1.640
FI,1989,NDJFM,tmean,-4.633,0.495,1.586,13,lanina,-1.640
FI,1989,NDJFM,tmin_mean,-8.355,0.364,1.694,13,lanina,-1.640
FI,1990,DJF,frost_days,76.077,-5.190,-7.680,13,neutral,0.180
FI,1990,DJF,ice_days,49.846,-7.180,-12.531,13,neutral,0.180
FI,1990,DJF,precip,166.208,41.677,54.099,13,neutral,0.180
FI,1990,DJF,precip_days,38.154,8.428,10.017,13,neutral,0.180
FI,1990,DJF,rain_on_snow_days,7.462,3.897,4.285,13,neutral,0.180
FI,1990,DJF,snow_cover_days,84.154,5.486,0.100,13,neutral,0.180
FI,1990,DJF,snow_depth,21.630,-4.589,-8.238,13,neutral,0.180
FI,1990,DJF,snow_max,47.077,-1.519,-4.502,13,neutral,0.180
FI,1990,DJF,thaw_days,39.538,7.186,12.489,13,neutral,0.180
FI,1990,DJF,tmax_mean,-3.092,0.461,1.657,13,neutral,0.180
FI,1990,DJF,tmean,-6.089,0.654,2.004,13,neutral,0.180
FI,1990,DJF,tmin_mean,-9.493,0.871,2.509,13,neutral,0.180
FI,1990,JFM,frost_days,71.615,-10.769,-12.341,13,neutral,0.180
FI,1990,JFM,ice_days,39.231,-13.819,-18.187,13,neutral,0.180
FI,1990,JFM,precip,164.969,49.361,66.753,13,neutral,0.180
FI,1990,JFM,precip_days,37.538,10.291,12.141,13,neutral,0.180
FI,1990,JFM,rain_on_snow_days,7.462,3.440,3.927,13,neutral,0.180
FI,1990,JFM,snow_cover_days,77.462,-3.486,-8.806,13,neutral,0.180
FI,1990,JFM,snow_depth,23.564,-10.034,-15.372,13,neutral,0.180
FI,1990,JFM,snow_max,46.692,-5.609,-10.250,13,neutral,0.180
FI,1990,JFM,thaw_days,49.615,13.193,17.555,13,neutral,0.180
FI,1990,JFM,tmax_mean,-0.726,1.962,2.917,13,neutral,0.180
FI,1990,JFM,tmean,-3.878,2.481,3.523,13,neutral,0.180
FI,1990,JFM,tmin_mean,-7.438,2.937,4.203,13,neutral,0.180
FI,1990,NDJFM,frost_days,118.385,-11.190,-14.905,13,neutral,0.180
FI,1990,NDJFM,ice_days,69.692,-11.703,-18.996,13,neutral,0.180
FI,1990,NDJFM,precip,252.477,41.467,59.899,13,neutral,0.180
FI,1990,NDJFM,precip_days,55.923,7.143,9.055,13,neutral,0.180
FI,1990,NDJFM,rain_on_snow_days,9.154,3.166,3.170,13,neutral,0.180
FI,1990,NDJFM,snow_cover_days,119.000,-2.995,-11.756,13,neutral,0.180
FI,1990,NDJFM,snow_depth,18.186,-6.533,-9.966,13,neutral,0.180
FI,1990,NDJFM,snow_max,48.154,-5.534,-9.075,13,neutral,0.180
FI,1990,NDJFM,thaw_days,80.077,11.650,18.874,13,neutral,0.180
FI,1990,NDJFM,tmax_mean,-1.209,0.684,1.609,13,neutral,0.180
FI,1990,NDJFM,tmean,-4.277,0.850,1.889,13,neutral,0.180
FI,1990,NDJFM,tmin_mean,-7.753,0.966,2.232,13,neutral,0.180
FI,1991,DJF,frost_days,82.846,1.580,-0.785,13,neutral,0.350
FI,1991,DJF,ice_days,53.077,-3.950,-9.083,13,neutral,0.350
FI,1991,DJF,precip,105.908,-20.694,-6.778,13,neutral,0.350
FI,1991,DJF,precip_days,24.769,-5.572,-3.418,13,neutral,0.350
FI,1991,DJF,rain_on_snow_days,4.154,0.611,0.951,13,neutral,0.350
FI,1991,DJF,snow_cover_days,86.231,5.201,2.283,13,neutral,0.350
FI,1991,DJF,snow_depth,26.308,0.833,-3.376,13,neutral,0.350
FI,1991,DJF,snow_max,41.615,-7.090,-9.753,13,neutral,0.350
FI,1991,DJF,thaw_days,36.077,3.725,8.811,13,neutral,0.350
FI,1991,DJF,tmax_mean,-3.138,0.414,1.563,13,neutral,0.350
FI,1991,DJF,tmean,-6.583,0.159,1.454,13,neutral,0.350
FI,1991,DJF,tmin_mean,-10.581,-0.217,1.351,13,neutral,0.350
FI,1991,JFM,frost_days,82.231,-0.153,-1.597,13,neutral,0.350
FI,1991,JFM,ice_days,54.692,1.643,-2.474,13,neutral,0.350
FI,1991,JFM,precip,103.592,-3.467,4.830,13,neutral,0.350
FI,1991,JFM,precip_days,24.385,-3.281,-1.080,13,neutral,0.350
FI,1991,JFM,rain_on_snow_days,5.462,1.726,1.887,13,neutral,0.350
FI,1991,JFM,snow_cover_days,86.615,3.371,0.457,13,neutral,0.350
FI,1991,JFM,snow_depth,33.805,-0.343,-4.885,13,neutral,0.350
FI,1991,JFM,snow_max,49.692,-1.324,-7.019,13,neutral,0.350
FI,1991,JFM,thaw_days,34.692,-1.730,2.380,13,neutral,0.350
FI,1991,JFM,tmax_mean,-3.197,-0.509,0.399,13,neutral,0.350
FI,1991,JFM,tmean,-6.987,-0.627,0.360,13,neutral,0.350
FI,1991,JFM,tmin_mean,-11.114,-0.739,0.459,13,neutral,0.350
FI,1991,NDJFM,frost_days,135.923,6.348,2.882,13,neutral,0.350
FI,1991,NDJFM,ice_days,82.692,1.297,-5.610,13,neutral,0.350
FI,1991,NDJFM,precip,189.692,-13.419,-3.632,13,neutral,0.350
FI,1991,NDJFM,precip_days,44.538,-4.571,-2.374,13,neutral,0.350
FI,1991,NDJFM,rain_on_snow_days,7.846,1.309,1.833,13,neutral,0.350
FI,1991,NDJFM,snow_cover_days,132.769,7.862,2.212,13,neutral,0.350
FI,1991,NDJFM,snow_depth,24.649,0.427,-3.332,13,neutral,0.350
FI,1991,NDJFM,snow_max,49.692,-1.534,-7.314,13,neutral,0.350
FI,1991,NDJFM,thaw_days,67.154,-1.273,5.566,13,neutral,0.350
FI,1991,NDJFM,tmax_mean,-2.217,-0.323,0.557,13,neutral,0.350
FI,1991,NDJFM,tmean,-5.704,-0.577,0.410,13,neutral,0.350
FI,1991,NDJFM,tmin_mean,-9.598,-0.879,0.323,13,neutral,0.350
FI,1992,DJF,frost_days,83.692,2.426,0.186,13,elnino,1.540
FI,1992,DJF,ice_days,41.385,-15.642,-20.557,13,elnino,1.540
FI,1992,DJF,precip,112.377,-6.137,-0.885,13,elnino,1.540
FI,1992,DJF,precip_days,26.769,-3.143,-1.469,13,elnino,1.540
FI,1992,DJF,rain_on_snow_days,3.769,0.182,0.539,13,elnino,1.540
FI,1992,DJF,snow_cover_days,80.846,0.772,-2.996,13,elnino,1.540
FI,1992,DJF,snow_depth,26.965,3.454,-2.538,13,elnino,1.540
FI,1992,DJF,snow_max,47.846,4.624,-3.311,13,elnino,1.540
FI,1992,DJF,thaw_days,48.077,15.725,20.595,13,elnino,1.540
FI,1992,DJF,tmax_mean,-0.745,2.808,3.911,13,elnino,1.540
FI,1992,DJF,tmean,-4.222,2.520,3.760,13,elnino,1.540
FI,1992,DJF,tmin_mean,-8.247,2.117,3.615,13,elnino,1.540
FI,1992,JFM,frost_days,78.000,-4.384,-5.698,13,elnino,1.540
FI,1992,JFM,ice_days,35.769,-17.280,-21.145,13,elnino,1.540
FI,1992,JFM,precip,120.392,17.190,21.084,13,elnino,1.540
FI,1992,JFM,precip_days,28.846,2.576,3.314,13,elnino,1.540
FI,1992,JFM,rain_on_snow_days,5.077,1.012,1.463,13,elnino,1.540
FI,1992,JFM,snow_cover_days,83.846,0.943,-2.204,13,elnino,1.540
FI,1992,JFM,snow_depth,33.594,2.153,-4.850,13,elnino,1.540
FI,1992,JFM,snow_max,49.923,1.391,-6.557,13,elnino,1.540
FI,1992,JFM,thaw_days,53.462,17.039,20.898,13,elnino,1.540
FI,1992,JFM,tmax_mean,-0.014,2.674,3.535,13,elnino,1.540
FI,1992,JFM,tmean,-3.227,3.133,4.065,13,elnino,1.540
FI,1992,JFM,tmin_mean,-6.929,3.446,4.576,13,elnino,1.540
FI,1992,NDJFM,frost_days,120.154,-9.421,-12.639,13,elnino,1.540
FI,1992,NDJFM,ice_days,53.231,-28.164,-34.685,13,elnino,1.540
FI,1992,NDJFM,precip,231.300,27.181,37.230,13,elnino,1.540
FI,1992,NDJFM,precip_days,53.231,5.286,6.275,13,elnino,1.540
FI,1992,NDJFM,rain_on_snow_days,7.462,1.023,1.418,13,elnino,1.540
FI,1992,NDJFM,snow_cover_days,118.692,-2.995,-11.667,13,elnino,1.540
FI,1992,NDJFM,snow_depth,23.827,1.551,-3.983,13,elnino,1.540
FI,1992,NDJFM,snow_max,50.923,1.180,-5.860,13,elnino,1.540
FI,1992,NDJFM,thaw_days,96.231,27.804,34.258,13,elnino,1.540
FI,1992,NDJFM,tmax_mean,0.451,2.344,3.179,13,elnino,1.540
FI,1992,NDJFM,tmean,-2.549,2.578,3.512,13,elnino,1.540
FI,1992,NDJFM,tmin_mean,-5.959,2.760,3.898,13,elnino,1.540
FI,1993,DJF,frost_days,77.077,-4.190,-6.304,13,neutral,0.130
FI,1993,DJF,ice_days,40.154,-16.873,-21.571,13,neutral,0.130
FI,1993,DJF,precip,109.231,2.163,-4.608,13,neutral,0.130
FI,1993,DJF,precip_days,28.077,0.143,-0.212,13,neutral,0.130
FI,1993,DJF,rain_on_snow_days,4.923,1.039,1.666,13,neutral,0.130
FI,1993,DJF,snow_cover_days,70.000,-8.228,-13.736,13,neutral,0.130
FI,1993,DJF,snow_depth,20.815,0.115,-8.505,13,neutral,0.130
FI,1993,DJF,snow_max,38.231,-2.947,-12.716,13,neutral,0.130
FI,1993,DJF,thaw_days,48.769,16.417,21.071,13,neutral,0.130
FI,1993,DJF,tmax_mean,-0.925,2.628,3.684,13,neutral,0.130
FI,1993,DJF,tmean,-3.877,2.865,4.050,13,neutral,0.130
FI,1993,DJF,tmin_mean,-7.258,3.106,4.535,13,neutral,0.130
FI,1993,JFM,frost_days,82.692,0.308,-0.876,13,neutral,0.130
FI,1993,JFM,ice_days,41.615,-11.434,-15.047,13,neutral,0.130
FI,1993,JFM,precip,103.092,8.647,3.238,13,neutral,0.130
FI,1993,JFM,precip_days,27.154,2.719,1.554,13,neutral,0.130
FI,1993,JFM,rain_on_snow_days,3.308,-0.560,-0.345,13,neutral,0.130
FI,1993,JFM,snow_cover_days,79.077,-3.771,-6.864,13,neutral,0.130
FI,1993,JFM,snow_depth,27.771,-0.475,-10.426,13,neutral,0.130
FI,1993,JFM,snow_max,45.846,0.533,-10.403,13,neutral,0.130
FI,1993,JFM,thaw_days,47.231,10.808,14.415,13,neutral,0.130
FI,1993,JFM,tmax_mean,-0.918,1.770,2.584,13,neutral,0.130
FI,1993,JFM,tmean,-4.378,1.982,2.861,13,neutral,0.130
FI,1993,JFM,tmin_mean,-8.213,2.162,3.224,13,neutral,0.130
FI,1993,NDJFM,frost_days,132.077,2.502,-0.467,13,neutral,0.130
FI,1993,NDJFM,ice_days,68.615,-12.780,-18.914,13,neutral,0.130
FI,1993,NDJFM,precip,207.762,17.496,12.945,13,neutral,0.130
FI,1993,NDJFM,precip_days,49.538,3.000,2.539,13,neutral,0.130
FI,1993,NDJFM,rain_on_snow_days,8.462,1.594,2.389,13,neutral,0.130
FI,1993,NDJFM,snow_cover_days,124.615,-0.138,-5.546,13,neutral,0.130
FI,1993,NDJFM,snow_depth,22.661,2.210,-4.978,13,neutral,0.130
FI,1993,NDJFM,snow_max,48.000,0.323,-8.560,13,neutral,0.130
FI,1993,NDJFM,thaw_days,80.769,12.343,18.411,13,neutral,0.130
FI,1993,NDJFM,tmax_mean,-0.773,1.120,1.910,13,neutral,0.130
FI,1993,NDJFM,tmean,-3.887,1.240,2.122,13,neutral,0.130
FI,1993,NDJFM,tmin_mean,-7.388,1.331,2.404,13,neutral,0.130
FI,1994,DJF,frost_days,87.308,6.041,4.052,13,neutral,0.070
FI,1994,DJF,ice_days,74.077,17.050,12.570,13,neutral,0.070
FI,1994,DJF,precip,116.146,-0.451,1.731,13,neutral,0.070
FI,1994,DJF,precip_days,26.000,-4.572,-2.339,13,neutral,0.070
FI,1994,DJF,rain_on_snow_days,3.000,-0.246,-0.284,13,neutral,0.070
FI,1994,DJF,snow_cover_days,89.154,7.772,5.524,13,neutral,0.070
FI,1994,DJF,snow_depth,33.550,9.414,4.413,13,neutral,0.070
FI,1994,DJF,snow_max,49.000,2.195,-1.736,13,neutral,0.070
FI,1994,DJF,thaw_days,15.615,-16.737,-12.300,13,neutral,0.070
FI,1994,DJF,tmax_mean,-6.450,-2.898,-1.888,13,neutral,0.070
FI,1994,DJF,tmean,-9.877,-3.135,-2.005,13,neutral,0.070
FI,1994,DJF,tmin_mean,-13.539,-3.175,-1.815,13,neutral,0.070
FI,1994,JFM,frost_days,86.846,4.462,3.407,13,neutral,0.070
FI,1994,JFM,ice_days,67.308,14.258,10.898,13,neutral,0.070
FI,1994,JFM,precip,99.808,-5.339,-0.593,13,neutral,0.070
FI,1994,JFM,precip_days,22.923,-4.852,-2.744,13,neutral,0.070
FI,1994,JFM,rain_on_snow_days,2.846,-0.560,-0.846,13,neutral,0.070
FI,1994,JFM,snow_cover_days,90.000,4.943,4.168,13,neutral,0.070
FI,1994,JFM,snow_depth,43.970,9.928,6.019,13,neutral,0.070
FI,1994,JFM,snow_max,61.231,6.533,5.212,13,neutral,0.070
FI,1994,JFM,thaw_days,22.615,-13.807,-10.452,13,neutral,0.070
FI,1994,JFM,tmax_mean,-5.343,-2.655,-1.889,13,neutral,0.070
FI,1994,JFM,tmean,-9.297,-2.938,-2.113,13,neutral,0.070
FI,1994,JFM,tmin_mean,-13.423,-3.048,-2.054,13,neutral,0.070
FI,1994,NDJFM,frost_days,144.692,15.118,12.397,13,neutral,0.070
FI,1994,NDJFM,ice_days,110.308,28.913,23.165,13,neutral,0.070
FI,1994,NDJFM,precip,173.608,-26.333,-21.956,13,neutral,0.070
FI,1994,NDJFM,precip_days,39.077,-10.286,-7.967,13,neutral,0.070
FI,1994,NDJFM,rain_on_snow_days,4.308,-1.548,-1.795,13,neutral,0.070
FI,1994,NDJFM,snow_cover_days,140.077,13.862,10.114,13,neutral,0.070
FI,1994,NDJFM,snow_depth,31.474,7.725,4.006,13,neutral,0.070
FI,1994,NDJFM,snow_max,61.231,6.323,4.894,13,neutral,0.070
FI,1994,NDJFM,thaw_days,39.615,-28.811,-23.129,13,neutral,0.070
FI,1994,NDJFM,tmax_mean,-4.383,-2.489,-1.745,13,neutral,0.070
FI,1994,NDJFM,tmean,-7.696,-2.569,-1.739,13,neutral,0.070
FI,1994,NDJFM,tmin_mean,-11.211,-2.492,-1.483,13,neutral,0.070
FI,1995,DJF,frost_days,77.538,-3.728,-5.592,13,elnino,0.880
FI,1995,DJF,ice_days,46.538,-10.488,-14.751,13,elnino,0.880
FI,1995,DJF,precip,146.808,21.406,31.816,13,elnino,0.880
FI,1995,DJF,precip_days,35.615,6.571,7.225,13,elnino,0.880
FI,1995,DJF,rain_on_snow_days,6.385,2.468,3.074,13,elnino,0.880
FI,1995,DJF,snow_cover_days,78.154,0.629,-5.370,13,elnino,0.880
FI,1995,DJF,snow_depth,27.024,0.831,-1.931,13,elnino,0.880
FI,1995,DJF,snow_max,50.538,0.481,0.014,13,elnino,0.880
FI,1995,DJF,thaw_days,42.538,10.186,14.407,13,elnino,0.880
FI,1995,DJF,tmax_mean,-1.342,2.211,3.173,13,elnino,0.880
FI,1995,DJF,tmean,-3.968,2.775,3.849,13,elnino,0.880
FI,1995,DJF,tmin_mean,-7.274,3.090,4.380,13,elnino,0.880
FI,1995,JFM,frost_days,79.308,-3.076,-4.001,13,elnino,0.880
FI,1995,JFM,ice_days,40.846,-12.203,-15.312,13,elnino,0.880
FI,1995,JFM,precip,137.854,25.133,36.907,13,elnino,0.880
FI,1995,JFM,precip_days,33.846,6.862,8.111,13,elnino,0.880
FI,1995,JFM,rain_on_snow_days,6.923,2.440,3.192,13,elnino,0.880
FI,1995,JFM,snow_cover_days,85.077,0.086,-0.647,13,elnino,0.880
FI,1995,JFM,snow_depth,36.164,0.922,-1.541,13,elnino,0.880
FI,1995,JFM,snow_max,56.000,3.248,0.212,13,elnino,0.880
FI,1995,JFM,thaw_days,48.308,11.885,14.989,13,elnino,0.880
FI,1995,JFM,tmax_mean,-0.845,1.844,2.563,13,elnino,0.880
FI,1995,JFM,tmean,-3.544,2.816,3.586,13,elnino,0.880
FI,1995,JFM,tmin_mean,-6.813,3.562,4.489,13,elnino,0.880
FI,1995,NDJFM,frost_days,129.538,-0.036,-2.508,13,elnino,0.880
FI,1995,NDJFM,ice_days,68.000,-13.395,-18.757,13,elnino,0.880
FI,1995,NDJFM,precip,223.338,11.667,27.028,13,elnino,0.880
FI,1995,NDJFM,precip_days,53.462,5.429,6.374,13,elnino,0.880
FI,1995,NDJFM,rain_on_snow_days,9.615,2.452,3.483,13,elnino,0.880
FI,1995,NDJFM,snow_cover_days,126.923,2.005,-2.842,13,elnino,0.880
FI,1995,NDJFM,snow_depth,25.968,1.265,-1.329,13,elnino,0.880
FI,1995,NDJFM,snow_max,56.000,3.037,-0.114,13,elnino,0.880
FI,1995,NDJFM,thaw_days,81.385,12.958,18.255,13,elnino,0.880
FI,1995,NDJFM,tmax_mean,-0.579,1.314,2.013,13,elnino,0.880
FI,1995,NDJFM,tmean,-3.272,1.856,2.634,13,elnino,0.880
FI,1995,NDJFM,tmin_mean,-6.473,2.246,3.191,13,elnino,0.880
FI,1996,DJF,frost_days,90.455,8.833,7.231,11,lanina,-0.880
FI,1996,DJF,ice_days,78.545,20.224,16.569,11,lanina,-0.880
FI,1996,DJF,precip,54.400,-66.623,-59.048,11,lanina,-0.880
FI,1996,DJF,precip_days,15.273,-14.429,-13.020,11,lanina,-0.880
FI,1996,DJF,rain_on_snow_days,0.364,-2.961,-2.898,11,lanina,-0.880
FI,1996,DJF,snow_cover_days,91.000,9.201,6.975,11,lanina,-0.880
FI,1996,DJF,snow_depth,31.241,3.722,1.790,11,lanina,-0.880
FI,1996,DJF,snow_max,49.182,-1.090,-1.961,11,lanina,-0.880
FI,1996,DJF,thaw_days,11.545,-19.564,-15.928,11,lanina,-0.880
FI,1996,DJF,tmax_mean,-6.403,-2.594,-1.700,11,lanina,-0.880
FI,1996,DJF,tmean,-10.281,-3.192,-2.205,11,lanina,-0.880
FI,1996,DJF,tmin_mean,-14.255,-3.449,-2.271,11,lanina,-0.880
FI,1996,JFM,frost_days,90.636,7.976,7.222,11,lanina,-0.880
FI,1996,JFM,ice_days,67.182,12.969,10.345,11,lanina,-0.880
FI,1996,JFM,precip,58.400,-46.153,-41.118,11,lanina,-0.880
FI,1996,JFM,precip_days,15.273,-10.995,-10.396,11,lanina,-0.880
FI,1996,JFM,rain_on_snow_days,0.182,-3.274,-3.486,11,lanina,-0.880
FI,1996,JFM,snow_cover_days,91.000,5.943,4.803,11,lanina,-0.880
FI,1996,JFM,snow_depth,40.141,1.822,1.745,11,lanina,-0.880
FI,1996,JFM,snow_max,58.364,1.533,1.982,11,lanina,-0.880
FI,1996,JFM,thaw_days,22.455,-12.860,-10.206,11,lanina,-0.880
FI,1996,JFM,tmax_mean,-3.864,-0.967,-0.305,11,lanina,-0.880
FI,1996,JFM,tmean,-8.130,-1.463,-0.770,11,lanina,-0.880
FI,1996,JFM,tmin_mean,-12.523,-1.732,-0.907,11,lanina,-0.880
FI,1996,NDJFM,frost_days,149.727,19.303,17.254,11,lanina,-0.880
FI,1996,NDJFM,ice_days,109.818,26.178,21.644,11,lanina,-0.880
FI,1996,NDJFM,precip,120.936,-75.319,-71.738,11,lanina,-0.880
FI,1996,NDJFM,precip_days,30.364,-17.143,-16.349,11,lanina,-0.880
FI,1996,NDJFM,rain_on_snow_days,1.800,-4.306,-4.393,10,lanina,-0.880
FI,1996,NDJFM,snow_cover_days,146.100,19.384,16.604,10,lanina,-0.880
FI,1996,NDJFM,snow_depth,30.850,5.555,3.980,10,lanina,-0.880
FI,1996,NDJFM,snow_max,58.400,3.572,3.040,10,lanina,-0.880
FI,1996,NDJFM,thaw_days,40.182,-26.063,-21.561,11,lanina,-0.880
FI,1996,NDJFM,tmax_mean,-4.236,-2.114,-1.470,11,lanina,-0.880
FI,1996,NDJFM,tmean,-8.406,-2.964,-2.257,11,lanina,-0.880
FI,1996,NDJFM,tmin_mean,-12.766,-3.638,-2.786,11,lanina,-0.880
FI,1997,DJF,frost_days,83.250,1.618,0.105,12,neutral,-0.410
FI,1997,DJF,ice_days,58.917,0.762,-2.755,12,neutral,-0.410
FI,1997,DJF,precip,119.208,-4.609,2.645,12,neutral,-0.410
FI,1997,DJF,precip_days,30.417,0.714,1.743,12,neutral,-0.410
FI,1997,DJF,rain_on_snow_days,4.000,0.611,0.685,12,neutral,-0.410
FI,1997,DJF,snow_cover_days,86.250,5.058,2.177,12,neutral,-0.410
FI,1997,DJF,snow_depth,30.258,3.053,0.704,12,neutral,-0.410
FI,1997,DJF,snow_max,52.750,4.767,1.227,12,neutral,-0.410
FI,1997,DJF,thaw_days,30.083,-1.148,2.346,12,neutral,-0.410
FI,1997,DJF,tmax_mean,-4.124,-0.376,0.472,12,neutral,-0.410
FI,1997,DJF,tmean,-8.269,-1.301,-0.367,12,neutral,-0.410
FI,1997,DJF,tmin_mean,-12.913,-2.308,-1.198,12,neutral,-0.410
FI,1997,JFM,frost_days,83.167,0.479,-0.139,12,neutral,-0.410
FI,1997,JFM,ice_days,51.917,-2.023,-4.436,12,neutral,-0.410
FI,1997,JFM,precip,116.033,15.776,13.981,12,neutral,-0.410
FI,1997,JFM,precip_days,27.833,3.291,1.874,12,neutral,-0.410
FI,1997,JFM,rain_on_snow_days,4.583,1.297,0.827,12,neutral,-0.410
FI,1997,JFM,snow_cover_days,83.667,0.371,-2.648,12,neutral,-0.410
FI,1997,JFM,snow_depth,34.037,0.316,-4.470,12,neutral,-0.410
FI,1997,JFM,snow_max,56.833,5.962,0.127,12,neutral,-0.410
FI,1997,JFM,thaw_days,37.250,1.718,4.143,12,neutral,-0.410
FI,1997,JFM,tmax_mean,-2.105,0.737,1.351,12,neutral,-0.410
FI,1997,JFM,tmean,-6.385,0.163,0.804,12,neutral,-0.410
FI,1997,JFM,tmin_mean,-11.020,-0.432,0.330,12,neutral,-0.410
FI,1997,NDJFM,frost_days,129.167,-1.134,-2.952,12,neutral,-0.410
FI,1997,NDJFM,ice_days,80.667,-2.465,-6.643,12,neutral,-0.410
FI,1997,NDJFM,precip,261.483,57.081,63.644,12,neutral,-0.410
FI,1997,NDJFM,precip_days,55.833,8.857,8.503,12,neutral,-0.410
FI,1997,NDJFM,rain_on_snow_days,7.917,2.166,1.839,12,neutral,-0.410
FI,1997,NDJFM,snow_cover_days,124.500,1.577,-6.094,12,neutral,-0.410
FI,1997,NDJFM,snow_depth,24.721,0.260,-3.142,12,neutral,-0.410
FI,1997,NDJFM,snow_max,56.833,5.752,-0.134,12,neutral,-0.410
FI,1997,NDJFM,thaw_days,68.500,1.818,5.948,12,neutral,-0.410
FI,1997,NDJFM,tmax_mean,-1.834,0.224,0.818,12,neutral,-0.410
FI,1997,NDJFM,tmean,-5.655,-0.335,0.317,12,neutral,-0.410
FI,1997,NDJFM,tmin_mean,-9.753,-0.823,-0.037,12,neutral,-0.410
FI,1998,DJF,frost_days,81.417,-0.215,-1.605,12,super,2.220
FI,1998,DJF,ice_days,56.667,-1.488,-4.797,12,super,2.220
FI,1998,DJF,precip,140.425,27.263,23.320,12,super,2.220
FI,1998,DJF,precip_days,36.417,8.143,7.698,12,super,2.220
FI,1998,DJF,rain_on_snow_days,5.250,2.182,1.909,12,super,2.220
FI,1998,DJF,snow_cover_days,86.083,4.629,2.103,12,super,2.220
FI,1998,DJF,snow_depth,27.836,1.604,-1.544,12,super,2.220
FI,1998,DJF,snow_max,51.917,6.195,0.582,12,super,2.220
FI,1998,DJF,thaw_days,32.167,0.935,4.222,12,super,2.220
FI,1998,DJF,tmax_mean,-4.083,-0.334,0.468,12,super,2.220
FI,1998,DJF,tmean,-7.585,-0.617,0.262,12,super,2.220
FI,1998,DJF,tmin_mean,-11.445,-0.840,0.202,12,super,2.220
FI,1998,JFM,frost_days,82.667,-0.021,-0.512,12,super,2.220
FI,1998,JFM,ice_days,51.417,-2.523,-4.691,12,super,2.220
FI,1998,JFM,precip,134.258,36.519,31.718,12,super,2.220
FI,1998,JFM,precip_days,34.750,9.576,8.733,12,super,2.220
FI,1998,JFM,rain_on_snow_days,4.917,1.726,1.121,12,super,2.220
FI,1998,JFM,snow_cover_days,86.500,3.086,0.274,12,super,2.220
FI,1998,JFM,snow_depth,37.557,4.590,-0.711,12,super,2.220
FI,1998,JFM,snow_max,54.667,4.962,-1.823,12,super,2.220
FI,1998,JFM,thaw_days,37.583,2.052,4.230,12,super,2.220
FI,1998,JFM,tmax_mean,-3.579,-0.737,-0.170,12,super,2.220
FI,1998,JFM,tmean,-8.005,-1.457,-0.869,12,super,2.220
FI,1998,JFM,tmin_mean,-12.550,-1.961,-1.268,12,super,2.220
FI,1998,NDJFM,frost_days,136.333,6.032,4.462,12,super,2.220
FI,1998,NDJFM,ice_days,91.583,8.452,4.648,12,super,2.220
FI,1998,NDJFM,precip,209.142,12.810,10.629,12,super,2.220
FI,1998,NDJFM,precip_days,52.000,5.143,4.639,12,super,2.220
FI,1998,NDJFM,rain_on_snow_days,6.583,1.023,0.480,12,super,2.220
FI,1998,NDJFM,snow_cover_days,134.083,7.434,3.675,12,super,2.220
FI,1998,NDJFM,snow_depth,26.608,2.390,-1.088,12,super,2.220
FI,1998,NDJFM,snow_max,54.667,4.752,-2.088,12,super,2.220
FI,1998,NDJFM,thaw_days,57.583,-9.099,-5.344,12,super,2.220
FI,1998,NDJFM,tmax_mean,-2.966,-0.909,-0.359,12,super,2.220
FI,1998,NDJFM,tmean,-6.620,-1.300,-0.700,12,super,2.220
FI,1998,NDJFM,tmin_mean,-10.437,-1.507,-0.785,12,super,2.220
FI,1999,DJF,frost_days,82.583,0.952,-0.316,12,lanina,-1.510
FI,1999,DJF,ice_days,65.000,6.846,3.744,12,lanina,-1.510
FI,1999,DJF,precip,141.783,18.091,24.136,12,lanina,-1.510
FI,1999,DJF,precip_days,33.667,3.000,4.903,12,lanina,-1.510
FI,1999,DJF,rain_on_snow_days,3.418,-0.246,0.052,12,lanina,-1.510
FI,1999,DJF,snow_cover_days,86.493,6.058,2.607,12,lanina,-1.510
FI,1999,DJF,snow_depth,27.575,1.758,-1.630,12,lanina,-1.510
FI,1999,DJF,snow_max,58.167,10.195,7.019,12,lanina,-1.510
FI,1999,DJF,thaw_days,24.083,-7.148,-4.069,12,lanina,-1.510
FI,1999,DJF,tmax_mean,-5.939,-2.191,-1.435,12,lanina,-1.510
FI,1999,DJF,tmean,-9.424,-2.456,-1.632,12,lanina,-1.510
FI,1999,DJF,tmin_mean,-13.000,-2.396,-1.423,12,lanina,-1.510
FI,1999,JFM,frost_days,83.417,0.729,0.365,12,lanina,-1.510
FI,1999,JFM,ice_days,59.833,5.893,3.972,12,lanina,-1.510
FI,1999,JFM,precip,123.358,16.447,20.329,12,lanina,-1.510
FI,1999,JFM,precip_days,30.167,3.148,4.091,12,lanina,-1.510
FI,1999,JFM,rain_on_snow_days,2.250,-1.417,-1.585,12,lanina,-1.510
FI,1999,JFM,snow_cover_days,89.000,4.086,2.862,12,lanina,-1.510
FI,1999,JFM,snow_depth,41.345,5.454,3.316,12,lanina,-1.510
FI,1999,JFM,snow_max,63.417,10.105,7.144,12,lanina,-1.510
FI,1999,JFM,thaw_days,29.250,-6.282,-4.349,12,lanina,-1.510
FI,1999,JFM,tmax_mean,-4.710,-1.868,-1.348,12,lanina,-1.510
FI,1999,JFM,tmean,-8.395,-1.847,-1.313,12,lanina,-1.510
FI,1999,JFM,tmin_mean,-12.110,-1.522,-0.895,12,lanina,-1.510
FI,1999,NDJFM,frost_days,138.000,7.699,6.375,12,lanina,-1.510
FI,1999,NDJFM,ice_days,99.917,16.785,13.357,12,lanina,-1.510
FI,1999,NDJFM,precip,194.083,-6.961,-5.103,12,lanina,-1.510
FI,1999,NDJFM,precip_days,47.500,-0.571,0.108,12,lanina,-1.510
FI,1999,NDJFM,rain_on_snow_days,4.586,-1.691,-1.543,12,lanina,-1.510
FI,1999,NDJFM,snow_cover_days,144.246,17.719,14.023,12,lanina,-1.510
FI,1999,NDJFM,snow_depth,29.081,3.804,1.552,12,lanina,-1.510
FI,1999,NDJFM,snow_max,63.417,9.895,6.874,12,lanina,-1.510
FI,1999,NDJFM,thaw_days,49.583,-17.099,-13.720,12,lanina,-1.510
FI,1999,NDJFM,tmax_mean,-4.223,-2.165,-1.661,12,lanina,-1.510
FI,1999,NDJFM,tmean,-7.516,-2.196,-1.648,12,lanina,-1.510
FI,1999,NDJFM,tmin_mean,-10.943,-2.013,-1.355,12,lanina,-1.510
FI,2000,DJF,frost_days,84.905,3.638,2.400,13,lanina,-1.470
FI,2000,DJF,ice_days,55.736,-1.291,-4.466,13,lanina,-1.470
FI,2000,DJF,precip,152.333,29.091,34.143,12,lanina,-1.470
FI,2000,DJF,precip_days,36.250,7.000,7.441,12,lanina,-1.470
FI,2000,DJF,rain_on_snow_days,4.417,0.897,1.023,12,lanina,-1.470
FI,2000,DJF,snow_cover_days,87.750,6.058,3.957,12,lanina,-1.470
FI,2000,DJF,snow_depth,32.654,3.890,3.624,12,lanina,-1.470
FI,2000,DJF,snow_max,54.167,5.767,3.207,12,lanina,-1.470
FI,2000,DJF,thaw_days,34.569,2.217,5.354,13,lanina,-1.470
FI,2000,DJF,tmax_mean,-3.036,0.517,1.247,13,lanina,-1.470
FI,2000,DJF,tmean,-6.541,0.201,0.999,13,lanina,-1.470
FI,2000,DJF,tmin_mean,-10.479,-0.115,0.829,13,lanina,-1.470
FI,2000,JFM,frost_days,84.441,2.056,1.779,13,lanina,-1.470
FI,2000,JFM,ice_days,45.938,-7.111,-8.960,13,lanina,-1.470
FI,2000,JFM,precip,130.283,26.319,26.766,12,lanina,-1.470
FI,2000,JFM,precip_days,31.500,5.291,5.366,12,lanina,-1.470
FI,2000,JFM,rain_on_snow_days,4.083,0.154,0.209,12,lanina,-1.470
FI,2000,JFM,snow_cover_days,87.833,2.800,1.785,12,lanina,-1.470
FI,2000,JFM,snow_depth,43.910,6.268,6.119,12,lanina,-1.470
FI,2000,JFM,snow_max,66.083,10.819,10.028,12,lanina,-1.470
FI,2000,JFM,thaw_days,44.367,7.945,9.790,13,lanina,-1.470
FI,2000,JFM,tmax_mean,-1.556,1.132,1.616,13,lanina,-1.470
FI,2000,JFM,tmean,-5.307,1.053,1.552,13,lanina,-1.470
FI,2000,JFM,tmin_mean,-9.499,0.876,1.463,13,lanina,-1.470
FI,2000,NDJFM,frost_days,134.410,4.835,3.606,13,lanina,-1.470
FI,2000,NDJFM,ice_days,77.206,-4.189,-7.619,13,lanina,-1.470
FI,2000,NDJFM,precip,242.300,34.024,42.441,12,lanina,-1.470
FI,2000,NDJFM,precip_days,55.583,8.000,8.160,12,lanina,-1.470
FI,2000,NDJFM,rain_on_snow_days,6.667,0.309,0.513,12,lanina,-1.470
FI,2000,NDJFM,snow_cover_days,133.500,6.148,3.462,12,lanina,-1.470
FI,2000,NDJFM,snow_depth,31.712,4.348,4.350,12,lanina,-1.470
FI,2000,NDJFM,snow_max,66.083,10.609,9.754,12,lanina,-1.470
FI,2000,NDJFM,thaw_days,73.792,5.365,8.736,13,lanina,-1.470
FI,2000,NDJFM,tmax_mean,-1.278,0.615,1.089,13,lanina,-1.470
FI,2000,NDJFM,tmean,-4.682,0.445,0.962,13,lanina,-1.470
FI,2000,NDJFM,tmin_mean,-8.426,0.292,0.917,13,lanina,-1.470
FI,2001,DJF,frost_days,77.666,-3.600,-4.713,13,lanina,-0.760
FI,2001,DJF,ice_days,53.231,-3.796,-6.753,13,lanina,-0.760
FI,2001,DJF,precip,126.270,3.291,2.007,10,lanina,-0.760
FI,2001,DJF,precip_days,32.700,3.286,3.293,10,lanina,-0.760
FI,2001,DJF,rain_on_snow_days,2.800,-0.389,-0.744,10,lanina,-0.760
FI,2001,DJF,snow_cover_days,74.500,-4.228,-8.063,10,lanina,-0.760
FI,2001,DJF,snow_depth,16.731,-10.666,-11.614,10,lanina,-0.760
FI,2001,DJF,snow_max,41.700,-6.662,-8.644,10,lanina,-0.760
FI,2001,DJF,thaw_days,35.614,3.262,6.182,13,lanina,-0.760
FI,2001,DJF,tmax_mean,-2.968,0.585,1.268,13,lanina,-0.760
FI,2001,DJF,tmean,-6.052,0.689,1.432,13,lanina,-0.760
FI,2001,DJF,tmin_mean,-9.312,1.052,1.926,13,lanina,-0.760
FI,2001,JFM,frost_days,86.223,3.839,3.691,13,lanina,-0.760
FI,2001,JFM,ice_days,60.143,7.094,5.497,13,lanina,-0.760
FI,2001,JFM,precip,104.420,-5.024,-3.218,10,lanina,-0.760
FI,2001,JFM,precip_days,27.300,-0.138,1.029,10,lanina,-0.760
FI,2001,JFM,rain_on_snow_days,4.200,0.297,0.226,10,lanina,-0.760
FI,2001,JFM,snow_cover_days,87.400,3.371,2.219,10,lanina,-0.760
FI,2001,JFM,snow_depth,28.167,-7.369,-8.730,10,lanina,-0.760
FI,2001,JFM,snow_max,45.500,-8.324,-9.663,10,lanina,-0.760
FI,2001,JFM,thaw_days,28.931,-7.492,-5.898,13,lanina,-0.760
FI,2001,JFM,tmax_mean,-3.589,-0.901,-0.464,13,lanina,-0.760
FI,2001,JFM,tmean,-7.568,-1.208,-0.763,13,lanina,-0.760
FI,2001,JFM,tmin_mean,-11.814,-1.438,-0.920,13,lanina,-0.760
FI,2001,NDJFM,frost_days,119.324,-10.251,-11.231,13,lanina,-0.760
FI,2001,NDJFM,ice_days,80.181,-1.214,-4.257,13,lanina,-0.760
FI,2001,NDJFM,precip,237.780,22.667,28.980,10,lanina,-0.760
FI,2001,NDJFM,precip_days,53.900,4.000,5.971,10,lanina,-0.760
FI,2001,NDJFM,rain_on_snow_days,5.300,-0.406,-0.962,10,lanina,-0.760
FI,2001,NDJFM,snow_cover_days,113.100,-7.852,-14.151,10,lanina,-0.760
FI,2001,NDJFM,snow_depth,17.967,-7.972,-8.745,10,lanina,-0.760
FI,2001,NDJFM,snow_max,45.500,-8.534,-9.990,10,lanina,-0.760
FI,2001,NDJFM,thaw_days,69.356,0.929,3.914,13,lanina,-0.760
FI,2001,NDJFM,tmax_mean,-1.626,0.267,0.696,13,lanina,-0.760
FI,2001,NDJFM,tmean,-4.856,0.271,0.737,13,lanina,-0.760
FI,2001,NDJFM,tmin_mean,-8.279,0.440,1.000,13,lanina,-0.760
FI,2002,DJF,frost_days,82.231,0.964,-0.023,13,neutral,-0.150
FI,2002,DJF,ice_days,54.923,-2.104,-4.844,13,neutral,-0.150
FI,2002,DJF,precip,129.920,-3.066,5.096,10,neutral,-0.150
FI,2002,DJF,precip_days,30.400,-0.429,0.949,10,neutral,-0.150
FI,2002,DJF,rain_on_snow_days,3.700,-0.103,0.129,10,neutral,-0.150
FI,2002,DJF,snow_cover_days,86.800,6.772,4.352,10,neutral,-0.150
FI,2002,DJF,snow_depth,27.206,-0.039,-0.947,10,neutral,-0.150
FI,2002,DJF,snow_max,56.900,6.481,6.758,10,neutral,-0.150
FI,2002,DJF,thaw_days,34.000,1.648,4.352,13,neutral,-0.150
FI,2002,DJF,tmax_mean,-4.346,-0.794,-0.157,13,neutral,-0.150
FI,2002,DJF,tmean,-7.679,-0.937,-0.249,13,neutral,-0.150
FI,2002,DJF,tmin_mean,-11.351,-0.987,-0.183,13,neutral,-0.150
FI,2002,JFM,frost_days,78.231,-4.153,-4.172,13,neutral,-0.150
FI,2002,JFM,ice_days,41.385,-11.665,-13.009,13,neutral,-0.150
FI,2002,JFM,precip,140.610,21.276,32.492,10,neutral,-0.150
FI,2002,JFM,precip_days,31.600,3.862,5.286,10,neutral,-0.150
FI,2002,JFM,rain_on_snow_days,5.100,0.726,1.089,10,neutral,-0.150
FI,2002,JFM,snow_cover_days,86.100,2.229,1.024,10,neutral,-0.150
FI,2002,JFM,snow_depth,36.152,0.330,-0.490,10,neutral,-0.150
FI,2002,JFM,snow_max,62.700,5.533,7.781,10,neutral,-0.150
FI,2002,JFM,thaw_days,47.923,11.501,12.843,13,neutral,-0.150
FI,2002,JFM,tmax_mean,-1.423,1.265,1.655,13,neutral,-0.150
FI,2002,JFM,tmean,-5.253,1.107,1.498,13,neutral,-0.150
FI,2002,JFM,tmin_mean,-9.508,0.867,1.317,13,neutral,-0.150
FI,2002,NDJFM,frost_days,135.615,6.041,5.309,13,neutral,-0.150
FI,2002,NDJFM,ice_days,80.308,-1.087,-3.745,13,neutral,-0.150
FI,2002,NDJFM,precip,203.670,-15.190,-5.786,10,neutral,-0.150
FI,2002,NDJFM,precip_days,47.300,-2.143,-0.644,10,neutral,-0.150
FI,2002,NDJFM,rain_on_snow_days,5.900,-0.977,-0.386,10,neutral,-0.150
FI,2002,NDJFM,snow_cover_days,139.000,14.862,12.004,10,neutral,-0.150
FI,2002,NDJFM,snow_depth,26.854,1.021,0.324,10,neutral,-0.150
FI,2002,NDJFM,snow_max,62.700,5.323,7.449,10,neutral,-0.150
FI,2002,NDJFM,thaw_days,68.692,0.266,2.866,13,neutral,-0.150
FI,2002,NDJFM,tmax_mean,-2.350,-0.456,-0.073,13,neutral,-0.150
FI,2002,NDJFM,tmean,-5.892,-0.764,-0.351,13,neutral,-0.150
FI,2002,NDJFM,tmin_mean,-9.780,-1.061,-0.566,13,neutral,-0.150
FI,2003,DJF,frost_days,89.077,7.810,6.948,13,elnino,0.900
FI,2003,DJF,ice_days,70.077,13.050,10.528,13,elnino,0.900
FI,2003,DJF,precip,72.630,-45.994,-52.755,10,elnino,0.900
FI,2003,DJF,precip_days,19.400,-9.000,-10.095,10,elnino,0.900
FI,2003,DJF,rain_on_snow_days,0.900,-2.246,-2.697,10,elnino,0.900
FI,2003,DJF,snow_cover_days,90.000,8.201,7.667,10,elnino,0.900
FI,2003,DJF,snow_depth,35.292,5.252,7.332,10,elnino,0.900
FI,2003,DJF,snow_max,53.800,2.053,3.861,10,elnino,0.900
FI,2003,DJF,thaw_days,18.769,-13.583,-11.096,13,elnino,0.900
FI,2003,DJF,tmax_mean,-7.151,-3.599,-3.009,13,elnino,0.900
FI,2003,DJF,tmean,-11.253,-4.511,-3.879,13,elnino,0.900
FI,2003,DJF,tmin_mean,-15.835,-5.471,-4.737,13,elnino,0.900
FI,2003,JFM,frost_days,85.462,3.077,3.189,13,elnino,0.900
FI,2003,JFM,ice_days,51.692,-1.357,-2.450,13,elnino,0.900
FI,2003,JFM,precip,73.580,-26.781,-35.018,10,elnino,0.900
FI,2003,JFM,precip_days,19.800,-4.567,-6.558,10,elnino,0.900
FI,2003,JFM,rain_on_snow_days,2.100,-1.274,-1.949,10,elnino,0.900
FI,2003,JFM,snow_cover_days,88.300,4.229,3.329,10,elnino,0.900
FI,2003,JFM,snow_depth,41.766,3.009,5.378,10,elnino,0.900
FI,2003,JFM,snow_max,54.300,-3.038,-0.375,10,elnino,0.900
FI,2003,JFM,thaw_days,37.308,0.885,1.975,13,elnino,0.900
FI,2003,JFM,tmax_mean,-3.660,-0.972,-0.629,13,elnino,0.900
FI,2003,JFM,tmean,-7.906,-1.546,-1.210,13,elnino,0.900
FI,2003,JFM,tmin_mean,-12.450,-2.075,-1.692,13,elnino,0.900
FI,2003,NDJFM,frost_days,144.923,15.348,14.866,13,elnino,0.900
FI,2003,NDJFM,ice_days,103.154,21.759,19.488,13,elnino,0.900
FI,2003,NDJFM,precip,129.460,-72.633,-80.652,10,elnino,0.900
FI,2003,NDJFM,precip_days,30.300,-16.000,-17.660,10,elnino,0.900
FI,2003,NDJFM,rain_on_snow_days,2.800,-2.834,-3.509,10,elnino,0.900
FI,2003,NDJFM,snow_cover_days,146.900,20.148,20.160,10,elnino,0.900
FI,2003,NDJFM,snow_depth,31.798,3.505,5.449,10,elnino,0.900
FI,2003,NDJFM,snow_max,54.300,-3.248,-0.713,10,elnino,0.900
FI,2003,NDJFM,thaw_days,46.385,-22.042,-19.828,13,elnino,0.900
FI,2003,NDJFM,tmax_mean,-4.685,-2.792,-2.453,13,elnino,0.900
FI,2003,NDJFM,tmean,-8.458,-3.330,-2.969,13,elnino,0.900
FI,2003,NDJFM,tmin_mean,-12.573,-3.854,-3.423,13,elnino,0.900
FI,2004,DJF,frost_days,85.308,4.041,3.304,13,neutral,0.340
FI,2004,DJF,ice_days,64.769,7.743,5.438,13,neutral,0.340
FI,2004,DJF,precip,137.540,3.563,11.594,10,neutral,0.340
FI,2004,DJF,precip_days,30.800,0.571,1.261,10,neutral,0.340
FI,2004,DJF,rain_on_snow_days,1.900,-1.532,-1.724,10,neutral,0.340
FI,2004,DJF,snow_cover_days,80.800,-0.085,-1.418,10,neutral,0.340
FI,2004,DJF,snow_depth,25.868,-4.070,-1.900,10,neutral,0.340
FI,2004,DJF,snow_max,51.300,-0.376,1.564,10,neutral,0.340
FI,2004,DJF,thaw_days,25.846,-6.506,-4.235,13,neutral,0.340
FI,2004,DJF,tmax_mean,-3.816,-0.263,0.281,13,neutral,0.340
FI,2004,DJF,tmean,-7.305,-0.563,0.014,13,neutral,0.340
FI,2004,DJF,tmin_mean,-11.182,-0.818,-0.152,13,neutral,0.340
FI,2004,JFM,frost_days,87.615,5.231,5.472,13,neutral,0.340
FI,2004,JFM,ice_days,60.308,7.258,6.418,13,neutral,0.340
FI,2004,JFM,precip,101.160,-8.681,-7.918,10,neutral,0.340
FI,2004,JFM,precip_days,26.300,-0.281,-0.101,10,neutral,0.340
FI,2004,JFM,rain_on_snow_days,2.900,-0.560,-1.187,10,neutral,0.340
FI,2004,JFM,snow_cover_days,89.900,5.371,5.035,10,neutral,0.340
FI,2004,JFM,snow_depth,37.154,-1.355,1.020,10,neutral,0.340
FI,2004,JFM,snow_max,57.000,0.962,2.570,10,neutral,0.340
FI,2004,JFM,thaw_days,30.462,-5.961,-5.122,13,neutral,0.340
FI,2004,JFM,tmax_mean,-3.031,-0.343,-0.047,13,neutral,0.340
FI,2004,JFM,tmean,-6.744,-0.384,-0.102,13,neutral,0.340
FI,2004,JFM,tmin_mean,-10.699,-0.323,-0.008,13,neutral,0.340
FI,2004,NDJFM,frost_days,130.462,0.887,0.653,13,neutral,0.340
FI,2004,NDJFM,ice_days,82.692,1.297,-0.588,13,neutral,0.340
FI,2004,NDJFM,precip,206.940,-13.990,-3.828,10,neutral,0.340
FI,2004,NDJFM,precip_days,47.700,-2.429,-0.275,10,neutral,0.340
FI,2004,NDJFM,rain_on_snow_days,5.500,-0.691,-0.832,10,neutral,0.340
FI,2004,NDJFM,snow_cover_days,123.400,-1.138,-3.084,10,neutral,0.340
FI,2004,NDJFM,snow_depth,25.003,-2.941,-1.165,10,neutral,0.340
FI,2004,NDJFM,snow_max,57.000,0.752,2.225,10,neutral,0.340
FI,2004,NDJFM,thaw_days,68.538,0.112,1.941,13,neutral,0.340
FI,2004,NDJFM,tmax_mean,-1.720,0.173,0.466,13,neutral,0.340
FI,2004,NDJFM,tmean,-5.048,0.080,0.389,13,neutral,0.340
FI,2004,NDJFM,tmin_mean,-8.621,0.098,0.466,13,neutral,0.340
FI,2005,DJF,frost_days,81.538,0.272,-0.340,13,elnino,0.620
FI,2005,DJF,ice_days,53.231,-3.796,-5.883,13,elnino,0.620
FI,2005,DJF,precip,167.810,26.949,41.303,10,elnino,0.620
FI,2005,DJF,precip_days,34.600,4.143,5.017,10,elnino,0.620
FI,2005,DJF,rain_on_snow_days,5.200,1.325,1.549,10,elnino,0.620
FI,2005,DJF,snow_cover_days,84.000,3.915,1.897,10,elnino,0.620
FI,2005,DJF,snow_depth,28.773,2.636,1.198,10,elnino,0.620
FI,2005,DJF,snow_max,47.200,-0.090,-2.333,10,elnino,0.620
FI,2005,DJF,thaw_days,35.692,3.340,5.394,13,elnino,0.620
FI,2005,DJF,tmax_mean,-1.869,1.683,2.180,13,elnino,0.620
FI,2005,DJF,tmean,-4.785,1.957,2.479,13,elnino,0.620
FI,2005,DJF,tmin_mean,-8.166,2.198,2.795,13,elnino,0.620
FI,2005,JFM,frost_days,84.923,2.539,2.909,13,elnino,0.620
FI,2005,JFM,ice_days,60.923,7.874,7.285,13,elnino,0.620
FI,2005,JFM,precip,103.390,-11.396,-6.168,10,elnino,0.620
FI,2005,JFM,precip_days,24.200,-2.567,-2.244,10,elnino,0.620
FI,2005,JFM,rain_on_snow_days,2.500,-1.274,-1.625,10,elnino,0.620
FI,2005,JFM,snow_cover_days,86.800,2.943,2.040,10,elnino,0.620
FI,2005,JFM,snow_depth,37.611,2.847,1.731,10,elnino,0.620
FI,2005,JFM,snow_max,49.800,-2.895,-4.386,10,elnino,0.620
FI,2005,JFM,thaw_days,28.000,-8.423,-7.836,13,elnino,0.620
FI,2005,JFM,tmax_mean,-2.589,0.099,0.348,13,elnino,0.620
FI,2005,JFM,tmean,-6.448,-0.088,0.140,13,elnino,0.620
FI,2005,JFM,tmin_mean,-10.505,-0.130,0.117,13,elnino,0.620
FI,2005,NDJFM,frost_days,131.692,2.118,2.132,13,elnino,0.620
FI,2005,NDJFM,ice_days,88.462,7.066,5.568,13,elnino,0.620
FI,2005,NDJFM,precip,221.810,-1.347,10.386,10,elnino,0.620
FI,2005,NDJFM,precip_days,45.600,-3.286,-2.391,10,elnino,0.620
FI,2005,NDJFM,rain_on_snow_days,5.400,-0.834,-0.956,10,elnino,0.620
FI,2005,NDJFM,snow_cover_days,131.200,6.577,4.971,10,elnino,0.620
FI,2005,NDJFM,snow_depth,26.895,1.782,0.910,10,elnino,0.620
FI,2005,NDJFM,snow_max,50.000,-2.820,-4.537,10,elnino,0.620
FI,2005,NDJFM,thaw_days,61.077,-7.350,-5.906,13,elnino,0.620
FI,2005,NDJFM,tmax_mean,-1.622,0.272,0.519,13,elnino,0.620
FI,2005,NDJFM,tmean,-5.067,0.060,0.317,13,elnino,0.620
FI,2005,NDJFM,tmin_mean,-8.867,-0.148,0.155,13,elnino,0.620
FI,2006,DJF,frost_days,87.537,6.270,5.784,13,lanina,-0.860
FI,2006,DJF,ice_days,69.519,12.493,10.623,13,lanina,-0.860
FI,2006,DJF,precip,85.980,-38.409,-41.088,10,lanina,-0.860
FI,2006,DJF,precip_days,21.000,-9.286,-8.627,10,lanina,-0.860
FI,2006,DJF,rain_on_snow_days,1.501,-1.961,-2.177,10,lanina,-0.860
FI,2006,DJF,snow_cover_days,87.200,4.343,5.212,10,lanina,-0.860
FI,2006,DJF,snow_depth,27.131,0.992,-0.253,10,lanina,-0.860
FI,2006,DJF,snow_max,42.800,-4.662,-6.530,10,lanina,-0.860
FI,2006,DJF,thaw_days,19.170,-13.182,-11.344,13,lanina,-0.860
FI,2006,DJF,tmax_mean,-5.014,-1.461,-1.011,13,lanina,-0.860
FI,2006,DJF,tmean,-8.212,-1.469,-1.003,13,lanina,-0.860
FI,2006,DJF,tmin_mean,-11.830,-1.466,-0.939,13,lanina,-0.860
FI,2006,JFM,frost_days,88.384,6.000,6.500,13,lanina,-0.860
FI,2006,JFM,ice_days,68.444,15.395,15.058,13,lanina,-0.860
FI,2006,JFM,precip,70.300,-38.624,-39.738,10,lanina,-0.860
FI,2006,JFM,precip_days,18.900,-8.567,-7.587,10,lanina,-0.860
FI,2006,JFM,rain_on_snow_days,1.701,-2.131,-2.462,10,lanina,-0.860
FI,2006,JFM,snow_cover_days,89.300,4.086,4.646,10,lanina,-0.860
FI,2006,JFM,snow_depth,35.598,0.231,-0.028,10,lanina,-0.860
FI,2006,JFM,snow_max,51.800,-1.609,-2.142,10,lanina,-0.860
FI,2006,JFM,thaw_days,20.709,-15.714,-15.378,13,lanina,-0.860
FI,2006,JFM,tmax_mean,-4.870,-2.182,-1.981,13,lanina,-0.860
FI,2006,JFM,tmean,-9.095,-2.736,-2.562,13,lanina,-0.860
FI,2006,JFM,tmin_mean,-13.497,-3.122,-2.943,13,lanina,-0.860
FI,2006,NDJFM,frost_days,133.277,3.702,3.965,13,lanina,-0.860
FI,2006,NDJFM,ice_days,99.520,18.125,17.013,13,lanina,-0.860
FI,2006,NDJFM,precip,184.340,-23.333,-27.740,10,lanina,-0.860
FI,2006,NDJFM,precip_days,42.700,-6.429,-5.306,10,lanina,-0.860
FI,2006,NDJFM,rain_on_snow_days,3.105,-2.834,-3.274,10,lanina,-0.860
FI,2006,NDJFM,snow_cover_days,129.369,1.719,3.395,10,lanina,-0.860
FI,2006,NDJFM,snow_depth,25.673,0.121,-0.131,10,lanina,-0.860
FI,2006,NDJFM,snow_max,51.800,-1.820,-2.499,10,lanina,-0.860
FI,2006,NDJFM,thaw_days,49.396,-19.030,-17.972,13,lanina,-0.860
FI,2006,NDJFM,tmax_mean,-2.930,-1.036,-0.834,13,lanina,-0.860
FI,2006,NDJFM,tmean,-6.402,-1.275,-1.070,13,lanina,-0.860
FI,2006,NDJFM,tmin_mean,-10.198,-1.479,-1.240,13,lanina,-0.860
FI,2007,DJF,frost_days,74.308,-6.959,-7.320,13,elnino,0.620
FI,2007,DJF,ice_days,53.077,-3.950,-5.602,13,elnino,0.620
FI,2007,DJF,precip,136.786,16.749,20.194,7,elnino,0.620
FI,2007,DJF,precip_days,29.571,-0.143,0.494,7,elnino,0.620
FI,2007,DJF,rain_on_snow_days,2.143,-0.961,-0.965,7,elnino,0.620
FI,2007,DJF,snow_cover_days,69.143,-12.657,-13.248,7,elnino,0.620
FI,2007,DJF,snow_depth,19.743,-10.753,-11.400,7,elnino,0.620
FI,2007,DJF,snow_max,41.143,-11.233,-12.082,7,elnino,0.620
FI,2007,DJF,thaw_days,36.231,3.879,5.500,13,elnino,0.620
FI,2007,DJF,tmax_mean,-3.219,0.334,0.738,13,elnino,0.620
FI,2007,DJF,tmean,-6.710,0.033,0.444,13,elnino,0.620
FI,2007,DJF,tmin_mean,-10.525,-0.161,0.296,13,elnino,0.620
FI,2007,JFM,frost_days,80.692,-1.692,-1.062,13,elnino,0.620
FI,2007,JFM,ice_days,48.385,-4.665,-4.749,13,elnino,0.620
FI,2007,JFM,precip,108.786,4.676,8.479,7,elnino,0.620
FI,2007,JFM,precip_days,26.571,0.005,0.670,7,elnino,0.620
FI,2007,JFM,rain_on_snow_days,3.286,0.012,-0.243,7,elnino,0.620
FI,2007,JFM,snow_cover_days,78.857,-6.200,-6.097,7,elnino,0.620
FI,2007,JFM,snow_depth,28.137,-12.289,-12.506,7,elnino,0.620
FI,2007,JFM,snow_max,44.143,-14.038,-14.070,7,elnino,0.620
FI,2007,JFM,thaw_days,41.308,4.885,4.969,13,elnino,0.620
FI,2007,JFM,tmax_mean,-2.492,0.196,0.351,13,elnino,0.620
FI,2007,JFM,tmean,-6.632,-0.272,-0.153,13,elnino,0.620
FI,2007,JFM,tmin_mean,-10.871,-0.496,-0.384,13,elnino,0.620
FI,2007,NDJFM,frost_days,115.846,-13.729,-13.217,13,elnino,0.620
FI,2007,NDJFM,ice_days,67.769,-13.626,-14.352,13,elnino,0.620
FI,2007,NDJFM,precip,214.714,15.096,19.865,7,elnino,0.620
FI,2007,NDJFM,precip_days,49.857,2.000,2.596,7,elnino,0.620
FI,2007,NDJFM,rain_on_snow_days,7.571,2.023,1.850,7,elnino,0.620
FI,2007,NDJFM,snow_cover_days,117.429,-11.281,-10.916,7,elnino,0.620
FI,2007,NDJFM,snow_depth,19.400,-9.867,-10.079,7,elnino,0.620
FI,2007,NDJFM,snow_max,44.143,-14.248,-14.347,7,elnino,0.620
FI,2007,NDJFM,thaw_days,82.308,13.881,14.554,13,elnino,0.620
FI,2007,NDJFM,tmax_mean,-0.833,1.061,1.218,13,elnino,0.620
FI,2007,NDJFM,tmean,-4.182,0.945,1.098,13,elnino,0.620
FI,2007,NDJFM,tmin_mean,-7.745,0.974,1.149,13,elnino,0.620
FI,2008,DJF,frost_days,70.747,-10.520,-10.756,13,lanina,-1.760
FI,2008,DJF,ice_days,37.274,-19.753,-21.187,13,lanina,-1.760
FI,2008,DJF,precip,148.086,28.049,31.093,7,lanina,-1.760
FI,2008,DJF,precip_days,34.857,5.143,5.731,7,lanina,-1.760
FI,2008,DJF,rain_on_snow_days,6.286,3.182,3.150,7,lanina,-1.760
FI,2008,DJF,snow_cover_days,67.286,-14.514,-14.984,7,lanina,-1.760
FI,2008,DJF,snow_depth,18.016,-12.480,-13.003,7,lanina,-1.760
FI,2008,DJF,snow_max,37.143,-15.233,-15.964,7,lanina,-1.760
FI,2008,DJF,thaw_days,53.029,20.676,22.081,13,lanina,-1.760
FI,2008,DJF,tmax_mean,-0.143,3.409,3.767,13,lanina,-1.760
FI,2008,DJF,tmean,-2.603,4.139,4.495,13,lanina,-1.760
FI,2008,DJF,tmin_mean,-5.499,4.865,5.253,13,lanina,-1.760
FI,2008,JFM,frost_days,75.521,-6.863,-6.104,13,lanina,-1.760
FI,2008,JFM,ice_days,45.845,-7.204,-7.037,13,lanina,-1.760
FI,2008,JFM,precip,136.414,32.304,35.816,7,lanina,-1.760
FI,2008,JFM,precip_days,33.714,7.148,7.774,7,lanina,-1.760
FI,2008,JFM,rain_on_snow_days,5.714,2.440,2.153,7,lanina,-1.760
FI,2008,JFM,snow_cover_days,78.714,-6.343,-6.122,7,lanina,-1.760
FI,2008,JFM,snow_depth,26.636,-13.790,-13.838,7,lanina,-1.760
FI,2008,JFM,snow_max,45.286,-12.895,-12.761,7,lanina,-1.760
FI,2008,JFM,thaw_days,44.226,7.804,7.636,13,lanina,-1.760
FI,2008,JFM,tmax_mean,-0.895,1.793,1.901,13,lanina,-1.760
FI,2008,JFM,tmean,-3.781,2.580,2.645,13,lanina,-1.760
FI,2008,JFM,tmin_mean,-7.063,3.312,3.355,13,lanina,-1.760
FI,2008,NDJFM,frost_days,121.202,-8.373,-7.613,13,lanina,-1.760
FI,2008,NDJFM,ice_days,66.327,-15.068,-15.407,13,lanina,-1.760
FI,2008,NDJFM,precip,235.657,36.039,40.329,7,lanina,-1.760
FI,2008,NDJFM,precip_days,56.571,8.714,9.264,7,lanina,-1.760
FI,2008,NDJFM,rain_on_snow_days,8.571,3.023,2.816,7,lanina,-1.760
FI,2008,NDJFM,snow_cover_days,117.571,-11.138,-10.515,7,lanina,-1.760
FI,2008,NDJFM,snow_depth,19.535,-9.732,-9.814,7,lanina,-1.760
FI,2008,NDJFM,snow_max,45.286,-13.105,-13.046,7,lanina,-1.760
FI,2008,NDJFM,thaw_days,84.052,15.626,15.913,13,lanina,-1.760
FI,2008,NDJFM,tmax_mean,-0.161,1.732,1.844,13,lanina,-1.760
FI,2008,NDJFM,tmean,-2.796,2.332,2.432,13,lanina,-1.760
FI,2008,NDJFM,tmin_mean,-5.814,2.905,3.016,13,lanina,-1.760
FI,2009,DJF,frost_days,81.231,-0.036,-0.147,13,lanina,-0.890
FI,2009,DJF,ice_days,61.615,4.589,3.372,13,lanina,-0.890
FI,2009,DJF,precip,88.471,-31.566,-28.923,7,lanina,-0.890
FI,2009,DJF,precip_days,22.857,-6.857,-6.319,7,lanina,-0.890
FI,2009,DJF,rain_on_snow_days,2.857,-0.246,-0.308,7,lanina,-0.890
FI,2009,DJF,snow_cover_days,80.000,-1.799,-2.148,7,lanina,-0.890
FI,2009,DJF,snow_depth,20.471,-10.024,-10.422,7,lanina,-0.890
FI,2009,DJF,snow_max,38.571,-13.805,-14.419,7,lanina,-0.890
FI,2009,DJF,thaw_days,27.615,-4.737,-3.549,13,lanina,-0.890
FI,2009,DJF,tmax_mean,-2.987,0.566,0.877,13,lanina,-0.890
FI,2009,DJF,tmean,-5.749,0.993,1.294,13,lanina,-0.890
FI,2009,DJF,tmin_mean,-8.784,1.580,1.898,13,lanina,-0.890
FI,2009,JFM,frost_days,86.846,4.462,5.351,13,lanina,-0.890
FI,2009,JFM,ice_days,64.538,11.489,11.909,13,lanina,-0.890
FI,2009,JFM,precip,68.900,-35.210,-31.990,7,lanina,-0.890
FI,2009,JFM,precip_days,20.000,-6.567,-5.979,7,lanina,-0.890
FI,2009,JFM,rain_on_snow_days,1.714,-1.560,-1.880,7,lanina,-0.890
FI,2009,JFM,snow_cover_days,87.000,1.943,2.282,7,lanina,-0.890
FI,2009,JFM,snow_depth,27.527,-12.899,-12.778,7,lanina,-0.890
FI,2009,JFM,snow_max,41.429,-16.752,-16.452,7,lanina,-0.890
FI,2009,JFM,thaw_days,24.308,-12.115,-12.535,13,lanina,-0.890
FI,2009,JFM,tmax_mean,-3.173,-0.485,-0.425,13,lanina,-0.890
FI,2009,JFM,tmean,-6.511,-0.151,-0.139,13,lanina,-0.890
FI,2009,JFM,tmin_mean,-10.216,0.159,0.134,13,lanina,-0.890
FI,2009,NDJFM,frost_days,131.997,2.423,3.432,13,lanina,-0.890
FI,2009,NDJFM,ice_days,86.592,5.197,5.244,13,lanina,-0.890
FI,2009,NDJFM,precip,174.529,-25.090,-21.277,7,lanina,-0.890
FI,2009,NDJFM,precip_days,43.429,-4.429,-3.925,7,lanina,-0.890
FI,2009,NDJFM,rain_on_snow_days,5.000,-0.548,-0.788,7,lanina,-0.890
FI,2009,NDJFM,snow_cover_days,129.000,0.291,1.172,7,lanina,-0.890
FI,2009,NDJFM,snow_depth,20.538,-8.729,-8.680,7,lanina,-0.890
FI,2009,NDJFM,snow_max,42.429,-15.963,-15.745,7,lanina,-0.890
FI,2009,NDJFM,thaw_days,62.560,-5.867,-5.964,13,lanina,-0.890
FI,2009,NDJFM,tmax_mean,-1.534,0.360,0.427,13,lanina,-0.890
FI,2009,NDJFM,tmean,-4.402,0.726,0.774,13,lanina,-0.890
FI,2009,NDJFM,tmin_mean,-7.633,1.086,1.133,13,lanina,-0.890
FI,2010,DJF,frost_days,88.385,7.118,7.133,13,elnino,1.470
FI,2010,DJF,ice_days,81.846,24.820,23.820,13,elnino,1.470
FI,2010,DJF,precip,86.843,-33.194,-30.952,7,elnino,1.470
FI,2010,DJF,precip_days,25.000,-4.714,-4.225,7,elnino,1.470
FI,2010,DJF,rain_on_snow_days,0.286,-2.818,-2.908,7,elnino,1.470
FI,2010,DJF,snow_cover_days,83.000,1.201,0.974,7,elnino,1.470
FI,2010,DJF,snow_depth,30.275,-0.221,-0.494,7,elnino,1.470
FI,2010,DJF,snow_max,59.857,7.481,6.984,7,elnino,1.470
FI,2010,DJF,thaw_days,7.923,-24.429,-23.458,13,elnino,1.470
FI,2010,DJF,tmax_mean,-8.110,-4.557,-4.293,13,elnino,1.470
FI,2010,DJF,tmean,-11.604,-4.861,-4.616,13,elnino,1.470
FI,2010,DJF,tmin_mean,-15.446,-5.082,-4.833,13,elnino,1.470
FI,2010,JFM,frost_days,88.000,5.616,6.634,13,elnino,1.470
FI,2010,JFM,ice_days,75.077,22.028,22.699,13,elnino,1.470
FI,2010,JFM,precip,103.314,-0.796,2.134,7,elnino,1.470
FI,2010,JFM,precip_days,27.000,0.433,0.982,7,elnino,1.470
FI,2010,JFM,rain_on_snow_days,2.857,-0.417,-0.770,7,elnino,1.470
FI,2010,JFM,snow_cover_days,90.000,4.943,5.400,7,elnino,1.470
FI,2010,JFM,snow_depth,46.144,5.719,6.008,7,elnino,1.470
FI,2010,JFM,snow_max,70.286,12.105,12.571,7,elnino,1.470
FI,2010,JFM,thaw_days,14.769,-21.653,-22.325,13,elnino,1.470
FI,2010,JFM,tmax_mean,-6.732,-4.044,-4.030,13,elnino,1.470
FI,2010,JFM,tmean,-10.738,-4.378,-4.421,13,elnino,1.470
FI,2010,JFM,tmin_mean,-15.185,-4.809,-4.902,13,elnino,1.470
FI,2010,NDJFM,frost_days,135.385,5.810,7.067,13,elnino,1.470
FI,2010,NDJFM,ice_days,107.000,25.605,26.038,13,elnino,1.470
FI,2010,NDJFM,precip,189.114,-10.504,-7.170,7,elnino,1.470
FI,2010,NDJFM,precip_days,48.857,1.000,1.458,7,elnino,1.470
FI,2010,NDJFM,rain_on_snow_days,4.012,-1.537,-1.810,7,elnino,1.470
FI,2010,NDJFM,snow_cover_days,129.571,0.862,2.002,7,elnino,1.470
FI,2010,NDJFM,snow_depth,30.901,1.634,1.813,7,elnino,1.470
FI,2010,NDJFM,snow_max,70.286,11.895,12.271,7,elnino,1.470
FI,2010,NDJFM,thaw_days,43.385,-25.042,-25.525,13,elnino,1.470
FI,2010,NDJFM,tmax_mean,-4.653,-2.759,-2.737,13,elnino,1.470
FI,2010,NDJFM,tmean,-7.977,-2.850,-2.854,13,elnino,1.470
FI,2010,NDJFM,tmin_mean,-11.661,-2.942,-2.959,13,elnino,1.470
FI,2011,DJF,frost_days,89.200,6.874,7.078,10,lanina,-1.290
FI,2011,DJF,ice_days,81.899,21.800,21.208,10,lanina,-1.290
FI,2011,DJF,precip,101.529,-18.509,-16.668,7,lanina,-1.290
FI,2011,DJF,precip_days,26.000,-3.714,-3.275,7,lanina,-1.290
FI,2011,DJF,rain_on_snow_days,0.857,-2.246,-2.365,7,lanina,-1.290
FI,2011,DJF,snow_cover_days,90.000,8.201,8.095,7,lanina,-1.290
FI,2011,DJF,snow_depth,42.591,12.095,11.946,7,lanina,-1.290
FI,2011,DJF,snow_max,63.429,11.053,10.673,7,lanina,-1.290
FI,2011,DJF,thaw_days,7.801,-21.488,-20.929,10,lanina,-1.290
FI,2011,DJF,tmax_mean,-8.601,-4.530,-4.324,10,lanina,-1.290
FI,2011,DJF,tmean,-12.503,-5.148,-4.980,10,lanina,-1.290
FI,2011,DJF,tmin_mean,-16.737,-5.661,-5.522,10,lanina,-1.290
FI,2011,JFM,frost_days,88.500,5.261,6.389,10,lanina,-1.290
FI,2011,JFM,ice_days,62.079,6.533,7.579,10,lanina,-1.290
FI,2011,JFM,precip,95.329,-8.781,-6.143,7,lanina,-1.290
FI,2011,JFM,precip_days,25.143,-1.424,-0.914,7,lanina,-1.290
FI,2011,JFM,rain_on_snow_days,1.429,-1.846,-2.231,7,lanina,-1.290
FI,2011,JFM,snow_cover_days,90.000,4.943,5.518,7,lanina,-1.290
FI,2011,JFM,snow_depth,53.895,13.469,13.927,7,lanina,-1.290
FI,2011,JFM,snow_max,67.571,9.391,10.022,7,lanina,-1.290
FI,2011,JFM,thaw_days,27.118,-6.803,-7.852,10,lanina,-1.290
FI,2011,JFM,tmax_mean,-5.103,-2.005,-2.043,10,lanina,-1.290
FI,2011,JFM,tmean,-9.375,-2.496,-2.609,10,lanina,-1.290
FI,2011,JFM,tmin_mean,-13.942,-2.914,-3.111,10,lanina,-1.290
FI,2011,NDJFM,frost_days,144.899,13.248,14.930,10,lanina,-1.290
FI,2011,NDJFM,ice_days,111.785,25.657,26.786,10,lanina,-1.290
FI,2011,NDJFM,precip,161.086,-38.533,-35.677,7,lanina,-1.290
FI,2011,NDJFM,precip_days,39.714,-8.143,-7.731,7,lanina,-1.290
FI,2011,NDJFM,rain_on_snow_days,1.571,-3.977,-4.284,7,lanina,-1.290
FI,2011,NDJFM,snow_cover_days,143.143,14.434,15.831,7,lanina,-1.290
FI,2011,NDJFM,snow_depth,39.447,10.180,10.490,7,lanina,-1.290
FI,2011,NDJFM,snow_max,68.429,10.037,10.572,7,lanina,-1.290
FI,2011,NDJFM,thaw_days,38.113,-25.564,-26.761,10,lanina,-1.290
FI,2011,NDJFM,tmax_mean,-5.617,-3.283,-3.307,10,lanina,-1.290
FI,2011,NDJFM,tmean,-9.428,-3.768,-3.838,10,lanina,-1.290
FI,2011,NDJFM,tmin_mean,-13.550,-4.194,-4.308,10,lanina,-1.290
FI,2012,DJF,frost_days,81.000,-1.326,-1.007,10,lanina,-0.710
FI,2012,DJF,ice_days,61.200,1.101,0.698,10,lanina,-0.710
FI,2012,DJF,precip,174.271,54.234,55.674,7,lanina,-0.710
FI,2012,DJF,precip_days,40.714,11.000,11.390,7,lanina,-0.710
FI,2012,DJF,rain_on_snow_days,4.857,1.754,1.607,7,lanina,-0.710
FI,2012,DJF,snow_cover_days,82.000,0.201,0.217,7,lanina,-0.710
FI,2012,DJF,snow_depth,30.578,0.082,0.058,7,lanina,-0.710
FI,2012,DJF,snow_max,62.571,10.195,9.933,7,lanina,-0.710
FI,2012,DJF,thaw_days,29.200,-0.089,0.280,10,lanina,-0.710
FI,2012,DJF,tmax_mean,-4.277,-0.206,-0.045,10,lanina,-0.710
FI,2012,DJF,tmean,-7.021,0.334,0.447,10,lanina,-0.710
FI,2012,DJF,tmin_mean,-10.301,0.775,0.845,10,lanina,-0.710
FI,2012,JFM,frost_days,85.846,3.462,4.739,13,lanina,-0.710
FI,2012,JFM,ice_days,61.154,8.105,9.280,13,lanina,-0.710
FI,2012,JFM,precip,118.300,14.190,16.537,7,lanina,-0.710
FI,2012,JFM,precip_days,28.857,2.291,2.761,7,lanina,-0.710
FI,2012,JFM,rain_on_snow_days,3.286,0.012,-0.406,7,lanina,-0.710
FI,2012,JFM,snow_cover_days,89.429,4.371,5.065,7,lanina,-0.710
FI,2012,JFM,snow_depth,43.713,3.287,3.913,7,lanina,-0.710
FI,2012,JFM,snow_max,64.143,5.962,6.759,7,lanina,-0.710
FI,2012,JFM,thaw_days,29.385,-7.038,-8.213,13,lanina,-0.710
FI,2012,JFM,tmax_mean,-3.711,-1.023,-1.104,13,lanina,-0.710
FI,2012,JFM,tmean,-7.175,-0.816,-0.967,13,lanina,-0.710
FI,2012,JFM,tmin_mean,-11.093,-0.717,-0.946,13,lanina,-0.710
FI,2012,NDJFM,frost_days,125.400,-6.251,-4.333,10,lanina,-0.710
FI,2012,NDJFM,ice_days,75.000,-11.128,-9.641,10,lanina,-0.710
FI,2012,NDJFM,precip,236.757,37.139,39.516,7,lanina,-0.710
FI,2012,NDJFM,precip_days,55.143,7.286,7.652,7,lanina,-0.710
FI,2012,NDJFM,rain_on_snow_days,8.000,2.452,2.111,7,lanina,-0.710
FI,2012,NDJFM,snow_cover_days,120.000,-8.709,-7.053,7,lanina,-0.710
FI,2012,NDJFM,snow_depth,29.038,-0.230,0.210,7,lanina,-0.710
FI,2012,NDJFM,snow_max,64.143,5.752,6.444,7,lanina,-0.710
FI,2012,NDJFM,thaw_days,76.300,12.622,11.068,10,lanina,-0.710
FI,2012,NDJFM,tmax_mean,-1.455,0.880,0.811,10,lanina,-0.710
FI,2012,NDJFM,tmean,-4.455,1.205,1.083,10,lanina,-0.710
FI,2012,NDJFM,tmin_mean,-7.854,1.503,1.325,10,lanina,-0.710
FI,2013,DJF,frost_days,87.768,6.502,6.892,13,neutral,-0.240
FI,2013,DJF,ice_days,74.451,17.425,17.078,13,neutral,-0.240
FI,2013,DJF,precip,110.243,-9.794,-8.756,7,neutral,-0.240
FI,2013,DJF,precip_days,30.000,0.286,0.626,7,neutral,-0.240
FI,2013,DJF,rain_on_snow_days,2.008,-1.095,-1.271,7,neutral,-0.240
FI,2013,DJF,snow_cover_days,89.857,8.058,8.196,7,neutral,-0.240
FI,2013,DJF,snow_depth,39.698,9.203,9.303,7,neutral,-0.240
FI,2013,DJF,snow_max,62.714,10.338,10.193,7,neutral,-0.240
FI,2013,DJF,thaw_days,14.780,-17.572,-17.251,13,neutral,-0.240
FI,2013,DJF,tmax_mean,-5.107,-1.554,-1.430,13,neutral,-0.240
FI,2013,DJF,tmean,-7.978,-1.237,-1.156,13,neutral,-0.240
FI,2013,DJF,tmin_mean,-11.343,-0.978,-0.938,13,neutral,-0.240
FI,2013,JFM,frost_days,88.076,5.692,7.099,13,neutral,-0.240
FI,2013,JFM,ice_days,67.755,14.705,16.132,13,neutral,-0.240
FI,2013,JFM,precip,72.357,-31.753,-29.698,7,neutral,-0.240
FI,2013,JFM,precip_days,19.857,-6.709,-6.278,7,neutral,-0.240
FI,2013,JFM,rain_on_snow_days,1.591,-1.683,-2.133,7,neutral,-0.240
FI,2013,JFM,snow_cover_days,90.000,4.943,5.755,7,neutral,-0.240
FI,2013,JFM,snow_depth,51.669,11.243,12.038,7,neutral,-0.240
FI,2013,JFM,snow_max,69.429,11.248,12.211,7,neutral,-0.240
FI,2013,JFM,thaw_days,21.399,-15.023,-16.449,13,neutral,-0.240
FI,2013,JFM,tmax_mean,-3.419,-0.731,-0.858,13,neutral,-0.240
FI,2013,JFM,tmean,-7.521,-1.161,-1.366,13,neutral,-0.240
FI,2013,JFM,tmin_mean,-12.104,-1.728,-2.025,13,neutral,-0.240
FI,2013,NDJFM,frost_days,134.531,4.956,6.960,13,neutral,-0.240
FI,2013,NDJFM,ice_days,101.748,20.353,21.944,13,neutral,-0.240
FI,2013,NDJFM,precip,180.186,-19.433,-17.533,7,neutral,-0.240
FI,2013,NDJFM,precip_days,46.143,-1.714,-1.394,7,neutral,-0.240
FI,2013,NDJFM,rain_on_snow_days,3.591,-1.958,-2.331,7,neutral,-0.240
FI,2013,NDJFM,snow_cover_days,134.602,5.892,7.807,7,neutral,-0.240
FI,2013,NDJFM,snow_depth,37.738,8.471,9.040,7,neutral,-0.240
FI,2013,NDJFM,snow_max,69.429,11.037,11.889,7,neutral,-0.240
FI,2013,NDJFM,thaw_days,48.022,-20.405,-22.044,13,neutral,-0.240
FI,2013,NDJFM,tmax_mean,-3.160,-1.267,-1.380,13,neutral,-0.240
FI,2013,NDJFM,tmean,-6.613,-1.485,-1.645,13,neutral,-0.240
FI,2013,NDJFM,tmin_mean,-10.547,-1.828,-2.038,13,neutral,-0.240
FI,2014,DJF,frost_days,68.000,-13.266,-12.751,13,neutral,-0.240
FI,2014,DJF,ice_days,42.231,-14.796,-14.925,13,neutral,-0.240
FI,2014,DJF,precip,108.029,-12.009,-11.372,7,neutral,-0.240
FI,2014,DJF,precip_days,29.286,-0.429,-0.137,7,neutral,-0.240
FI,2014,DJF,rain_on_snow_days,4.645,1.542,1.338,7,neutral,-0.240
FI,2014,DJF,snow_cover_days,70.916,-10.884,-10.624,7,neutral,-0.240
FI,2014,DJF,snow_depth,21.150,-9.345,-9.120,7,neutral,-0.240
FI,2014,DJF,snow_max,34.429,-17.947,-17.975,7,neutral,-0.240
FI,2014,DJF,thaw_days,46.769,14.417,14.522,13,neutral,-0.240
FI,2014,DJF,tmax_mean,-2.322,1.230,1.308,13,neutral,-0.240
FI,2014,DJF,tmean,-4.744,1.998,2.023,13,neutral,-0.240
FI,2014,DJF,tmin_mean,-7.478,2.886,2.857,13,neutral,-0.240
FI,2014,JFM,frost_days,69.769,-12.615,-11.079,13,neutral,-0.240
FI,2014,JFM,ice_days,38.769,-14.280,-12.601,13,neutral,-0.240
FI,2014,JFM,precip,77.400,-26.710,-24.946,7,neutral,-0.240
FI,2014,JFM,precip_days,21.286,-5.281,-4.889,7,neutral,-0.240
FI,2014,JFM,rain_on_snow_days,3.045,-0.229,-0.712,7,neutral,-0.240
FI,2014,JFM,snow_cover_days,68.131,-16.926,-15.996,7,neutral,-0.240
FI,2014,JFM,snow_depth,24.557,-15.870,-14.906,7,neutral,-0.240
FI,2014,JFM,snow_max,37.429,-20.752,-19.623,7,neutral,-0.240
FI,2014,JFM,thaw_days,50.231,13.808,12.130,13,neutral,-0.240
FI,2014,JFM,tmax_mean,-1.392,1.296,1.121,13,neutral,-0.240
FI,2014,JFM,tmean,-4.206,2.154,1.894,13,neutral,-0.240
FI,2014,JFM,tmin_mean,-7.056,3.319,2.955,13,neutral,-0.240
FI,2014,NDJFM,frost_days,108.257,-21.318,-19.066,13,neutral,-0.240
FI,2014,NDJFM,ice_days,54.774,-26.621,-24.643,13,neutral,-0.240
FI,2014,NDJFM,precip,195.157,-4.461,-3.040,7,neutral,-0.240
FI,2014,NDJFM,precip_days,48.000,0.143,0.417,7,neutral,-0.240
FI,2014,NDJFM,rain_on_snow_days,6.503,0.954,0.547,7,neutral,-0.240
FI,2014,NDJFM,snow_cover_days,103.858,-24.851,-22.678,7,neutral,-0.240
FI,2014,NDJFM,snow_depth,18.876,-10.391,-9.691,7,neutral,-0.240
FI,2014,NDJFM,snow_max,37.429,-20.963,-19.953,7,neutral,-0.240
FI,2014,NDJFM,thaw_days,94.839,26.413,24.388,13,neutral,-0.240
FI,2014,NDJFM,tmax_mean,-0.087,1.806,1.647,13,neutral,-0.240
FI,2014,NDJFM,tmean,-2.849,2.278,2.066,13,neutral,-0.240
FI,2014,NDJFM,tmin_mean,-5.841,2.878,2.604,13,neutral,-0.240
FI,2015,DJF,frost_days,74.828,-6.438,-5.798,13,elnino,0.730
FI,2015,DJF,ice_days,43.484,-13.543,-13.454,13,elnino,0.730
FI,2015,DJF,precip,141.043,21.006,21.242,7,elnino,0.730
FI,2015,DJF,precip_days,35.000,5.286,5.527,7,elnino,0.730
FI,2015,DJF,rain_on_snow_days,4.011,0.908,0.675,7,elnino,0.730
FI,2015,DJF,snow_cover_days,79.223,-2.576,-2.195,7,elnino,0.730
FI,2015,DJF,snow_depth,29.940,-0.556,-0.206,7,elnino,0.730
FI,2015,DJF,snow_max,52.143,-0.233,-0.144,7,elnino,0.730
FI,2015,DJF,thaw_days,45.669,13.317,13.205,13,elnino,0.730
FI,2015,DJF,tmax_mean,-1.783,1.770,1.801,13,elnino,0.730
FI,2015,DJF,tmean,-4.408,2.334,2.304,13,elnino,0.730
FI,2015,DJF,tmin_mean,-7.519,2.845,2.746,13,elnino,0.730
FI,2015,JFM,frost_days,72.000,-10.384,-8.718,13,elnino,0.730
FI,2015,JFM,ice_days,32.769,-20.280,-18.349,13,elnino,0.730
FI,2015,JFM,precip,124.800,20.690,22.163,7,elnino,0.730
FI,2015,JFM,precip_days,31.000,4.433,4.787,7,elnino,0.730
FI,2015,JFM,rain_on_snow_days,6.177,2.903,2.388,7,elnino,0.730
FI,2015,JFM,snow_cover_days,79.921,-5.136,-4.088,7,elnino,0.730
FI,2015,JFM,snow_depth,37.130,-3.296,-2.165,7,elnino,0.730
FI,2015,JFM,snow_max,53.714,-4.467,-3.172,7,elnino,0.730
FI,2015,JFM,thaw_days,56.615,20.193,18.263,13,elnino,0.730
FI,2015,JFM,tmax_mean,-0.044,2.644,2.422,13,elnino,0.730
FI,2015,JFM,tmean,-3.141,3.219,2.905,13,elnino,0.730
FI,2015,JFM,tmin_mean,-6.570,3.805,3.373,13,elnino,0.730
FI,2015,NDJFM,frost_days,118.828,-10.747,-8.246,13,elnino,0.730
FI,2015,NDJFM,ice_days,57.096,-24.299,-21.935,13,elnino,0.730
FI,2015,NDJFM,precip,225.257,25.639,26.581,7,elnino,0.730
FI,2015,NDJFM,precip_days,53.000,5.143,5.371,7,elnino,0.730
FI,2015,NDJFM,rain_on_snow_days,7.891,2.343,1.902,7,elnino,0.730
FI,2015,NDJFM,snow_cover_days,115.974,-12.736,-10.305,7,elnino,0.730
FI,2015,NDJFM,snow_depth,25.840,-3.427,-2.597,7,elnino,0.730
FI,2015,NDJFM,snow_max,53.714,-4.677,-3.509,7,elnino,0.730
FI,2015,NDJFM,thaw_days,92.827,24.400,21.990,13,elnino,0.730
FI,2015,NDJFM,tmax_mean,-0.050,1.843,1.639,13,elnino,0.730
FI,2015,NDJFM,tmean,-2.804,2.323,2.059,13,elnino,0.730
FI,2015,NDJFM,tmin_mean,-5.879,2.840,2.502,13,elnino,0.730
FI,2016,DJF,frost_days,76.746,-4.520,-3.755,13,super,2.500
FI,2016,DJF,ice_days,52.247,-4.780,-4.474,13,super,2.500
FI,2016,DJF,precip,153.100,33.063,32.898,7,super,2.500
FI,2016,DJF,precip_days,36.429,6.714,6.906,7,super,2.500
FI,2016,DJF,rain_on_snow_days,4.714,1.611,1.350,7,super,2.500
FI,2016,DJF,snow_cover_days,72.571,-9.228,-8.725,7,super,2.500
FI,2016,DJF,snow_depth,26.576,-3.920,-3.445,7,super,2.500
FI,2016,DJF,snow_max,55.571,3.195,3.401,7,super,2.500
FI,2016,DJF,thaw_days,38.137,5.785,5.456,13,super,2.500
FI,2016,DJF,tmax_mean,-3.217,0.336,0.320,13,super,2.500
FI,2016,DJF,tmean,-6.175,0.567,0.481,13,super,2.500
FI,2016,DJF,tmin_mean,-9.628,0.736,0.568,13,super,2.500
FI,2016,JFM,frost_days,79.291,-3.093,-1.298,13,super,2.500
FI,2016,JFM,ice_days,51.862,-1.187,0.996,13,super,2.500
FI,2016,JFM,precip,106.714,2.604,3.786,7,super,2.500
FI,2016,JFM,precip_days,27.429,0.862,1.176,7,super,2.500
FI,2016,JFM,rain_on_snow_days,4.429,1.154,0.606,7,super,2.500
FI,2016,JFM,snow_cover_days,85.429,0.371,1.537,7,super,2.500
FI,2016,JFM,snow_depth,36.110,-4.316,-3.016,7,super,2.500
FI,2016,JFM,snow_max,55.571,-2.609,-1.148,7,super,2.500
FI,2016,JFM,thaw_days,38.675,2.253,0.071,13,super,2.500
FI,2016,JFM,tmax_mean,-3.023,-0.335,-0.604,13,super,2.500
FI,2016,JFM,tmean,-6.167,0.193,-0.175,13,super,2.500
FI,2016,JFM,tmin_mean,-9.584,0.791,0.291,13,super,2.500
FI,2016,NDJFM,frost_days,115.275,-14.300,-11.550,13,super,2.500
FI,2016,NDJFM,ice_days,68.306,-13.089,-10.338,13,super,2.500
FI,2016,NDJFM,precip,225.614,25.996,26.461,7,super,2.500
FI,2016,NDJFM,precip_days,55.143,7.286,7.468,7,super,2.500
FI,2016,NDJFM,rain_on_snow_days,7.578,2.030,1.556,7,super,2.500
FI,2016,NDJFM,snow_cover_days,113.509,-15.200,-12.511,7,super,2.500
FI,2016,NDJFM,snow_depth,25.880,-3.387,-2.426,7,super,2.500
FI,2016,NDJFM,snow_max,55.571,-2.820,-1.493,7,super,2.500
FI,2016,NDJFM,thaw_days,83.001,14.574,11.779,13,super,2.500
FI,2016,NDJFM,tmax_mean,-0.820,1.074,0.825,13,super,2.500
FI,2016,NDJFM,tmean,-3.653,1.474,1.158,13,super,2.500
FI,2016,NDJFM,tmin_mean,-6.814,1.904,1.502,13,super,2.500
FI,2017,DJF,frost_days,83.677,2.410,3.301,13,neutral,-0.080
FI,2017,DJF,ice_days,52.037,-4.989,-4.466,13,neutral,-0.080
FI,2017,DJF,precip,79.529,-40.509,-41.075,7,neutral,-0.080
FI,2017,DJF,precip_days,23.286,-6.429,-6.286,7,neutral,-0.080
FI,2017,DJF,rain_on_snow_days,1.429,-1.675,-1.964,7,neutral,-0.080
FI,2017,DJF,snow_cover_days,78.143,-3.657,-3.032,7,neutral,-0.080
FI,2017,DJF,snow_depth,27.995,-2.500,-1.901,7,neutral,-0.080
FI,2017,DJF,snow_max,46.571,-5.805,-5.481,7,neutral,-0.080
FI,2017,DJF,thaw_days,37.036,4.684,4.139,13,neutral,-0.080
FI,2017,DJF,tmax_mean,-1.913,1.640,1.578,13,neutral,-0.080
FI,2017,DJF,tmean,-5.178,1.564,1.423,13,neutral,-0.080
FI,2017,DJF,tmin_mean,-9.092,1.273,1.036,13,neutral,-0.080
FI,2017,JFM,frost_days,82.684,0.300,2.224,13,neutral,-0.080
FI,2017,JFM,ice_days,44.994,-8.055,-5.620,13,neutral,-0.080
FI,2017,JFM,precip,81.386,-22.724,-21.834,7,neutral,-0.080
FI,2017,JFM,precip_days,24.714,-1.852,-1.577,7,neutral,-0.080
FI,2017,JFM,rain_on_snow_days,3.262,-0.012,-0.593,7,neutral,-0.080
FI,2017,JFM,snow_cover_days,78.497,-6.560,-5.276,7,neutral,-0.080
FI,2017,JFM,snow_depth,36.586,-3.840,-2.371,7,neutral,-0.080
FI,2017,JFM,snow_max,51.429,-6.752,-5.125,7,neutral,-0.080
FI,2017,JFM,thaw_days,44.237,7.814,5.381,13,neutral,-0.080
FI,2017,JFM,tmax_mean,-0.977,1.711,1.395,13,neutral,-0.080
FI,2017,JFM,tmean,-4.490,1.870,1.448,13,neutral,-0.080
FI,2017,JFM,tmin_mean,-8.385,1.990,1.422,13,neutral,-0.080
FI,2017,NDJFM,frost_days,133.341,3.767,6.765,13,neutral,-0.080
FI,2017,NDJFM,ice_days,76.891,-4.504,-1.367,13,neutral,-0.080
FI,2017,NDJFM,precip,162.114,-37.504,-37.518,7,neutral,-0.080
FI,2017,NDJFM,precip_days,43.429,-4.429,-4.292,7,neutral,-0.080
FI,2017,NDJFM,rain_on_snow_days,5.674,0.125,-0.382,7,neutral,-0.080
FI,2017,NDJFM,snow_cover_days,122.866,-5.843,-2.896,7,neutral,-0.080
FI,2017,NDJFM,snow_depth,26.840,-2.428,-1.337,7,neutral,-0.080
FI,2017,NDJFM,snow_max,52.571,-5.820,-4.335,7,neutral,-0.080
FI,2017,NDJFM,thaw_days,72.567,4.140,0.959,13,neutral,-0.080
FI,2017,NDJFM,tmax_mean,-0.923,0.971,0.676,13,neutral,-0.080
FI,2017,NDJFM,tmean,-4.081,1.046,0.678,13,neutral,-0.080
FI,2017,NDJFM,tmin_mean,-7.731,0.988,0.521,13,neutral,-0.080
FI,2018,DJF,frost_days,83.523,2.256,3.272,13,lanina,-0.710
FI,2018,DJF,ice_days,62.552,5.526,6.267,13,lanina,-0.710
FI,2018,DJF,precip,121.714,1.677,0.710,7,lanina,-0.710
FI,2018,DJF,precip_days,26.429,-3.286,-3.193,7,lanina,-0.710
FI,2018,DJF,rain_on_snow_days,2.429,-0.675,-0.993,7,lanina,-0.710
FI,2018,DJF,snow_cover_days,81.714,-0.085,0.661,7,lanina,-0.710
FI,2018,DJF,snow_depth,36.308,5.812,6.536,7,lanina,-0.710
FI,2018,DJF,snow_max,52.429,0.053,0.493,7,lanina,-0.710
FI,2018,DJF,thaw_days,26.294,-6.058,-6.820,13,lanina,-0.710
FI,2018,DJF,tmax_mean,-3.820,-0.267,-0.375,13,lanina,-0.710
FI,2018,DJF,tmean,-6.784,-0.042,-0.238,13,lanina,-0.710
FI,2018,DJF,tmin_mean,-10.096,0.268,-0.039,13,lanina,-0.710
FI,2018,JFM,frost_days,86.597,4.213,6.268,13,lanina,-0.710
FI,2018,JFM,ice_days,69.453,16.403,19.091,13,lanina,-0.710
FI,2018,JFM,precip,75.286,-28.824,-28.225,7,lanina,-0.710
FI,2018,JFM,precip_days,17.857,-8.709,-8.473,7,lanina,-0.710
FI,2018,JFM,rain_on_snow_days,1.429,-1.846,-2.459,7,lanina,-0.710
FI,2018,JFM,snow_cover_days,87.000,1.943,3.345,7,lanina,-0.710
FI,2018,JFM,snow_depth,47.090,6.665,8.302,7,lanina,-0.710
FI,2018,JFM,snow_max,61.857,3.676,5.469,7,lanina,-0.710
FI,2018,JFM,thaw_days,19.698,-16.725,-19.410,13,lanina,-0.710
FI,2018,JFM,tmax_mean,-4.391,-1.703,-2.066,13,lanina,-0.710
FI,2018,JFM,tmean,-8.316,-1.956,-2.432,13,lanina,-0.710
FI,2018,JFM,tmin_mean,-12.660,-2.285,-2.921,13,lanina,-0.710
FI,2018,NDJFM,frost_days,132.634,3.059,6.306,13,lanina,-0.710
FI,2018,NDJFM,ice_days,89.302,7.907,11.431,13,lanina,-0.710
FI,2018,NDJFM,precip,206.600,6.981,6.489,7,lanina,-0.710
FI,2018,NDJFM,precip_days,47.714,-0.143,-0.053,7,lanina,-0.710
FI,2018,NDJFM,rain_on_snow_days,4.458,-1.091,-1.632,7,lanina,-0.710
FI,2018,NDJFM,snow_cover_days,129.523,0.814,4.019,7,lanina,-0.710
FI,2018,NDJFM,snow_depth,34.463,5.195,6.417,7,lanina,-0.710
FI,2018,NDJFM,snow_max,61.857,3.466,5.109,7,lanina,-0.710
FI,2018,NDJFM,thaw_days,59.616,-8.810,-12.376,13,lanina,-0.710
FI,2018,NDJFM,tmax_mean,-2.455,-0.562,-0.902,13,lanina,-0.710
FI,2018,NDJFM,tmean,-5.677,-0.550,-0.970,13,lanina,-0.710
FI,2018,NDJFM,tmin_mean,-9.313,-0.594,-1.125,13,lanina,-0.710
FI,2019,DJF,frost_days,83.955,2.689,3.830,13,elnino,0.990
FI,2019,DJF,ice_days,57.939,0.913,1.871,13,elnino,0.990
FI,2019,DJF,precip,117.014,-3.023,-4.392,7,elnino,0.990
FI,2019,DJF,precip_days,31.571,1.857,1.901,7,elnino,0.990
FI,2019,DJF,rain_on_snow_days,3.287,0.184,-0.163,7,elnino,0.990
FI,2019,DJF,snow_cover_days,82.669,0.870,1.737,7,elnino,0.990
FI,2019,DJF,snow_depth,28.395,-2.100,-1.252,7,elnino,0.990
FI,2019,DJF,snow_max,57.429,5.053,5.610,7,elnino,0.990
FI,2019,DJF,thaw_days,30.971,-1.381,-2.359,13,elnino,0.990
FI,2019,DJF,tmax_mean,-3.576,-0.023,-0.178,13,elnino,0.990
FI,2019,DJF,tmean,-6.755,-0.012,-0.264,13,elnino,0.990
FI,2019,DJF,tmin_mean,-10.705,-0.341,-0.716,13,elnino,0.990
FI,2019,JFM,frost_days,80.054,-2.330,-0.146,13,elnino,0.990
FI,2019,JFM,ice_days,50.231,-2.818,0.121,13,elnino,0.990
FI,2019,JFM,precip,119.243,15.133,15.440,7,elnino,0.990
FI,2019,JFM,precip_days,32.143,5.576,5.774,7,elnino,0.990
FI,2019,JFM,rain_on_snow_days,5.717,2.443,1.798,7,elnino,0.990
FI,2019,JFM,snow_cover_days,87.286,2.229,3.748,7,elnino,0.990
FI,2019,JFM,snow_depth,40.321,-0.106,1.700,7,elnino,0.990
FI,2019,JFM,snow_max,65.000,6.819,8.778,7,elnino,0.990
FI,2019,JFM,thaw_days,39.075,2.653,-0.284,13,elnino,0.990
FI,2019,JFM,tmax_mean,-2.665,0.023,-0.387,13,elnino,0.990
FI,2019,JFM,tmean,-6.289,0.071,-0.459,13,elnino,0.990
FI,2019,JFM,tmin_mean,-10.758,-0.383,-1.087,13,elnino,0.990
FI,2019,NDJFM,frost_days,124.116,-5.458,-1.963,13,elnino,0.990
FI,2019,NDJFM,ice_days,75.776,-5.619,-1.709,13,elnino,0.990
FI,2019,NDJFM,precip,179.743,-19.876,-20.846,7,elnino,0.990
FI,2019,NDJFM,precip_days,48.429,0.571,0.616,7,elnino,0.990
FI,2019,NDJFM,rain_on_snow_days,6.886,1.337,0.763,7,elnino,0.990
FI,2019,NDJFM,snow_cover_days,119.877,-8.832,-5.368,7,elnino,0.990
FI,2019,NDJFM,snow_depth,26.390,-2.877,-1.526,7,elnino,0.990
FI,2019,NDJFM,snow_max,65.000,6.609,8.411,7,elnino,0.990
FI,2019,NDJFM,thaw_days,73.985,5.559,1.607,13,elnino,0.990
FI,2019,NDJFM,tmax_mean,-1.354,0.539,0.155,13,elnino,0.990
FI,2019,NDJFM,tmean,-4.399,0.728,0.255,13,elnino,0.990
FI,2019,NDJFM,tmin_mean,-8.168,0.550,-0.045,13,elnino,0.990
FI,2020,DJF,frost_days,66.591,-14.676,-13.409,13,elnino,0.710
FI,2020,DJF,ice_days,32.790,-24.237,-23.061,13,elnino,0.710
FI,2020,DJF,precip,168.029,47.991,46.221,7,elnino,0.710
FI,2020,DJF,precip_days,37.857,8.143,8.137,7,elnino,0.710
FI,2020,DJF,rain_on_snow_days,4.006,0.903,0.527,7,elnino,0.710
FI,2020,DJF,snow_cover_days,62.603,-19.196,-18.207,7,elnino,0.710
FI,2020,DJF,snow_depth,32.425,1.929,2.903,7,elnino,0.710
FI,2020,DJF,snow_max,49.429,-2.947,-2.272,7,elnino,0.710
FI,2020,DJF,thaw_days,57.209,24.857,23.661,13,elnino,0.710
FI,2020,DJF,tmax_mean,0.250,3.803,3.601,13,elnino,0.710
FI,2020,DJF,tmean,-2.327,4.415,4.109,13,elnino,0.710
FI,2020,DJF,tmin_mean,-5.773,4.591,4.146,13,elnino,0.710
FI,2020,JFM,frost_days,67.977,-14.407,-12.094,13,elnino,0.710
FI,2020,JFM,ice_days,29.092,-23.957,-20.766,13,elnino,0.710
FI,2020,JFM,precip,147.471,43.361,43.378,7,elnino,0.710
FI,2020,JFM,precip_days,34.286,7.719,7.877,7,elnino,0.710
FI,2020,JFM,rain_on_snow_days,3.573,0.299,-0.379,7,elnino,0.710
FI,2020,JFM,snow_cover_days,56.448,-28.610,-26.971,7,elnino,0.710
FI,2020,JFM,snow_depth,38.120,-2.306,-0.332,7,elnino,0.710
FI,2020,JFM,snow_max,52.857,-5.324,-3.199,7,elnino,0.710
FI,2020,JFM,thaw_days,61.060,24.637,21.449,13,elnino,0.710
FI,2020,JFM,tmax_mean,0.830,3.518,3.061,13,elnino,0.710
FI,2020,JFM,tmean,-2.217,4.143,3.558,13,elnino,0.710
FI,2020,JFM,tmin_mean,-6.048,4.327,3.555,13,elnino,0.710
FI,2020,NDJFM,frost_days,112.950,-16.625,-12.881,13,elnino,0.710
FI,2020,NDJFM,ice_days,53.182,-28.213,-23.917,13,elnino,0.710
FI,2020,NDJFM,precip,273.729,74.110,72.662,7,elnino,0.710
FI,2020,NDJFM,precip_days,57.714,9.857,9.855,7,elnino,0.710
FI,2020,NDJFM,rain_on_snow_days,6.005,0.456,-0.151,7,elnino,0.710
FI,2020,NDJFM,snow_cover_days,100.597,-28.112,-24.390,7,elnino,0.710
FI,2020,NDJFM,snow_depth,30.598,1.331,2.813,7,elnino,0.710
FI,2020,NDJFM,snow_max,54.143,-4.248,-2.288,7,elnino,0.710
FI,2020,NDJFM,thaw_days,97.201,28.774,24.437,13,elnino,0.710
FI,2020,NDJFM,tmax_mean,0.570,2.463,2.033,13,elnino,0.710
FI,2020,NDJFM,tmean,-2.094,3.033,2.508,13,elnino,0.710
FI,2020,NDJFM,tmin_mean,-5.574,3.145,2.485,13,elnino,0.710
FI,2021,DJF,frost_days,80.462,-0.805,0.587,13,lanina,-0.990
FI,2021,DJF,ice_days,62.154,5.127,6.521,13,lanina,-0.990
FI,2021,DJF,precip,116.986,-3.051,-5.223,7,lanina,-0.990
FI,2021,DJF,precip_days,30.000,0.286,0.230,7,lanina,-0.990
FI,2021,DJF,rain_on_snow_days,2.721,-0.383,-0.787,7,lanina,-0.990
FI,2021,DJF,snow_cover_days,80.000,-1.799,-0.689,7,lanina,-0.990
FI,2021,DJF,snow_depth,25.347,-5.148,-4.050,7,lanina,-0.990
FI,2021,DJF,snow_max,53.571,1.195,1.988,7,lanina,-0.990
FI,2021,DJF,thaw_days,27.000,-5.352,-6.764,13,lanina,-0.990
FI,2021,DJF,tmax_mean,-3.969,-0.417,-0.665,13,lanina,-0.990
FI,2021,DJF,tmean,-6.711,0.032,-0.330,13,lanina,-0.990
FI,2021,DJF,tmin_mean,-9.954,0.411,-0.104,13,lanina,-0.990
FI,2021,JFM,frost_days,80.692,-1.692,0.751,13,lanina,-0.990
FI,2021,JFM,ice_days,60.154,7.105,10.548,13,lanina,-0.990
FI,2021,JFM,precip,95.157,-8.953,-9.228,7,lanina,-0.990
FI,2021,JFM,precip_days,24.857,-1.709,-1.590,7,lanina,-0.990
FI,2021,JFM,rain_on_snow_days,3.148,-0.126,-0.838,7,lanina,-0.990
FI,2021,JFM,snow_cover_days,88.143,3.086,4.842,7,lanina,-0.990
FI,2021,JFM,snow_depth,37.116,-3.310,-1.167,7,lanina,-0.990
FI,2021,JFM,snow_max,55.714,-2.467,-0.176,7,lanina,-0.990
FI,2021,JFM,thaw_days,29.231,-7.192,-10.631,13,lanina,-0.990
FI,2021,JFM,tmax_mean,-3.542,-0.854,-1.359,13,lanina,-0.990
FI,2021,JFM,tmean,-7.073,-0.713,-1.352,13,lanina,-0.990
FI,2021,JFM,tmin_mean,-10.956,-0.581,-1.420,13,lanina,-0.990
FI,2021,NDJFM,frost_days,119.308,-10.267,-6.274,13,lanina,-0.990
FI,2021,NDJFM,ice_days,77.231,-4.164,0.518,13,lanina,-0.990
FI,2021,NDJFM,precip,198.971,-0.647,-2.574,7,lanina,-0.990
FI,2021,NDJFM,precip_days,47.143,-0.714,-0.762,7,lanina,-0.990
FI,2021,NDJFM,rain_on_snow_days,5.610,0.061,-0.580,7,lanina,-0.990
FI,2021,NDJFM,snow_cover_days,118.752,-9.957,-5.977,7,lanina,-0.990
FI,2021,NDJFM,snow_depth,24.505,-4.762,-3.150,7,lanina,-0.990
FI,2021,NDJFM,snow_max,55.714,-2.677,-0.558,7,lanina,-0.990
FI,2021,NDJFM,thaw_days,72.462,4.035,-0.687,13,lanina,-0.990
FI,2021,NDJFM,tmax_mean,-1.244,0.649,0.174,13,lanina,-0.990
FI,2021,NDJFM,tmean,-4.109,1.019,0.442,13,lanina,-0.990
FI,2021,NDJFM,tmin_mean,-7.405,1.314,0.590,13,lanina,-0.990
FI,2022,DJF,frost_days,86.000,4.734,6.251,13,lanina,-0.760
FI,2022,DJF,ice_days,60.077,3.050,4.661,13,lanina,-0.760
FI,2022,DJF,precip,115.300,-4.737,-7.310,7,lanina,-0.760
FI,2022,DJF,precip_days,27.571,-2.143,-2.248,7,lanina,-0.760
FI,2022,DJF,rain_on_snow_days,4.002,0.898,0.466,7,lanina,-0.760
FI,2022,DJF,snow_cover_days,86.429,4.629,5.861,7,lanina,-0.760
FI,2022,DJF,snow_depth,35.425,4.930,6.152,7,lanina,-0.760
FI,2022,DJF,snow_max,64.857,12.481,13.391,7,lanina,-0.760
FI,2022,DJF,thaw_days,28.692,-3.660,-5.288,13,lanina,-0.760
FI,2022,DJF,tmax_mean,-3.786,-0.234,-0.528,13,lanina,-0.760
FI,2022,DJF,tmean,-7.217,-0.475,-0.892,13,lanina,-0.760
FI,2022,DJF,tmin_mean,-11.280,-0.916,-1.500,13,lanina,-0.760
FI,2022,JFM,frost_days,84.769,2.385,4.958,13,lanina,-0.760
FI,2022,JFM,ice_days,43.769,-9.280,-5.585,13,lanina,-0.760
FI,2022,JFM,precip,104.043,-0.067,-0.633,7,lanina,-0.760
FI,2022,JFM,precip_days,24.429,-2.138,-2.058,7,lanina,-0.760
FI,2022,JFM,rain_on_snow_days,4.287,1.013,0.270,7,lanina,-0.760
FI,2022,JFM,snow_cover_days,90.000,4.943,6.817,7,lanina,-0.760
FI,2022,JFM,snow_depth,46.868,6.442,8.754,7,lanina,-0.760
FI,2022,JFM,snow_max,65.714,7.533,9.990,7,lanina,-0.760
FI,2022,JFM,thaw_days,44.692,8.270,4.578,13,lanina,-0.760
FI,2022,JFM,tmax_mean,-0.687,2.001,1.450,13,lanina,-0.760
FI,2022,JFM,tmean,-4.616,1.744,1.051,13,lanina,-0.760
FI,2022,JFM,tmin_mean,-8.943,1.432,0.524,13,lanina,-0.760
FI,2022,NDJFM,frost_days,134.077,4.502,8.744,13,lanina,-0.760
FI,2022,NDJFM,ice_days,78.846,-2.549,2.520,13,lanina,-0.760
FI,2022,NDJFM,precip,167.086,-32.533,-34.938,7,lanina,-0.760
FI,2022,NDJFM,precip_days,42.714,-5.143,-5.237,7,lanina,-0.760
FI,2022,NDJFM,rain_on_snow_days,5.003,-0.546,-1.220,7,lanina,-0.760
FI,2022,NDJFM,snow_cover_days,131.851,3.142,7.381,7,lanina,-0.760
FI,2022,NDJFM,snow_depth,33.036,3.769,5.512,7,lanina,-0.760
FI,2022,NDJFM,snow_max,65.714,7.323,9.600,7,lanina,-0.760
FI,2022,NDJFM,thaw_days,70.308,1.881,-3.227,13,lanina,-0.760
FI,2022,NDJFM,tmax_mean,-1.464,0.429,-0.091,13,lanina,-0.760
FI,2022,NDJFM,tmean,-5.032,0.095,-0.534,13,lanina,-0.760
FI,2022,NDJFM,tmin_mean,-8.990,-0.271,-1.058,13,lanina,-0.760
FI,2023,DJF,frost_days,81.846,0.580,2.222,13,lanina,-0.550
FI,2023,DJF,ice_days,55.692,-1.334,0.494,13,lanina,-0.550
FI,2023,DJF,precip,131.143,11.106,8.132,7,lanina,-0.550
FI,2023,DJF,precip_days,34.714,5.000,4.846,7,lanina,-0.550
FI,2023,DJF,rain_on_snow_days,4.857,1.754,1.292,7,lanina,-0.550
FI,2023,DJF,snow_cover_days,85.429,3.629,4.983,7,lanina,-0.550
FI,2023,DJF,snow_depth,30.432,-0.063,1.284,7,lanina,-0.550
FI,2023,DJF,snow_max,54.857,2.481,3.508,7,lanina,-0.550
FI,2023,DJF,thaw_days,33.000,0.648,-1.197,13,lanina,-0.550
FI,2023,DJF,tmax_mean,-2.183,1.370,1.029,13,lanina,-0.550
FI,2023,DJF,tmean,-4.897,1.845,1.373,13,lanina,-0.550
FI,2023,DJF,tmin_mean,-8.273,2.091,1.437,13,lanina,-0.550
FI,2023,JFM,frost_days,82.308,-0.076,2.626,13,lanina,-0.550
FI,2023,JFM,ice_days,49.308,-3.742,0.206,13,lanina,-0.550
FI,2023,JFM,precip,118.257,14.147,13.290,7,lanina,-0.550
FI,2023,JFM,precip_days,30.143,3.576,3.617,7,lanina,-0.550
FI,2023,JFM,rain_on_snow_days,4.429,1.154,0.378,7,lanina,-0.550
FI,2023,JFM,snow_cover_days,84.286,-0.771,1.221,7,lanina,-0.550
FI,2023,JFM,snow_depth,39.379,-1.046,1.433,7,lanina,-0.550
FI,2023,JFM,snow_max,57.857,-0.324,2.299,7,lanina,-0.550
FI,2023,JFM,thaw_days,39.385,2.962,-0.981,13,lanina,-0.550
FI,2023,JFM,tmax_mean,-1.371,1.317,0.718,13,lanina,-0.550
FI,2023,JFM,tmean,-4.819,1.541,0.794,13,lanina,-0.550
FI,2023,JFM,tmin_mean,-8.887,1.489,0.513,13,lanina,-0.550
FI,2023,NDJFM,frost_days,132.462,2.887,7.377,13,lanina,-0.550
FI,2023,NDJFM,ice_days,87.923,6.528,11.983,13,lanina,-0.550
FI,2023,NDJFM,precip,204.100,4.481,1.598,7,lanina,-0.550
FI,2023,NDJFM,precip_days,51.857,4.000,3.860,7,lanina,-0.550
FI,2023,NDJFM,rain_on_snow_days,6.349,0.801,0.093,7,lanina,-0.550
FI,2023,NDJFM,snow_cover_days,133.006,4.297,8.794,7,lanina,-0.550
FI,2023,NDJFM,snow_depth,28.835,-0.432,1.441,7,lanina,-0.550
FI,2023,NDJFM,snow_max,60.429,2.037,4.473,7,lanina,-0.550
FI,2023,NDJFM,thaw_days,61.154,-7.273,-12.766,13,lanina,-0.550
FI,2023,NDJFM,tmax_mean,-1.255,0.638,0.073,13,lanina,-0.550
FI,2023,NDJFM,tmean,-4.206,0.921,0.240,13,lanina,-0.550
FI,2023,NDJFM,tmin_mean,-7.698,1.021,0.169,13,lanina,-0.550
FI,2024,DJF,frost_days,85.231,3.964,5.732,13,elnino,1.840
FI,2024,DJF,ice_days,64.846,7.820,9.866,13,elnino,1.840
FI,2024,DJF,precip,108.400,-11.637,-15.012,7,elnino,1.840
FI,2024,DJF,precip_days,26.571,-3.143,-3.347,7,elnino,1.840
FI,2024,DJF,rain_on_snow_days,3.714,0.611,0.121,7,elnino,1.840
FI,2024,DJF,snow_cover_days,91.000,9.201,10.676,7,elnino,1.840
FI,2024,DJF,snow_depth,43.804,13.308,14.780,7,elnino,1.840
FI,2024,DJF,snow_max,69.857,17.481,18.625,7,elnino,1.840
FI,2024,DJF,thaw_days,25.846,-6.506,-8.567,13,elnino,1.840
FI,2024,DJF,tmax_mean,-5.857,-2.304,-2.692,13,elnino,1.840
FI,2024,DJF,tmean,-8.976,-2.234,-2.761,13,elnino,1.840
FI,2024,DJF,tmin_mean,-12.606,-2.242,-2.965,13,elnino,1.840
FI,2024,JFM,frost_days,79.846,-2.538,0.294,13,elnino,1.840
FI,2024,JFM,ice_days,46.231,-6.819,-2.619,13,elnino,1.840
FI,2024,JFM,precip,104.157,0.047,-1.102,7,elnino,1.840
FI,2024,JFM,precip_days,24.571,-1.995,-1.993,7,elnino,1.840
FI,2024,JFM,rain_on_snow_days,5.571,2.297,1.489,7,elnino,1.840
FI,2024,JFM,snow_cover_days,88.857,3.800,5.910,7,elnino,1.840
FI,2024,JFM,snow_depth,50.856,10.430,13.078,7,elnino,1.840
FI,2024,JFM,snow_max,72.000,13.819,16.607,7,elnino,1.840
FI,2024,JFM,thaw_days,44.231,7.808,3.614,13,elnino,1.840
FI,2024,JFM,tmax_mean,-3.402,-0.714,-1.360,13,elnino,1.840
FI,2024,JFM,tmean,-6.821,-0.461,-1.262,13,elnino,1.840
FI,2024,JFM,tmin_mean,-10.561,-0.186,-1.230,13,elnino,1.840
FI,2024,NDJFM,frost_days,134.692,5.118,9.856,13,elnino,1.840
FI,2024,NDJFM,ice_days,92.000,10.605,16.446,13,elnino,1.840
FI,2024,NDJFM,precip,178.086,-21.533,-24.894,7,elnino,1.840
FI,2024,NDJFM,precip_days,42.286,-5.571,-5.757,7,elnino,1.840
FI,2024,NDJFM,rain_on_snow_days,6.714,1.166,0.425,7,elnino,1.840
FI,2024,NDJFM,snow_cover_days,142.143,13.434,18.189,7,elnino,1.840
FI,2024,NDJFM,snow_depth,38.895,9.628,11.631,7,elnino,1.840
FI,2024,NDJFM,snow_max,72.000,13.609,16.203,7,elnino,1.840
FI,2024,NDJFM,thaw_days,59.154,-9.273,-15.151,13,elnino,1.840
FI,2024,NDJFM,tmax_mean,-3.522,-1.628,-2.239,13,elnino,1.840
FI,2024,NDJFM,tmean,-6.587,-1.460,-2.194,13,elnino,1.840
FI,2024,NDJFM,tmin_mean,-10.027,-1.309,-2.225,13,elnino,1.840
FI,2025,DJF,frost_days,77.000,-4.266,-2.374,13,neutral,-0.460
FI,2025,DJF,ice_days,47.077,-9.950,-7.686,13,neutral,-0.460
FI,2025,DJF,precip,113.700,-12.223,-17.910,8,neutral,-0.460
FI,2025,DJF,precip_days,28.250,-1.857,-2.462,8,neutral,-0.460
FI,2025,DJF,rain_on_snow_days,5.125,1.897,1.327,8,neutral,-0.460
FI,2025,DJF,snow_cover_days,79.000,-3.942,-1.607,8,neutral,-0.460
FI,2025,DJF,snow_depth,22.585,-7.145,-6.398,8,neutral,-0.460
FI,2025,DJF,snow_max,41.875,-10.519,-9.817,8,neutral,-0.460
FI,2025,DJF,thaw_days,42.538,10.186,7.908,13,neutral,-0.460
FI,2025,DJF,tmax_mean,-1.616,1.936,1.502,13,neutral,-0.460
FI,2025,DJF,tmean,-4.592,2.150,1.568,13,neutral,-0.460
FI,2025,DJF,tmin_mean,-7.999,2.365,1.572,13,neutral,-0.460
FI,2025,JFM,frost_days,73.769,-8.615,-5.654,13,neutral,-0.460
FI,2025,JFM,ice_days,39.154,-13.895,-9.444,13,neutral,-0.460
FI,2025,JFM,precip,85.375,-23.167,-26.618,8,neutral,-0.460
FI,2025,JFM,precip_days,25.125,-1.852,-2.081,8,neutral,-0.460
FI,2025,JFM,rain_on_snow_days,5.500,1.869,1.157,8,neutral,-0.460
FI,2025,JFM,snow_cover_days,76.125,-10.629,-7.274,8,neutral,-0.460
FI,2025,JFM,snow_depth,27.543,-11.670,-10.112,8,neutral,-0.460
FI,2025,JFM,snow_max,42.500,-15.609,-13.415,8,neutral,-0.460
FI,2025,JFM,thaw_days,50.231,13.808,9.362,13,neutral,-0.460
FI,2025,JFM,tmax_mean,-0.080,2.608,1.916,13,neutral,-0.460
FI,2025,JFM,tmean,-3.502,2.857,2.002,13,neutral,-0.460
FI,2025,JFM,tmin_mean,-7.202,3.174,2.062,13,neutral,-0.460
FI,2025,NDJFM,frost_days,120.615,-8.959,-3.972,13,neutral,-0.460
FI,2025,NDJFM,ice_days,60.769,-20.626,-14.398,13,neutral,-0.460
FI,2025,NDJFM,precip,193.225,-15.776,-22.766,8,neutral,-0.460
FI,2025,NDJFM,precip_days,48.000,-1.143,-1.385,8,neutral,-0.460
FI,2025,NDJFM,rain_on_snow_days,8.750,2.452,2.062,8,neutral,-0.460
FI,2025,NDJFM,snow_cover_days,116.500,-13.281,-7.468,8,neutral,-0.460
FI,2025,NDJFM,snow_depth,20.172,-8.240,-6.975,8,neutral,-0.460
FI,2025,NDJFM,snow_max,43.625,-14.534,-12.686,8,neutral,-0.460
FI,2025,NDJFM,thaw_days,89.154,20.727,14.464,13,neutral,-0.460
FI,2025,NDJFM,tmax_mean,0.311,2.204,1.549,13,neutral,-0.460
FI,2025,NDJFM,tmean,-2.813,2.314,1.529,13,neutral,-0.460
FI,2025,NDJFM,tmin_mean,-6.275,2.444,1.463,13,neutral,-0.460
FI,2026,DJF,frost_days,78.154,-3.113,-1.094,13,neutral,-0.390
FI,2026,DJF,ice_days,65.538,8.512,10.993,13,neutral,-0.390
FI,2026,DJF,precip,88.362,-33.880,-43.780,8,neutral,-0.390
FI,2026,DJF,precip_days,21.625,-8.857,-9.146,8,neutral,-0.390
FI,2026,DJF,rain_on_snow_days,1.000,-1.961,-2.829,8,neutral,-0.390
FI,2026,DJF,snow_cover_days,75.625,-5.228,-4.865,8,neutral,-0.390
FI,2026,DJF,snow_depth,26.707,-2.029,-2.153,8,neutral,-0.390
FI,2026,DJF,snow_max,46.750,-5.376,-4.830,8,neutral,-0.390
FI,2026,DJF,thaw_days,24.385,-7.967,-10.462,13,neutral,-0.390
FI,2026,DJF,tmax_mean,-5.987,-2.434,-2.915,13,neutral,-0.390
FI,2026,DJF,tmean,-9.334,-2.592,-3.229,13,neutral,-0.390
FI,2026,DJF,tmin_mean,-13.003,-2.638,-3.500,13,neutral,-0.390
FI,2026,JFM,frost_days,74.538,-7.846,-4.755,13,neutral,-0.390
FI,2026,JFM,ice_days,56.923,3.874,8.577,13,neutral,-0.390
FI,2026,JFM,precip,55.862,-50.596,-56.527,8,neutral,-0.390
FI,2026,JFM,precip_days,15.250,-11.138,-12.003,8,neutral,-0.390
FI,2026,JFM,rain_on_snow_days,3.125,0.012,-1.254,8,neutral,-0.390
FI,2026,JFM,snow_cover_days,79.625,-4.914,-3.666,8,neutral,-0.390
FI,2026,JFM,snow_depth,31.060,-7.548,-6.428,8,neutral,-0.390
FI,2026,JFM,snow_max,49.500,-8.038,-6.261,8,neutral,-0.390
FI,2026,JFM,thaw_days,33.000,-3.423,-8.121,13,neutral,-0.390
FI,2026,JFM,tmax_mean,-4.401,-1.713,-2.453,13,neutral,-0.390
FI,2026,JFM,tmean,-8.000,-1.640,-2.550,13,neutral,-0.390
FI,2026,JFM,tmin_mean,-11.716,-1.340,-2.520,13,neutral,-0.390
FI,2026,NDJFM,frost_days,112.923,-16.652,-11.416,13,neutral,-0.390
FI,2026,NDJFM,ice_days,75.846,-5.549,1.065,13,neutral,-0.390
FI,2026,NDJFM,precip,167.375,-35.119,-49.281,8,neutral,-0.390
FI,2026,NDJFM,precip_days,41.625,-7.000,-7.821,8,neutral,-0.390
FI,2026,NDJFM,rain_on_snow_days,5.125,-0.120,-1.601,8,neutral,-0.390
FI,2026,NDJFM,snow_cover_days,108.125,-18.852,-15.602,8,neutral,-0.390
FI,2026,NDJFM,snow_depth,22.681,-4.978,-4.339,8,neutral,-0.390
FI,2026,NDJFM,snow_max,49.500,-8.248,-6.664,8,neutral,-0.390
FI,2026,NDJFM,thaw_days,75.000,6.573,-0.076,13,neutral,-0.390
FI,2026,NDJFM,tmax_mean,-2.062,-0.168,-0.869,13,neutral,-0.390
FI,2026,NDJFM,tmean,-5.298,-0.170,-1.008,13,neutral,-0.390
FI,2026,NDJFM,tmin_mean,-8.692,0.027,-1.017,13,neutral,-0.390
IS,1950,DJF,frost_days,57.250,-4.111,-7.312,4,lanina,-1.320
IS,1950,DJF,ice_days,20.000,2.356,-7.921,4,lanina,-1.320
IS,1950,DJF,thaw_days,67.250,-4.067,6.524,4,lanina,-1.320
IS,1950,DJF,tmax_mean,2.345,-0.850,0.533,4,lanina,-1.320
IS,1950,DJF,tmean,0.027,-0.372,0.750,4,lanina,-1.320
IS,1950,DJF,tmin_mean,-2.456,-0.127,0.926,4,lanina,-1.320
IS,1950,JFM,frost_days,51.000,-10.300,-10.964,4,lanina,-1.320
IS,1950,JFM,ice_days,13.250,-3.522,-14.520,4,lanina,-1.320
IS,1950,JFM,thaw_days,75.000,2.667,14.043,4,lanina,-1.320
IS,1950,JFM,tmax_mean,3.465,0.121,1.417,4,lanina,-1.320
IS,1950,JFM,tmean,0.836,0.378,1.365,4,lanina,-1.320
IS,1950,JFM,tmin_mean,-1.717,0.459,1.447,4,lanina,-1.320
IS,1950,NDJFM,frost_days,88.000,-8.522,-12.844,4,lanina,-1.320
IS,1950,NDJFM,ice_days,26.500,0.322,-15.682,4,lanina,-1.320
IS,1950,NDJFM,thaw_days,121.250,-1.911,14.592,4,lanina,-1.320
IS,1950,NDJFM,tmax_mean,3.121,-0.417,0.774,4,lanina,-1.320
IS,1950,NDJFM,tmean,0.689,-0.073,0.868,4,lanina,-1.320
IS,1950,NDJFM,tmin_mean,-1.802,0.056,0.984,4,lanina,-1.320
IS,1951,DJF,frost_days,81.000,19.550,12.965,3,lanina,-0.660
IS,1951,DJF,ice_days,30.250,14.022,2.444,4,lanina,-0.660
IS,1951,DJF,precip,263.707,,9.794,2,lanina,-0.660
IS,1951,DJF,precip_days,44.170,,4.444,2,lanina,-0.660
IS,1951,DJF,thaw_days,57.750,-15.400,-3.096,4,lanina,-0.660
IS,1951,DJF,tmax_mean,1.050,-2.317,-0.779,4,lanina,-0.660
IS,1951,DJF,tmean,-2.120,-2.079,-1.022,3,lanina,-0.660
IS,1951,DJF,tmin_mean,-4.889,-1.998,-1.037,3,lanina,-0.660
IS,1951,JFM,frost_days,84.333,25.450,19.765,3,lanina,-0.660
IS,1951,JFM,ice_days,36.750,21.478,9.116,4,lanina,-0.660
IS,1951,JFM,precip,191.767,,-22.717,3,lanina,-0.660
IS,1951,JFM,precip_days,34.000,,-0.359,3,lanina,-0.660
IS,1951,JFM,thaw_days,50.000,-24.333,-11.098,4,lanina,-0.660
IS,1951,JFM,tmax_mean,0.792,-2.704,-1.271,4,lanina,-0.660
IS,1951,JFM,tmean,-2.459,-2.557,-1.631,3,lanina,-0.660
IS,1951,JFM,tmin_mean,-5.377,-2.722,-1.840,3,lanina,-0.660
IS,1951,NDJFM,frost_days,131.667,33.767,25.753,3,lanina,-0.660
IS,1951,NDJFM,ice_days,54.500,30.322,12.514,4,lanina,-0.660
IS,1951,NDJFM,thaw_days,92.250,-33.244,-14.613,4,lanina,-0.660
IS,1951,NDJFM,tmax_mean,1.161,-2.496,-1.202,4,lanina,-0.660
IS,1951,NDJFM,tmean,-1.956,-2.329,-1.460,3,lanina,-0.660
IS,1951,NDJFM,tmin_mean,-4.754,-2.305,-1.567,3,lanina,-0.660
IS,1952,DJF,frost_days,72.750,15.222,8.336,4,elnino,0.520
IS,1952,DJF,ice_days,31.250,14.356,3.558,4,elnino,0.520
IS,1952,DJF,precip,326.967,,91.817,3,elnino,0.520
IS,1952,DJF,precip_days,49.333,,12.092,3,elnino,0.520
IS,1952,DJF,thaw_days,58.250,-13.733,-2.717,4,elnino,0.520
IS,1952,DJF,tmax_mean,1.631,-1.824,-0.217,4,elnino,0.520
IS,1952,DJF,tmean,-1.097,-1.495,-0.405,4,elnino,0.520
IS,1952,DJF,tmin_mean,-3.663,-1.532,-0.318,4,elnino,0.520
IS,1952,JFM,frost_days,72.250,14.033,10.354,4,elnino,0.520
IS,1952,JFM,ice_days,29.500,13.811,2.001,4,elnino,0.520
IS,1952,JFM,precip,260.067,,43.441,3,elnino,0.520
IS,1952,JFM,precip_days,38.667,,4.047,3,elnino,0.520
IS,1952,JFM,thaw_days,60.000,-13.000,-1.239,4,elnino,0.520
IS,1952,JFM,tmax_mean,1.760,-1.729,-0.321,4,elnino,0.520
IS,1952,JFM,tmean,-0.836,-1.294,-0.336,4,elnino,0.520
IS,1952,JFM,tmin_mean,-3.301,-1.235,-0.169,4,elnino,0.520
IS,1952,NDJFM,frost_days,111.500,18.144,10.845,4,elnino,0.520
IS,1952,NDJFM,ice_days,41.250,17.322,-0.539,4,elnino,0.520
IS,1952,NDJFM,precip,434.100,,22.583,3,elnino,0.520
IS,1952,NDJFM,precip_days,67.000,,3.451,3,elnino,0.520
IS,1952,NDJFM,thaw_days,108.250,-17.244,1.182,4,elnino,0.520
IS,1952,NDJFM,tmax_mean,2.118,-1.564,-0.260,4,elnino,0.520
IS,1952,NDJFM,tmean,-0.436,-1.198,-0.284,4,elnino,0.520
IS,1952,NDJFM,tmin_mean,-2.874,-1.146,-0.119,4,elnino,0.520
IS,1953,DJF,frost_days,55.750,-4.444,-8.590,4,neutral,0.250
IS,1953,DJF,ice_days,15.000,-2.311,-12.577,4,neutral,0.250
IS,1953,DJF,precip,281.067,,44.144,3,neutral,0.250
IS,1953,DJF,precip_days,40.667,,3.233,3,neutral,0.250
IS,1953,DJF,thaw_days,74.250,2.267,13.163,4,neutral,0.250
IS,1953,DJF,tmax_mean,3.338,0.009,1.473,4,neutral,0.250
IS,1953,DJF,tmean,0.854,0.455,1.530,4,neutral,0.250
IS,1953,DJF,tmin_mean,-1.640,0.555,1.687,4,neutral,0.250
IS,1953,JFM,frost_days,52.750,-5.967,-9.112,4,neutral,0.250
IS,1953,JFM,ice_days,14.250,-2.856,-13.113,4,neutral,0.250
IS,1953,JFM,precip,337.100,,118.331,3,neutral,0.250
IS,1953,JFM,precip_days,49.667,,14.787,3,neutral,0.250
IS,1953,JFM,thaw_days,75.250,3.000,13.871,4,neutral,0.250
IS,1953,JFM,tmax_mean,4.084,0.650,1.988,4,neutral,0.250
IS,1953,JFM,tmean,1.419,0.962,1.906,4,neutral,0.250
IS,1953,JFM,tmin_mean,-1.216,0.798,1.901,4,neutral,0.250
IS,1953,NDJFM,frost_days,84.000,-10.189,-16.560,4,neutral,0.250
IS,1953,NDJFM,ice_days,22.750,-2.678,-18.843,4,neutral,0.250
IS,1953,NDJFM,precip,446.900,,33.226,3,neutral,0.250
IS,1953,NDJFM,precip_days,69.000,,5.221,3,neutral,0.250
IS,1953,NDJFM,thaw_days,127.500,3.089,20.227,4,neutral,0.250
IS,1953,NDJFM,tmax_mean,3.995,0.320,1.602,4,neutral,0.250
IS,1953,NDJFM,tmean,1.478,0.716,1.617,4,neutral,0.250
IS,1953,NDJFM,tmin_mean,-1.018,0.709,1.721,4,neutral,0.250
IS,1954,DJF,frost_days,45.000,-14.444,-19.266,4,neutral,0.410
IS,1954,DJF,ice_days,8.500,-9.311,-18.962,4,neutral,0.410
IS,1954,DJF,precip,354.233,,115.538,3,neutral,0.410
IS,1954,DJF,precip_days,48.667,,11.040,3,neutral,0.410
IS,1954,DJF,thaw_days,79.750,8.600,18.542,4,neutral,0.410
IS,1954,DJF,tmax_mean,4.525,1.034,2.642,4,neutral,0.410
IS,1954,DJF,tmean,1.841,1.443,2.503,4,neutral,0.410
IS,1954,DJF,tmin_mean,-0.792,1.252,2.516,4,neutral,0.410
IS,1954,JFM,frost_days,52.750,-7.300,-9.078,4,neutral,0.410
IS,1954,JFM,ice_days,15.500,-1.856,-11.727,4,neutral,0.410
IS,1954,JFM,precip,266.233,,45.322,3,neutral,0.410
IS,1954,JFM,precip_days,39.000,,3.860,3,neutral,0.410
IS,1954,JFM,thaw_days,72.750,1.000,11.231,4,neutral,0.410
IS,1954,JFM,tmax_mean,3.517,0.023,1.404,4,neutral,0.410
IS,1954,JFM,tmean,0.955,0.497,1.427,4,neutral,0.410
IS,1954,JFM,tmin_mean,-1.521,0.582,1.579,4,neutral,0.410
IS,1954,NDJFM,frost_days,78.000,-16.856,-22.465,4,neutral,0.410
IS,1954,NDJFM,ice_days,19.000,-7.011,-22.396,4,neutral,0.410
IS,1954,NDJFM,precip,617.867,,202.036,3,neutral,0.410
IS,1954,NDJFM,precip_days,77.000,,12.989,3,neutral,0.410
IS,1954,NDJFM,thaw_days,129.250,5.756,21.773,4,neutral,0.410
IS,1954,NDJFM,tmax_mean,4.179,0.427,1.770,4,neutral,0.410
IS,1954,NDJFM,tmean,1.572,0.810,1.698,4,neutral,0.410
IS,1954,NDJFM,tmin_mean,-0.940,0.785,1.784,4,neutral,0.410
IS,1955,DJF,frost_days,71.250,11.222,7.058,4,neutral,-0.500
IS,1955,DJF,ice_days,34.500,15.356,7.152,4,neutral,-0.500
IS,1955,DJF,precip,209.300,,-31.168,3,neutral,-0.500
IS,1955,DJF,precip_days,36.000,,-1.818,3,neutral,-0.500
IS,1955,DJF,thaw_days,54.750,-15.400,-6.578,4,neutral,-0.500
IS,1955,DJF,tmax_mean,0.394,-2.586,-1.508,4,neutral,-0.500
IS,1955,DJF,tmean,-1.997,-2.395,-1.351,4,neutral,-0.500
IS,1955,DJF,tmin_mean,-4.606,-2.057,-1.316,4,neutral,-0.500
IS,1955,JFM,frost_days,70.000,11.367,8.206,4,neutral,-0.500
IS,1955,JFM,ice_days,32.500,14.478,5.409,4,neutral,-0.500
IS,1955,JFM,precip,155.967,,-67.088,3,neutral,-0.500
IS,1955,JFM,precip_days,28.333,,-7.067,3,neutral,-0.500
IS,1955,JFM,thaw_days,56.250,-14.667,-5.410,4,neutral,-0.500
IS,1955,JFM,tmax_mean,1.142,-1.947,-0.986,4,neutral,-0.500
IS,1955,JFM,tmean,-1.544,-2.002,-1.087,4,neutral,-0.500
IS,1955,JFM,tmin_mean,-4.380,-1.918,-1.295,4,neutral,-0.500
IS,1955,NDJFM,frost_days,104.000,8.478,3.629,4,neutral,-0.500
IS,1955,NDJFM,ice_days,41.250,13.989,0.050,4,neutral,-0.500
IS,1955,NDJFM,precip,400.967,,-17.021,3,neutral,-0.500
IS,1955,NDJFM,precip_days,66.333,,2.092,3,neutral,-0.500
IS,1955,NDJFM,thaw_days,108.000,-14.244,0.318,4,neutral,-0.500
IS,1955,NDJFM,tmax_mean,1.896,-1.508,-0.528,4,neutral,-0.500
IS,1955,NDJFM,tmean,-0.550,-1.312,-0.438,4,neutral,-0.500
IS,1955,NDJFM,tmin_mean,-3.180,-1.213,-0.471,4,neutral,-0.500
IS,1956,DJF,frost_days,65.000,7.889,0.882,4,lanina,-1.170
IS,1956,DJF,ice_days,34.500,15.689,7.267,4,lanina,-1.170
IS,1956,DJF,precip,232.567,,-9.675,3,lanina,-1.170
IS,1956,DJF,precip_days,36.000,,-2.011,3,lanina,-1.170
IS,1956,DJF,thaw_days,54.250,-15.733,-7.199,4,lanina,-1.170
IS,1956,DJF,tmax_mean,1.600,-1.513,-0.319,4,lanina,-1.170
IS,1956,DJF,tmean,-0.919,-1.318,-0.290,4,lanina,-1.170
IS,1956,DJF,tmin_mean,-3.656,-1.518,-0.384,4,lanina,-1.170
IS,1956,JFM,frost_days,46.250,-10.300,-15.510,4,lanina,-1.170
IS,1956,JFM,ice_days,24.250,7.478,-2.705,4,lanina,-1.170
IS,1956,JFM,precip,245.567,,20.369,3,lanina,-1.170
IS,1956,JFM,precip_days,39.333,,3.673,3,lanina,-1.170
IS,1956,JFM,thaw_days,65.750,-7.000,3.950,4,lanina,-1.170
IS,1956,JFM,tmax_mean,3.593,0.146,1.448,4,lanina,-1.170
IS,1956,JFM,tmean,0.896,0.438,1.340,4,lanina,-1.170
IS,1956,JFM,tmin_mean,-1.833,0.097,1.236,4,lanina,-1.170
IS,1956,NDJFM,frost_days,83.500,-7.856,-16.776,4,lanina,-1.170
IS,1956,NDJFM,ice_days,41.000,13.989,-0.004,4,lanina,-1.170
IS,1956,NDJFM,precip,397.667,,-22.478,3,lanina,-1.170
IS,1956,NDJFM,precip_days,61.667,,-2.806,3,lanina,-1.170
IS,1956,NDJFM,thaw_days,108.250,-14.244,0.363,4,lanina,-1.170
IS,1956,NDJFM,tmax_mean,3.317,-0.227,0.878,4,lanina,-1.170
IS,1956,NDJFM,tmean,0.773,0.011,0.872,4,lanina,-1.170
IS,1956,NDJFM,tmin_mean,-1.905,-0.209,0.788,4,lanina,-1.170
IS,1957,DJF,frost_days,69.000,4.050,1.362,3,neutral,-0.270
IS,1957,DJF,ice_days,16.000,-0.978,-11.119,4,neutral,-0.270
IS,1957,DJF,precip,255.567,,11.552,3,neutral,-0.270
IS,1957,DJF,precip_days,42.000,,3.796,3,neutral,-0.270
IS,1957,DJF,thaw_days,72.000,0.600,10.431,4,neutral,-0.270
IS,1957,DJF,tmax_mean,2.850,-0.319,0.912,4,neutral,-0.270
IS,1957,DJF,tmean,0.009,0.050,1.020,3,neutral,-0.270
IS,1957,DJF,tmin_mean,-2.617,0.022,1.124,3,neutral,-0.270
IS,1957,JFM,frost_days,73.000,10.450,8.535,3,neutral,-0.270
IS,1957,JFM,ice_days,22.750,5.144,-4.069,4,neutral,-0.270
IS,1957,JFM,precip,210.633,,-16.706,3,neutral,-0.270
IS,1957,JFM,precip_days,34.333,,-1.588,3,neutral,-0.270
IS,1957,JFM,thaw_days,65.000,-7.000,3.059,4,neutral,-0.270
IS,1957,JFM,tmax_mean,2.084,-1.149,-0.078,4,neutral,-0.270
IS,1957,JFM,tmean,-0.749,-0.847,-0.001,3,neutral,-0.270
IS,1957,JFM,tmin_mean,-3.298,-0.692,0.148,3,neutral,-0.270
IS,1957,NDJFM,frost_days,101.333,0.767,-4.129,3,neutral,-0.270
IS,1957,NDJFM,ice_days,24.250,-1.344,-16.558,4,neutral,-0.270
IS,1957,NDJFM,precip,466.767,,44.465,3,neutral,-0.270
IS,1957,NDJFM,precip_days,69.000,,4.296,3,neutral,-0.270
IS,1957,NDJFM,thaw_days,123.500,-0.244,15.409,4,neutral,-0.270
IS,1957,NDJFM,tmax_mean,3.681,0.093,1.226,4,neutral,-0.270
IS,1957,NDJFM,tmean,0.844,0.471,1.267,3,neutral,-0.270
IS,1957,NDJFM,tmin_mean,-1.746,0.378,1.351,3,neutral,-0.270
IS,1958,DJF,frost_days,74.000,15.556,10.030,4,elnino,1.690
IS,1958,DJF,ice_days,35.250,15.689,8.246,4,elnino,1.690
IS,1958,DJF,precip,200.233,,-45.554,3,elnino,1.690
IS,1958,DJF,precip_days,40.000,,1.604,3,elnino,1.690
IS,1958,DJF,thaw_days,52.250,-17.733,-9.440,4,elnino,1.690
IS,1958,DJF,tmax_mean,0.772,-2.163,-1.184,4,elnino,1.690
IS,1958,DJF,tmean,-1.779,-2.177,-1.179,4,elnino,1.690
IS,1958,DJF,tmin_mean,-4.330,-1.867,-1.096,4,elnino,1.690
IS,1958,JFM,frost_days,72.250,12.700,10.558,4,elnino,1.690
IS,1958,JFM,ice_days,39.750,22.478,13.066,4,elnino,1.690
IS,1958,JFM,precip,144.133,,-85.349,3,elnino,1.690
IS,1958,JFM,precip_days,30.333,,-5.848,3,elnino,1.690
IS,1958,JFM,thaw_days,48.500,-24.000,-13.581,4,elnino,1.690
IS,1958,JFM,tmax_mean,0.473,-2.550,-1.705,4,elnino,1.690
IS,1958,JFM,tmean,-1.991,-2.449,-1.576,4,elnino,1.690
IS,1958,JFM,tmin_mean,-4.458,-1.967,-1.421,4,elnino,1.690
IS,1958,NDJFM,frost_days,108.000,14.478,7.913,4,elnino,1.690
IS,1958,NDJFM,ice_days,48.500,20.989,7.889,4,elnino,1.690
IS,1958,NDJFM,precip,280.567,,-143.892,3,elnino,1.690
IS,1958,NDJFM,precip_days,55.667,,-9.269,3,elnino,1.690
IS,1958,NDJFM,thaw_days,99.250,-23.578,-9.046,4,elnino,1.690
IS,1958,NDJFM,tmax_mean,1.798,-1.556,-0.673,4,elnino,1.690
IS,1958,NDJFM,tmean,-0.657,-1.419,-0.584,4,elnino,1.690
IS,1958,NDJFM,tmin_mean,-3.112,-1.130,-0.449,4,elnino,1.690
IS,1959,DJF,frost_days,61.750,2.889,-2.146,4,neutral,0.600
IS,1959,DJF,ice_days,30.000,11.689,3.111,4,neutral,0.600
IS,1959,DJF,precip,265.467,,17.907,3,neutral,0.600
IS,1959,DJF,precip_days,40.000,,1.411,3,neutral,0.600
IS,1959,DJF,thaw_days,58.750,-12.400,-3.060,4,neutral,0.600
IS,1959,DJF,tmax_mean,2.274,-0.755,0.300,4,neutral,0.600
IS,1959,DJF,tmean,-0.512,-0.910,0.071,4,neutral,0.600
IS,1959,DJF,tmin_mean,-3.290,-1.042,-0.075,4,neutral,0.600
IS,1959,JFM,frost_days,50.000,-7.967,-11.658,4,neutral,0.600
IS,1959,JFM,ice_days,26.500,9.811,-0.048,4,neutral,0.600
IS,1959,JFM,precip,311.167,,79.541,3,neutral,0.600
IS,1959,JFM,precip_days,45.667,,9.225,3,neutral,0.600
IS,1959,JFM,thaw_days,62.000,-10.667,-0.221,4,neutral,0.600
IS,1959,JFM,tmax_mean,3.494,0.239,1.300,4,neutral,0.600
IS,1959,JFM,tmean,0.616,0.158,1.016,4,neutral,0.600
IS,1959,JFM,tmin_mean,-2.259,-0.174,0.762,4,neutral,0.600
IS,1959,NDJFM,frost_days,80.000,-14.189,-19.992,4,neutral,0.600
IS,1959,NDJFM,ice_days,33.750,7.989,-6.665,4,neutral,0.600
IS,1959,NDJFM,precip,566.767,,140.151,3,neutral,0.600
IS,1959,NDJFM,precip_days,77.667,,12.500,3,neutral,0.600
IS,1959,NDJFM,thaw_days,115.500,-8.578,6.999,4,neutral,0.600
IS,1959,NDJFM,tmax_mean,3.998,0.535,1.512,4,neutral,0.600
IS,1959,NDJFM,tmean,1.262,0.500,1.321,4,neutral,0.600
IS,1959,NDJFM,tmin_mean,-1.471,0.267,1.175,4,neutral,0.600
IS,1960,DJF,frost_days,59.500,-0.778,-4.322,4,neutral,0.020
IS,1960,DJF,ice_days,24.500,5.356,-2.275,4,neutral,0.020
IS,1960,DJF,precip,236.500,,-12.833,3,neutral,0.020
IS,1960,DJF,precip_days,37.000,,-1.781,3,neutral,0.020
IS,1960,DJF,thaw_days,65.500,-4.400,3.569,4,neutral,0.020
IS,1960,DJF,tmax_mean,2.242,-0.800,0.250,4,neutral,0.020
IS,1960,DJF,tmean,-0.004,-0.402,0.564,4,neutral,0.020
IS,1960,DJF,tmin_mean,-2.245,-0.017,0.953,4,neutral,0.020
IS,1960,JFM,frost_days,53.250,-7.967,-8.373,4,neutral,0.020
IS,1960,JFM,ice_days,21.000,3.144,-5.412,4,neutral,0.020
IS,1960,JFM,precip,195.933,,-37.835,3,neutral,0.020
IS,1960,JFM,precip_days,35.667,,-1.035,3,neutral,0.020
IS,1960,JFM,thaw_days,69.250,-2.333,6.889,4,neutral,0.020
IS,1960,JFM,tmax_mean,3.047,-0.081,0.837,4,neutral,0.020
IS,1960,JFM,tmean,0.630,0.172,1.017,4,neutral,0.020
IS,1960,JFM,tmin_mean,-1.784,0.505,1.223,4,neutral,0.020
IS,1960,NDJFM,frost_days,86.750,-9.189,-13.148,4,neutral,0.020
IS,1960,NDJFM,ice_days,35.000,8.656,-5.218,4,neutral,0.020
IS,1960,NDJFM,precip,397.300,,-31.472,3,neutral,0.020
IS,1960,NDJFM,precip_days,63.667,,-1.731,3,neutral,0.020
IS,1960,NDJFM,thaw_days,115.750,-7.578,7.044,4,neutral,0.020
IS,1960,NDJFM,tmax_mean,2.947,-0.446,0.446,4,neutral,0.020
IS,1960,NDJFM,tmean,0.672,-0.090,0.718,4,neutral,0.020
IS,1960,NDJFM,tmin_mean,-1.601,0.234,1.030,4,neutral,0.020
IS,1961,DJF,frost_days,53.500,-7.444,-10.248,4,neutral,0.000
IS,1961,DJF,ice_days,17.000,-0.978,-9.660,4,neutral,0.000
IS,1961,DJF,precip,276.233,,25.127,3,neutral,0.000
IS,1961,DJF,precip_days,43.667,,4.693,3,neutral,0.000
IS,1961,DJF,thaw_days,71.500,0.267,9.449,4,neutral,0.000
IS,1961,DJF,tmax_mean,3.091,-0.000,1.081,4,neutral,0.000
IS,1961,DJF,tmean,0.765,0.366,1.317,4,neutral,0.000
IS,1961,DJF,tmin_mean,-1.565,0.643,1.615,4,neutral,0.000
IS,1961,JFM,frost_days,55.750,-4.300,-5.840,4,neutral,0.000
IS,1961,JFM,ice_days,17.250,-0.522,-9.026,4,neutral,0.000
IS,1961,JFM,precip,267.167,,31.256,3,neutral,0.000
IS,1961,JFM,precip_days,46.333,,9.372,3,neutral,0.000
IS,1961,JFM,thaw_days,71.250,-0.333,8.748,4,neutral,0.000
IS,1961,JFM,tmax_mean,3.270,0.060,1.043,4,neutral,0.000
IS,1961,JFM,tmean,0.843,0.385,1.215,4,neutral,0.000
IS,1961,JFM,tmin_mean,-1.584,0.546,1.406,4,neutral,0.000
IS,1961,NDJFM,frost_days,83.500,-10.189,-16.303,4,neutral,0.000
IS,1961,NDJFM,ice_days,24.000,-2.344,-16.022,4,neutral,0.000
IS,1961,NDJFM,precip,454.067,,23.137,3,neutral,0.000
IS,1961,NDJFM,precip_days,73.667,,8.038,3,neutral,0.000
IS,1961,NDJFM,thaw_days,125.000,1.756,16.090,4,neutral,0.000
IS,1961,NDJFM,tmax_mean,3.546,0.093,1.028,4,neutral,0.000
IS,1961,NDJFM,tmean,1.220,0.458,1.252,4,neutral,0.000
IS,1961,NDJFM,tmin_mean,-1.109,0.603,1.507,4,neutral,0.000
IS,1962,DJF,frost_days,62.250,2.222,-1.424,4,neutral,-0.160
IS,1962,DJF,ice_days,27.750,10.022,1.204,4,neutral,-0.160
IS,1962,DJF,precip,264.400,,11.521,3,neutral,-0.160
IS,1962,DJF,precip_days,37.333,,-1.833,3,neutral,-0.160
IS,1962,DJF,thaw_days,60.750,-11.067,-1.421,4,neutral,-0.160
IS,1962,DJF,tmax_mean,2.190,-0.929,0.161,4,neutral,-0.160
IS,1962,DJF,tmean,-0.382,-0.780,0.155,4,neutral,-0.160
IS,1962,DJF,tmin_mean,-2.945,-0.715,0.216,4,neutral,-0.160
IS,1962,JFM,frost_days,65.750,7.367,4.194,4,neutral,-0.160
IS,1962,JFM,ice_days,32.500,15.144,6.359,4,neutral,-0.160
IS,1962,JFM,precip,184.533,,-53.520,3,neutral,-0.160
IS,1962,JFM,precip_days,27.333,,-9.889,3,neutral,-0.160
IS,1962,JFM,thaw_days,56.000,-16.333,-6.643,4,neutral,-0.160
IS,1962,JFM,tmax_mean,1.854,-1.359,-0.389,4,neutral,-0.160
IS,1962,JFM,tmean,-0.686,-1.144,-0.328,4,neutral,-0.160
IS,1962,JFM,tmin_mean,-3.214,-0.995,-0.239,4,neutral,-0.160
IS,1962,NDJFM,frost_days,101.750,7.478,2.041,4,neutral,-0.160
IS,1962,NDJFM,ice_days,50.500,23.989,10.674,4,neutral,-0.160
IS,1962,NDJFM,precip,370.167,,-62.920,3,neutral,-0.160
IS,1962,NDJFM,precip_days,56.000,,-9.860,3,neutral,-0.160
IS,1962,NDJFM,thaw_days,99.000,-24.578,-10.115,4,neutral,-0.160
IS,1962,NDJFM,tmax_mean,2.194,-1.249,-0.339,4,neutral,-0.160
IS,1962,NDJFM,tmean,-0.346,-1.108,-0.327,4,neutral,-0.160
IS,1962,NDJFM,tmin_mean,-2.877,-1.014,-0.276,4,neutral,-0.160
IS,1963,DJF,frost_days,57.250,-4.111,-6.351,4,neutral,-0.330
IS,1963,DJF,ice_days,23.750,5.022,-2.681,4,neutral,-0.330
IS,1963,DJF,precip,200.067,,-54.585,3,neutral,-0.330
IS,1963,DJF,precip_days,32.000,,-7.359,3,neutral,-0.330
IS,1963,DJF,thaw_days,65.000,-5.733,2.708,4,neutral,-0.330
IS,1963,DJF,tmax_mean,2.530,-0.431,0.483,4,neutral,-0.330
IS,1963,DJF,tmean,0.019,-0.379,0.540,4,neutral,-0.330
IS,1963,DJF,tmin_mean,-2.489,0.010,0.653,4,neutral,-0.330
IS,1963,JFM,frost_days,45.500,-15.967,-16.022,4,neutral,-0.330
IS,1963,JFM,ice_days,17.500,-0.189,-8.505,4,neutral,-0.330
IS,1963,JFM,precip,188.467,,-51.729,3,neutral,-0.330
IS,1963,JFM,precip_days,30.667,,-6.816,3,neutral,-0.330
IS,1963,JFM,thaw_days,71.250,-0.667,8.467,4,neutral,-0.330
IS,1963,JFM,tmax_mean,3.451,0.311,1.192,4,neutral,-0.330
IS,1963,JFM,tmean,1.063,0.605,1.406,4,neutral,-0.330
IS,1963,JFM,tmin_mean,-1.321,1.067,1.637,4,neutral,-0.330
IS,1963,NDJFM,frost_days,82.250,-14.189,-17.364,4,neutral,-0.330
IS,1963,NDJFM,ice_days,30.250,4.322,-9.380,4,neutral,-0.330
IS,1963,NDJFM,precip,372.700,,-62.543,3,neutral,-0.330
IS,1963,NDJFM,precip_days,57.333,,-8.758,3,neutral,-0.330
IS,1963,NDJFM,thaw_days,118.750,-5.244,9.430,4,neutral,-0.330
IS,1963,NDJFM,tmax_mean,3.339,-0.056,0.792,4,neutral,-0.330
IS,1963,NDJFM,tmean,0.886,0.124,0.892,4,neutral,-0.330
IS,1963,NDJFM,tmin_mean,-1.564,0.375,1.022,4,neutral,-0.330
IS,1964,DJF,frost_days,37.000,-24.111,-26.526,4,elnino,0.950
IS,1964,DJF,ice_days,9.750,-8.978,-16.567,4,elnino,0.950
IS,1964,DJF,precip,258.667,,2.242,3,elnino,0.950
IS,1964,DJF,precip_days,36.000,,-3.551,3,elnino,0.950
IS,1964,DJF,thaw_days,80.750,10.600,18.338,4,elnino,0.950
IS,1964,DJF,tmax_mean,4.804,1.713,2.740,4,elnino,0.950
IS,1964,DJF,tmean,2.194,1.795,2.699,4,elnino,0.950
IS,1964,DJF,tmin_mean,-0.413,1.714,2.711,4,elnino,0.950
IS,1964,JFM,frost_days,25.250,-35.633,-36.237,4,elnino,0.950
IS,1964,JFM,ice_days,5.250,-11.856,-20.619,4,elnino,0.950
IS,1964,JFM,precip,273.800,,31.461,3,elnino,0.950
IS,1964,JFM,precip_days,38.333,,0.591,3,elnino,0.950
IS,1964,JFM,thaw_days,85.500,13.333,22.577,4,elnino,0.950
IS,1964,JFM,tmax_mean,6.279,2.807,4.003,4,elnino,0.950
IS,1964,JFM,tmean,3.571,3.113,3.901,4,elnino,0.950
IS,1964,JFM,tmin_mean,0.863,2.890,3.805,4,elnino,0.950
IS,1964,NDJFM,frost_days,66.250,-29.522,-33.270,4,elnino,0.950
IS,1964,NDJFM,ice_days,19.750,-7.344,-19.683,4,elnino,0.950
IS,1964,NDJFM,precip,432.600,,-4.800,3,elnino,0.950
IS,1964,NDJFM,precip_days,58.333,,-7.989,3,elnino,0.950
IS,1964,NDJFM,thaw_days,131.250,8.756,21.726,4,elnino,0.950
IS,1964,NDJFM,tmax_mean,4.751,1.183,2.188,4,elnino,0.950
IS,1964,NDJFM,tmean,2.160,1.397,2.152,4,elnino,0.950
IS,1964,NDJFM,tmin_mean,-0.429,1.315,2.141,4,elnino,0.950
IS,1965,DJF,frost_days,60.750,2.222,-2.702,4,lanina,-0.510
IS,1965,DJF,ice_days,24.250,6.356,-1.952,4,lanina,-0.510
IS,1965,DJF,precip,211.833,,-46.364,3,lanina,-0.510
IS,1965,DJF,precip_days,38.333,,-1.410,3,lanina,-0.510
IS,1965,DJF,thaw_days,64.750,-6.400,2.217,4,lanina,-0.510
IS,1965,DJF,tmax_mean,3.148,-0.063,1.066,4,lanina,-0.510
IS,1965,DJF,tmean,0.277,-0.121,0.767,4,lanina,-0.510
IS,1965,DJF,tmin_mean,-2.593,-0.563,0.513,4,lanina,-0.510
IS,1965,JFM,frost_days,60.000,1.367,-1.453,4,lanina,-0.510
IS,1965,JFM,ice_days,22.750,6.144,-2.983,4,lanina,-0.510
IS,1965,JFM,precip,161.233,,-83.248,3,lanina,-0.510
IS,1965,JFM,precip_days,28.333,,-9.670,3,lanina,-0.510
IS,1965,JFM,thaw_days,66.000,-6.667,2.936,4,lanina,-0.510
IS,1965,JFM,tmax_mean,3.099,-0.105,0.806,4,lanina,-0.510
IS,1965,JFM,tmean,0.100,-0.358,0.415,4,lanina,-0.510
IS,1965,JFM,tmin_mean,-2.896,-0.747,0.031,4,lanina,-0.510
IS,1965,NDJFM,frost_days,102.500,9.478,3.075,4,lanina,-0.510
IS,1965,NDJFM,ice_days,40.500,14.322,1.264,4,lanina,-0.510
IS,1965,NDJFM,precip,342.533,,-97.023,3,lanina,-0.510
IS,1965,NDJFM,precip_days,59.333,,-7.220,3,lanina,-0.510
IS,1965,NDJFM,thaw_days,109.250,-14.244,-0.479,4,lanina,-0.510
IS,1965,NDJFM,tmax_mean,3.081,-0.396,0.502,4,lanina,-0.510
IS,1965,NDJFM,tmean,0.179,-0.584,0.157,4,lanina,-0.510
IS,1965,NDJFM,tmin_mean,-2.723,-0.946,-0.169,4,lanina,-0.510
IS,1966,DJF,frost_days,75.750,17.556,12.371,4,elnino,1.240
IS,1966,DJF,ice_days,41.250,19.356,15.163,4,elnino,1.240
IS,1966,DJF,precip,192.567,,-67.404,3,elnino,1.240
IS,1966,DJF,precip_days,25.000,,-14.936,3,elnino,1.240
IS,1966,DJF,thaw_days,46.750,-20.733,-15.904,4,elnino,1.240
IS,1966,DJF,tmax_mean,0.046,-2.748,-2.055,4,elnino,1.240
IS,1966,DJF,tmean,-2.447,-2.845,-1.972,4,elnino,1.240
IS,1966,DJF,tmin_mean,-4.941,-2.268,-1.853,4,elnino,1.240
IS,1966,JFM,frost_days,72.000,13.700,10.581,4,elnino,1.240
IS,1966,JFM,ice_days,36.750,17.478,11.153,4,elnino,1.240
IS,1966,JFM,precip,212.000,,-34.624,3,elnino,1.240
IS,1966,JFM,precip_days,32.000,,-6.263,3,elnino,1.240
IS,1966,JFM,thaw_days,51.250,-19.000,-11.954,4,elnino,1.240
IS,1966,JFM,tmax_mean,0.533,-2.398,-1.776,4,elnino,1.240
IS,1966,JFM,tmean,-2.028,-2.486,-1.728,4,elnino,1.240
IS,1966,JFM,tmin_mean,-4.594,-2.129,-1.683,4,elnino,1.240
IS,1966,NDJFM,frost_days,119.250,26.144,19.920,4,elnino,1.240
IS,1966,NDJFM,ice_days,62.250,29.989,23.209,4,elnino,1.240
IS,1966,NDJFM,precip,339.000,,-102.714,3,elnino,1.240
IS,1966,NDJFM,precip_days,48.000,,-18.784,3,elnino,1.240
IS,1966,NDJFM,thaw_days,85.750,-32.244,-24.184,4,elnino,1.240
IS,1966,NDJFM,tmax_mean,0.786,-2.408,-1.808,4,elnino,1.240
IS,1966,NDJFM,tmean,-1.686,-2.448,-1.720,4,elnino,1.240
IS,1966,NDJFM,tmin_mean,-4.158,-2.030,-1.619,4,elnino,1.240
IS,1967,DJF,frost_days,61.250,1.222,-2.054,4,neutral,-0.460
IS,1967,DJF,ice_days,21.000,2.689,-4.973,4,neutral,-0.460
IS,1967,DJF,precip,223.700,,-38.043,3,neutral,-0.460
IS,1967,DJF,precip_days,34.000,,-6.128,3,neutral,-0.460
IS,1967,DJF,thaw_days,68.000,-1.733,5.226,4,neutral,-0.460
IS,1967,DJF,tmax_mean,2.649,-0.483,0.530,4,neutral,-0.460
IS,1967,DJF,tmean,-0.013,-0.411,0.446,4,neutral,-0.460
IS,1967,DJF,tmin_mean,-2.671,-0.567,0.399,4,neutral,-0.460
IS,1967,JFM,frost_days,65.250,6.700,3.865,4,neutral,-0.460
IS,1967,JFM,ice_days,29.250,11.144,3.788,4,neutral,-0.460
IS,1967,JFM,precip,213.400,,-35.367,3,neutral,-0.460
IS,1967,JFM,precip_days,33.333,,-5.190,3,neutral,-0.460
IS,1967,JFM,thaw_days,59.500,-11.333,-3.844,4,neutral,-0.460
IS,1967,JFM,tmax_mean,2.038,-1.059,-0.287,4,neutral,-0.460
IS,1967,JFM,tmean,-0.728,-1.186,-0.442,4,neutral,-0.460
IS,1967,JFM,tmin_mean,-3.490,-1.241,-0.595,4,neutral,-0.460
IS,1967,NDJFM,frost_days,114.250,21.811,15.014,4,neutral,-0.460
IS,1967,NDJFM,ice_days,46.750,19.656,7.906,4,neutral,-0.460
IS,1967,NDJFM,precip,371.067,,-72.804,3,neutral,-0.460
IS,1967,NDJFM,precip_days,61.667,,-5.349,3,neutral,-0.460
IS,1967,NDJFM,thaw_days,101.750,-19.911,-8.389,4,neutral,-0.460
IS,1967,NDJFM,tmax_mean,2.085,-1.321,-0.524,4,neutral,-0.460
IS,1967,NDJFM,tmean,-0.755,-1.517,-0.803,4,neutral,-0.460
IS,1967,NDJFM,tmin_mean,-3.591,-1.813,-1.067,4,neutral,-0.460
IS,1968,DJF,frost_days,72.500,14.556,9.269,4,neutral,-0.620
IS,1968,DJF,ice_days,31.250,11.022,5.392,4,neutral,-0.620
IS,1968,DJF,precip,278.300,,14.783,3,neutral,-0.620
IS,1968,DJF,precip_days,43.000,,2.679,3,neutral,-0.620
IS,1968,DJF,thaw_days,57.000,-12.733,-5.894,4,neutral,-0.620
IS,1968,DJF,tmax_mean,1.056,-1.912,-1.081,4,neutral,-0.620
IS,1968,DJF,tmean,-1.939,-2.338,-1.496,4,neutral,-0.620
IS,1968,DJF,tmin_mean,-4.940,-2.666,-1.890,4,neutral,-0.620
IS,1968,JFM,frost_days,73.697,16.630,12.346,4,neutral,-0.620
IS,1968,JFM,ice_days,33.842,14.933,8.516,4,neutral,-0.620
IS,1968,JFM,precip,222.900,,-28.009,3,neutral,-0.620
IS,1968,JFM,precip_days,40.000,,1.216,3,neutral,-0.620
IS,1968,JFM,thaw_days,55.153,-15.463,-8.332,4,neutral,-0.620
IS,1968,JFM,tmax_mean,0.866,-2.192,-1.476,4,neutral,-0.620
IS,1968,JFM,tmean,-2.222,-2.680,-1.950,4,neutral,-0.620
IS,1968,JFM,tmin_mean,-5.306,-3.012,-2.427,4,neutral,-0.620
IS,1968,NDJFM,frost_days,119.182,28.054,20.041,4,neutral,-0.620
IS,1968,NDJFM,ice_days,49.075,19.755,10.427,4,neutral,-0.620
IS,1968,NDJFM,precip,414.500,,-31.528,3,neutral,-0.620
IS,1968,NDJFM,precip_days,70.000,,2.753,3,neutral,-0.620
IS,1968,NDJFM,thaw_days,98.922,-22.348,-11.421,4,neutral,-0.620
IS,1968,NDJFM,tmax_mean,1.551,-1.797,-1.074,4,neutral,-0.620
IS,1968,NDJFM,tmean,-1.477,-2.239,-1.538,4,neutral,-0.620
IS,1968,NDJFM,tmin_mean,-4.505,-2.688,-1.997,4,neutral,-0.620
IS,1969,DJF,frost_days,63.000,3.222,-0.157,4,elnino,0.980
IS,1969,DJF,ice_days,34.750,16.022,9.006,4,elnino,0.980
IS,1969,DJF,precip,235.667,,-29.623,3,elnino,0.980
IS,1969,DJF,precip_days,37.000,,-3.514,3,elnino,0.980
IS,1969,DJF,thaw_days,54.250,-16.067,-8.765,4,elnino,0.980
IS,1969,DJF,tmax_mean,0.662,-2.288,-1.493,4,elnino,0.980
IS,1969,DJF,tmean,-2.119,-2.518,-1.692,4,elnino,0.980
IS,1969,DJF,tmin_mean,-4.901,-2.610,-1.869,4,elnino,0.980
IS,1969,JFM,frost_days,66.500,8.700,5.183,4,elnino,0.980
IS,1969,JFM,ice_days,35.500,17.811,10.310,4,elnino,0.980
IS,1969,JFM,precip,244.733,,-8.319,3,elnino,0.980
IS,1969,JFM,precip_days,39.667,,0.623,3,elnino,0.980
IS,1969,JFM,thaw_days,53.500,-18.000,-10.125,4,elnino,0.980
IS,1969,JFM,tmax_mean,0.205,-2.819,-2.153,4,elnino,0.980
IS,1969,JFM,tmean,-2.654,-3.112,-2.396,4,elnino,0.980
IS,1969,JFM,tmin_mean,-5.513,-3.312,-2.650,4,elnino,0.980
IS,1969,NDJFM,frost_days,91.750,-2.856,-7.296,4,elnino,0.980
IS,1969,NDJFM,ice_days,46.000,19.322,7.549,4,elnino,0.980
IS,1969,NDJFM,precip,498.467,,50.282,3,elnino,0.980
IS,1969,NDJFM,precip_days,67.333,,-0.145,3,elnino,0.980
IS,1969,NDJFM,thaw_days,103.750,-19.244,-6.798,4,elnino,0.980
IS,1969,NDJFM,tmax_mean,1.825,-1.504,-0.816,4,elnino,0.980
IS,1969,NDJFM,tmean,-0.865,-1.627,-0.940,4,elnino,0.980
IS,1969,NDJFM,tmin_mean,-3.558,-1.707,-1.065,4,elnino,0.980
IS,1970,DJF,frost_days,63.250,3.556,0.167,4,neutral,0.460
IS,1970,DJF,ice_days,26.500,8.356,0.871,4,neutral,0.460
IS,1970,DJF,precip,325.633,,58.571,3,neutral,0.460
IS,1970,DJF,precip_days,41.667,,0.961,3,neutral,0.460
IS,1970,DJF,thaw_days,62.000,-9.067,-1.135,4,neutral,0.460
IS,1970,DJF,tmax_mean,1.539,-1.601,-0.634,4,neutral,0.460
IS,1970,DJF,tmean,-0.986,-1.384,-0.573,4,neutral,0.460
IS,1970,DJF,tmin_mean,-3.513,-1.283,-0.500,4,neutral,0.460
IS,1970,JFM,frost_days,69.000,10.700,7.717,4,neutral,0.460
IS,1970,JFM,ice_days,38.250,20.144,13.196,4,neutral,0.460
IS,1970,JFM,precip,310.500,,55.305,3,neutral,0.460
IS,1970,JFM,precip_days,39.000,,-0.304,3,neutral,0.460
IS,1970,JFM,thaw_days,50.000,-21.000,-13.765,4,neutral,0.460
IS,1970,JFM,tmax_mean,0.563,-2.536,-1.811,4,neutral,0.460
IS,1970,JFM,tmean,-1.943,-2.402,-1.700,4,neutral,0.460
IS,1970,JFM,tmin_mean,-4.452,-2.202,-1.605,4,neutral,0.460
IS,1970,NDJFM,frost_days,117.500,24.478,18.549,4,neutral,0.460
IS,1970,NDJFM,ice_days,55.250,26.656,16.995,4,neutral,0.460
IS,1970,NDJFM,precip,463.800,,13.458,3,neutral,0.460
IS,1970,NDJFM,precip_days,64.333,,-3.376,3,neutral,0.460
IS,1970,NDJFM,thaw_days,93.000,-27.578,-17.753,4,neutral,0.460
IS,1970,NDJFM,tmax_mean,1.130,-2.283,-1.527,4,neutral,0.460
IS,1970,NDJFM,tmean,-1.508,-2.271,-1.597,4,neutral,0.460
IS,1970,NDJFM,tmin_mean,-4.149,-2.284,-1.671,4,neutral,0.460
IS,1971,DJF,frost_days,62.000,3.222,-1.009,4,lanina,-1.290
IS,1971,DJF,ice_days,27.000,9.022,1.486,4,lanina,-1.290
IS,1971,DJF,precip,233.667,,-35.169,3,lanina,-1.290
IS,1971,DJF,precip_days,35.667,,-5.232,3,lanina,-1.290
IS,1971,DJF,thaw_days,62.500,-8.067,-0.756,4,lanina,-1.290
IS,1971,DJF,tmax_mean,2.175,-1.000,-0.017,4,lanina,-1.290
IS,1971,DJF,tmean,-0.713,-1.111,-0.316,4,lanina,-1.290
IS,1971,DJF,tmin_mean,-3.603,-1.457,-0.607,4,lanina,-1.290
IS,1971,JFM,frost_days,64.750,5.700,3.501,4,lanina,-1.290
IS,1971,JFM,ice_days,33.000,15.478,8.082,4,lanina,-1.290
IS,1971,JFM,precip,242.000,,-15.337,3,lanina,-1.290
IS,1971,JFM,precip_days,37.667,,-1.898,3,lanina,-1.290
IS,1971,JFM,thaw_days,56.250,-15.333,-7.656,4,lanina,-1.290
IS,1971,JFM,tmax_mean,1.510,-1.705,-0.880,4,lanina,-1.290
IS,1971,JFM,tmean,-1.195,-1.653,-0.966,4,lanina,-1.290
IS,1971,JFM,tmin_mean,-3.901,-1.782,-1.070,4,lanina,-1.290
IS,1971,NDJFM,frost_days,102.750,9.478,3.893,4,lanina,-1.290
IS,1971,NDJFM,ice_days,40.750,13.322,2.691,4,lanina,-1.290
IS,1971,NDJFM,precip,378.767,,-73.732,3,lanina,-1.290
IS,1971,NDJFM,precip_days,60.667,,-7.274,3,lanina,-1.290
IS,1971,NDJFM,thaw_days,109.000,-12.911,-1.958,4,lanina,-1.290
IS,1971,NDJFM,tmax_mean,2.363,-1.124,-0.308,4,lanina,-1.290
IS,1971,NDJFM,tmean,-0.306,-1.069,-0.408,4,lanina,-1.290
IS,1971,NDJFM,tmin_mean,-2.980,-1.247,-0.518,4,lanina,-1.290
IS,1972,DJF,frost_days,47.000,-12.111,-15.935,4,lanina,-0.570
IS,1972,DJF,ice_days,17.750,-1.978,-7.650,4,lanina,-0.570
IS,1972,DJF,precip,359.100,,88.492,3,lanina,-0.570
IS,1972,DJF,precip_days,47.667,,6.576,3,lanina,-0.570
IS,1972,DJF,thaw_days,72.250,2.933,8.874,4,lanina,-0.570
IS,1972,DJF,tmax_mean,3.839,0.626,1.629,4,lanina,-0.570
IS,1972,DJF,tmean,1.372,0.973,1.754,4,lanina,-0.570
IS,1972,DJF,tmin_mean,-1.097,1.004,1.880,4,lanina,-0.570
IS,1972,JFM,frost_days,37.250,-21.633,-23.965,4,lanina,-0.570
IS,1972,JFM,ice_days,9.750,-8.189,-15.033,4,lanina,-0.570
IS,1972,JFM,precip,363.267,,103.786,3,lanina,-0.570
IS,1972,JFM,precip_days,47.333,,7.508,3,lanina,-0.570
IS,1972,JFM,thaw_days,80.000,8.667,15.954,4,lanina,-0.570
IS,1972,JFM,tmax_mean,4.553,1.102,2.146,4,lanina,-0.570
IS,1972,JFM,tmean,2.242,1.784,2.457,4,lanina,-0.570
IS,1972,JFM,tmin_mean,-0.073,1.845,2.743,4,lanina,-0.570
IS,1972,NDJFM,frost_days,81.500,-11.189,-17.262,4,lanina,-0.570
IS,1972,NDJFM,ice_days,27.500,-0.678,-10.362,4,lanina,-0.570
IS,1972,NDJFM,precip,574.800,,120.145,3,lanina,-0.570
IS,1972,NDJFM,precip_days,83.333,,15.162,3,lanina,-0.570
IS,1972,NDJFM,thaw_days,122.750,1.422,11.588,4,lanina,-0.570
IS,1972,NDJFM,tmax_mean,3.932,0.355,1.245,4,lanina,-0.570
IS,1972,NDJFM,tmean,1.352,0.590,1.237,4,lanina,-0.570
IS,1972,NDJFM,tmin_mean,-1.232,0.448,1.215,4,lanina,-0.570
IS,1973,DJF,frost_days,57.250,-2.778,-5.611,4,elnino,1.550
IS,1973,DJF,ice_days,17.500,-0.978,-7.785,4,elnino,1.550
IS,1973,DJF,precip,421.400,,149.019,3,elnino,1.550
IS,1973,DJF,precip_days,54.667,,13.383,3,elnino,1.550
IS,1973,DJF,thaw_days,70.750,0.267,7.253,4,elnino,1.550
IS,1973,DJF,tmax_mean,3.023,-0.115,0.795,4,elnino,1.550
IS,1973,DJF,tmean,0.552,0.154,0.918,4,elnino,1.550
IS,1973,DJF,tmin_mean,-1.909,0.253,1.049,4,elnino,1.550
IS,1973,JFM,frost_days,55.750,-3.300,-5.431,4,elnino,1.550
IS,1973,JFM,ice_days,17.750,1.144,-6.897,4,elnino,1.550
IS,1973,JFM,precip,327.400,,65.777,3,elnino,1.550
IS,1973,JFM,precip_days,52.667,,12.582,3,elnino,1.550
IS,1973,JFM,thaw_days,71.000,-1.333,6.813,4,elnino,1.550
IS,1973,JFM,tmax_mean,3.353,-0.004,0.931,4,elnino,1.550
IS,1973,JFM,tmean,0.625,0.167,0.826,4,elnino,1.550
IS,1973,JFM,tmin_mean,-1.969,0.124,0.831,4,elnino,1.550
IS,1973,NDJFM,frost_days,92.500,-1.189,-6.168,4,elnino,1.550
IS,1973,NDJFM,ice_days,28.250,1.322,-9.416,4,elnino,1.550
IS,1973,NDJFM,precip,608.633,,151.821,3,elnino,1.550
IS,1973,NDJFM,precip_days,84.000,,15.597,3,elnino,1.550
IS,1973,NDJFM,thaw_days,120.000,-2.911,8.633,4,elnino,1.550
IS,1973,NDJFM,tmax_mean,3.227,-0.330,0.524,4,elnino,1.550
IS,1973,NDJFM,tmean,0.756,-0.006,0.628,4,elnino,1.550
IS,1973,NDJFM,tmin_mean,-1.630,0.041,0.801,4,elnino,1.550
IS,1974,DJF,frost_days,67.750,8.222,4.963,4,lanina,-1.870
IS,1974,DJF,ice_days,29.750,11.356,4.579,4,lanina,-1.870
IS,1974,DJF,precip,335.900,,61.746,3,lanina,-1.870
IS,1974,DJF,precip_days,46.333,,4.858,3,lanina,-1.870
IS,1974,DJF,thaw_days,59.500,-11.067,-4.117,4,lanina,-1.870
IS,1974,DJF,tmax_mean,1.426,-1.668,-0.819,4,lanina,-1.870
IS,1974,DJF,tmean,-1.118,-1.517,-0.768,4,lanina,-1.870
IS,1974,DJF,tmin_mean,-3.864,-1.714,-0.924,4,lanina,-1.870
IS,1974,JFM,frost_days,48.750,-10.967,-12.396,4,lanina,-1.870
IS,1974,JFM,ice_days,12.500,-3.856,-12.011,4,lanina,-1.870
IS,1974,JFM,precip,396.467,,132.701,3,lanina,-1.870
IS,1974,JFM,precip_days,47.000,,6.655,3,lanina,-1.870
IS,1974,JFM,thaw_days,77.250,4.667,12.923,4,lanina,-1.870
IS,1974,JFM,tmax_mean,3.712,0.327,1.273,4,lanina,-1.870
IS,1974,JFM,tmean,1.477,1.019,1.663,4,lanina,-1.870
IS,1974,JFM,tmin_mean,-1.008,0.851,1.776,4,lanina,-1.870
IS,1974,NDJFM,frost_days,101.250,8.144,2.677,4,lanina,-1.870
IS,1974,NDJFM,ice_days,44.250,17.989,6.780,4,lanina,-1.870
IS,1974,NDJFM,precip,553.200,,94.231,3,lanina,-1.870
IS,1974,NDJFM,precip_days,73.667,,5.033,3,lanina,-1.870
IS,1974,NDJFM,thaw_days,105.500,-17.578,-6.072,4,lanina,-1.870
IS,1974,NDJFM,tmax_mean,2.069,-1.384,-0.649,4,lanina,-1.870
IS,1974,NDJFM,tmean,-0.409,-1.171,-0.551,4,lanina,-1.870
IS,1974,NDJFM,tmin_mean,-3.109,-1.320,-0.693,4,lanina,-1.870
IS,1975,DJF,frost_days,68.333,12.222,8.663,3,lanina,-0.560
IS,1975,DJF,ice_days,32.333,16.022,9.676,3,lanina,-0.560
IS,1975,DJF,precip,234.833,,-41.094,3,lanina,-0.560
IS,1975,DJF,precip_days,42.000,,0.332,3,lanina,-0.560
IS,1975,DJF,thaw_days,54.667,-18.067,-11.462,3,lanina,-0.560
IS,1975,DJF,tmax_mean,1.444,-1.883,-1.019,3,lanina,-0.560
IS,1975,DJF,tmean,-1.407,-1.806,-1.073,4,lanina,-0.560
IS,1975,DJF,tmin_mean,-3.190,-1.621,-0.902,3,lanina,-0.560
IS,1975,JFM,frost_days,62.250,3.700,1.138,4,lanina,-0.560
IS,1975,JFM,ice_days,28.500,10.478,4.125,4,lanina,-0.560
IS,1975,JFM,precip,226.633,,-39.275,3,lanina,-0.560
IS,1975,JFM,precip_days,39.000,,-1.606,3,lanina,-0.560
IS,1975,JFM,thaw_days,58.750,-11.667,-5.717,4,lanina,-0.560
IS,1975,JFM,tmax_mean,1.916,-1.121,-0.540,4,lanina,-0.560
IS,1975,JFM,tmean,-0.697,-1.155,-0.525,4,lanina,-0.560
IS,1975,JFM,tmin_mean,-3.317,-1.030,-0.548,4,lanina,-0.560
IS,1975,NDJFM,frost_days,100.473,7.478,1.994,4,lanina,-0.560
IS,1975,NDJFM,ice_days,40.000,16.656,6.543,3,lanina,-0.560
IS,1975,NDJFM,precip,419.767,,-41.359,3,lanina,-0.560
IS,1975,NDJFM,precip_days,65.000,,-3.865,3,lanina,-0.560
IS,1975,NDJFM,thaw_days,107.667,-18.578,-7.945,3,lanina,-0.560
IS,1975,NDJFM,tmax_mean,2.292,-1.373,-0.620,3,lanina,-0.560
IS,1975,NDJFM,tmean,-0.460,-1.223,-0.615,4,lanina,-0.560
IS,1975,NDJFM,tmin_mean,-2.913,-1.065,-0.513,4,lanina,-0.560
IS,1976,DJF,frost_days,74.500,16.556,11.861,4,lanina,-1.490
IS,1976,DJF,ice_days,30.000,12.689,5.059,4,lanina,-1.490
IS,1976,DJF,precip,288.283,,51.933,4,lanina,-1.490
IS,1976,DJF,precip_days,50.729,,13.139,4,lanina,-1.490
IS,1976,DJF,thaw_days,60.500,-11.400,-3.358,4,lanina,-1.490
IS,1976,DJF,tmax_mean,2.171,-1.102,-0.111,4,lanina,-1.490
IS,1976,DJF,tmean,-1.067,-1.466,-0.748,4,lanina,-1.490
IS,1976,DJF,tmin_mean,-4.186,-2.138,-1.284,4,lanina,-1.490
IS,1976,JFM,frost_days,65.500,8.700,4.421,4,lanina,-1.490
IS,1976,JFM,ice_days,28.000,12.144,3.761,4,lanina,-1.490
IS,1976,JFM,precip,323.628,,124.316,4,lanina,-1.490
IS,1976,JFM,precip_days,50.768,,16.468,4,lanina,-1.490
IS,1976,JFM,thaw_days,62.500,-11.000,-2.108,4,lanina,-1.490
IS,1976,JFM,tmax_mean,2.244,-1.188,-0.227,4,lanina,-1.490
IS,1976,JFM,tmean,-0.405,-0.863,-0.247,4,lanina,-1.490
IS,1976,JFM,tmin_mean,-3.014,-1.140,-0.262,4,lanina,-1.490
IS,1976,NDJFM,frost_days,107.750,17.144,9.366,4,lanina,-1.490
IS,1976,NDJFM,ice_days,42.000,17.322,4.923,4,lanina,-1.490
IS,1976,NDJFM,precip,514.394,,148.350,4,lanina,-1.490
IS,1976,NDJFM,precip_days,83.451,,22.571,4,lanina,-1.490
IS,1976,NDJFM,thaw_days,109.500,-15.578,-2.482,4,lanina,-1.490
IS,1976,NDJFM,tmax_mean,2.953,-0.732,0.204,4,lanina,-1.490
IS,1976,NDJFM,tmean,0.011,-0.751,-0.157,4,lanina,-1.490
IS,1976,NDJFM,tmin_mean,-2.817,-1.258,-0.431,4,lanina,-1.490
IS,1977,DJF,frost_days,72.250,12.889,9.685,4,elnino,0.710
IS,1977,DJF,ice_days,34.500,13.356,9.673,4,elnino,0.710
IS,1977,DJF,precip,134.300,,-145.173,3,elnino,0.710
IS,1977,DJF,precip_days,27.000,,-15.053,3,elnino,0.710
IS,1977,DJF,thaw_days,53.250,-13.733,-10.728,4,elnino,0.710
IS,1977,DJF,tmax_mean,0.734,-2.221,-1.566,4,elnino,0.710
IS,1977,DJF,tmean,-1.443,-1.842,-1.139,4,elnino,0.710
IS,1977,DJF,tmin_mean,-3.710,-1.392,-0.826,4,elnino,0.710
IS,1977,JFM,frost_days,61.500,1.700,0.455,4,elnino,0.710
IS,1977,JFM,ice_days,25.000,6.144,0.897,4,elnino,0.710
IS,1977,JFM,precip,180.055,,-65.227,4,elnino,0.710
IS,1977,JFM,precip_days,30.303,,-11.793,4,elnino,0.710
IS,1977,JFM,thaw_days,62.500,-6.667,-2.248,4,elnino,0.710
IS,1977,JFM,tmax_mean,1.794,-1.290,-0.694,4,elnino,0.710
IS,1977,JFM,tmean,-0.425,-0.883,-0.281,4,elnino,0.710
IS,1977,JFM,tmin_mean,-2.622,-0.459,0.114,4,elnino,0.710
IS,1977,NDJFM,frost_days,97.250,4.478,-1.039,4,elnino,0.710
IS,1977,NDJFM,ice_days,40.000,10.989,3.120,4,elnino,0.710
IS,1977,NDJFM,precip,327.437,,-98.807,4,elnino,0.710
IS,1977,NDJFM,precip_days,54.489,,-16.661,4,elnino,0.710
IS,1977,NDJFM,thaw_days,108.000,-11.244,-4.186,4,elnino,0.710
IS,1977,NDJFM,tmax_mean,2.254,-1.116,-0.511,4,elnino,0.710
IS,1977,NDJFM,tmean,0.016,-0.745,-0.165,4,elnino,0.710
IS,1977,NDJFM,tmin_mean,-2.198,-0.435,0.171,4,elnino,0.710
IS,1978,DJF,frost_days,67.000,8.556,4.509,4,elnino,0.710
IS,1978,DJF,ice_days,31.500,11.356,6.788,4,elnino,0.710
IS,1978,DJF,precip,186.459,,-74.313,4,elnino,0.710
IS,1978,DJF,precip_days,36.232,,-3.579,4,elnino,0.710
IS,1978,DJF,thaw_days,57.500,-11.400,-6.599,4,elnino,0.710
IS,1978,DJF,tmax_mean,1.448,-1.547,-0.871,4,elnino,0.710
IS,1978,DJF,tmean,-1.025,-1.423,-0.736,4,elnino,0.710
IS,1978,DJF,tmin_mean,-3.590,-1.340,-0.724,4,elnino,0.710
IS,1978,JFM,frost_days,68.750,10.700,7.740,4,elnino,0.710
IS,1978,JFM,ice_days,30.000,11.144,6.032,4,elnino,0.710
IS,1978,JFM,precip,210.016,,-45.503,4,elnino,0.710
IS,1978,JFM,precip_days,35.691,,-4.386,4,elnino,0.710
IS,1978,JFM,thaw_days,59.250,-11.333,-5.639,4,elnino,0.710
IS,1978,JFM,tmax_mean,1.164,-1.952,-1.340,4,elnino,0.710
IS,1978,JFM,tmean,-1.176,-1.634,-1.046,4,elnino,0.710
IS,1978,JFM,tmin_mean,-3.562,-1.351,-0.842,4,elnino,0.710
IS,1978,NDJFM,frost_days,111.500,19.144,13.305,4,elnino,0.710
IS,1978,NDJFM,ice_days,43.500,14.322,6.816,4,elnino,0.710
IS,1978,NDJFM,precip,353.252,,-91.663,4,elnino,0.710
IS,1978,NDJFM,precip_days,60.463,,-6.892,4,elnino,0.710
IS,1978,NDJFM,thaw_days,106.000,-14.578,-6.391,4,elnino,0.710
IS,1978,NDJFM,tmax_mean,1.792,-1.580,-0.988,4,elnino,0.710
IS,1978,NDJFM,tmean,-0.690,-1.452,-0.885,4,elnino,0.710
IS,1978,NDJFM,tmin_mean,-3.232,-1.423,-0.878,4,elnino,0.710
IS,1979,DJF,frost_days,64.750,6.889,2.333,4,neutral,0.190
IS,1979,DJF,ice_days,33.250,14.356,8.652,4,neutral,0.190
IS,1979,DJF,precip,163.224,,-82.619,4,neutral,0.190
IS,1979,DJF,precip_days,26.738,,-14.105,4,neutral,0.190
IS,1979,DJF,thaw_days,56.500,-13.400,-7.720,4,neutral,0.190
IS,1979,DJF,tmax_mean,1.288,-1.818,-1.049,4,neutral,0.190
IS,1979,DJF,tmean,-1.126,-1.524,-0.853,4,neutral,0.190
IS,1979,DJF,tmin_mean,-3.716,-1.481,-0.869,4,neutral,0.190
IS,1979,JFM,frost_days,78.500,21.033,17.524,4,neutral,0.190
IS,1979,JFM,ice_days,45.250,26.144,21.418,4,neutral,0.190
IS,1979,JFM,precip,143.541,,-102.645,4,neutral,0.190
IS,1979,JFM,precip_days,27.819,,-14.313,4,neutral,0.190
IS,1979,JFM,thaw_days,44.500,-25.333,-20.529,4,neutral,0.190
IS,1979,JFM,tmax_mean,-0.337,-3.380,-2.858,4,neutral,0.190
IS,1979,JFM,tmean,-3.107,-3.564,-2.991,4,neutral,0.190
IS,1979,JFM,tmin_mean,-5.998,-3.562,-3.293,4,neutral,0.190
IS,1979,NDJFM,frost_days,115.750,24.811,17.650,4,neutral,0.190
IS,1979,NDJFM,ice_days,58.750,29.656,22.262,4,neutral,0.190
IS,1979,NDJFM,precip,302.575,,-113.054,4,neutral,0.190
IS,1979,NDJFM,precip_days,54.374,,-13.456,4,neutral,0.190
IS,1979,NDJFM,thaw_days,90.750,-29.578,-21.846,4,neutral,0.190
IS,1979,NDJFM,tmax_mean,1.054,-2.351,-1.742,4,neutral,0.190
IS,1979,NDJFM,tmean,-1.513,-2.275,-1.721,4,neutral,0.190
IS,1979,NDJFM,tmin_mean,-4.186,-2.290,-1.847,4,neutral,0.190
IS,1980,DJF,frost_days,60.000,0.556,-2.343,4,neutral,0.620
IS,1980,DJF,ice_days,24.250,6.356,-0.233,4,neutral,0.620
IS,1980,DJF,precip,194.350,,-51.459,4,neutral,0.620
IS,1980,DJF,precip_days,33.385,,-6.297,4,neutral,0.620
IS,1980,DJF,thaw_days,65.750,-5.067,1.410,4,neutral,0.620
IS,1980,DJF,tmax_mean,2.268,-0.842,-0.086,4,neutral,0.620
IS,1980,DJF,tmean,-0.019,-0.418,0.238,4,neutral,0.620
IS,1980,DJF,tmin_mean,-2.405,-0.097,0.424,4,neutral,0.620
IS,1980,JFM,frost_days,62.250,3.700,1.308,4,neutral,0.620
IS,1980,JFM,ice_days,18.500,1.811,-5.196,4,neutral,0.620
IS,1980,JFM,precip,192.325,,-41.422,4,neutral,0.620
IS,1980,JFM,precip_days,32.992,,-5.240,4,neutral,0.620
IS,1980,JFM,thaw_days,72.250,-0.333,7.080,4,neutral,0.620
IS,1980,JFM,tmax_mean,2.720,-0.551,0.183,4,neutral,0.620
IS,1980,JFM,tmean,0.243,-0.215,0.345,4,neutral,0.620
IS,1980,JFM,tmin_mean,-2.261,-0.098,0.427,4,neutral,0.620
IS,1980,NDJFM,frost_days,100.750,7.144,2.744,4,neutral,0.620
IS,1980,NDJFM,ice_days,32.000,5.989,-4.292,4,neutral,0.620
IS,1980,NDJFM,precip,334.811,,-71.644,4,neutral,0.620
IS,1980,NDJFM,precip_days,57.777,,-7.021,4,neutral,0.620
IS,1980,NDJFM,thaw_days,117.750,-5.578,4.950,4,neutral,0.620
IS,1980,NDJFM,tmax_mean,2.488,-1.018,-0.323,4,neutral,0.620
IS,1980,NDJFM,tmean,0.228,-0.534,0.007,4,neutral,0.620
IS,1980,NDJFM,tmin_mean,-2.127,-0.358,0.196,4,neutral,0.620
IS,1981,DJF,frost_days,78.750,20.889,16.480,4,neutral,-0.270
IS,1981,DJF,ice_days,35.250,18.022,10.881,4,neutral,-0.270
IS,1981,DJF,precip,220.329,,-38.665,4,neutral,-0.270
IS,1981,DJF,precip_days,42.884,,2.844,4,neutral,-0.270
IS,1981,DJF,thaw_days,54.500,-17.067,-9.961,4,neutral,-0.270
IS,1981,DJF,tmax_mean,1.141,-2.050,-1.232,4,neutral,-0.270
IS,1981,DJF,tmean,-2.073,-2.471,-1.832,4,neutral,-0.270
IS,1981,DJF,tmin_mean,-5.279,-2.934,-2.469,4,neutral,-0.270
IS,1981,JFM,frost_days,72.750,14.367,11.842,4,neutral,-0.270
IS,1981,JFM,ice_days,34.500,18.144,10.939,4,neutral,-0.270
IS,1981,JFM,precip,224.752,,-37.164,4,neutral,-0.270
IS,1981,JFM,precip_days,44.853,,3.500,4,neutral,-0.270
IS,1981,JFM,thaw_days,55.000,-17.667,-10.310,4,neutral,-0.270
IS,1981,JFM,tmax_mean,1.014,-2.307,-1.538,4,neutral,-0.270
IS,1981,JFM,tmean,-1.968,-2.426,-1.881,4,neutral,-0.270
IS,1981,JFM,tmin_mean,-4.915,-2.724,-2.242,4,neutral,-0.270
IS,1981,NDJFM,frost_days,119.750,28.478,21.839,4,neutral,-0.270
IS,1981,NDJFM,ice_days,57.250,30.656,21.155,4,neutral,-0.270
IS,1981,NDJFM,precip,335.616,,-106.868,4,neutral,-0.270
IS,1981,NDJFM,precip_days,66.979,,-1.919,4,neutral,-0.270
IS,1981,NDJFM,thaw_days,92.750,-30.244,-20.255,4,neutral,-0.270
IS,1981,NDJFM,tmax_mean,1.399,-2.133,-1.427,4,neutral,-0.270
IS,1981,NDJFM,tmean,-1.438,-2.201,-1.673,4,neutral,-0.270
IS,1981,NDJFM,tmin_mean,-4.360,-2.489,-2.053,4,neutral,-0.270
IS,1982,DJF,frost_days,68.000,9.222,5.804,4,neutral,-0.050
IS,1982,DJF,ice_days,30.250,11.356,5.996,4,neutral,-0.050
IS,1982,DJF,precip,320.433,,32.096,3,neutral,-0.050
IS,1982,DJF,precip_days,43.000,,-0.015,3,neutral,-0.050
IS,1982,DJF,thaw_days,58.250,-11.400,-6.331,4,neutral,-0.050
IS,1982,DJF,tmax_mean,1.452,-1.651,-0.938,4,neutral,-0.050
IS,1982,DJF,tmean,-0.905,-1.304,-0.679,4,neutral,-0.050
IS,1982,DJF,tmin_mean,-3.418,-1.372,-0.627,4,neutral,-0.050
IS,1982,JFM,frost_days,64.250,6.033,3.376,4,neutral,-0.050
IS,1982,JFM,ice_days,21.750,3.144,-1.675,4,neutral,-0.050
IS,1982,JFM,precip,331.200,,50.293,3,neutral,-0.050
IS,1982,JFM,precip_days,47.667,,5.239,3,neutral,-0.050
IS,1982,JFM,thaw_days,66.750,-3.333,1.300,4,neutral,-0.050
IS,1982,JFM,tmax_mean,2.473,-0.802,-0.097,4,neutral,-0.050
IS,1982,JFM,tmean,-0.010,-0.468,0.063,4,neutral,-0.050
IS,1982,JFM,tmin_mean,-2.529,-0.557,0.128,4,neutral,-0.050
IS,1982,NDJFM,frost_days,111.000,19.478,13.184,4,neutral,-0.050
IS,1982,NDJFM,ice_days,47.250,19.989,11.351,4,neutral,-0.050
IS,1982,NDJFM,precip,457.833,,-18.391,3,neutral,-0.050
IS,1982,NDJFM,precip_days,68.333,,-2.149,3,neutral,-0.050
IS,1982,NDJFM,thaw_days,101.750,-19.911,-11.460,4,neutral,-0.050
IS,1982,NDJFM,tmax_mean,1.917,-1.584,-0.925,4,neutral,-0.050
IS,1982,NDJFM,tmean,-0.569,-1.331,-0.817,4,neutral,-0.050
IS,1982,NDJFM,tmin_mean,-3.153,-1.477,-0.861,4,neutral,-0.050
IS,1983,DJF,frost_days,68.250,12.222,6.129,4,super,2.140
IS,1983,DJF,ice_days,30.851,13.824,6.712,4,super,2.140
IS,1983,DJF,precip,271.000,,-19.111,3,super,2.140
IS,1983,DJF,precip_days,44.000,,0.792,3,super,2.140
IS,1983,DJF,thaw_days,56.393,-14.542,-8.309,4,super,2.140
IS,1983,DJF,tmax_mean,2.072,-1.212,-0.336,4,super,2.140
IS,1983,DJF,tmean,-0.786,-1.185,-0.575,4,super,2.140
IS,1983,DJF,tmin_mean,-3.660,-1.689,-0.886,4,super,2.140
IS,1983,JFM,frost_days,69.711,13.314,8.871,4,super,2.140
IS,1983,JFM,ice_days,28.351,11.613,5.062,4,super,2.140
IS,1983,JFM,precip,317.933,,34.884,3,super,2.140
IS,1983,JFM,precip_days,48.000,,5.312,3,super,2.140
IS,1983,JFM,thaw_days,59.143,-12.476,-6.448,4,super,2.140
IS,1983,JFM,tmax_mean,2.172,-1.241,-0.414,4,super,2.140
IS,1983,JFM,tmean,-0.736,-1.194,-0.678,4,super,2.140
IS,1983,JFM,tmin_mean,-3.578,-1.632,-0.936,4,super,2.140
IS,1983,NDJFM,frost_days,115.953,25.749,18.232,4,super,2.140
IS,1983,NDJFM,ice_days,49.345,23.782,13.643,4,super,2.140
IS,1983,NDJFM,precip,491.400,,13.019,3,super,2.140
IS,1983,NDJFM,precip_days,79.333,,8.619,3,super,2.140
IS,1983,NDJFM,thaw_days,98.652,-24.375,-14.763,4,super,2.140
IS,1983,NDJFM,tmax_mean,2.006,-1.555,-0.851,4,super,2.140
IS,1983,NDJFM,tmean,-0.766,-1.528,-1.027,4,super,2.140
IS,1983,NDJFM,tmin_mean,-3.512,-1.848,-1.235,4,super,2.140
IS,1984,DJF,frost_days,73.750,16.222,11.703,4,lanina,-0.630
IS,1984,DJF,ice_days,31.250,13.689,7.225,4,lanina,-0.630
IS,1984,DJF,precip,292.533,,0.650,3,lanina,-0.630
IS,1984,DJF,precip_days,46.000,,2.600,3,lanina,-0.630
IS,1984,DJF,thaw_days,57.250,-14.067,-7.572,4,lanina,-0.630
IS,1984,DJF,tmax_mean,1.345,-1.884,-1.081,4,lanina,-0.630
IS,1984,DJF,tmean,-1.227,-1.625,-1.031,4,lanina,-0.630
IS,1984,DJF,tmin_mean,-3.935,-1.841,-1.179,4,lanina,-0.630
IS,1984,JFM,frost_days,70.750,13.700,9.944,4,lanina,-0.630
IS,1984,JFM,ice_days,26.000,10.144,2.847,4,lanina,-0.630
IS,1984,JFM,precip,258.100,,-27.092,3,lanina,-0.630
IS,1984,JFM,precip_days,43.000,,0.052,3,lanina,-0.630
IS,1984,JFM,thaw_days,62.500,-10.667,-3.231,4,lanina,-0.630
IS,1984,JFM,tmax_mean,1.889,-1.599,-0.713,4,lanina,-0.630
IS,1984,JFM,tmean,-0.654,-1.111,-0.609,4,lanina,-0.630
IS,1984,JFM,tmin_mean,-3.445,-1.440,-0.819,4,lanina,-0.630
IS,1984,NDJFM,frost_days,114.500,23.144,16.873,4,lanina,-0.630
IS,1984,NDJFM,ice_days,40.000,15.322,4.494,4,lanina,-0.630
IS,1984,NDJFM,precip,433.700,,-46.838,3,lanina,-0.630
IS,1984,NDJFM,precip_days,72.333,,1.388,3,lanina,-0.630
IS,1984,NDJFM,thaw_days,109.250,-15.244,-4.369,4,lanina,-0.630
IS,1984,NDJFM,tmax_mean,2.224,-1.427,-0.649,4,lanina,-0.630
IS,1984,NDJFM,tmean,-0.286,-1.048,-0.561,4,lanina,-0.630
IS,1984,NDJFM,tmin_mean,-3.017,-1.373,-0.755,4,lanina,-0.630
IS,1985,DJF,frost_days,61.750,1.556,-0.224,4,lanina,-1.010
IS,1985,DJF,ice_days,21.500,1.689,-2.410,4,lanina,-1.010
IS,1985,DJF,precip,195.233,,-98.423,3,lanina,-1.010
IS,1985,DJF,precip_days,35.333,,-8.260,3,lanina,-1.010
IS,1985,DJF,thaw_days,67.750,-1.400,2.807,4,lanina,-1.010
IS,1985,DJF,tmax_mean,2.468,-0.575,0.023,4,lanina,-1.010
IS,1985,DJF,tmean,0.204,-0.194,0.384,4,lanina,-1.010
IS,1985,DJF,tmin_mean,-2.271,0.060,0.466,4,lanina,-1.010
IS,1985,JFM,frost_days,60.000,1.033,-0.772,4,lanina,-1.010
IS,1985,JFM,ice_days,29.000,10.811,5.983,4,lanina,-1.010
IS,1985,JFM,precip,166.800,,-120.535,3,lanina,-1.010
IS,1985,JFM,precip_days,33.667,,-9.542,3,lanina,-1.010
IS,1985,JFM,thaw_days,60.250,-10.333,-5.622,4,lanina,-1.010
IS,1985,JFM,tmax_mean,2.009,-1.124,-0.610,4,lanina,-1.010
IS,1985,JFM,tmean,-0.330,-0.788,-0.300,4,lanina,-1.010
IS,1985,JFM,tmin_mean,-2.672,-0.430,-0.063,4,lanina,-1.010
IS,1985,NDJFM,frost_days,99.750,4.144,2.218,4,lanina,-1.010
IS,1985,NDJFM,ice_days,34.000,5.989,-1.310,4,lanina,-1.010
IS,1985,NDJFM,precip,412.367,,-70.329,3,lanina,-1.010
IS,1985,NDJFM,precip_days,61.667,,-9.510,3,lanina,-1.010
IS,1985,NDJFM,thaw_days,115.500,-5.911,1.676,4,lanina,-1.010
IS,1985,NDJFM,tmax_mean,2.482,-0.948,-0.406,4,lanina,-1.010
IS,1985,NDJFM,tmean,0.227,-0.536,-0.062,4,lanina,-1.010
IS,1985,NDJFM,tmin_mean,-2.119,-0.293,0.127,4,lanina,-1.010
IS,1986,DJF,frost_days,65.000,4.889,3.100,4,neutral,-0.400
IS,1986,DJF,ice_days,26.250,3.689,2.454,4,neutral,-0.400
IS,1986,DJF,precip,200.067,,-95.363,3,neutral,-0.400
IS,1986,DJF,precip_days,30.333,,-13.452,3,neutral,-0.400
IS,1986,DJF,thaw_days,61.250,-6.067,-3.813,4,neutral,-0.400
IS,1986,DJF,tmax_mean,1.538,-1.386,-0.925,4,neutral,-0.400
IS,1986,DJF,tmean,-0.537,-0.935,-0.373,4,neutral,-0.400
IS,1986,DJF,tmin_mean,-2.914,-0.588,-0.197,4,neutral,-0.400
IS,1986,JFM,frost_days,62.500,3.033,1.762,4,neutral,-0.400
IS,1986,JFM,ice_days,17.000,-2.856,-5.882,4,neutral,-0.400
IS,1986,JFM,precip,264.733,,-24.745,3,neutral,-0.400
IS,1986,JFM,precip_days,36.333,,-7.135,3,neutral,-0.400
IS,1986,JFM,thaw_days,70.500,0.667,4.488,4,neutral,-0.400
IS,1986,JFM,tmax_mean,2.596,-0.619,-0.039,4,neutral,-0.400
IS,1986,JFM,tmean,0.364,-0.095,0.380,4,neutral,-0.400
IS,1986,JFM,tmin_mean,-2.105,-0.078,0.489,4,neutral,-0.400
IS,1986,NDJFM,frost_days,106.000,12.144,8.562,4,neutral,-0.400
IS,1986,NDJFM,ice_days,40.250,8.989,5.136,4,neutral,-0.400
IS,1986,NDJFM,precip,406.033,,-78.819,3,neutral,-0.400
IS,1986,NDJFM,precip_days,60.000,,-11.408,3,neutral,-0.400
IS,1986,NDJFM,thaw_days,106.250,-12.911,-7.779,4,neutral,-0.400
IS,1986,NDJFM,tmax_mean,1.994,-1.368,-0.910,4,neutral,-0.400
IS,1986,NDJFM,tmean,-0.141,-0.904,-0.444,4,neutral,-0.400
IS,1986,NDJFM,tmin_mean,-2.571,-0.743,-0.340,4,neutral,-0.400
IS,1987,DJF,frost_days,52.500,-6.778,-9.325,4,elnino,1.180
IS,1987,DJF,ice_days,15.500,-2.644,-8.181,4,elnino,1.180
IS,1987,DJF,precip,236.500,,-60.702,3,elnino,1.180
IS,1987,DJF,precip_days,38.667,,-5.311,3,elnino,1.180
IS,1987,DJF,thaw_days,73.750,2.933,8.566,4,elnino,1.180
IS,1987,DJF,tmax_mean,3.079,-0.092,0.598,4,elnino,1.180
IS,1987,DJF,tmean,0.857,0.459,1.006,4,elnino,1.180
IS,1987,DJF,tmin_mean,-1.496,0.600,1.204,4,elnino,1.180
IS,1987,JFM,frost_days,46.750,-12.300,-13.954,4,elnino,1.180
IS,1987,JFM,ice_days,14.750,-2.856,-7.995,4,elnino,1.180
IS,1987,JFM,precip,236.167,,-55.454,3,elnino,1.180
IS,1987,JFM,precip_days,38.667,,-5.062,3,elnino,1.180
IS,1987,JFM,thaw_days,74.250,2.667,8.098,4,elnino,1.180
IS,1987,JFM,tmax_mean,3.369,0.095,0.718,4,elnino,1.180
IS,1987,JFM,tmean,1.122,0.664,1.123,4,elnino,1.180
IS,1987,JFM,tmin_mean,-1.180,0.758,1.398,4,elnino,1.180
IS,1987,NDJFM,frost_days,89.750,-3.522,-7.593,4,elnino,1.180
IS,1987,NDJFM,ice_days,27.000,0.322,-7.917,4,elnino,1.180
IS,1987,NDJFM,precip,454.233,,-32.776,3,elnino,1.180
IS,1987,NDJFM,precip_days,70.000,,-1.639,3,elnino,1.180
IS,1987,NDJFM,thaw_days,122.000,-0.578,7.766,4,elnino,1.180
IS,1987,NDJFM,tmax_mean,2.905,-0.594,-0.014,4,elnino,1.180
IS,1987,NDJFM,tmean,0.671,-0.091,0.356,4,elnino,1.180
IS,1987,NDJFM,tmin_mean,-1.676,-0.034,0.540,4,elnino,1.180
IS,1988,DJF,frost_days,60.000,0.889,-1.752,4,elnino,0.630
IS,1988,DJF,ice_days,28.000,10.022,4.433,4,elnino,0.630
IS,1988,DJF,precip,289.667,,-9.309,3,elnino,0.630
IS,1988,DJF,precip_days,40.667,,-3.503,3,elnino,0.630
IS,1988,DJF,thaw_days,61.000,-10.400,-4.304,4,elnino,0.630
IS,1988,DJF,tmax_mean,1.710,-1.357,-0.789,4,elnino,0.630
IS,1988,DJF,tmean,-0.606,-1.004,-0.473,4,elnino,0.630
IS,1988,DJF,tmin_mean,-2.934,-0.675,-0.253,4,elnino,0.630
IS,1988,JFM,frost_days,76.500,19.033,15.831,4,elnino,0.630
IS,1988,JFM,ice_days,36.250,19.144,13.640,4,elnino,0.630
IS,1988,JFM,precip,279.533,,-14.230,3,elnino,0.630
IS,1988,JFM,precip_days,38.000,,-5.989,3,elnino,0.630
IS,1988,JFM,thaw_days,52.000,-20.667,-14.293,4,elnino,0.630
IS,1988,JFM,tmax_mean,0.517,-2.704,-2.151,4,elnino,0.630
IS,1988,JFM,tmean,-1.985,-2.443,-1.998,4,elnino,0.630
IS,1988,JFM,tmin_mean,-4.441,-2.230,-1.879,4,elnino,0.630
IS,1988,NDJFM,frost_days,91.250,-1.522,-5.999,4,elnino,0.630
IS,1988,NDJFM,ice_days,39.250,13.656,4.529,4,elnino,0.630
IS,1988,NDJFM,precip,461.667,,-27.499,3,elnino,0.630
IS,1988,NDJFM,precip_days,68.667,,-3.203,3,elnino,0.630
IS,1988,NDJFM,thaw_days,109.500,-14.911,-4.938,4,elnino,0.630
IS,1988,NDJFM,tmax_mean,2.561,-0.937,-0.374,4,elnino,0.630
IS,1988,NDJFM,tmean,0.189,-0.573,-0.140,4,elnino,0.630
IS,1988,NDJFM,tmin_mean,-2.147,-0.398,0.053,4,elnino,0.630
IS,1989,DJF,frost_days,73.000,13.889,11.322,4,lanina,-1.640
IS,1989,DJF,ice_days,25.750,4.689,2.298,4,lanina,-1.640
IS,1989,DJF,precip,406.133,,105.385,3,lanina,-1.640
IS,1989,DJF,precip_days,58.667,,14.304,3,lanina,-1.640
IS,1989,DJF,thaw_days,62.250,-6.400,-3.175,4,lanina,-1.640
IS,1989,DJF,tmax_mean,2.160,-0.819,-0.357,4,lanina,-1.640
IS,1989,DJF,tmean,-0.688,-1.087,-0.571,4,lanina,-1.640
IS,1989,DJF,tmin_mean,-3.550,-1.476,-0.886,4,lanina,-1.640
IS,1989,JFM,frost_days,78.500,21.367,17.864,4,lanina,-1.640
IS,1989,JFM,ice_days,28.000,7.811,5.526,4,lanina,-1.640
IS,1989,JFM,precip,396.433,,100.528,3,lanina,-1.640
IS,1989,JFM,precip_days,56.000,,11.751,3,lanina,-1.640
IS,1989,JFM,thaw_days,59.750,-10.000,-6.683,4,lanina,-1.640
IS,1989,JFM,tmax_mean,1.478,-1.640,-1.207,4,lanina,-1.640
IS,1989,JFM,tmean,-1.235,-1.693,-1.262,4,lanina,-1.640
IS,1989,JFM,tmin_mean,-4.013,-1.970,-1.467,4,lanina,-1.640
IS,1989,NDJFM,frost_days,112.750,19.811,15.596,4,lanina,-1.640
IS,1989,NDJFM,ice_days,35.250,5.656,0.726,4,lanina,-1.640
IS,1989,NDJFM,precip,589.900,,98.577,3,lanina,-1.640
IS,1989,NDJFM,precip_days,88.000,,15.899,3,lanina,-1.640
IS,1989,NDJFM,thaw_days,112.500,-7.911,-2.143,4,lanina,-1.640
IS,1989,NDJFM,tmax_mean,2.566,-0.840,-0.384,4,lanina,-1.640
IS,1989,NDJFM,tmean,-0.117,-0.879,-0.459,4,lanina,-1.640
IS,1989,NDJFM,tmin_mean,-2.875,-1.190,-0.691,4,lanina,-1.640
IS,1990,DJF,frost_days,60.750,0.889,-0.854,4,neutral,0.180
IS,1990,DJF,ice_days,24.750,4.356,1.413,4,neutral,0.180
IS,1990,DJF,precip,316.300,,13.779,3,neutral,0.180
IS,1990,DJF,precip_days,45.000,,0.445,3,neutral,0.180
IS,1990,DJF,thaw_days,63.250,-6.067,-2.295,4,neutral,0.180
IS,1990,DJF,tmax_mean,2.008,-1.080,-0.527,4,neutral,0.180
IS,1990,DJF,tmean,-0.154,-0.553,-0.053,4,neutral,0.180
IS,1990,DJF,tmin_mean,-2.330,-0.222,0.314,4,neutral,0.180
IS,1990,JFM,frost_days,73.500,15.033,12.899,4,neutral,0.180
IS,1990,JFM,ice_days,25.250,5.811,2.912,4,neutral,0.180
IS,1990,JFM,precip,360.567,,62.518,3,neutral,0.180
IS,1990,JFM,precip_days,48.333,,3.824,3,neutral,0.180
IS,1990,JFM,thaw_days,62.250,-8.000,-4.324,4,neutral,0.180
IS,1990,JFM,tmax_mean,1.414,-1.758,-1.286,4,neutral,0.180
IS,1990,JFM,tmean,-0.907,-1.365,-0.949,4,neutral,0.180
IS,1990,JFM,tmin_mean,-3.195,-1.160,-0.664,4,neutral,0.180
IS,1990,NDJFM,frost_days,105.000,10.144,7.941,4,neutral,0.180
IS,1990,NDJFM,ice_days,39.500,9.656,5.172,4,neutral,0.180
IS,1990,NDJFM,precip,503.133,,9.654,3,neutral,0.180
IS,1990,NDJFM,precip_days,71.667,,-0.666,3,neutral,0.180
IS,1990,NDJFM,thaw_days,108.250,-12.244,-6.598,4,neutral,0.180
IS,1990,NDJFM,tmax_mean,2.195,-1.205,-0.771,4,neutral,0.180
IS,1990,NDJFM,tmean,-0.121,-0.883,-0.476,4,neutral,0.180
IS,1990,NDJFM,tmin_mean,-2.457,-0.699,-0.288,4,neutral,0.180
IS,1991,DJF,frost_days,55.000,-3.444,-6.530,4,neutral,0.350
IS,1991,DJF,ice_days,16.000,-2.644,-7.223,4,neutral,0.350
IS,1991,DJF,precip,412.333,,108.039,3,neutral,0.350
IS,1991,DJF,precip_days,50.333,,5.585,3,neutral,0.350
IS,1991,DJF,thaw_days,72.000,1.600,6.334,4,neutral,0.350
IS,1991,DJF,tmax_mean,3.702,0.423,1.149,4,neutral,0.350
IS,1991,DJF,tmean,1.042,0.643,1.129,4,neutral,0.350
IS,1991,DJF,tmin_mean,-1.618,0.300,1.008,4,neutral,0.350
IS,1991,JFM,frost_days,48.500,-10.300,-12.067,4,neutral,0.350
IS,1991,JFM,ice_days,9.000,-8.856,-13.203,4,neutral,0.350
IS,1991,JFM,precip,408.033,,107.842,3,neutral,0.350
IS,1991,JFM,precip_days,47.667,,2.897,3,neutral,0.350
IS,1991,JFM,thaw_days,80.250,9.000,13.536,4,neutral,0.350
IS,1991,JFM,tmax_mean,4.005,0.627,1.289,4,neutral,0.350
IS,1991,JFM,tmean,1.588,1.130,1.532,4,neutral,0.350
IS,1991,JFM,tmin_mean,-0.767,1.068,1.748,4,neutral,0.350
IS,1991,NDJFM,frost_days,83.250,-10.189,-13.715,4,neutral,0.350
IS,1991,NDJFM,ice_days,18.500,-8.011,-15.632,4,neutral,0.350
IS,1991,NDJFM,precip,634.900,,139.263,3,neutral,0.350
IS,1991,NDJFM,precip_days,77.333,,4.770,3,neutral,0.350
IS,1991,NDJFM,thaw_days,130.000,6.756,14.948,4,neutral,0.350
IS,1991,NDJFM,tmax_mean,4.005,0.418,1.024,4,neutral,0.350
IS,1991,NDJFM,tmean,1.582,0.820,1.213,4,neutral,0.350
IS,1991,NDJFM,tmin_mean,-0.846,0.682,1.307,4,neutral,0.350
IS,1992,DJF,frost_days,58.000,-0.111,-3.456,4,elnino,1.540
IS,1992,DJF,ice_days,12.750,-3.644,-10.358,4,elnino,1.540
IS,1992,DJF,precip,385.400,,79.333,3,elnino,1.540
IS,1992,DJF,precip_days,54.333,,9.393,3,elnino,1.540
IS,1992,DJF,thaw_days,78.250,5.600,12.464,4,elnino,1.540
IS,1992,DJF,tmax_mean,4.602,1.110,2.030,4,elnino,1.540
IS,1992,DJF,tmean,1.375,0.976,1.445,4,elnino,1.540
IS,1992,DJF,tmin_mean,-1.704,0.268,0.904,4,elnino,1.540
IS,1992,JFM,frost_days,60.000,2.033,-0.533,4,elnino,1.540
IS,1992,JFM,ice_days,13.500,-1.856,-8.567,4,elnino,1.540
IS,1992,JFM,precip,398.133,,95.800,3,elnino,1.540
IS,1992,JFM,precip_days,55.667,,10.637,3,elnino,1.540
IS,1992,JFM,thaw_days,77.500,3.667,10.646,4,elnino,1.540
IS,1992,JFM,tmax_mean,4.107,0.535,1.374,4,elnino,1.540
IS,1992,JFM,tmean,0.892,0.434,0.823,4,elnino,1.540
IS,1992,JFM,tmin_mean,-2.001,-0.104,0.498,4,elnino,1.540
IS,1992,NDJFM,frost_days,96.250,3.144,-0.620,4,elnino,1.540
IS,1992,NDJFM,ice_days,23.750,-0.344,-10.186,4,elnino,1.540
IS,1992,NDJFM,precip,654.233,,156.440,3,elnino,1.540
IS,1992,NDJFM,precip_days,92.333,,19.539,3,elnino,1.540
IS,1992,NDJFM,thaw_days,127.750,2.422,12.493,4,elnino,1.540
IS,1992,NDJFM,tmax_mean,3.817,0.077,0.820,4,elnino,1.540
IS,1992,NDJFM,tmean,0.883,0.120,0.500,4,elnino,1.540
IS,1992,NDJFM,tmin_mean,-1.877,-0.275,0.261,4,elnino,1.540
IS,1993,DJF,frost_days,72.250,15.222,10.868,4,neutral,0.130
IS,1993,DJF,ice_days,30.000,10.689,7.006,4,neutral,0.130
IS,1993,DJF,precip,369.567,,61.727,3,neutral,0.130
IS,1993,DJF,precip_days,55.000,,9.867,3,neutral,0.130
IS,1993,DJF,thaw_days,57.750,-12.733,-8.157,4,neutral,0.130
IS,1993,DJF,tmax_mean,2.157,-1.077,-0.433,4,neutral,0.130
IS,1993,DJF,tmean,-0.714,-1.113,-0.659,4,neutral,0.130
IS,1993,DJF,tmin_mean,-3.611,-1.617,-1.022,4,neutral,0.130
IS,1993,JFM,frost_days,67.500,10.033,7.001,4,neutral,0.130
IS,1993,JFM,ice_days,27.250,9.811,5.319,4,neutral,0.130
IS,1993,JFM,precip,308.500,,4.024,3,neutral,0.130
IS,1993,JFM,precip_days,53.000,,7.710,3,neutral,0.130
IS,1993,JFM,thaw_days,60.750,-11.667,-6.245,4,neutral,0.130
IS,1993,JFM,tmax_mean,2.718,-0.658,-0.031,4,neutral,0.130
IS,1993,JFM,tmean,-0.264,-0.722,-0.348,4,neutral,0.130
IS,1993,JFM,tmin_mean,-3.122,-1.149,-0.639,4,neutral,0.130
IS,1993,NDJFM,frost_days,106.750,14.144,9.974,4,neutral,0.130
IS,1993,NDJFM,ice_days,38.500,11.656,4.761,4,neutral,0.130
IS,1993,NDJFM,precip,584.867,,84.916,3,neutral,0.130
IS,1993,NDJFM,precip_days,88.333,,15.308,3,neutral,0.130
IS,1993,NDJFM,thaw_days,109.750,-13.578,-5.712,4,neutral,0.130
IS,1993,NDJFM,tmax_mean,2.742,-0.842,-0.270,4,neutral,0.130
IS,1993,NDJFM,tmean,0.039,-0.724,-0.357,4,neutral,0.130
IS,1993,NDJFM,tmin_mean,-2.594,-0.978,-0.472,4,neutral,0.130
IS,1994,DJF,frost_days,67.500,9.222,6.192,4,neutral,0.070
IS,1994,DJF,ice_days,31.000,13.356,8.121,4,neutral,0.070
IS,1994,DJF,precip,275.633,,-33.980,3,neutral,0.070
IS,1994,DJF,precip_days,42.667,,-2.659,3,neutral,0.070
IS,1994,DJF,thaw_days,57.500,-13.733,-8.527,4,neutral,0.070
IS,1994,DJF,tmax_mean,1.454,-1.762,-1.154,4,neutral,0.070
IS,1994,DJF,tmean,-1.101,-1.500,-1.061,4,neutral,0.070
IS,1994,DJF,tmin_mean,-3.462,-1.347,-0.891,4,neutral,0.070
IS,1994,JFM,frost_days,67.750,10.367,7.285,4,neutral,0.070
IS,1994,JFM,ice_days,31.500,15.144,9.704,4,neutral,0.070
IS,1994,JFM,precip,286.833,,-19.786,3,neutral,0.070
IS,1994,JFM,precip_days,43.333,,-2.217,3,neutral,0.070
IS,1994,JFM,thaw_days,57.250,-15.333,-9.885,4,neutral,0.070
IS,1994,JFM,tmax_mean,1.685,-1.698,-1.081,4,neutral,0.070
IS,1994,JFM,tmean,-0.955,-1.413,-1.053,4,neutral,0.070
IS,1994,JFM,tmin_mean,-3.280,-1.315,-0.812,4,neutral,0.070
IS,1994,NDJFM,frost_days,101.000,9.811,4.319,4,neutral,0.070
IS,1994,NDJFM,ice_days,42.750,17.656,9.207,4,neutral,0.070
IS,1994,NDJFM,precip,621.867,,119.759,3,neutral,0.070
IS,1994,NDJFM,precip_days,80.667,,7.410,3,neutral,0.070
IS,1994,NDJFM,thaw_days,105.750,-18.244,-9.916,4,neutral,0.070
IS,1994,NDJFM,tmax_mean,2.522,-1.149,-0.506,4,neutral,0.070
IS,1994,NDJFM,tmean,-0.112,-0.874,-0.520,4,neutral,0.070
IS,1994,NDJFM,tmin_mean,-2.442,-0.881,-0.335,4,neutral,0.070
IS,1995,DJF,frost_days,77.250,20.556,16.016,4,elnino,0.880
IS,1995,DJF,ice_days,35.250,15.689,12.486,4,elnino,0.880
IS,1995,DJF,precip,311.667,,0.281,3,elnino,0.880
IS,1995,DJF,precip_days,41.000,,-4.518,3,elnino,0.880
IS,1995,DJF,thaw_days,53.250,-16.733,-12.897,4,elnino,0.880
IS,1995,DJF,tmax_mean,0.870,-2.192,-1.755,4,elnino,0.880
IS,1995,DJF,tmean,-1.644,-2.042,-1.620,4,elnino,0.880
IS,1995,DJF,tmin_mean,-4.037,-2.005,-1.485,4,elnino,0.880
IS,1995,JFM,frost_days,79.000,22.700,18.569,4,elnino,0.880
IS,1995,JFM,ice_days,41.000,22.478,19.340,4,elnino,0.880
IS,1995,JFM,precip,283.133,,-25.629,3,elnino,0.880
IS,1995,JFM,precip_days,36.000,,-9.811,3,elnino,0.880
IS,1995,JFM,thaw_days,47.000,-24.000,-20.275,4,elnino,0.880
IS,1995,JFM,tmax_mean,0.467,-2.696,-2.314,4,elnino,0.880
IS,1995,JFM,tmean,-2.090,-2.547,-2.202,4,elnino,0.880
IS,1995,JFM,tmin_mean,-4.515,-2.508,-2.064,4,elnino,0.880
IS,1995,NDJFM,frost_days,118.250,27.144,21.663,4,elnino,0.880
IS,1995,NDJFM,ice_days,53.750,25.656,20.404,4,elnino,0.880
IS,1995,NDJFM,precip,534.633,,30.369,3,elnino,0.880
IS,1995,NDJFM,precip_days,64.667,,-8.821,3,elnino,0.880
IS,1995,NDJFM,thaw_days,95.000,-26.911,-20.871,4,elnino,0.880
IS,1995,NDJFM,tmax_mean,1.641,-1.790,-1.402,4,elnino,0.880
IS,1995,NDJFM,tmean,-0.922,-1.685,-1.345,4,elnino,0.880
IS,1995,NDJFM,tmin_mean,-3.365,-1.760,-1.273,4,elnino,0.880
IS,1996,DJF,frost_days,56.500,-3.444,-4.660,4,lanina,-0.880
IS,1996,DJF,ice_days,22.250,3.356,-0.400,4,lanina,-0.880
IS,1996,DJF,precip,275.700,,-37.459,3,lanina,-0.880
IS,1996,DJF,precip_days,41.000,,-4.710,3,lanina,-0.880
IS,1996,DJF,thaw_days,68.000,-2.400,1.732,4,lanina,-0.880
IS,1996,DJF,tmax_mean,2.614,-0.452,-0.030,4,lanina,-0.880
IS,1996,DJF,tmean,0.001,-0.398,0.009,4,lanina,-0.880
IS,1996,DJF,tmin_mean,-2.534,-0.259,0.001,4,lanina,-0.880
IS,1996,JFM,frost_days,54.500,-4.300,-5.897,4,lanina,-0.880
IS,1996,JFM,ice_days,9.250,-8.522,-12.274,4,lanina,-0.880
IS,1996,JFM,precip,244.833,,-66.072,3,lanina,-0.880
IS,1996,JFM,precip_days,37.333,,-8.737,3,lanina,-0.880
IS,1996,JFM,thaw_days,80.750,9.333,13.335,4,lanina,-0.880
IS,1996,JFM,tmax_mean,3.852,0.438,1.054,4,lanina,-0.880
IS,1996,JFM,tmean,1.159,0.701,1.032,4,lanina,-0.880
IS,1996,JFM,tmin_mean,-1.410,0.606,1.026,4,lanina,-0.880
IS,1996,NDJFM,frost_days,85.500,-8.189,-10.992,4,lanina,-0.880
IS,1996,NDJFM,ice_days,27.500,0.989,-5.650,4,lanina,-0.880
IS,1996,NDJFM,precip,367.933,,-138.488,3,lanina,-0.880
IS,1996,NDJFM,precip_days,58.667,,-15.052,3,lanina,-0.880
IS,1996,NDJFM,thaw_days,123.250,0.089,7.174,4,lanina,-0.880
IS,1996,NDJFM,tmax_mean,3.452,-0.104,0.394,4,lanina,-0.880
IS,1996,NDJFM,tmean,0.883,0.120,0.446,4,lanina,-0.880
IS,1996,NDJFM,tmin_mean,-1.566,0.151,0.510,4,lanina,-0.880
IS,1997,DJF,frost_days,68.250,9.222,7.164,4,neutral,-0.410
IS,1997,DJF,ice_days,21.250,1.689,-1.285,4,neutral,-0.410
IS,1997,DJF,precip,230.100,,-84.832,3,neutral,-0.410
IS,1997,DJF,precip_days,36.667,,-9.236,3,neutral,-0.410
IS,1997,DJF,thaw_days,67.000,-2.067,0.611,4,neutral,-0.410
IS,1997,DJF,tmax_mean,2.095,-0.943,-0.567,4,neutral,-0.410
IS,1997,DJF,tmean,-0.465,-0.863,-0.471,4,neutral,-0.410
IS,1997,DJF,tmin_mean,-3.032,-0.805,-0.516,4,neutral,-0.410
IS,1997,JFM,frost_days,70.500,12.033,10.137,4,neutral,-0.410
IS,1997,JFM,ice_days,20.250,2.478,-1.137,4,neutral,-0.410
IS,1997,JFM,precip,256.667,,-56.381,3,neutral,-0.410
IS,1997,JFM,precip_days,41.667,,-4.664,3,neutral,-0.410
IS,1997,JFM,thaw_days,68.000,-3.000,0.444,4,neutral,-0.410
IS,1997,JFM,tmax_mean,2.316,-0.874,-0.499,4,neutral,-0.410
IS,1997,JFM,tmean,-0.492,-0.950,-0.633,4,neutral,-0.410
IS,1997,JFM,tmin_mean,-3.104,-0.998,-0.684,4,neutral,-0.410
IS,1997,NDJFM,frost_days,116.500,23.478,20.103,4,neutral,-0.410
IS,1997,NDJFM,ice_days,45.500,18.322,12.546,4,neutral,-0.410
IS,1997,NDJFM,precip,368.100,,-140.478,3,neutral,-0.410
IS,1997,NDJFM,precip_days,60.667,,-13.284,3,neutral,-0.410
IS,1997,NDJFM,thaw_days,103.000,-18.911,-13.281,4,neutral,-0.410
IS,1997,NDJFM,tmax_mean,1.766,-1.592,-1.308,4,neutral,-0.410
IS,1997,NDJFM,tmean,-0.851,-1.613,-1.300,4,neutral,-0.410
IS,1997,NDJFM,tmin_mean,-3.382,-1.498,-1.321,4,neutral,-0.410
IS,1998,DJF,frost_days,62.000,1.556,0.988,4,super,2.220
IS,1998,DJF,ice_days,16.250,-2.644,-6.170,4,super,2.220
IS,1998,DJF,precip,256.633,,-60.072,3,super,2.220
IS,1998,DJF,precip_days,37.000,,-9.095,3,super,2.220
IS,1998,DJF,thaw_days,72.500,3.267,5.991,4,super,2.220
IS,1998,DJF,tmax_mean,3.152,-0.023,0.472,4,super,2.220
IS,1998,DJF,tmean,0.373,-0.025,0.351,4,super,2.220
IS,1998,DJF,tmin_mean,-2.146,0.048,0.351,4,super,2.220
IS,1998,JFM,frost_days,68.750,11.033,8.421,4,super,2.220
IS,1998,JFM,ice_days,23.750,6.811,2.498,4,super,2.220
IS,1998,JFM,precip,232.900,,-82.290,3,super,2.220
IS,1998,JFM,precip_days,36.333,,-10.258,3,super,2.220
IS,1998,JFM,thaw_days,64.500,-7.000,-3.197,4,super,2.220
IS,1998,JFM,tmax_mean,2.258,-1.039,-0.573,4,super,2.220
IS,1998,JFM,tmean,-0.905,-1.363,-1.061,4,super,2.220
IS,1998,JFM,tmin_mean,-3.698,-1.674,-1.294,4,super,2.220
IS,1998,NDJFM,frost_days,95.500,0.811,-0.802,4,super,2.220
IS,1998,NDJFM,ice_days,27.250,0.322,-5.508,4,super,2.220
IS,1998,NDJFM,precip,442.033,,-68.702,3,super,2.220
IS,1998,NDJFM,precip_days,66.000,,-8.181,3,super,2.220
IS,1998,NDJFM,thaw_days,122.000,0.089,5.514,4,super,2.220
IS,1998,NDJFM,tmax_mean,3.248,-0.257,0.159,4,super,2.220
IS,1998,NDJFM,tmean,0.530,-0.232,0.068,4,super,2.220
IS,1998,NDJFM,tmin_mean,-1.938,-0.249,0.107,4,super,2.220
IS,1999,DJF,frost_days,64.250,6.556,3.312,4,lanina,-1.510
IS,1999,DJF,ice_days,23.750,6.356,1.444,4,lanina,-1.510
IS,1999,DJF,precip,272.100,,-46.377,3,lanina,-1.510
IS,1999,DJF,precip_days,43.667,,-2.621,3,lanina,-1.510
IS,1999,DJF,thaw_days,64.500,-7.067,-2.130,4,lanina,-1.510
IS,1999,DJF,tmax_mean,2.406,-0.836,-0.292,4,lanina,-1.510
IS,1999,DJF,tmean,-0.192,-0.590,-0.230,4,lanina,-1.510
IS,1999,DJF,tmin_mean,-2.632,-0.495,-0.154,4,lanina,-1.510
IS,1999,JFM,frost_days,73.750,17.033,13.456,4,lanina,-1.510
IS,1999,JFM,ice_days,29.500,11.478,8.384,4,lanina,-1.510
IS,1999,JFM,precip,207.600,,-109.733,3,lanina,-1.510
IS,1999,JFM,precip_days,36.333,,-10.518,3,lanina,-1.510
IS,1999,JFM,thaw_days,58.750,-12.667,-9.087,4,lanina,-1.510
IS,1999,JFM,tmax_mean,1.553,-1.725,-1.294,4,lanina,-1.510
IS,1999,JFM,tmean,-1.176,-1.634,-1.345,4,lanina,-1.510
IS,1999,JFM,tmin_mean,-3.577,-1.417,-1.189,4,lanina,-1.510
IS,1999,NDJFM,frost_days,110.500,19.144,14.292,4,lanina,-1.510
IS,1999,NDJFM,ice_days,37.500,9.989,4.939,4,lanina,-1.510
IS,1999,NDJFM,precip,449.033,,-63.859,3,lanina,-1.510
IS,1999,NDJFM,precip_days,66.667,,-7.746,3,lanina,-1.510
IS,1999,NDJFM,thaw_days,111.000,-10.911,-5.690,4,lanina,-1.510
IS,1999,NDJFM,tmax_mean,2.386,-1.084,-0.719,4,lanina,-1.510
IS,1999,NDJFM,tmean,-0.218,-0.981,-0.694,4,lanina,-1.510
IS,1999,NDJFM,tmin_mean,-2.643,-0.814,-0.613,4,lanina,-1.510
IS,2000,DJF,frost_days,70.000,13.222,9.136,4,lanina,-1.470
IS,2000,DJF,ice_days,19.750,0.022,-2.442,4,lanina,-1.470
IS,2000,DJF,thaw_days,69.750,0.267,3.000,4,lanina,-1.470
IS,2000,DJF,tmax_mean,2.426,-0.778,-0.290,4,lanina,-1.470
IS,2000,DJF,tmean,-0.268,-0.666,-0.321,4,lanina,-1.470
IS,2000,DJF,tmin_mean,-2.889,-0.904,-0.429,4,lanina,-1.470
IS,2000,JFM,frost_days,66.000,9.700,5.739,4,lanina,-1.470
IS,2000,JFM,ice_days,21.750,4.144,0.770,4,lanina,-1.470
IS,2000,JFM,thaw_days,68.250,-3.333,0.273,4,lanina,-1.470
IS,2000,JFM,tmax_mean,2.946,-0.461,0.083,4,lanina,-1.470
IS,2000,JFM,tmean,0.111,-0.347,-0.073,4,lanina,-1.470
IS,2000,JFM,tmin_mean,-2.575,-0.710,-0.202,4,lanina,-1.470
IS,2000,NDJFM,frost_days,107.250,17.811,11.137,4,lanina,-1.470
IS,2000,NDJFM,ice_days,33.500,5.989,1.135,4,lanina,-1.470
IS,2000,NDJFM,thaw_days,116.500,-5.911,-0.395,4,lanina,-1.470
IS,2000,NDJFM,tmax_mean,3.110,-0.502,-0.011,4,lanina,-1.470
IS,2000,NDJFM,tmean,0.311,-0.451,-0.178,4,lanina,-1.470
IS,2000,NDJFM,tmin_mean,-2.303,-0.786,-0.288,4,lanina,-1.470
IS,2001,DJF,frost_days,52.000,-6.111,-8.790,4,lanina,-0.760
IS,2001,DJF,ice_days,23.750,5.689,1.673,4,lanina,-0.760
IS,2001,DJF,thaw_days,65.000,-5.733,-1.871,4,lanina,-0.760
IS,2001,DJF,tmax_mean,2.970,-0.280,0.235,4,lanina,-0.760
IS,2001,DJF,tmean,0.413,0.014,0.344,4,lanina,-0.760
IS,2001,DJF,tmin_mean,-1.776,0.083,0.666,4,lanina,-0.760
IS,2001,JFM,frost_days,59.000,2.033,-1.226,4,lanina,-0.760
IS,2001,JFM,ice_days,25.750,7.811,4.905,4,lanina,-0.760
IS,2001,JFM,thaw_days,62.750,-8.667,-5.368,4,lanina,-0.760
IS,2001,JFM,tmax_mean,2.653,-0.582,-0.227,4,lanina,-0.760
IS,2001,JFM,tmean,-0.077,-0.535,-0.276,4,lanina,-0.760
IS,2001,JFM,tmin_mean,-2.402,-0.552,-0.046,4,lanina,-0.760
IS,2001,NDJFM,frost_days,93.250,2.811,-2.769,4,lanina,-0.760
IS,2001,NDJFM,ice_days,38.500,12.322,6.332,4,lanina,-0.760
IS,2001,NDJFM,thaw_days,110.250,-12.911,-6.850,4,lanina,-0.760
IS,2001,NDJFM,tmax_mean,2.727,-0.791,-0.409,4,lanina,-0.760
IS,2001,NDJFM,tmean,0.177,-0.585,-0.326,4,lanina,-0.760
IS,2001,NDJFM,tmin_mean,-1.995,-0.470,0.005,4,lanina,-0.760
IS,2002,DJF,frost_days,56.500,-1.778,-4.216,4,neutral,-0.150
IS,2002,DJF,ice_days,31.000,13.022,9.038,4,neutral,-0.150
IS,2002,DJF,thaw_days,58.000,-12.733,-8.991,4,neutral,-0.150
IS,2002,DJF,tmax_mean,2.958,-0.159,0.204,4,neutral,-0.150
IS,2002,DJF,tmean,-0.088,-0.487,-0.173,4,neutral,-0.150
IS,2002,DJF,tmin_mean,-2.653,-0.553,-0.230,4,neutral,-0.150
IS,2002,JFM,frost_days,64.500,6.033,4.308,4,neutral,-0.150
IS,2002,JFM,ice_days,35.000,17.811,14.291,4,neutral,-0.150
IS,2002,JFM,thaw_days,54.250,-17.333,-14.008,4,neutral,-0.150
IS,2002,JFM,tmax_mean,1.845,-1.305,-1.051,4,neutral,-0.150
IS,2002,JFM,tmean,-1.208,-1.666,-1.421,4,neutral,-0.150
IS,2002,JFM,tmin_mean,-3.693,-1.481,-1.353,4,neutral,-0.150
IS,2002,NDJFM,frost_days,98.500,7.144,2.576,4,neutral,-0.150
IS,2002,NDJFM,ice_days,45.000,18.322,13.028,4,neutral,-0.150
IS,2002,NDJFM,thaw_days,104.500,-17.911,-12.805,4,neutral,-0.150
IS,2002,NDJFM,tmax_mean,3.259,-0.240,0.108,4,neutral,-0.150
IS,2002,NDJFM,tmean,0.122,-0.640,-0.394,4,neutral,-0.150
IS,2002,NDJFM,tmin_mean,-2.576,-0.871,-0.592,4,neutral,-0.150
IS,2003,DJF,frost_days,36.500,-23.444,-24.142,4,elnino,0.900
IS,2003,DJF,ice_days,10.000,-9.311,-11.848,4,elnino,0.900
IS,2003,DJF,thaw_days,79.000,9.933,11.889,4,elnino,0.900
IS,2003,DJF,tmax_mean,4.777,1.704,2.006,4,elnino,0.900
IS,2003,DJF,tmean,2.087,1.689,1.987,4,elnino,0.900
IS,2003,DJF,tmin_mean,-0.041,2.017,2.363,4,elnino,0.900
IS,2003,JFM,frost_days,41.000,-17.633,-19.159,4,elnino,0.900
IS,2003,JFM,ice_days,10.000,-7.856,-10.573,4,elnino,0.900
IS,2003,JFM,thaw_days,79.000,8.333,10.601,4,elnino,0.900
IS,2003,JFM,tmax_mean,4.846,1.496,1.933,4,elnino,0.900
IS,2003,JFM,tmean,2.030,1.572,1.803,4,elnino,0.900
IS,2003,JFM,tmin_mean,-0.283,1.600,2.042,4,elnino,0.900
IS,2003,NDJFM,frost_days,51.750,-40.522,-44.079,4,elnino,0.900
IS,2003,NDJFM,ice_days,11.500,-15.678,-20.276,4,elnino,0.900
IS,2003,NDJFM,thaw_days,138.250,16.422,20.741,4,elnino,0.900
IS,2003,NDJFM,tmax_mean,5.341,1.772,2.175,4,elnino,0.900
IS,2003,NDJFM,tmean,2.740,1.978,2.211,4,elnino,0.900
IS,2003,NDJFM,tmin_mean,0.630,2.192,2.599,4,elnino,0.900
IS,2004,DJF,frost_days,59.750,0.556,-0.818,4,neutral,0.340
IS,2004,DJF,ice_days,22.250,2.356,0.517,4,neutral,0.340
IS,2004,DJF,thaw_days,68.500,-0.733,1.268,4,neutral,0.340
IS,2004,DJF,tmax_mean,3.079,-0.021,0.290,4,neutral,0.340
IS,2004,DJF,tmean,-0.042,-0.440,-0.157,4,neutral,0.340
IS,2004,DJF,tmin_mean,-2.727,-0.637,-0.341,4,neutral,0.340
IS,2004,JFM,frost_days,47.750,-10.967,-12.374,4,neutral,0.340
IS,2004,JFM,ice_days,17.250,-1.189,-3.187,4,neutral,0.340
IS,2004,JFM,thaw_days,73.750,3.000,5.211,4,neutral,0.340
IS,2004,JFM,tmax_mean,4.248,0.910,1.319,4,neutral,0.340
IS,2004,JFM,tmean,1.190,0.732,0.949,4,neutral,0.340
IS,2004,JFM,tmin_mean,-1.272,0.608,1.036,4,neutral,0.340
IS,2004,NDJFM,frost_days,83.000,-11.522,-12.735,4,neutral,0.340
IS,2004,NDJFM,ice_days,25.000,-3.678,-6.579,4,neutral,0.340
IS,2004,NDJFM,thaw_days,126.250,5.422,8.536,4,neutral,0.340
IS,2004,NDJFM,tmax_mean,4.103,0.620,0.921,4,neutral,0.340
IS,2004,NDJFM,tmean,1.188,0.426,0.645,4,neutral,0.340
IS,2004,NDJFM,tmin_mean,-1.262,0.392,0.691,4,neutral,0.340
IS,2005,DJF,frost_days,60.750,1.556,0.255,4,elnino,0.620
IS,2005,DJF,ice_days,17.250,-1.311,-4.369,4,elnino,0.620
IS,2005,DJF,thaw_days,71.750,0.933,4.398,4,elnino,0.620
IS,2005,DJF,tmax_mean,3.461,0.199,0.654,4,elnino,0.620
IS,2005,DJF,tmean,0.245,-0.154,0.114,4,elnino,0.620
IS,2005,DJF,tmin_mean,-2.360,-0.439,0.008,4,elnino,0.620
IS,2005,JFM,frost_days,48.750,-9.633,-11.340,4,elnino,0.620
IS,2005,JFM,ice_days,15.750,-1.856,-4.552,4,elnino,0.620
IS,2005,JFM,thaw_days,73.250,1.667,4.571,4,elnino,0.620
IS,2005,JFM,tmax_mean,4.426,0.955,1.482,4,elnino,0.620
IS,2005,JFM,tmean,1.327,0.869,1.072,4,elnino,0.620
IS,2005,JFM,tmin_mean,-1.231,0.667,1.062,4,elnino,0.620
IS,2005,NDJFM,frost_days,87.750,-6.522,-7.890,4,elnino,0.620
IS,2005,NDJFM,ice_days,27.250,0.322,-4.133,4,elnino,0.620
IS,2005,NDJFM,thaw_days,122.250,-0.244,4.332,4,elnino,0.620
IS,2005,NDJFM,tmax_mean,4.175,0.563,0.977,4,elnino,0.620
IS,2005,NDJFM,tmean,0.988,0.225,0.432,4,elnino,0.620
IS,2005,NDJFM,tmin_mean,-1.637,-0.019,0.300,4,elnino,0.620
IS,2006,DJF,frost_days,43.000,-13.111,-14.587,3,lanina,-0.860
IS,2006,DJF,ice_days,5.000,-11.311,-12.987,3,lanina,-0.860
IS,2006,DJF,thaw_days,83.333,10.600,12.293,3,lanina,-0.860
IS,2006,DJF,tmax_mean,5.240,1.914,2.167,3,lanina,-0.860
IS,2006,DJF,tmean,2.150,1.752,2.004,4,lanina,-0.860
IS,2006,DJF,tmin_mean,-0.111,1.456,1.670,3,lanina,-0.860
IS,2006,JFM,frost_days,47.667,-8.300,-9.633,3,lanina,-0.860
IS,2006,JFM,ice_days,8.333,-7.189,-8.351,3,lanina,-0.860
IS,2006,JFM,thaw_days,79.333,5.667,6.920,3,lanina,-0.860
IS,2006,JFM,tmax_mean,4.627,1.225,1.429,3,lanina,-0.860
IS,2006,JFM,tmean,1.577,1.118,1.306,4,lanina,-0.860
IS,2006,JFM,tmin_mean,-0.665,0.896,1.076,3,lanina,-0.860
IS,2006,NDJFM,frost_days,78.000,-10.189,-12.392,3,lanina,-0.860
IS,2006,NDJFM,ice_days,10.333,-13.011,-15.207,3,lanina,-0.860
IS,2006,NDJFM,thaw_days,138.000,11.756,14.079,3,lanina,-0.860
IS,2006,NDJFM,tmax_mean,4.577,0.912,1.109,3,lanina,-0.860
IS,2006,NDJFM,tmean,1.522,0.760,0.953,4,lanina,-0.860
IS,2006,NDJFM,tmin_mean,-0.520,0.654,0.836,3,lanina,-0.860
IS,2007,DJF,frost_days,53.667,-2.444,-3.853,3,elnino,0.620
IS,2007,DJF,ice_days,17.000,0.689,-0.836,3,elnino,0.620
IS,2007,DJF,thaw_days,71.667,-1.067,0.468,3,elnino,0.620
IS,2007,DJF,tmax_mean,3.470,0.143,0.377,3,elnino,0.620
IS,2007,DJF,tmean,0.530,0.131,0.367,4,elnino,0.620
IS,2007,DJF,tmin_mean,-1.203,0.365,0.562,3,elnino,0.620
IS,2007,JFM,frost_days,54.667,-1.300,-2.598,3,elnino,0.620
IS,2007,JFM,ice_days,18.333,2.811,1.827,3,elnino,0.620
IS,2007,JFM,thaw_days,70.333,-3.333,-2.267,3,elnino,0.620
IS,2007,JFM,tmax_mean,3.303,-0.100,0.085,3,elnino,0.620
IS,2007,JFM,tmean,0.343,-0.115,0.059,4,elnino,0.620
IS,2007,JFM,tmin_mean,-1.477,0.084,0.250,3,elnino,0.620
IS,2007,NDJFM,frost_days,88.000,-0.189,-2.300,3,elnino,0.620
IS,2007,NDJFM,ice_days,24.667,1.322,-0.618,3,elnino,0.620
IS,2007,NDJFM,thaw_days,125.000,-1.244,0.811,3,elnino,0.620
IS,2007,NDJFM,tmax_mean,3.794,0.129,0.309,3,elnino,0.620
IS,2007,NDJFM,tmean,0.796,0.033,0.213,4,elnino,0.620
IS,2007,NDJFM,tmin_mean,-1.093,0.081,0.248,3,elnino,0.620
IS,2008,DJF,frost_days,63.667,7.556,6.214,3,lanina,-1.760
IS,2008,DJF,ice_days,12.667,-3.644,-5.019,3,lanina,-1.760
IS,2008,DJF,thaw_days,75.667,2.933,4.309,3,lanina,-1.760
IS,2008,DJF,tmax_mean,3.560,0.234,0.448,3,lanina,-1.760
IS,2008,DJF,tmean,0.413,0.015,0.235,4,lanina,-1.760
IS,2008,DJF,tmin_mean,-1.797,-0.229,-0.048,3,lanina,-1.760
IS,2008,JFM,frost_days,71.000,15.033,13.770,3,lanina,-1.760
IS,2008,JFM,ice_days,12.667,-2.856,-3.661,3,lanina,-1.760
IS,2008,JFM,thaw_days,76.000,2.333,3.212,3,lanina,-1.760
IS,2008,JFM,tmax_mean,2.986,-0.416,-0.250,3,lanina,-1.760
IS,2008,JFM,tmean,-0.150,-0.609,-0.448,4,lanina,-1.760
IS,2008,JFM,tmin_mean,-2.175,-0.614,-0.462,3,lanina,-1.760
IS,2008,NDJFM,frost_days,101.000,12.811,10.792,3,lanina,-1.760
IS,2008,NDJFM,ice_days,16.333,-7.011,-8.696,3,lanina,-1.760
IS,2008,NDJFM,thaw_days,133.000,6.756,8.542,3,lanina,-1.760
IS,2008,NDJFM,tmax_mean,3.838,0.173,0.335,3,lanina,-1.760
IS,2008,NDJFM,tmean,0.684,-0.079,0.088,4,lanina,-1.760
IS,2008,NDJFM,tmin_mean,-1.500,-0.326,-0.172,3,lanina,-1.760
IS,2009,DJF,frost_days,56.333,0.222,-1.052,3,lanina,-0.890
IS,2009,DJF,ice_days,13.333,-2.978,-4.202,3,lanina,-0.890
IS,2009,DJF,thaw_days,75.333,2.600,3.818,3,lanina,-0.890
IS,2009,DJF,tmax_mean,3.599,0.273,0.467,3,lanina,-0.890
IS,2009,DJF,tmean,0.439,0.041,0.246,4,lanina,-0.890
IS,2009,DJF,tmin_mean,-1.145,0.423,0.587,3,lanina,-0.890
IS,2009,JFM,frost_days,56.667,0.700,-0.529,3,lanina,-0.890
IS,2009,JFM,ice_days,14.333,-1.189,-1.816,3,lanina,-0.890
IS,2009,JFM,thaw_days,74.667,1.000,1.692,3,lanina,-0.890
IS,2009,JFM,tmax_mean,3.254,-0.148,-0.001,3,lanina,-0.890
IS,2009,JFM,tmean,0.076,-0.382,-0.236,4,lanina,-0.890
IS,2009,JFM,tmin_mean,-1.534,0.027,0.164,3,lanina,-0.890
IS,2009,NDJFM,frost_days,93.333,5.144,3.217,3,lanina,-0.890
IS,2009,NDJFM,ice_days,19.000,-4.344,-5.774,3,lanina,-0.890
IS,2009,NDJFM,thaw_days,130.667,4.422,5.941,3,lanina,-0.890
IS,2009,NDJFM,tmax_mean,3.844,0.179,0.323,3,lanina,-0.890
IS,2009,NDJFM,tmean,0.678,-0.084,0.069,4,lanina,-0.890
IS,2009,NDJFM,tmin_mean,-1.107,0.066,0.206,3,lanina,-0.890
IS,2010,DJF,frost_days,49.000,-7.111,-8.318,3,elnino,1.470
IS,2010,DJF,ice_days,17.333,1.022,-0.051,3,elnino,1.470
IS,2010,DJF,thaw_days,71.333,-1.400,-0.341,3,elnino,1.470
IS,2010,DJF,tmax_mean,3.631,0.305,0.479,3,elnino,1.470
IS,2010,DJF,tmean,0.484,0.086,0.275,4,elnino,1.470
IS,2010,DJF,tmin_mean,-0.949,0.619,0.767,3,elnino,1.470
IS,2010,JFM,frost_days,44.667,-11.300,-12.494,3,elnino,1.470
IS,2010,JFM,ice_days,11.667,-3.856,-4.305,3,elnino,1.470
IS,2010,JFM,thaw_days,77.333,3.667,4.172,3,elnino,1.470
IS,2010,JFM,tmax_mean,4.120,0.718,0.846,3,elnino,1.470
IS,2010,JFM,tmean,0.938,0.480,0.612,4,elnino,1.470
IS,2010,JFM,tmin_mean,-0.460,1.101,1.224,3,elnino,1.470
IS,2010,NDJFM,frost_days,70.333,-17.856,-19.691,3,elnino,1.470
IS,2010,NDJFM,ice_days,21.667,-1.678,-2.852,3,elnino,1.470
IS,2010,NDJFM,thaw_days,127.667,1.422,2.673,3,elnino,1.470
IS,2010,NDJFM,tmax_mean,4.170,0.505,0.631,3,elnino,1.470
IS,2010,NDJFM,tmean,1.188,0.426,0.565,4,elnino,1.470
IS,2010,NDJFM,tmin_mean,-0.246,0.928,1.053,3,elnino,1.470
IS,2011,DJF,frost_days,45.333,-10.778,-11.918,3,lanina,-1.290
IS,2011,DJF,ice_days,10.667,-5.644,-6.567,3,lanina,-1.290
IS,2011,DJF,thaw_days,78.667,5.933,6.834,3,lanina,-1.290
IS,2011,DJF,tmax_mean,4.264,0.938,1.093,3,lanina,-1.290
IS,2011,DJF,tmean,1.011,0.613,0.787,4,lanina,-1.290
IS,2011,DJF,tmin_mean,-1.009,0.559,0.691,3,lanina,-1.290
IS,2011,JFM,frost_days,48.333,-7.633,-8.793,3,lanina,-1.290
IS,2011,JFM,ice_days,12.333,-3.189,-3.459,3,lanina,-1.290
IS,2011,JFM,thaw_days,77.333,3.667,3.985,3,lanina,-1.290
IS,2011,JFM,tmax_mean,4.056,0.654,0.763,3,lanina,-1.290
IS,2011,JFM,tmean,0.835,0.377,0.494,4,lanina,-1.290
IS,2011,JFM,tmin_mean,-1.246,0.315,0.423,3,lanina,-1.290
IS,2011,NDJFM,frost_days,87.333,-0.856,-2.599,3,lanina,-1.290
IS,2011,NDJFM,ice_days,19.000,-4.344,-5.263,3,lanina,-1.290
IS,2011,NDJFM,thaw_days,131.333,5.089,6.071,3,lanina,-1.290
IS,2011,NDJFM,tmax_mean,3.937,0.272,0.380,3,lanina,-1.290
IS,2011,NDJFM,tmean,0.640,-0.122,0.004,4,lanina,-1.290
IS,2011,NDJFM,tmin_mean,-1.325,-0.151,-0.040,3,lanina,-1.290
IS,2012,DJF,frost_days,58.333,2.222,1.149,3,lanina,-0.710
IS,2012,DJF,ice_days,16.667,0.356,-0.416,3,lanina,-0.710
IS,2012,DJF,thaw_days,73.000,0.267,1.008,3,lanina,-0.710
IS,2012,DJF,tmax_mean,3.214,-0.113,0.023,3,lanina,-0.710
IS,2012,DJF,tmean,0.397,-0.002,0.157,4,lanina,-0.710
IS,2012,DJF,tmin_mean,-1.726,-0.159,-0.043,3,lanina,-0.710
IS,2012,JFM,frost_days,43.000,-12.967,-14.091,3,lanina,-0.710
IS,2012,JFM,ice_days,5.667,-9.856,-9.948,3,lanina,-0.710
IS,2012,JFM,precip,409.595,,133.286,2,lanina,-0.710
IS,2012,JFM,precip_days,71.197,,20.747,2,lanina,-0.710
IS,2012,JFM,thaw_days,85.333,11.667,11.798,3,lanina,-0.710
IS,2012,JFM,tmax_mean,4.866,1.463,1.554,3,lanina,-0.710
IS,2012,JFM,tmean,2.205,1.747,1.850,4,lanina,-0.710
IS,2012,JFM,tmin_mean,-0.115,1.446,1.540,3,lanina,-0.710
IS,2012,NDJFM,frost_days,78.667,-9.522,-11.174,3,lanina,-0.710
IS,2012,NDJFM,ice_days,19.000,-4.344,-5.008,3,lanina,-0.710
IS,2012,NDJFM,thaw_days,131.333,5.089,5.803,3,lanina,-0.710
IS,2012,NDJFM,tmax_mean,4.402,0.737,0.827,3,lanina,-0.710
IS,2012,NDJFM,tmean,1.646,0.884,0.996,4,lanina,-0.710
IS,2012,NDJFM,tmin_mean,-0.388,0.786,0.883,3,lanina,-0.710
IS,2013,DJF,frost_days,40.333,-15.778,-16.783,3,neutral,-0.240
IS,2013,DJF,ice_days,4.000,-12.311,-12.932,3,neutral,-0.240
IS,2013,DJF,thaw_days,85.000,12.267,12.850,3,neutral,-0.240
IS,2013,DJF,tmax_mean,4.450,1.124,1.239,3,neutral,-0.240
IS,2013,DJF,tmean,1.866,1.467,1.611,4,neutral,-0.240
IS,2013,DJF,tmin_mean,0.271,1.839,1.938,3,neutral,-0.240
IS,2013,JFM,frost_days,41.333,-14.633,-15.724,3,neutral,-0.240
IS,2013,JFM,ice_days,6.667,-8.856,-8.769,3,neutral,-0.240
IS,2013,JFM,thaw_days,82.333,8.667,8.611,3,neutral,-0.240
IS,2013,JFM,tmax_mean,4.546,1.144,1.216,3,neutral,-0.240
IS,2013,JFM,tmean,1.719,1.261,1.349,4,neutral,-0.240
IS,2013,JFM,tmin_mean,-0.073,1.488,1.567,3,neutral,-0.240
IS,2013,NDJFM,frost_days,80.333,-7.856,-9.415,3,neutral,-0.240
IS,2013,NDJFM,ice_days,11.333,-12.011,-12.419,3,neutral,-0.240
IS,2013,NDJFM,thaw_days,138.000,11.756,12.202,3,neutral,-0.240
IS,2013,NDJFM,tmax_mean,4.035,0.370,0.443,3,neutral,-0.240
IS,2013,NDJFM,tmean,1.242,0.480,0.579,4,neutral,-0.240
IS,2013,NDJFM,tmin_mean,-0.400,0.774,0.856,3,neutral,-0.240
IS,2014,DJF,frost_days,46.333,-9.778,-10.716,3,neutral,-0.240
IS,2014,DJF,ice_days,7.333,-8.978,-9.448,3,neutral,-0.240
IS,2014,DJF,thaw_days,82.000,9.267,9.691,3,neutral,-0.240
IS,2014,DJF,tmax_mean,3.035,-0.292,-0.195,3,neutral,-0.240
IS,2014,DJF,tmean,0.798,0.400,0.527,4,neutral,-0.240
IS,2014,DJF,tmin_mean,-0.675,0.893,0.976,3,neutral,-0.240
IS,2014,JFM,frost_days,36.667,-19.300,-20.355,3,neutral,-0.240
IS,2014,JFM,ice_days,2.667,-12.856,-12.591,3,neutral,-0.240
IS,2014,JFM,thaw_days,87.000,13.333,13.091,3,neutral,-0.240
IS,2014,JFM,tmax_mean,3.880,0.477,0.530,3,neutral,-0.240
IS,2014,JFM,tmean,1.557,1.099,1.174,4,neutral,-0.240
IS,2014,JFM,tmin_mean,0.072,1.632,1.697,3,neutral,-0.240
IS,2014,NDJFM,frost_days,76.333,-11.856,-13.323,3,neutral,-0.240
IS,2014,NDJFM,ice_days,9.667,-13.678,-13.830,3,neutral,-0.240
IS,2014,NDJFM,thaw_days,140.667,14.422,14.601,3,neutral,-0.240
IS,2014,NDJFM,tmax_mean,3.753,0.089,0.143,3,neutral,-0.240
IS,2014,NDJFM,tmean,1.148,0.386,0.472,4,neutral,-0.240
IS,2014,NDJFM,tmin_mean,-0.600,0.574,0.642,3,neutral,-0.240
IS,2015,DJF,frost_days,69.333,13.222,12.351,3,elnino,0.730
IS,2015,DJF,ice_days,17.333,1.022,0.703,3,elnino,0.730
IS,2015,DJF,thaw_days,70.000,-2.733,-2.467,3,elnino,0.730
IS,2015,DJF,tmax_mean,2.905,-0.422,-0.345,3,elnino,0.730
IS,2015,DJF,tmean,-0.110,-0.509,-0.397,4,elnino,0.730
IS,2015,DJF,tmin_mean,-2.331,-0.764,-0.697,3,elnino,0.730
IS,2015,JFM,frost_days,63.333,7.367,6.345,3,elnino,0.730
IS,2015,JFM,ice_days,15.333,-0.189,0.254,3,elnino,0.730
IS,2015,JFM,thaw_days,73.000,-0.667,-1.096,3,elnino,0.730
IS,2015,JFM,tmax_mean,3.282,-0.121,-0.086,3,elnino,0.730
IS,2015,JFM,tmean,0.387,-0.071,-0.010,4,elnino,0.730
IS,2015,JFM,tmin_mean,-1.840,-0.279,-0.229,3,elnino,0.730
IS,2015,NDJFM,frost_days,93.333,5.144,3.769,3,elnino,0.730
IS,2015,NDJFM,ice_days,20.000,-3.344,-3.242,3,elnino,0.730
IS,2015,NDJFM,thaw_days,127.667,1.422,1.333,3,elnino,0.730
IS,2015,NDJFM,tmax_mean,3.949,0.284,0.320,3,elnino,0.730
IS,2015,NDJFM,tmean,1.076,0.314,0.386,4,elnino,0.730
IS,2015,NDJFM,tmin_mean,-0.983,0.191,0.244,3,elnino,0.730
IS,2016,DJF,frost_days,65.333,9.222,8.418,3,super,2.500
IS,2016,DJF,ice_days,17.667,1.356,1.186,3,super,2.500
IS,2016,DJF,thaw_days,71.000,-1.733,-1.625,3,super,2.500
IS,2016,DJF,tmax_mean,2.201,-1.125,-1.069,3,super,2.500
IS,2016,DJF,tmean,-0.846,-1.245,-1.148,4,super,2.500
IS,2016,DJF,tmin_mean,-2.043,-0.476,-0.426,3,super,2.500
IS,2016,JFM,frost_days,59.333,3.367,2.380,3,super,2.500
IS,2016,JFM,ice_days,14.000,-1.522,-0.901,3,super,2.500
IS,2016,JFM,thaw_days,74.333,0.667,0.050,3,super,2.500
IS,2016,JFM,tmax_mean,3.054,-0.348,-0.333,3,super,2.500
IS,2016,JFM,tmean,-0.060,-0.518,-0.473,4,super,2.500
IS,2016,JFM,tmin_mean,-1.300,0.260,0.296,3,super,2.500
IS,2016,NDJFM,frost_days,90.667,2.478,1.194,3,super,2.500
IS,2016,NDJFM,ice_days,21.667,-1.678,-1.320,3,super,2.500
IS,2016,NDJFM,thaw_days,126.333,0.089,-0.269,3,super,2.500
IS,2016,NDJFM,tmax_mean,3.300,-0.364,-0.346,3,super,2.500
IS,2016,NDJFM,tmean,0.267,-0.496,-0.436,4,super,2.500
IS,2016,NDJFM,tmin_mean,-1.149,0.025,0.064,3,super,2.500
IS,2017,DJF,frost_days,35.333,-20.778,-21.514,3,neutral,-0.080
IS,2017,DJF,ice_days,3.667,-12.644,-12.663,3,neutral,-0.080
IS,2017,DJF,precip,385.340,,99.309,2,neutral,-0.080
IS,2017,DJF,precip_days,66.406,,16.108,2,neutral,-0.080
IS,2017,DJF,thaw_days,86.333,13.600,13.550,3,neutral,-0.080
IS,2017,DJF,tmax_mean,5.291,1.964,2.001,3,neutral,-0.080
IS,2017,DJF,tmean,2.512,2.113,2.194,4,neutral,-0.080
IS,2017,DJF,tmin_mean,0.291,1.858,1.892,3,neutral,-0.080
IS,2017,JFM,frost_days,42.000,-13.967,-14.918,3,neutral,-0.080
IS,2017,JFM,ice_days,4.667,-10.856,-10.056,3,neutral,-0.080
IS,2017,JFM,thaw_days,85.333,11.667,10.863,3,neutral,-0.080
IS,2017,JFM,tmax_mean,4.590,1.187,1.184,3,neutral,-0.080
IS,2017,JFM,tmean,1.766,1.308,1.340,4,neutral,-0.080
IS,2017,JFM,tmin_mean,-0.363,1.198,1.219,3,neutral,-0.080
IS,2017,NDJFM,frost_days,58.667,-29.522,-30.714,3,neutral,-0.080
IS,2017,NDJFM,ice_days,5.667,-17.678,-17.064,3,neutral,-0.080
IS,2017,NDJFM,thaw_days,145.333,19.089,18.463,3,neutral,-0.080
IS,2017,NDJFM,tmax_mean,5.265,1.601,1.601,3,neutral,-0.080
IS,2017,NDJFM,tmean,2.497,1.735,1.781,4,neutral,-0.080
IS,2017,NDJFM,tmin_mean,0.376,1.550,1.575,3,neutral,-0.080
IS,2018,DJF,frost_days,61.333,5.222,4.553,3,lanina,-0.710
IS,2018,DJF,ice_days,21.000,4.689,4.821,3,lanina,-0.710
IS,2018,DJF,thaw_days,68.333,-4.400,-4.609,3,lanina,-0.710
IS,2018,DJF,tmax_mean,2.939,-0.387,-0.370,3,lanina,-0.710
IS,2018,DJF,tmean,0.087,-0.311,-0.246,4,lanina,-0.710
IS,2018,DJF,tmin_mean,-1.993,-0.425,-0.408,3,lanina,-0.710
IS,2018,JFM,frost_days,54.667,-1.300,-2.217,3,lanina,-0.710
IS,2018,JFM,ice_days,13.000,-2.522,-1.544,3,lanina,-0.710
IS,2018,JFM,thaw_days,76.667,3.000,2.010,3,lanina,-0.710
IS,2018,JFM,tmax_mean,3.599,0.197,0.174,3,lanina,-0.710
IS,2018,JFM,tmean,0.778,0.320,0.337,4,lanina,-0.710
IS,2018,JFM,tmin_mean,-1.298,0.263,0.269,3,lanina,-0.710
IS,2018,NDJFM,frost_days,97.333,9.144,8.045,3,lanina,-0.710
IS,2018,NDJFM,ice_days,25.667,2.322,3.191,3,lanina,-0.710
IS,2018,NDJFM,thaw_days,124.333,-1.911,-2.805,3,lanina,-0.710
IS,2018,NDJFM,tmax_mean,3.254,-0.411,-0.428,3,lanina,-0.710
IS,2018,NDJFM,tmean,0.356,-0.407,-0.374,4,lanina,-0.710
IS,2018,NDJFM,tmin_mean,-1.584,-0.410,-0.400,3,lanina,-0.710
IS,2019,DJF,frost_days,51.333,-4.778,-5.380,3,elnino,0.990
IS,2019,DJF,ice_days,16.667,0.356,0.639,3,elnino,0.990
IS,2019,DJF,thaw_days,72.667,-0.067,-0.434,3,elnino,0.990
IS,2019,DJF,tmax_mean,3.934,0.608,0.605,3,elnino,0.990
IS,2019,DJF,tmean,0.867,0.469,0.518,4,elnino,0.990
IS,2019,DJF,tmin_mean,-1.197,0.371,0.372,3,elnino,0.990
IS,2019,JFM,frost_days,60.667,4.700,3.818,3,elnino,0.990
IS,2019,JFM,ice_days,14.333,-1.189,-0.033,3,elnino,0.990
IS,2019,JFM,thaw_days,74.333,0.667,-0.511,3,elnino,0.990
IS,2019,JFM,tmax_mean,3.643,0.241,0.199,3,elnino,0.990
IS,2019,JFM,tmean,0.417,-0.041,-0.038,4,elnino,0.990
IS,2019,JFM,tmin_mean,-1.833,-0.272,-0.280,3,elnino,0.990
IS,2019,NDJFM,frost_days,81.667,-6.522,-7.530,3,elnino,0.990
IS,2019,NDJFM,ice_days,17.333,-6.011,-4.887,3,elnino,0.990
IS,2019,NDJFM,thaw_days,132.333,6.089,4.927,3,elnino,0.990
IS,2019,NDJFM,tmax_mean,4.281,0.616,0.580,3,elnino,0.990
IS,2019,NDJFM,tmean,1.282,0.520,0.539,4,elnino,0.990
IS,2019,NDJFM,tmin_mean,-0.656,0.518,0.515,3,elnino,0.990
IS,2020,DJF,frost_days,63.667,7.556,7.021,3,elnino,0.710
IS,2020,DJF,ice_days,11.667,-4.644,-4.211,3,elnino,0.710
IS,2020,DJF,thaw_days,79.000,6.267,5.741,3,elnino,0.710
IS,2020,DJF,tmax_mean,3.251,-0.076,-0.098,3,elnino,0.710
IS,2020,DJF,tmean,0.335,-0.064,-0.030,4,elnino,0.710
IS,2020,DJF,tmin_mean,-1.553,0.015,-0.001,3,elnino,0.710
IS,2020,JFM,frost_days,65.333,9.367,8.519,3,elnino,0.710
IS,2020,JFM,ice_days,11.000,-4.522,-3.188,3,elnino,0.710
IS,2020,JFM,thaw_days,79.667,6.000,4.636,3,elnino,0.710
IS,2020,JFM,tmax_mean,3.309,-0.093,-0.154,3,elnino,0.710
IS,2020,JFM,tmean,0.223,-0.235,-0.246,4,elnino,0.710
IS,2020,JFM,tmin_mean,-1.742,-0.182,-0.204,3,elnino,0.710
IS,2020,NDJFM,frost_days,99.333,11.144,10.229,3,elnino,0.710
IS,2020,NDJFM,ice_days,15.000,-8.344,-6.965,3,elnino,0.710
IS,2020,NDJFM,thaw_days,136.333,10.089,8.659,3,elnino,0.710
IS,2020,NDJFM,tmax_mean,3.476,-0.189,-0.243,3,elnino,0.710
IS,2020,NDJFM,tmean,0.507,-0.255,-0.249,4,elnino,0.710
IS,2020,NDJFM,tmin_mean,-1.251,-0.077,-0.095,3,elnino,0.710
IS,2021,DJF,frost_days,52.333,-3.778,-4.246,3,lanina,-0.990
IS,2021,DJF,ice_days,16.000,-0.311,0.273,3,lanina,-0.990
IS,2021,DJF,thaw_days,73.000,0.267,-0.417,3,lanina,-0.990
IS,2021,DJF,tmax_mean,3.290,-0.037,-0.078,3,lanina,-0.990
IS,2021,DJF,tmean,0.414,0.015,0.034,4,lanina,-0.990
IS,2021,DJF,tmin_mean,-1.018,0.549,0.518,3,lanina,-0.990
IS,2021,JFM,frost_days,49.333,-6.633,-7.446,3,lanina,-0.990
IS,2021,JFM,ice_days,14.000,-1.522,-0.009,3,lanina,-0.990
IS,2021,JFM,thaw_days,75.000,1.333,-0.218,3,lanina,-0.990
IS,2021,JFM,tmax_mean,3.892,0.490,0.410,3,lanina,-0.990
IS,2021,JFM,tmean,0.803,0.345,0.319,4,lanina,-0.990
IS,2021,JFM,tmin_mean,-0.852,0.709,0.672,3,lanina,-0.990
IS,2021,NDJFM,frost_days,79.333,-8.856,-9.679,3,lanina,-0.990
IS,2021,NDJFM,ice_days,20.000,-3.344,-1.710,3,lanina,-0.990
IS,2021,NDJFM,thaw_days,130.000,3.756,2.058,3,lanina,-0.990
IS,2021,NDJFM,tmax_mean,4.089,0.424,0.353,3,lanina,-0.990
IS,2021,NDJFM,tmean,1.117,0.355,0.347,4,lanina,-0.990
IS,2021,NDJFM,tmin_mean,-0.556,0.618,0.586,3,lanina,-0.990
IS,2022,DJF,frost_days,63.667,7.556,7.155,3,lanina,-0.760
IS,2022,DJF,ice_days,15.000,-1.311,-0.576,3,lanina,-0.760
IS,2022,DJF,thaw_days,74.000,1.267,0.424,3,lanina,-0.760
IS,2022,DJF,tmax_mean,3.147,-0.180,-0.241,3,lanina,-0.760
IS,2022,DJF,tmean,-0.002,-0.401,-0.398,4,lanina,-0.760
IS,2022,DJF,tmin_mean,-1.971,-0.403,-0.451,3,lanina,-0.760
IS,2022,JFM,frost_days,63.000,7.033,6.255,3,lanina,-0.760
IS,2022,JFM,ice_days,12.667,-2.856,-1.164,3,lanina,-0.760
IS,2022,JFM,thaw_days,77.000,3.333,1.595,3,lanina,-0.760
IS,2022,JFM,tmax_mean,3.670,0.267,0.169,3,lanina,-0.760
IS,2022,JFM,tmean,0.407,-0.051,-0.090,4,lanina,-0.760
IS,2022,JFM,tmin_mean,-1.824,-0.263,-0.314,3,lanina,-0.760
IS,2022,NDJFM,frost_days,96.000,7.811,7.079,3,lanina,-0.760
IS,2022,NDJFM,ice_days,16.333,-7.011,-5.121,3,lanina,-0.760
IS,2022,NDJFM,thaw_days,133.667,7.422,5.456,3,lanina,-0.760
IS,2022,NDJFM,tmax_mean,3.943,0.278,0.189,3,lanina,-0.760
IS,2022,NDJFM,tmean,0.730,-0.033,-0.053,4,lanina,-0.760
IS,2022,NDJFM,tmin_mean,-1.276,-0.102,-0.149,3,lanina,-0.760
IS,2023,DJF,frost_days,67.000,10.889,10.556,3,lanina,-0.550
IS,2023,DJF,ice_days,30.333,14.022,14.908,3,lanina,-0.550
IS,2023,DJF,thaw_days,59.333,-13.400,-14.401,3,lanina,-0.550
IS,2023,DJF,tmax_mean,2.221,-1.105,-1.186,3,lanina,-0.550
IS,2023,DJF,tmean,-0.901,-1.300,-1.312,4,lanina,-0.550
IS,2023,DJF,tmin_mean,-3.236,-1.668,-1.733,3,lanina,-0.550
IS,2023,JFM,frost_days,64.000,8.033,7.290,3,lanina,-0.550
IS,2023,JFM,ice_days,25.667,10.144,12.014,3,lanina,-0.550
IS,2023,JFM,thaw_days,63.333,-10.333,-12.258,3,lanina,-0.550
IS,2023,JFM,tmax_mean,2.621,-0.781,-0.898,3,lanina,-0.550
IS,2023,JFM,tmean,-0.558,-1.016,-1.070,4,lanina,-0.550
IS,2023,JFM,tmin_mean,-2.973,-1.412,-1.478,3,lanina,-0.550
IS,2023,NDJFM,frost_days,93.333,5.144,4.505,3,lanina,-0.550
IS,2023,NDJFM,ice_days,43.667,20.322,22.468,3,lanina,-0.550
IS,2023,NDJFM,thaw_days,106.333,-19.911,-22.145,3,lanina,-0.550
IS,2023,NDJFM,tmax_mean,2.874,-0.791,-0.898,3,lanina,-0.550
IS,2023,NDJFM,tmean,-0.109,-0.871,-0.905,4,lanina,-0.550
IS,2023,NDJFM,tmin_mean,-2.206,-1.031,-1.092,3,lanina,-0.550
IS,2024,DJF,frost_days,70.000,13.889,13.623,3,elnino,1.840
IS,2024,DJF,ice_days,23.000,6.689,7.725,3,elnino,1.840
IS,2024,DJF,thaw_days,67.000,-5.733,-6.893,3,elnino,1.840
IS,2024,DJF,tmax_mean,2.109,-1.217,-1.318,3,elnino,1.840
IS,2024,DJF,tmean,-1.173,-1.572,-1.600,4,elnino,1.840
IS,2024,DJF,tmin_mean,-2.846,-1.279,-1.359,3,elnino,1.840
IS,2024,JFM,frost_days,62.333,6.367,5.657,3,elnino,1.840
IS,2024,JFM,ice_days,19.000,3.478,5.526,3,elnino,1.840
IS,2024,JFM,thaw_days,71.667,-2.000,-4.112,3,elnino,1.840
IS,2024,JFM,tmax_mean,2.768,-0.635,-0.771,3,elnino,1.840
IS,2024,JFM,tmean,-0.279,-0.737,-0.805,4,elnino,1.840
IS,2024,JFM,tmin_mean,-2.142,-0.582,-0.662,3,elnino,1.840
IS,2024,NDJFM,frost_days,97.333,9.144,8.597,3,elnino,1.840
IS,2024,NDJFM,ice_days,27.667,4.322,6.723,3,elnino,1.840
IS,2024,NDJFM,thaw_days,123.333,-2.911,-5.413,3,elnino,1.840
IS,2024,NDJFM,tmax_mean,2.977,-0.688,-0.813,3,elnino,1.840
IS,2024,NDJFM,tmean,-0.128,-0.890,-0.938,4,elnino,1.840
IS,2024,NDJFM,tmin_mean,-1.720,-0.546,-0.621,3,elnino,1.840
IS,2025,DJF,frost_days,59.667,3.556,3.357,3,neutral,-0.460
IS,2025,DJF,ice_days,16.000,-0.311,0.876,3,neutral,-0.460
IS,2025,DJF,thaw_days,72.333,-0.400,-1.718,3,neutral,-0.460
IS,2025,DJF,tmax_mean,3.420,0.094,-0.027,3,neutral,-0.460
IS,2025,DJF,tmean,0.198,-0.200,-0.243,4,neutral,-0.460
IS,2025,DJF,tmin_mean,-1.780,-0.212,-0.309,3,neutral,-0.460
IS,2025,JFM,frost_days,49.667,-6.300,-6.975,3,neutral,-0.460
IS,2025,JFM,ice_days,8.333,-7.189,-4.962,3,neutral,-0.460
IS,2025,JFM,thaw_days,80.667,7.000,4.701,3,neutral,-0.460
IS,2025,JFM,tmax_mean,4.580,1.177,1.023,3,neutral,-0.460
IS,2025,JFM,tmean,1.388,0.930,0.848,4,neutral,-0.460
IS,2025,JFM,tmin_mean,-0.580,0.981,0.886,3,neutral,-0.460
IS,2025,NDJFM,frost_days,91.000,2.811,2.355,3,neutral,-0.460
IS,2025,NDJFM,ice_days,24.333,0.989,3.645,3,neutral,-0.460
IS,2025,NDJFM,thaw_days,124.000,-2.244,-5.015,3,neutral,-0.460
IS,2025,NDJFM,tmax_mean,4.299,0.635,0.492,3,neutral,-0.460
IS,2025,NDJFM,tmean,1.126,0.363,0.302,4,neutral,-0.460
IS,2025,NDJFM,tmin_mean,-1.089,0.085,-0.004,3,neutral,-0.460
IS,2026,DJF,frost_days,45.000,-11.111,-11.243,3,neutral,-0.390
IS,2026,DJF,ice_days,14.333,-1.978,-0.641,3,neutral,-0.390
IS,2026,DJF,thaw_days,74.333,1.600,0.124,3,neutral,-0.390
IS,2026,DJF,tmax_mean,3.492,0.165,0.026,3,neutral,-0.390
IS,2026,DJF,tmean,1.353,0.496,0.356,3,neutral,-0.390
IS,2026,DJF,tmin_mean,-0.774,0.794,0.681,3,neutral,-0.390
IS,2026,JFM,frost_days,59.333,3.367,2.727,3,neutral,-0.390
IS,2026,JFM,ice_days,17.000,1.478,3.883,3,neutral,-0.390
IS,2026,JFM,thaw_days,70.000,-3.667,-6.152,3,neutral,-0.390
IS,2026,JFM,tmax_mean,2.744,-0.659,-0.832,3,neutral,-0.390
IS,2026,JFM,tmean,0.399,-0.447,-0.577,3,neutral,-0.390
IS,2026,JFM,tmin_mean,-1.936,-0.376,-0.485,3,neutral,-0.390
IS,2026,NDJFM,frost_days,81.333,-6.856,-7.220,3,neutral,-0.390
IS,2026,NDJFM,ice_days,19.333,-4.011,-1.099,3,neutral,-0.390
IS,2026,NDJFM,thaw_days,128.000,1.756,-1.283,3,neutral,-0.390
IS,2026,NDJFM,tmax_mean,3.592,-0.073,-0.234,3,neutral,-0.390
IS,2026,NDJFM,tmean,1.373,0.172,0.036,3,neutral,-0.390
IS,2026,NDJFM,tmin_mean,-0.840,0.334,0.230,3,neutral,-0.390
NO,1950,DJF,frost_days,85.000,10.049,3.361,4,lanina,-1.320
NO,1950,DJF,ice_days,46.000,4.853,-9.471,4,lanina,-1.320
NO,1950,DJF,precip,145.825,-75.150,-40.934,4,lanina,-1.320
NO,1950,DJF,precip_days,29.500,-6.885,-3.321,4,lanina,-1.320
NO,1950,DJF,rain_on_snow_days,6.667,-1.723,-0.446,3,lanina,-1.320
NO,1950,DJF,snow_cover_days,69.333,4.317,-12.914,3,lanina,-1.320
NO,1950,DJF,snow_depth,13.748,-9.118,-14.653,3,lanina,-1.320
NO,1950,DJF,snow_max,51.000,-2.213,-8.429,3,lanina,-1.320
NO,1950,DJF,thaw_days,42.000,-6.159,8.375,4,lanina,-1.320
NO,1950,DJF,tmax_mean,-1.183,-0.906,1.130,4,lanina,-1.320
NO,1950,DJF,tmean,-4.358,-1.048,1.111,4,lanina,-1.320
NO,1950,DJF,tmin_mean,-7.533,-1.143,1.034,4,lanina,-1.320
NO,1950,JFM,frost_days,79.750,6.175,-1.290,4,lanina,-1.320
NO,1950,JFM,ice_days,31.851,1.763,-10.223,5,lanina,-1.320
NO,1950,JFM,precip,169.925,-37.576,0.729,4,lanina,-1.320
NO,1950,JFM,precip_days,32.000,-2.734,1.208,4,lanina,-1.320
NO,1950,JFM,rain_on_snow_days,8.667,-0.426,0.985,3,lanina,-1.320
NO,1950,JFM,snow_cover_days,69.000,0.616,-16.673,3,lanina,-1.320
NO,1950,JFM,snow_depth,20.430,-10.520,-17.284,3,lanina,-1.320
NO,1950,JFM,snow_max,59.333,1.215,-7.913,3,lanina,-1.320
NO,1950,JFM,thaw_days,56.716,-2.676,9.609,5,lanina,-1.320
NO,1950,JFM,tmax_mean,0.950,-0.571,1.398,5,lanina,-1.320
NO,1950,JFM,tmean,-2.355,-0.733,1.361,5,lanina,-1.320
NO,1950,JFM,tmin_mean,-6.963,-0.976,1.171,4,lanina,-1.320
NO,1950,NDJFM,frost_days,124.750,6.723,-4.963,4,lanina,-1.320
NO,1950,NDJFM,ice_days,58.500,0.949,-18.142,4,lanina,-1.320
NO,1950,NDJFM,precip,252.600,-108.648,-51.246,4,lanina,-1.320
NO,1950,NDJFM,precip_days,48.750,-10.478,-4.669,4,lanina,-1.320
NO,1950,NDJFM,rain_on_snow_days,12.000,-1.551,-0.247,3,lanina,-1.320
NO,1950,NDJFM,snow_cover_days,97.000,-0.482,-28.846,3,lanina,-1.320
NO,1950,NDJFM,snow_depth,13.951,-8.382,-13.110,3,lanina,-1.320
NO,1950,NDJFM,snow_max,59.333,0.081,-8.508,3,lanina,-1.320
NO,1950,NDJFM,thaw_days,90.000,-2.113,17.398,4,lanina,-1.320
NO,1950,NDJFM,tmax_mean,0.563,-0.337,1.462,4,lanina,-1.320
NO,1950,NDJFM,tmean,-2.549,-0.338,1.500,4,lanina,-1.320
NO,1950,NDJFM,tmin_mean,-5.662,-0.357,1.510,4,lanina,-1.320
NO,1951,DJF,frost_days,83.000,8.049,1.471,4,lanina,-0.660
NO,1951,DJF,ice_days,47.877,11.457,-2.531,4,lanina,-0.660
NO,1951,DJF,precip,116.450,-104.525,-70.866,4,lanina,-0.660
NO,1951,DJF,precip_days,24.250,-12.135,-8.624,4,lanina,-0.660
NO,1951,DJF,rain_on_snow_days,7.000,-1.390,-0.135,3,lanina,-0.660
NO,1951,DJF,snow_cover_days,89.333,24.317,7.363,3,lanina,-0.660
NO,1951,DJF,snow_depth,22.819,-0.048,-5.515,3,lanina,-0.660
NO,1951,DJF,snow_max,48.333,-4.879,-11.006,3,lanina,-0.660
NO,1951,DJF,thaw_days,39.476,-13.378,0.816,4,lanina,-0.660
NO,1951,DJF,tmax_mean,-1.476,-1.924,0.150,4,lanina,-0.660
NO,1951,DJF,tmean,-4.115,-2.005,0.151,5,lanina,-0.660
NO,1951,DJF,tmin_mean,-8.381,-1.990,0.155,4,lanina,-0.660
NO,1951,JFM,frost_days,83.750,10.175,2.846,4,lanina,-0.660
NO,1951,JFM,ice_days,44.549,11.816,-0.020,4,lanina,-0.660
NO,1951,JFM,precip,119.175,-88.326,-50.674,4,lanina,-0.660
NO,1951,JFM,precip_days,23.750,-10.984,-7.107,4,lanina,-0.660
NO,1951,JFM,rain_on_snow_days,4.333,-4.760,-3.376,3,lanina,-0.660
NO,1951,JFM,snow_cover_days,85.333,16.950,-0.043,3,lanina,-0.660
NO,1951,JFM,snow_depth,30.066,-0.882,-7.548,3,lanina,-0.660
NO,1951,JFM,snow_max,49.000,-9.118,-18.103,3,lanina,-0.660
NO,1951,JFM,thaw_days,43.354,-13.305,-1.232,4,lanina,-0.660
NO,1951,JFM,tmax_mean,-0.900,-2.086,-0.127,4,lanina,-0.660
NO,1951,JFM,tmean,-3.860,-2.238,-0.179,5,lanina,-0.660
NO,1951,JFM,tmin_mean,-8.477,-2.490,-0.377,4,lanina,-0.660
NO,1951,NDJFM,frost_days,135.750,17.723,6.246,4,lanina,-0.660
NO,1951,NDJFM,ice_days,69.380,18.238,0.099,4,lanina,-0.660
NO,1951,NDJFM,precip,213.300,-147.948,-91.610,4,lanina,-0.660
NO,1951,NDJFM,precip_days,42.500,-16.728,-11.022,4,lanina,-0.660
NO,1951,NDJFM,rain_on_snow_days,9.667,-3.884,-2.605,3,lanina,-0.660
NO,1951,NDJFM,snow_cover_days,125.667,28.185,0.298,3,lanina,-0.660
NO,1951,NDJFM,snow_depth,21.364,-0.969,-5.633,3,lanina,-0.660
NO,1951,NDJFM,snow_max,50.667,-8.585,-17.043,3,lanina,-0.660
NO,1951,NDJFM,thaw_days,76.926,-21.613,-3.054,4,lanina,-0.660
NO,1951,NDJFM,tmax_mean,-0.436,-2.033,-0.188,4,lanina,-0.660
NO,1951,NDJFM,tmean,-3.150,-2.073,-0.232,5,lanina,-0.660
NO,1951,NDJFM,tmin_mean,-7.358,-2.054,-0.216,4,lanina,-0.660
NO,1952,DJF,frost_days,79.000,4.048,-2.418,4,elnino,0.520
NO,1952,DJF,ice_days,45.750,4.603,-9.296,4,elnino,0.520
NO,1952,DJF,precip,240.750,19.776,52.877,4,elnino,0.520
NO,1952,DJF,precip_days,37.500,1.115,4.573,4,elnino,0.520
NO,1952,DJF,rain_on_snow_days,7.500,-0.529,0.460,4,elnino,0.520
NO,1952,DJF,snow_cover_days,77.000,6.566,-6.673,4,elnino,0.520
NO,1952,DJF,snow_depth,35.931,10.328,2.495,4,elnino,0.520
NO,1952,DJF,snow_max,68.250,12.376,3.082,4,elnino,0.520
NO,1952,DJF,thaw_days,44.250,-3.909,10.191,4,elnino,0.520
NO,1952,DJF,tmax_mean,-0.620,-0.343,1.630,4,elnino,0.520
NO,1952,DJF,tmean,-2.650,-0.539,1.583,5,elnino,0.520
NO,1952,DJF,tmin_mean,-7.018,-0.627,1.487,4,elnino,0.520
NO,1952,JFM,frost_days,86.000,12.425,5.232,4,elnino,0.520
NO,1952,JFM,ice_days,51.000,14.498,2.211,4,elnino,0.520
NO,1952,JFM,precip,166.325,-41.176,-4.178,4,elnino,0.520
NO,1952,JFM,precip_days,30.000,-4.734,-0.923,4,elnino,0.520
NO,1952,JFM,rain_on_snow_days,5.500,-3.173,-1.825,4,elnino,0.520
NO,1952,JFM,snow_cover_days,84.750,11.328,-1.715,4,elnino,0.520
NO,1952,JFM,snow_depth,45.206,11.443,1.495,4,elnino,0.520
NO,1952,JFM,snow_max,70.250,9.501,-3.449,4,elnino,0.520
NO,1952,JFM,thaw_days,38.750,-14.148,-1.637,4,elnino,0.520
NO,1952,JFM,tmax_mean,-1.083,-1.654,0.256,4,elnino,0.520
NO,1952,JFM,tmean,-3.459,-1.837,0.187,5,elnino,0.520
NO,1952,JFM,tmin_mean,-7.940,-1.954,0.125,4,elnino,0.520
NO,1952,NDJFM,frost_days,129.442,11.415,0.147,4,elnino,0.520
NO,1952,NDJFM,ice_days,71.821,14.270,-4.221,4,elnino,0.520
NO,1952,NDJFM,precip,358.550,-2.698,52.576,4,elnino,0.520
NO,1952,NDJFM,precip_days,58.250,-0.978,4.625,4,elnino,0.520
NO,1952,NDJFM,rain_on_snow_days,10.500,-2.691,-1.400,4,elnino,0.520
NO,1952,NDJFM,snow_cover_days,124.750,16.540,-5.588,4,elnino,0.520
NO,1952,NDJFM,snow_depth,33.086,8.030,1.153,4,elnino,0.520
NO,1952,NDJFM,snow_max,70.250,8.079,-3.994,4,elnino,0.520
NO,1952,NDJFM,thaw_days,78.175,-13.937,4.954,4,elnino,0.520
NO,1952,NDJFM,tmax_mean,-0.254,-1.154,0.585,4,elnino,0.520
NO,1952,NDJFM,tmean,-2.202,-1.125,0.685,5,elnino,0.520
NO,1952,NDJFM,tmin_mean,-6.641,-1.336,0.473,4,elnino,0.520
NO,1953,DJF,frost_days,74.581,7.194,-1.329,5,neutral,0.250
NO,1953,DJF,ice_days,46.476,12.265,-0.830,5,neutral,0.250
NO,1953,DJF,precip,204.900,-16.075,16.469,4,neutral,0.250
NO,1953,DJF,precip_days,34.500,-1.885,1.520,4,neutral,0.250
NO,1953,DJF,rain_on_snow_days,8.000,-0.029,0.944,4,neutral,0.250
NO,1953,DJF,snow_cover_days,89.000,18.566,5.544,4,neutral,0.250
NO,1953,DJF,snow_depth,42.450,16.846,9.119,4,neutral,0.250
NO,1953,DJF,snow_max,71.250,15.376,6.221,4,neutral,0.250
NO,1953,DJF,thaw_days,42.124,-13.043,0.315,5,neutral,0.250
NO,1953,DJF,tmax_mean,-1.282,-2.056,-0.099,5,neutral,0.250
NO,1953,DJF,tmean,-4.291,-2.180,-0.092,5,neutral,0.250
NO,1953,DJF,tmin_mean,-7.456,-2.355,-0.203,5,neutral,0.250
NO,1953,JFM,frost_days,66.600,0.586,-9.034,5,neutral,0.250
NO,1953,JFM,ice_days,34.000,3.912,-7.483,5,neutral,0.250
NO,1953,JFM,precip,253.460,28.263,78.839,5,neutral,0.250
NO,1953,JFM,precip_days,39.400,3.193,8.222,5,neutral,0.250
NO,1953,JFM,rain_on_snow_days,9.200,1.742,2.615,5,neutral,0.250
NO,1953,JFM,snow_cover_days,66.000,4.159,-8.698,5,neutral,0.250
NO,1953,JFM,snow_depth,40.413,13.193,5.101,5,neutral,0.250
NO,1953,JFM,snow_max,60.800,9.941,-0.940,5,neutral,0.250
NO,1953,JFM,thaw_days,55.000,-4.392,7.286,5,neutral,0.250
NO,1953,JFM,tmax_mean,0.918,-0.603,1.265,5,neutral,0.250
NO,1953,JFM,tmean,-2.332,-0.710,1.279,5,neutral,0.250
NO,1953,JFM,tmin_mean,-5.578,-0.823,1.326,5,neutral,0.250
NO,1953,NDJFM,frost_days,118.267,12.985,-0.908,5,neutral,0.250
NO,1953,NDJFM,ice_days,64.276,16.795,0.042,5,neutral,0.250
NO,1953,NDJFM,precip,367.550,6.302,60.512,4,neutral,0.250
NO,1953,NDJFM,precip_days,60.500,1.272,6.772,4,neutral,0.250
NO,1953,NDJFM,rain_on_snow_days,14.250,1.059,2.327,4,neutral,0.250
NO,1953,NDJFM,snow_cover_days,129.750,21.540,-0.210,4,neutral,0.250
NO,1953,NDJFM,snow_depth,35.959,10.903,4.130,4,neutral,0.250
NO,1953,NDJFM,snow_max,73.000,10.829,-1.040,4,neutral,0.250
NO,1953,NDJFM,thaw_days,84.918,-17.458,-0.225,5,neutral,0.250
NO,1953,NDJFM,tmax_mean,0.262,-1.633,0.080,5,neutral,0.250
NO,1953,NDJFM,tmean,-2.797,-1.720,0.060,5,neutral,0.250
NO,1953,NDJFM,tmin_mean,-5.918,-1.832,0.015,5,neutral,0.250
NO,1954,DJF,frost_days,72.400,5.012,-3.362,5,neutral,0.410
NO,1954,DJF,ice_days,43.600,9.389,-3.500,5,neutral,0.410
NO,1954,DJF,precip,203.960,-42.941,5.448,5,neutral,0.410
NO,1954,DJF,precip_days,31.000,-7.418,-2.853,5,neutral,0.410
NO,1954,DJF,rain_on_snow_days,3.800,-3.154,-2.498,5,neutral,0.410
NO,1954,DJF,snow_cover_days,58.800,-0.688,-14.157,5,neutral,0.410
NO,1954,DJF,snow_depth,17.567,-3.146,-9.534,5,neutral,0.410
NO,1954,DJF,snow_max,46.000,-0.889,-9.020,5,neutral,0.410
NO,1954,DJF,thaw_days,45.800,-9.367,3.779,5,neutral,0.410
NO,1954,DJF,tmax_mean,0.021,-0.753,1.172,5,neutral,0.410
NO,1954,DJF,tmean,-2.825,-0.714,1.340,5,neutral,0.410
NO,1954,DJF,tmin_mean,-5.680,-0.579,1.540,5,neutral,0.410
NO,1954,JFM,frost_days,78.144,12.130,2.689,5,neutral,0.410
NO,1954,JFM,ice_days,45.800,15.712,4.514,5,neutral,0.410
NO,1954,JFM,precip,189.820,-35.377,14.330,5,neutral,0.410
NO,1954,JFM,precip_days,29.800,-6.407,-1.463,5,neutral,0.410
NO,1954,JFM,rain_on_snow_days,4.600,-2.858,-2.004,5,neutral,0.410
NO,1954,JFM,snow_cover_days,69.200,7.359,-5.268,5,neutral,0.410
NO,1954,JFM,snow_depth,28.907,1.686,-6.275,5,neutral,0.410
NO,1954,JFM,snow_max,57.000,6.141,-4.555,5,neutral,0.410
NO,1954,JFM,thaw_days,43.400,-15.992,-4.517,5,neutral,0.410
NO,1954,JFM,tmax_mean,-0.342,-1.862,-0.029,5,neutral,0.410
NO,1954,JFM,tmean,-3.488,-1.866,0.088,5,neutral,0.410
NO,1954,JFM,tmin_mean,-6.649,-1.894,0.219,5,neutral,0.410
NO,1954,NDJFM,frost_days,108.299,3.017,-10.618,5,neutral,0.410
NO,1954,NDJFM,ice_days,54.000,6.519,-9.957,5,neutral,0.410
NO,1954,NDJFM,precip,383.020,-18.173,51.992,5,neutral,0.410
NO,1954,NDJFM,precip_days,56.200,-6.139,0.244,5,neutral,0.410
NO,1954,NDJFM,rain_on_snow_days,8.400,-2.863,-2.120,5,neutral,0.410
NO,1954,NDJFM,snow_cover_days,88.600,-2.021,-22.732,5,neutral,0.410
NO,1954,NDJFM,snow_depth,18.563,-1.651,-7.177,5,neutral,0.410
NO,1954,NDJFM,snow_max,57.000,4.754,-5.177,5,neutral,0.410
NO,1954,NDJFM,thaw_days,96.000,-6.377,10.569,5,neutral,0.410
NO,1954,NDJFM,tmax_mean,1.581,-0.313,1.370,5,neutral,0.410
NO,1954,NDJFM,tmean,-1.281,-0.204,1.545,5,neutral,0.410
NO,1954,NDJFM,tmin_mean,-4.204,-0.118,1.699,5,neutral,0.410
NO,1955,DJF,frost_days,73.400,6.012,-2.214,5,neutral,-0.500
NO,1955,DJF,ice_days,43.000,8.789,-3.894,5,neutral,-0.500
NO,1955,DJF,precip,188.920,-57.981,-10.407,5,neutral,-0.500
NO,1955,DJF,precip_days,34.400,-4.018,0.472,5,neutral,-0.500
NO,1955,DJF,rain_on_snow_days,6.200,-0.754,-0.110,5,neutral,-0.500
NO,1955,DJF,snow_cover_days,69.800,10.312,-2.922,5,neutral,-0.500
NO,1955,DJF,snow_depth,20.589,-0.124,-6.422,5,neutral,-0.500
NO,1955,DJF,snow_max,51.800,4.911,-3.092,5,neutral,-0.500
NO,1955,DJF,thaw_days,46.400,-8.767,4.167,5,neutral,-0.500
NO,1955,DJF,tmax_mean,-0.624,-1.398,0.495,5,neutral,-0.500
NO,1955,DJF,tmean,-3.844,-1.734,0.286,5,neutral,-0.500
NO,1955,DJF,tmin_mean,-7.028,-1.927,0.159,5,neutral,-0.500
NO,1955,JFM,frost_days,80.200,14.186,4.924,5,neutral,-0.500
NO,1955,JFM,ice_days,46.200,16.112,5.111,5,neutral,-0.500
NO,1955,JFM,precip,163.960,-61.237,-12.400,5,neutral,-0.500
NO,1955,JFM,precip_days,34.200,-2.007,2.852,5,neutral,-0.500
NO,1955,JFM,rain_on_snow_days,6.400,-1.058,-0.223,5,neutral,-0.500
NO,1955,JFM,snow_cover_days,74.800,12.959,0.563,5,neutral,-0.500
NO,1955,JFM,snow_depth,31.091,3.871,-3.960,5,neutral,-0.500
NO,1955,JFM,snow_max,61.000,10.141,-0.370,5,neutral,-0.500
NO,1955,JFM,thaw_days,43.400,-15.992,-4.720,5,neutral,-0.500
NO,1955,JFM,tmax_mean,-1.012,-2.533,-0.733,5,neutral,-0.500
NO,1955,JFM,tmean,-4.686,-3.064,-1.144,5,neutral,-0.500
NO,1955,JFM,tmin_mean,-8.192,-3.437,-1.361,5,neutral,-0.500
NO,1955,NDJFM,frost_days,119.600,14.318,0.941,5,neutral,-0.500
NO,1955,NDJFM,ice_days,62.200,14.719,-1.480,5,neutral,-0.500
NO,1955,NDJFM,precip,298.640,-102.553,-33.710,5,neutral,-0.500
NO,1955,NDJFM,precip_days,55.000,-7.339,-1.076,5,neutral,-0.500
NO,1955,NDJFM,rain_on_snow_days,9.600,-1.663,-0.935,5,neutral,-0.500
NO,1955,NDJFM,snow_cover_days,108.800,18.179,-2.161,5,neutral,-0.500
NO,1955,NDJFM,snow_depth,21.984,1.770,-3.670,5,neutral,-0.500
NO,1955,NDJFM,snow_max,61.000,8.754,-1.004,5,neutral,-0.500
NO,1955,NDJFM,thaw_days,87.800,-14.577,2.081,5,neutral,-0.500
NO,1955,NDJFM,tmax_mean,0.333,-1.561,0.092,5,neutral,-0.500
NO,1955,NDJFM,tmean,-2.868,-1.791,-0.072,5,neutral,-0.500
NO,1955,NDJFM,tmin_mean,-6.018,-1.932,-0.146,5,neutral,-0.500
NO,1956,DJF,frost_days,79.496,16.400,7.144,6,lanina,-1.170
NO,1956,DJF,ice_days,54.633,24.777,12.688,6,lanina,-1.170
NO,1956,DJF,precip,237.650,-48.881,7.145,6,lanina,-1.170
NO,1956,DJF,precip_days,36.500,-5.618,0.369,6,lanina,-1.170
NO,1956,DJF,rain_on_snow_days,4.800,-2.154,-1.523,5,lanina,-1.170
NO,1956,DJF,snow_cover_days,82.000,22.512,9.515,5,lanina,-1.170
NO,1956,DJF,snow_depth,29.589,8.876,2.668,5,lanina,-1.170
NO,1956,DJF,snow_max,61.200,14.311,6.436,5,lanina,-1.170
NO,1956,DJF,thaw_days,35.530,-23.991,-11.623,6,lanina,-1.170
NO,1956,DJF,tmax_mean,-2.398,-3.771,-1.985,6,lanina,-1.170
NO,1956,DJF,tmean,-5.441,-4.029,-2.095,6,lanina,-1.170
NO,1956,DJF,tmin_mean,-8.466,-4.182,-2.150,6,lanina,-1.170
NO,1956,JFM,frost_days,77.824,16.046,5.596,6,lanina,-1.170
NO,1956,JFM,ice_days,41.783,15.804,5.414,6,lanina,-1.170
NO,1956,JFM,precip,201.467,-42.297,-0.025,6,lanina,-1.170
NO,1956,JFM,precip_days,31.000,-7.607,-2.214,6,lanina,-1.170
NO,1956,JFM,rain_on_snow_days,4.800,-2.658,-1.842,5,lanina,-1.170
NO,1956,JFM,snow_cover_days,82.600,20.759,8.594,5,lanina,-1.170
NO,1956,JFM,snow_depth,37.732,10.511,2.811,5,lanina,-1.170
NO,1956,JFM,snow_max,70.800,19.941,9.615,5,lanina,-1.170
NO,1956,JFM,thaw_days,48.548,-14.999,-4.304,6,lanina,-1.170
NO,1956,JFM,tmax_mean,-0.398,-2.454,-0.780,6,lanina,-1.170
NO,1956,JFM,tmean,-3.582,-2.613,-0.780,6,lanina,-1.170
NO,1956,JFM,tmin_mean,-6.761,-2.775,-0.754,6,lanina,-1.170
NO,1956,NDJFM,frost_days,119.660,21.653,7.091,6,lanina,-1.170
NO,1956,NDJFM,ice_days,66.249,25.158,10.054,6,lanina,-1.170
NO,1956,NDJFM,precip,390.167,-57.653,-0.586,6,lanina,-1.170
NO,1956,NDJFM,precip_days,60.833,-6.339,0.846,6,lanina,-1.170
NO,1956,NDJFM,rain_on_snow_days,8.200,-3.063,-2.350,5,lanina,-1.170
NO,1956,NDJFM,snow_cover_days,122.200,31.579,11.610,5,lanina,-1.170
NO,1956,NDJFM,snow_depth,27.706,7.493,2.139,5,lanina,-1.170
NO,1956,NDJFM,snow_max,70.800,18.554,8.970,5,lanina,-1.170
NO,1956,NDJFM,thaw_days,84.413,-24.427,-8.857,6,lanina,-1.170
NO,1956,NDJFM,tmax_mean,-0.013,-2.456,-0.917,6,lanina,-1.170
NO,1956,NDJFM,tmean,-3.090,-2.660,-1.020,6,lanina,-1.170
NO,1956,NDJFM,tmin_mean,-6.162,-2.828,-1.086,6,lanina,-1.170
NO,1957,DJF,frost_days,66.500,3.404,-5.684,6,neutral,-0.270
NO,1957,DJF,ice_days,33.000,3.144,-8.744,6,neutral,-0.270
NO,1957,DJF,precip,226.967,-69.801,-4.718,6,neutral,-0.270
NO,1957,DJF,precip_days,36.667,-5.218,0.458,6,neutral,-0.270
NO,1957,DJF,rain_on_snow_days,8.000,1.046,1.665,5,neutral,-0.270
NO,1957,DJF,snow_cover_days,69.600,10.112,-2.650,5,neutral,-0.270
NO,1957,DJF,snow_depth,14.511,-6.201,-12.320,5,neutral,-0.270
NO,1957,DJF,snow_max,30.400,-16.489,-24.236,5,neutral,-0.270
NO,1957,DJF,thaw_days,56.167,-3.355,8.807,6,neutral,-0.270
NO,1957,DJF,tmax_mean,1.047,-0.326,1.428,6,neutral,-0.270
NO,1957,DJF,tmean,-1.555,-0.144,1.757,6,neutral,-0.270
NO,1957,DJF,tmin_mean,-4.319,-0.035,1.964,6,neutral,-0.270
NO,1957,JFM,frost_days,64.667,2.888,-7.359,6,neutral,-0.270
NO,1957,JFM,ice_days,28.167,2.187,-8.015,6,neutral,-0.270
NO,1957,JFM,precip,194.250,-71.237,-8.372,6,neutral,-0.270
NO,1957,JFM,precip_days,34.500,-5.407,1.193,6,neutral,-0.270
NO,1957,JFM,rain_on_snow_days,7.333,0.542,0.199,6,neutral,-0.270
NO,1957,JFM,snow_cover_days,63.667,10.359,-4.796,6,neutral,-0.270
NO,1957,JFM,snow_depth,16.876,-7.307,-12.999,6,neutral,-0.270
NO,1957,JFM,snow_max,33.167,-17.059,-22.457,6,neutral,-0.270
NO,1957,JFM,thaw_days,61.000,-2.548,7.954,6,neutral,-0.270
NO,1957,JFM,tmax_mean,1.771,-0.285,1.356,6,neutral,-0.270
NO,1957,JFM,tmean,-1.129,-0.159,1.639,6,neutral,-0.270
NO,1957,JFM,tmin_mean,-4.198,-0.212,1.773,6,neutral,-0.270
NO,1957,NDJFM,frost_days,103.833,5.826,-8.455,6,neutral,-0.270
NO,1957,NDJFM,ice_days,47.500,6.409,-8.432,6,neutral,-0.270
NO,1957,NDJFM,precip,361.467,-125.953,-31.144,6,neutral,-0.270
NO,1957,NDJFM,precip_days,58.667,-10.539,-1.444,6,neutral,-0.270
NO,1957,NDJFM,rain_on_snow_days,12.200,0.937,1.634,5,neutral,-0.270
NO,1957,NDJFM,snow_cover_days,108.000,17.379,-2.218,5,neutral,-0.270
NO,1957,NDJFM,snow_depth,14.412,-5.802,-11.070,5,neutral,-0.270
NO,1957,NDJFM,snow_max,33.800,-18.446,-27.858,5,neutral,-0.270
NO,1957,NDJFM,thaw_days,102.333,-6.507,8.790,6,neutral,-0.270
NO,1957,NDJFM,tmax_mean,1.799,-0.643,0.866,6,neutral,-0.270
NO,1957,NDJFM,tmean,-0.925,-0.495,1.115,6,neutral,-0.270
NO,1957,NDJFM,tmin_mean,-3.750,-0.415,1.296,6,neutral,-0.270
NO,1958,DJF,frost_days,72.667,9.570,0.651,6,elnino,1.690
NO,1958,DJF,ice_days,45.000,15.144,3.456,6,elnino,1.690
NO,1958,DJF,precip,233.817,-54.881,0.953,6,elnino,1.690
NO,1958,DJF,precip_days,37.500,-3.818,1.214,6,elnino,1.690
NO,1958,DJF,rain_on_snow_days,5.667,-0.154,-1.385,6,elnino,1.690
NO,1958,DJF,snow_cover_days,59.667,12.112,-8.285,6,elnino,1.690
NO,1958,DJF,snow_depth,22.685,6.510,-0.619,6,elnino,1.690
NO,1958,DJF,snow_max,52.500,16.111,1.909,6,elnino,1.690
NO,1958,DJF,thaw_days,43.333,-16.188,-4.233,6,elnino,1.690
NO,1958,DJF,tmax_mean,-1.155,-2.528,-0.805,6,elnino,1.690
NO,1958,DJF,tmean,-4.166,-2.755,-0.887,6,elnino,1.690
NO,1958,DJF,tmin_mean,-7.320,-3.036,-1.070,6,elnino,1.690
NO,1958,JFM,frost_days,79.833,18.055,8.009,6,elnino,1.690
NO,1958,JFM,ice_days,47.500,21.520,11.505,6,elnino,1.690
NO,1958,JFM,precip,163.600,-81.377,-40.152,6,elnino,1.690
NO,1958,JFM,precip_days,29.000,-8.607,-4.399,6,elnino,1.690
NO,1958,JFM,rain_on_snow_days,4.333,-2.258,-2.815,6,elnino,1.690
NO,1958,JFM,snow_cover_days,64.667,15.759,-3.573,6,elnino,1.690
NO,1958,JFM,snow_depth,34.237,13.864,4.469,6,elnino,1.690
NO,1958,JFM,snow_max,63.000,24.741,7.562,6,elnino,1.690
NO,1958,JFM,thaw_days,40.833,-22.714,-12.407,6,elnino,1.690
NO,1958,JFM,tmax_mean,-1.496,-3.552,-1.942,6,elnino,1.690
NO,1958,JFM,tmean,-4.912,-3.943,-2.178,6,elnino,1.690
NO,1958,JFM,tmin_mean,-8.466,-4.479,-2.530,6,elnino,1.690
NO,1958,NDJFM,frost_days,114.500,16.493,2.492,6,elnino,1.690
NO,1958,NDJFM,ice_days,63.333,22.242,7.664,6,elnino,1.690
NO,1958,NDJFM,precip,377.333,-85.793,-17.136,6,elnino,1.690
NO,1958,NDJFM,precip_days,58.000,-7.139,-2.234,6,elnino,1.690
NO,1958,NDJFM,rain_on_snow_days,7.500,-2.263,-3.739,6,elnino,1.690
NO,1958,NDJFM,snow_cover_days,86.500,12.979,-15.188,6,elnino,1.690
NO,1958,NDJFM,snow_depth,23.115,7.521,1.215,6,elnino,1.690
NO,1958,NDJFM,snow_max,63.333,23.354,6.909,6,elnino,1.690
NO,1958,NDJFM,thaw_days,85.333,-23.507,-8.483,6,elnino,1.690
NO,1958,NDJFM,tmax_mean,0.219,-2.223,-0.743,6,elnino,1.690
NO,1958,NDJFM,tmean,-2.907,-2.476,-0.896,6,elnino,1.690
NO,1958,NDJFM,tmin_mean,-6.132,-2.797,-1.117,6,elnino,1.690
NO,1959,DJF,frost_days,71.500,8.404,-0.349,6,neutral,0.600
NO,1959,DJF,ice_days,42.667,12.811,1.324,6,neutral,0.600
NO,1959,DJF,precip,230.350,-41.501,-3.693,6,neutral,0.600
NO,1959,DJF,precip_days,38.500,-0.618,2.136,6,neutral,0.600
NO,1959,DJF,rain_on_snow_days,9.667,3.246,2.622,6,neutral,0.600
NO,1959,DJF,snow_cover_days,74.167,17.712,6.494,6,neutral,0.600
NO,1959,DJF,snow_depth,20.559,1.101,-2.664,6,neutral,0.600
NO,1959,DJF,snow_max,48.000,-0.289,-2.430,6,neutral,0.600
NO,1959,DJF,thaw_days,46.333,-13.188,-1.440,6,neutral,0.600
NO,1959,DJF,tmax_mean,-0.216,-1.589,0.103,6,neutral,0.600
NO,1959,DJF,tmean,-3.046,-1.635,0.200,6,neutral,0.600
NO,1959,DJF,tmin_mean,-5.975,-1.691,0.242,6,neutral,0.600
NO,1959,JFM,frost_days,60.000,-1.779,-11.622,6,neutral,0.600
NO,1959,JFM,ice_days,26.667,0.687,-9.141,6,neutral,0.600
NO,1959,JFM,precip,232.000,-14.957,27.118,6,neutral,0.600
NO,1959,JFM,precip_days,36.333,0.393,2.841,6,neutral,0.600
NO,1959,JFM,rain_on_snow_days,13.000,6.942,5.838,6,neutral,0.600
NO,1959,JFM,snow_cover_days,67.333,9.159,-0.683,6,neutral,0.600
NO,1959,JFM,snow_depth,18.722,-7.447,-10.939,6,neutral,0.600
NO,1959,JFM,snow_max,48.000,-4.259,-7.251,6,neutral,0.600
NO,1959,JFM,thaw_days,62.833,-0.714,9.400,6,neutral,0.600
NO,1959,JFM,tmax_mean,2.106,0.050,1.627,6,neutral,0.600
NO,1959,JFM,tmean,-0.857,0.112,1.843,6,neutral,0.600
NO,1959,JFM,tmin_mean,-3.867,0.119,2.032,6,neutral,0.600
NO,1959,NDJFM,frost_days,97.167,-0.840,-14.562,6,neutral,0.600
NO,1959,NDJFM,ice_days,45.667,4.576,-9.740,6,neutral,0.600
NO,1959,NDJFM,precip,416.583,-33.793,20.256,6,neutral,0.600
NO,1959,NDJFM,precip_days,62.500,-0.939,2.144,6,neutral,0.600
NO,1959,NDJFM,rain_on_snow_days,14.500,4.737,3.264,6,neutral,0.600
NO,1959,NDJFM,snow_cover_days,92.500,8.379,-8.798,6,neutral,0.600
NO,1959,NDJFM,snow_depth,13.784,-5.378,-8.042,6,neutral,0.600
NO,1959,NDJFM,snow_max,48.000,-5.646,-8.239,6,neutral,0.600
NO,1959,NDJFM,thaw_days,104.167,-4.674,10.077,6,neutral,0.600
NO,1959,NDJFM,tmax_mean,2.281,-0.161,1.290,6,neutral,0.600
NO,1959,NDJFM,tmean,-0.533,-0.102,1.448,6,neutral,0.600
NO,1959,NDJFM,tmin_mean,-3.433,-0.098,1.551,6,neutral,0.600
NO,1960,DJF,frost_days,69.500,6.404,-2.181,6,neutral,0.020
NO,1960,DJF,ice_days,44.833,14.978,3.691,6,neutral,0.020
NO,1960,DJF,precip,203.667,-61.221,-31.555,6,neutral,0.020
NO,1960,DJF,precip_days,28.667,-11.818,-7.775,6,neutral,0.020
NO,1960,DJF,rain_on_snow_days,3.500,-3.354,-3.537,6,neutral,0.020
NO,1960,DJF,snow_cover_days,50.333,-2.888,-17.061,6,neutral,0.020
NO,1960,DJF,snow_depth,13.456,-5.143,-9.687,6,neutral,0.020
NO,1960,DJF,snow_max,38.500,-6.089,-11.769,6,neutral,0.020
NO,1960,DJF,thaw_days,44.833,-14.688,-3.147,6,neutral,0.020
NO,1960,DJF,tmax_mean,-0.407,-1.781,-0.120,6,neutral,0.020
NO,1960,DJF,tmean,-3.193,-1.782,0.020,6,neutral,0.020
NO,1960,DJF,tmin_mean,-6.150,-1.866,0.034,6,neutral,0.020
NO,1960,JFM,frost_days,70.167,8.388,-1.254,6,neutral,0.020
NO,1960,JFM,ice_days,38.167,12.187,2.546,6,neutral,0.020
NO,1960,JFM,precip,156.883,-80.157,-49.129,6,neutral,0.020
NO,1960,JFM,precip_days,25.500,-11.607,-8.085,6,neutral,0.020
NO,1960,JFM,rain_on_snow_days,5.500,-1.458,-1.676,6,neutral,0.020
NO,1960,JFM,snow_cover_days,57.833,3.759,-9.960,6,neutral,0.020
NO,1960,JFM,snow_depth,16.625,-7.849,-12.929,6,neutral,0.020
NO,1960,JFM,snow_max,39.500,-8.859,-15.566,6,neutral,0.020
NO,1960,JFM,thaw_days,51.667,-11.881,-1.960,6,neutral,0.020
NO,1960,JFM,tmax_mean,0.756,-1.300,0.245,6,neutral,0.020
NO,1960,JFM,tmean,-2.386,-1.417,0.280,6,neutral,0.020
NO,1960,JFM,tmin_mean,-5.695,-1.709,0.168,6,neutral,0.020
NO,1960,NDJFM,frost_days,100.333,2.326,-11.115,6,neutral,0.020
NO,1960,NDJFM,ice_days,51.833,10.742,-3.311,6,neutral,0.020
NO,1960,NDJFM,precip,312.867,-122.293,-85.319,6,neutral,0.020
NO,1960,NDJFM,precip_days,47.333,-18.139,-13.146,6,neutral,0.020
NO,1960,NDJFM,rain_on_snow_days,6.333,-4.263,-4.901,6,neutral,0.020
NO,1960,NDJFM,snow_cover_days,71.833,-8.221,-29.075,6,neutral,0.020
NO,1960,NDJFM,snow_depth,10.925,-7.449,-10.826,6,neutral,0.020
NO,1960,NDJFM,snow_max,39.500,-10.246,-16.553,6,neutral,0.020
NO,1960,NDJFM,thaw_days,98.500,-10.341,4.138,6,neutral,0.020
NO,1960,NDJFM,tmax_mean,1.786,-0.656,0.766,6,neutral,0.020
NO,1960,NDJFM,tmean,-0.988,-0.558,0.962,6,neutral,0.020
NO,1960,NDJFM,tmin_mean,-3.917,-0.582,1.038,6,neutral,0.020
NO,1961,DJF,frost_days,65.833,2.737,-5.679,6,neutral,0.000
NO,1961,DJF,ice_days,35.500,5.644,-5.442,6,neutral,0.000
NO,1961,DJF,precip,227.900,-49.901,-8.502,6,neutral,0.000
NO,1961,DJF,precip_days,34.500,-5.618,-2.019,6,neutral,0.000
NO,1961,DJF,rain_on_snow_days,5.000,-1.754,-2.030,6,neutral,0.000
NO,1961,DJF,snow_cover_days,53.167,2.112,-13.949,6,neutral,0.000
NO,1961,DJF,snow_depth,16.206,-1.453,-6.856,6,neutral,0.000
NO,1961,DJF,snow_max,32.500,-12.089,-17.608,6,neutral,0.000
NO,1961,DJF,thaw_days,53.667,-5.855,5.479,6,neutral,0.000
NO,1961,DJF,tmax_mean,0.717,-0.656,0.974,6,neutral,0.000
NO,1961,DJF,tmean,-2.022,-0.611,1.158,6,neutral,0.000
NO,1961,DJF,tmin_mean,-4.823,-0.539,1.327,6,neutral,0.000
NO,1961,JFM,frost_days,60.167,-1.612,-11.052,6,neutral,0.000
NO,1961,JFM,ice_days,28.500,2.520,-6.933,6,neutral,0.000
NO,1961,JFM,precip,263.567,11.243,56.425,6,neutral,0.000
NO,1961,JFM,precip_days,39.333,0.993,5.656,6,neutral,0.000
NO,1961,JFM,rain_on_snow_days,7.333,0.142,0.142,6,neutral,0.000
NO,1961,JFM,snow_cover_days,54.333,0.159,-13.237,6,neutral,0.000
NO,1961,JFM,snow_depth,20.524,-2.796,-8.922,6,neutral,0.000
NO,1961,JFM,snow_max,47.667,2.141,-7.213,6,neutral,0.000
NO,1961,JFM,thaw_days,61.000,-2.548,7.179,6,neutral,0.000
NO,1961,JFM,tmax_mean,2.163,0.107,1.620,6,neutral,0.000
NO,1961,JFM,tmean,-0.733,0.237,1.899,6,neutral,0.000
NO,1961,JFM,tmin_mean,-3.628,0.358,2.199,6,neutral,0.000
NO,1961,NDJFM,frost_days,100.000,1.993,-11.168,6,neutral,0.000
NO,1961,NDJFM,ice_days,50.833,9.742,-4.049,6,neutral,0.000
NO,1961,NDJFM,precip,402.283,-49.313,2.240,6,neutral,0.000
NO,1961,NDJFM,precip_days,62.167,-3.539,1.564,6,neutral,0.000
NO,1961,NDJFM,rain_on_snow_days,9.167,-1.663,-2.065,6,neutral,0.000
NO,1961,NDJFM,snow_cover_days,83.333,5.979,-17.185,6,neutral,0.000
NO,1961,NDJFM,snow_depth,16.440,-0.616,-5.236,6,neutral,0.000
NO,1961,NDJFM,snow_max,48.167,1.354,-7.700,6,neutral,0.000
NO,1961,NDJFM,thaw_days,99.000,-9.841,4.364,6,neutral,0.000
NO,1961,NDJFM,tmax_mean,1.856,-0.586,0.807,6,neutral,0.000
NO,1961,NDJFM,tmean,-0.900,-0.470,1.021,6,neutral,0.000
NO,1961,NDJFM,tmin_mean,-3.750,-0.415,1.174,6,neutral,0.000
NO,1962,DJF,frost_days,67.491,4.394,-3.854,6,neutral,-0.160
NO,1962,DJF,ice_days,35.667,5.811,-5.074,6,neutral,-0.160
NO,1962,DJF,precip,307.000,12.499,69.419,6,neutral,-0.160
NO,1962,DJF,precip_days,42.167,0.782,5.569,6,neutral,-0.160
NO,1962,DJF,rain_on_snow_days,9.833,1.446,2.811,6,neutral,-0.160
NO,1962,DJF,snow_cover_days,68.500,14.712,1.663,6,neutral,-0.160
NO,1962,DJF,snow_depth,21.965,4.678,-1.016,6,neutral,-0.160
NO,1962,DJF,snow_max,45.167,2.311,-4.780,6,neutral,-0.160
NO,1962,DJF,thaw_days,53.833,-5.688,5.439,6,neutral,-0.160
NO,1962,DJF,tmax_mean,0.375,-0.998,0.599,6,neutral,-0.160
NO,1962,DJF,tmean,-2.617,-1.206,0.529,6,neutral,-0.160
NO,1962,DJF,tmin_mean,-5.638,-1.354,0.480,6,neutral,-0.160
NO,1962,JFM,frost_days,71.500,9.721,0.483,6,neutral,-0.160
NO,1962,JFM,ice_days,34.167,8.187,-1.079,6,neutral,-0.160
NO,1962,JFM,precip,274.200,4.523,65.928,6,neutral,-0.160
NO,1962,JFM,precip_days,40.833,2.593,7.063,6,neutral,-0.160
NO,1962,JFM,rain_on_snow_days,8.333,-0.258,1.129,6,neutral,-0.160
NO,1962,JFM,snow_cover_days,70.167,13.959,2.819,6,neutral,-0.160
NO,1962,JFM,snow_depth,33.587,11.840,4.248,6,neutral,-0.160
NO,1962,JFM,snow_max,64.000,20.741,9.306,6,neutral,-0.160
NO,1962,JFM,thaw_days,55.167,-8.381,1.152,6,neutral,-0.160
NO,1962,JFM,tmax_mean,0.470,-1.586,-0.105,6,neutral,-0.160
NO,1962,JFM,tmean,-2.940,-1.970,-0.341,6,neutral,-0.160
NO,1962,JFM,tmin_mean,-6.348,-2.361,-0.556,6,neutral,-0.160
NO,1962,NDJFM,frost_days,108.325,10.318,-2.563,6,neutral,-0.160
NO,1962,NDJFM,ice_days,54.000,12.909,-0.619,6,neutral,-0.160
NO,1962,NDJFM,precip,475.633,8.727,73.731,6,neutral,-0.160
NO,1962,NDJFM,precip_days,67.333,1.061,6.608,6,neutral,-0.160
NO,1962,NDJFM,rain_on_snow_days,12.833,-0.463,1.603,6,neutral,-0.160
NO,1962,NDJFM,snow_cover_days,104.333,20.979,4.205,6,neutral,-0.160
NO,1962,NDJFM,snow_depth,23.228,6.471,1.625,6,neutral,-0.160
NO,1962,NDJFM,snow_max,64.000,19.354,8.319,6,neutral,-0.160
NO,1962,NDJFM,thaw_days,96.333,-12.507,1.425,6,neutral,-0.160
NO,1962,NDJFM,tmax_mean,1.087,-1.356,0.009,6,neutral,-0.160
NO,1962,NDJFM,tmean,-2.028,-1.597,-0.137,6,neutral,-0.160
NO,1962,NDJFM,tmin_mean,-5.162,-1.827,-0.269,6,neutral,-0.160
NO,1963,DJF,frost_days,80.500,17.404,9.323,6,neutral,-0.330
NO,1963,DJF,ice_days,57.000,27.145,16.460,6,neutral,-0.330
NO,1963,DJF,precip,212.300,-34.161,-26.460,6,neutral,-0.330
NO,1963,DJF,precip_days,34.333,-2.818,-2.341,6,neutral,-0.330
NO,1963,DJF,rain_on_snow_days,5.333,-2.954,-1.681,6,neutral,-0.330
NO,1963,DJF,snow_cover_days,80.000,20.512,13.441,6,neutral,-0.330
NO,1963,DJF,snow_depth,38.759,23.834,15.859,6,neutral,-0.330
NO,1963,DJF,snow_max,74.667,36.311,24.881,6,neutral,-0.330
NO,1963,DJF,thaw_days,31.833,-27.688,-16.768,6,neutral,-0.330
NO,1963,DJF,tmax_mean,-2.124,-3.497,-1.931,6,neutral,-0.330
NO,1963,DJF,tmean,-5.516,-4.105,-2.402,6,neutral,-0.330
NO,1963,DJF,tmin_mean,-8.912,-4.628,-2.828,6,neutral,-0.330
NO,1963,JFM,frost_days,80.167,18.388,9.352,6,neutral,-0.330
NO,1963,JFM,ice_days,51.167,25.187,16.109,6,neutral,-0.330
NO,1963,JFM,precip,183.100,-35.317,-26.302,6,neutral,-0.330
NO,1963,JFM,precip_days,30.000,-5.007,-3.862,6,neutral,-0.330
NO,1963,JFM,rain_on_snow_days,5.500,-2.858,-1.719,6,neutral,-0.330
NO,1963,JFM,snow_cover_days,80.500,19.559,13.376,6,neutral,-0.330
NO,1963,JFM,snow_depth,47.498,28.484,18.266,6,neutral,-0.330
NO,1963,JFM,snow_max,73.000,32.141,18.492,6,neutral,-0.330
NO,1963,JFM,thaw_days,37.500,-26.048,-16.708,6,neutral,-0.330
NO,1963,JFM,tmax_mean,-1.218,-3.274,-1.825,6,neutral,-0.330
NO,1963,JFM,tmean,-4.862,-3.893,-2.298,6,neutral,-0.330
NO,1963,JFM,tmin_mean,-8.511,-4.525,-2.756,6,neutral,-0.330
NO,1963,NDJFM,frost_days,122.167,24.160,11.559,6,neutral,-0.330
NO,1963,NDJFM,ice_days,75.667,34.576,21.310,6,neutral,-0.330
NO,1963,NDJFM,precip,343.933,-68.353,-59.827,6,neutral,-0.330
NO,1963,NDJFM,precip_days,53.667,-8.739,-7.181,6,neutral,-0.330
NO,1963,NDJFM,rain_on_snow_days,10.000,-3.063,-1.228,6,neutral,-0.330
NO,1963,NDJFM,snow_cover_days,122.000,34.179,22.261,6,neutral,-0.330
NO,1963,NDJFM,snow_depth,35.181,20.523,13.653,6,neutral,-0.330
NO,1963,NDJFM,snow_max,75.500,31.354,20.005,6,neutral,-0.330
NO,1963,NDJFM,thaw_days,73.500,-35.341,-21.681,6,neutral,-0.330
NO,1963,NDJFM,tmax_mean,-0.346,-2.789,-1.454,6,neutral,-0.330
NO,1963,NDJFM,tmean,-3.635,-3.204,-1.774,6,neutral,-0.330
NO,1963,NDJFM,tmin_mean,-6.924,-3.590,-2.062,6,neutral,-0.330
NO,1964,DJF,frost_days,66.333,3.237,-4.676,6,elnino,0.950
NO,1964,DJF,ice_days,29.585,-0.270,-10.755,6,elnino,0.950
NO,1964,DJF,precip,274.033,11.739,34.094,6,elnino,0.950
NO,1964,DJF,precip_days,42.000,1.982,5.247,6,elnino,0.950
NO,1964,DJF,rain_on_snow_days,9.167,2.446,2.160,6,elnino,0.950
NO,1964,DJF,snow_cover_days,55.667,1.712,-10.614,6,elnino,0.950
NO,1964,DJF,snow_depth,11.191,-7.684,-11.629,6,elnino,0.950
NO,1964,DJF,snow_max,37.167,-6.689,-12.458,6,elnino,0.950
NO,1964,DJF,thaw_days,61.082,1.560,12.273,6,elnino,0.950
NO,1964,DJF,tmax_mean,1.541,0.169,1.704,6,elnino,0.950
NO,1964,DJF,tmean,-1.233,0.178,1.847,6,elnino,0.950
NO,1964,DJF,tmin_mean,-4.055,0.229,1.996,6,elnino,0.950
NO,1964,JFM,frost_days,66.000,4.221,-4.613,6,elnino,0.950
NO,1964,JFM,ice_days,20.833,-5.146,-14.037,6,elnino,0.950
NO,1964,JFM,precip,225.733,-11.177,15.202,6,elnino,0.950
NO,1964,JFM,precip_days,33.167,-4.807,-0.789,6,elnino,0.950
NO,1964,JFM,rain_on_snow_days,7.167,-0.458,-0.066,6,elnino,0.950
NO,1964,JFM,snow_cover_days,48.500,-8.241,-18.402,6,elnino,0.950
NO,1964,JFM,snow_depth,14.863,-9.774,-14.262,6,elnino,0.950
NO,1964,JFM,snow_max,37.667,-10.059,-16.655,6,elnino,0.950
NO,1964,JFM,thaw_days,69.667,6.119,15.265,6,elnino,0.950
NO,1964,JFM,tmax_mean,2.662,0.605,2.022,6,elnino,0.950
NO,1964,JFM,tmean,-0.500,0.469,2.030,6,elnino,0.950
NO,1964,JFM,tmin_mean,-3.662,0.324,2.058,6,elnino,0.950
NO,1964,NDJFM,frost_days,106.500,8.493,-3.827,6,elnino,0.950
NO,1964,NDJFM,ice_days,38.912,-2.179,-15.183,6,elnino,0.950
NO,1964,NDJFM,precip,371.083,-50.593,-34.535,6,elnino,0.950
NO,1964,NDJFM,precip_days,58.500,-5.939,-2.471,6,elnino,0.950
NO,1964,NDJFM,rain_on_snow_days,11.333,0.537,0.108,6,elnino,0.950
NO,1964,NDJFM,snow_cover_days,83.000,2.779,-16.349,6,elnino,0.950
NO,1964,NDJFM,snow_depth,12.012,-6.043,-9.442,6,elnino,0.950
NO,1964,NDJFM,snow_max,41.000,-7.446,-14.309,6,elnino,0.950
NO,1964,NDJFM,thaw_days,112.422,3.581,16.967,6,elnino,0.950
NO,1964,NDJFM,tmax_mean,2.409,-0.034,1.273,6,elnino,0.950
NO,1964,NDJFM,tmean,-0.519,-0.088,1.313,6,elnino,0.950
NO,1964,NDJFM,tmin_mean,-3.474,-0.139,1.358,6,elnino,0.950
NO,1965,DJF,frost_days,70.833,7.737,-0.009,6,lanina,-0.510
NO,1965,DJF,ice_days,35.447,5.592,-4.692,6,lanina,-0.510
NO,1965,DJF,precip,281.917,-5.401,40.798,6,lanina,-0.510
NO,1965,DJF,precip_days,43.000,3.182,6.170,6,lanina,-0.510
NO,1965,DJF,rain_on_snow_days,8.667,1.446,1.667,6,lanina,-0.510
NO,1965,DJF,snow_cover_days,64.833,10.312,-1.168,6,lanina,-0.510
NO,1965,DJF,snow_depth,25.843,10.008,3.104,6,lanina,-0.510
NO,1965,DJF,snow_max,51.333,12.511,1.870,6,lanina,-0.510
NO,1965,DJF,thaw_days,52.884,-6.637,3.868,6,lanina,-0.510
NO,1965,DJF,tmax_mean,0.830,-0.543,0.961,6,lanina,-0.510
NO,1965,DJF,tmean,-2.084,-0.673,0.964,6,lanina,-0.510
NO,1965,DJF,tmin_mean,-5.018,-0.734,1.000,6,lanina,-0.510
NO,1965,JFM,frost_days,72.333,10.555,1.922,6,lanina,-0.510
NO,1965,JFM,ice_days,33.620,7.640,-1.063,6,lanina,-0.510
NO,1965,JFM,precip,228.233,-19.557,16.572,6,lanina,-0.510
NO,1965,JFM,precip_days,41.167,3.993,7.119,6,lanina,-0.510
NO,1965,JFM,rain_on_snow_days,8.667,0.942,1.420,6,lanina,-0.510
NO,1965,JFM,snow_cover_days,69.333,12.959,2.655,6,lanina,-0.510
NO,1965,JFM,snow_depth,37.248,17.082,8.231,6,lanina,-0.510
NO,1965,JFM,snow_max,61.000,20.141,6.864,6,lanina,-0.510
NO,1965,JFM,thaw_days,54.376,-9.171,-0.219,6,lanina,-0.510
NO,1965,JFM,tmax_mean,0.955,-1.101,0.284,6,lanina,-0.510
NO,1965,JFM,tmean,-2.231,-1.261,0.266,6,lanina,-0.510
NO,1965,JFM,tmin_mean,-5.430,-1.444,0.253,6,lanina,-0.510
NO,1965,NDJFM,frost_days,112.167,14.160,2.120,6,lanina,-0.510
NO,1965,NDJFM,ice_days,50.780,9.689,-3.052,6,lanina,-0.510
NO,1965,NDJFM,precip,477.667,8.867,70.190,6,lanina,-0.510
NO,1965,NDJFM,precip_days,71.333,5.661,10.239,6,lanina,-0.510
NO,1965,NDJFM,rain_on_snow_days,13.500,2.137,2.277,6,lanina,-0.510
NO,1965,NDJFM,snow_cover_days,103.000,20.979,4.040,6,lanina,-0.510
NO,1965,NDJFM,snow_depth,26.688,11.501,5.308,6,lanina,-0.510
NO,1965,NDJFM,snow_max,63.333,21.554,8.210,6,lanina,-0.510
NO,1965,NDJFM,thaw_days,97.550,-11.291,1.822,6,lanina,-0.510
NO,1965,NDJFM,tmax_mean,1.626,-0.816,0.462,6,lanina,-0.510
NO,1965,NDJFM,tmean,-1.345,-0.915,0.456,6,lanina,-0.510
NO,1965,NDJFM,tmin_mean,-4.328,-0.994,0.473,6,lanina,-0.510
NO,1966,DJF,frost_days,82.500,19.404,11.826,6,elnino,1.240
NO,1966,DJF,ice_days,64.333,34.478,24.395,6,elnino,1.240
NO,1966,DJF,precip,150.683,-116.641,-91.615,6,elnino,1.240
NO,1966,DJF,precip_days,30.167,-10.618,-6.741,6,elnino,1.240
NO,1966,DJF,rain_on_snow_days,3.333,-5.554,-3.659,6,elnino,1.240
NO,1966,DJF,snow_cover_days,78.000,20.512,12.277,6,elnino,1.240
NO,1966,DJF,snow_depth,28.596,11.848,5.939,6,elnino,1.240
NO,1966,DJF,snow_max,58.500,17.111,9.198,6,elnino,1.240
NO,1966,DJF,thaw_days,25.333,-34.188,-23.889,6,elnino,1.240
NO,1966,DJF,tmax_mean,-3.908,-5.281,-3.809,6,elnino,1.240
NO,1966,DJF,tmean,-6.996,-5.585,-3.982,6,elnino,1.240
NO,1966,DJF,tmin_mean,-10.083,-5.799,-4.098,6,elnino,1.240
NO,1966,JFM,frost_days,75.833,14.055,5.624,6,elnino,1.240
NO,1966,JFM,ice_days,53.667,27.687,19.170,6,elnino,1.240
NO,1966,JFM,precip,205.200,-61.857,-7.592,6,elnino,1.240
NO,1966,JFM,precip_days,33.667,-6.007,-0.474,6,elnino,1.240
NO,1966,JFM,rain_on_snow_days,4.833,-3.858,-2.428,6,elnino,1.240
NO,1966,JFM,snow_cover_days,71.667,14.159,5.211,6,elnino,1.240
NO,1966,JFM,snow_depth,37.070,16.202,8.160,6,elnino,1.240
NO,1966,JFM,snow_max,64.833,22.741,10.884,6,elnino,1.240
NO,1966,JFM,thaw_days,36.000,-27.548,-18.789,6,elnino,1.240
NO,1966,JFM,tmax_mean,-2.349,-4.404,-3.052,6,elnino,1.240
NO,1966,JFM,tmean,-5.500,-4.531,-3.038,6,elnino,1.240
NO,1966,JFM,tmin_mean,-8.647,-4.661,-3.000,6,elnino,1.240
NO,1966,NDJFM,frost_days,127.333,29.326,17.567,6,elnino,1.240
NO,1966,NDJFM,ice_days,86.667,45.576,33.098,6,elnino,1.240
NO,1966,NDJFM,precip,304.083,-150.033,-105.252,6,elnino,1.240
NO,1966,NDJFM,precip_days,52.167,-14.939,-9.050,6,elnino,1.240
NO,1966,NDJFM,rain_on_snow_days,8.500,-4.863,-2.721,6,elnino,1.240
NO,1966,NDJFM,snow_cover_days,113.833,29.179,15.264,6,elnino,1.240
NO,1966,NDJFM,snow_depth,27.703,11.901,6.397,6,elnino,1.240
NO,1966,NDJFM,snow_max,66.500,21.354,11.563,6,elnino,1.240
NO,1966,NDJFM,thaw_days,63.667,-45.174,-32.334,6,elnino,1.240
NO,1966,NDJFM,tmax_mean,-1.955,-4.397,-3.149,6,elnino,1.240
NO,1966,NDJFM,tmean,-4.976,-4.546,-3.204,6,elnino,1.240
NO,1966,NDJFM,tmin_mean,-7.995,-4.660,-3.224,6,elnino,1.240
NO,1967,DJF,frost_days,70.167,7.070,-0.339,6,neutral,-0.460
NO,1967,DJF,ice_days,40.667,10.811,0.929,6,neutral,-0.460
NO,1967,DJF,precip,239.550,-60.221,-3.928,6,neutral,-0.460
NO,1967,DJF,precip_days,35.000,-7.618,-1.985,6,neutral,-0.460
NO,1967,DJF,rain_on_snow_days,6.167,-2.954,-0.818,6,neutral,-0.460
NO,1967,DJF,snow_cover_days,63.333,5.712,-2.111,6,neutral,-0.460
NO,1967,DJF,snow_depth,15.231,-3.211,-7.345,6,neutral,-0.460
NO,1967,DJF,snow_max,37.667,-6.489,-11.474,6,neutral,-0.460
NO,1967,DJF,thaw_days,48.500,-11.021,-0.929,6,neutral,-0.460
NO,1967,DJF,tmax_mean,-0.315,-1.688,-0.248,6,neutral,-0.460
NO,1967,DJF,tmean,-3.032,-1.621,-0.051,6,neutral,-0.460
NO,1967,DJF,tmin_mean,-5.752,-1.468,0.199,6,neutral,-0.460
NO,1967,JFM,frost_days,62.833,1.055,-7.174,6,neutral,-0.460
NO,1967,JFM,ice_days,31.833,5.854,-2.476,6,neutral,-0.460
NO,1967,JFM,precip,265.817,-25.397,51.895,6,neutral,-0.460
NO,1967,JFM,precip_days,41.500,0.993,7.266,6,neutral,-0.460
NO,1967,JFM,rain_on_snow_days,8.333,-0.058,1.058,6,neutral,-0.460
NO,1967,JFM,snow_cover_days,64.167,7.759,-2.066,6,neutral,-0.460
NO,1967,JFM,snow_depth,17.965,-6.016,-10.838,6,neutral,-0.460
NO,1967,JFM,snow_max,38.333,-8.459,-15.430,6,neutral,-0.460
NO,1967,JFM,thaw_days,57.333,-6.214,2.350,6,neutral,-0.460
NO,1967,JFM,tmax_mean,0.962,-1.095,0.226,6,neutral,-0.460
NO,1967,JFM,tmean,-1.851,-0.882,0.577,6,neutral,-0.460
NO,1967,JFM,tmin_mean,-4.665,-0.679,0.946,6,neutral,-0.460
NO,1967,NDJFM,frost_days,102.167,4.160,-7.319,6,neutral,-0.460
NO,1967,NDJFM,ice_days,46.667,5.576,-6.640,6,neutral,-0.460
NO,1967,NDJFM,precip,463.867,-52.033,52.674,6,neutral,-0.460
NO,1967,NDJFM,precip_days,66.333,-3.139,4.993,6,neutral,-0.460
NO,1967,NDJFM,rain_on_snow_days,12.167,-1.063,0.948,6,neutral,-0.460
NO,1967,NDJFM,snow_cover_days,91.833,7.179,-6.347,6,neutral,-0.460
NO,1967,NDJFM,snow_depth,12.713,-5.460,-8.519,6,neutral,-0.460
NO,1967,NDJFM,snow_max,39.333,-9.846,-15.418,6,neutral,-0.460
NO,1967,NDJFM,thaw_days,103.000,-5.841,6.726,6,neutral,-0.460
NO,1967,NDJFM,tmax_mean,1.542,-0.900,0.320,6,neutral,-0.460
NO,1967,NDJFM,tmean,-1.180,-0.750,0.561,6,neutral,-0.460
NO,1967,NDJFM,tmin_mean,-3.906,-0.571,0.835,6,neutral,-0.460
NO,1968,DJF,frost_days,76.167,13.070,5.828,6,neutral,-0.620
NO,1968,DJF,ice_days,51.500,21.645,11.963,6,neutral,-0.620
NO,1968,DJF,precip,318.617,15.719,73.960,6,neutral,-0.620
NO,1968,DJF,precip_days,44.500,3.382,7.437,6,neutral,-0.620
NO,1968,DJF,rain_on_snow_days,7.167,-1.754,0.190,6,neutral,-0.620
NO,1968,DJF,snow_cover_days,76.167,18.512,11.001,6,neutral,-0.620
NO,1968,DJF,snow_depth,31.978,15.408,9.482,6,neutral,-0.620
NO,1968,DJF,snow_max,70.833,29.511,21.854,6,neutral,-0.620
NO,1968,DJF,thaw_days,39.000,-20.521,-10.636,6,neutral,-0.620
NO,1968,DJF,tmax_mean,-1.697,-3.070,-1.660,6,neutral,-0.620
NO,1968,DJF,tmean,-4.832,-3.421,-1.884,6,neutral,-0.620
NO,1968,DJF,tmin_mean,-7.965,-3.680,-2.046,6,neutral,-0.620
NO,1968,JFM,frost_days,72.333,10.555,2.528,6,neutral,-0.620
NO,1968,JFM,ice_days,40.667,14.687,6.545,6,neutral,-0.620
NO,1968,JFM,precip,283.850,15.763,68.798,6,neutral,-0.620
NO,1968,JFM,precip_days,44.667,5.793,10.341,6,neutral,-0.620
NO,1968,JFM,rain_on_snow_days,9.667,0.342,2.377,6,neutral,-0.620
NO,1968,JFM,snow_cover_days,76.833,16.559,10.824,6,neutral,-0.620
NO,1968,JFM,snow_depth,43.571,22.692,14.876,6,neutral,-0.620
NO,1968,JFM,snow_max,74.667,30.141,21.089,6,neutral,-0.620
NO,1968,JFM,thaw_days,49.667,-13.881,-5.510,6,neutral,-0.620
NO,1968,JFM,tmax_mean,-0.271,-2.327,-1.038,6,neutral,-0.620
NO,1968,JFM,tmean,-3.423,-2.454,-1.029,6,neutral,-0.620
NO,1968,JFM,tmin_mean,-6.576,-2.589,-1.000,6,neutral,-0.620
NO,1968,NDJFM,frost_days,105.667,7.660,-3.539,6,neutral,-0.620
NO,1968,NDJFM,ice_days,59.833,18.742,6.789,6,neutral,-0.620
NO,1968,NDJFM,precip,541.400,33.387,128.349,6,neutral,-0.620
NO,1968,NDJFM,precip_days,76.667,8.861,15.204,6,neutral,-0.620
NO,1968,NDJFM,rain_on_snow_days,13.000,-0.463,1.783,6,neutral,-0.620
NO,1968,NDJFM,snow_cover_days,107.000,21.579,9.210,6,neutral,-0.620
NO,1968,NDJFM,snow_depth,29.385,13.570,8.228,6,neutral,-0.620
NO,1968,NDJFM,snow_max,74.833,28.954,20.268,6,neutral,-0.620
NO,1968,NDJFM,thaw_days,91.000,-17.841,-5.547,6,neutral,-0.620
NO,1968,NDJFM,tmax_mean,0.805,-1.638,-0.447,6,neutral,-0.620
NO,1968,NDJFM,tmean,-2.216,-1.786,-0.504,6,neutral,-0.620
NO,1968,NDJFM,tmin_mean,-5.237,-1.902,-0.527,6,neutral,-0.620
NO,1969,DJF,frost_days,73.500,10.404,3.329,6,elnino,0.980
NO,1969,DJF,ice_days,44.833,14.978,5.497,6,elnino,0.980
NO,1969,DJF,precip,172.850,-106.801,-72.986,6,elnino,0.980
NO,1969,DJF,precip_days,26.167,-13.818,-10.974,6,elnino,0.980
NO,1969,DJF,rain_on_snow_days,3.333,-3.954,-3.636,6,elnino,0.980
NO,1969,DJF,snow_cover_days,64.000,8.112,-0.887,6,elnino,0.980
NO,1969,DJF,snow_depth,11.574,-7.862,-10.841,6,elnino,0.980
NO,1969,DJF,snow_max,35.500,-8.889,-13.319,6,elnino,0.980
NO,1969,DJF,thaw_days,44.500,-15.021,-5.344,6,elnino,0.980
NO,1969,DJF,tmax_mean,-0.469,-1.842,-0.464,6,elnino,0.980
NO,1969,DJF,tmean,-3.380,-1.969,-0.465,6,elnino,0.980
NO,1969,DJF,tmin_mean,-6.297,-2.013,-0.412,6,elnino,0.980
NO,1969,JFM,frost_days,78.333,16.555,8.729,6,elnino,0.980
NO,1969,JFM,ice_days,41.500,15.520,7.566,6,elnino,0.980
NO,1969,JFM,precip,166.067,-98.457,-50.115,6,elnino,0.980
NO,1969,JFM,precip_days,26.000,-12.207,-8.419,6,elnino,0.980
NO,1969,JFM,rain_on_snow_days,4.000,-4.258,-3.303,6,elnino,0.980
NO,1969,JFM,snow_cover_days,80.833,21.359,15.047,6,elnino,0.980
NO,1969,JFM,snow_depth,20.083,-5.160,-8.505,6,elnino,0.980
NO,1969,JFM,snow_max,45.167,-2.459,-8.225,6,elnino,0.980
NO,1969,JFM,thaw_days,47.833,-15.714,-7.537,6,elnino,0.980
NO,1969,JFM,tmax_mean,-0.256,-2.312,-1.056,6,elnino,0.980
NO,1969,JFM,tmean,-3.784,-2.815,-1.423,6,elnino,0.980
NO,1969,JFM,tmin_mean,-7.316,-3.330,-1.777,6,elnino,0.980
NO,1969,NDJFM,frost_days,123.167,25.160,14.242,6,elnino,0.980
NO,1969,NDJFM,ice_days,60.500,19.409,7.718,6,elnino,0.980
NO,1969,NDJFM,precip,292.917,-149.433,-121.993,6,elnino,0.980
NO,1969,NDJFM,precip_days,46.667,-16.539,-14.919,6,elnino,0.980
NO,1969,NDJFM,rain_on_snow_days,9.333,-1.863,-1.881,6,elnino,0.980
NO,1969,NDJFM,snow_cover_days,110.667,26.779,13.266,6,elnino,0.980
NO,1969,NDJFM,snow_depth,13.995,-4.660,-7.088,6,elnino,0.980
NO,1969,NDJFM,snow_max,45.167,-3.846,-9.213,6,elnino,0.980
NO,1969,NDJFM,thaw_days,89.167,-19.674,-7.653,6,elnino,0.980
NO,1969,NDJFM,tmax_mean,0.442,-2.001,-0.839,6,elnino,0.980
NO,1969,NDJFM,tmean,-2.698,-2.267,-1.016,6,elnino,0.980
NO,1969,NDJFM,tmin_mean,-5.841,-2.506,-1.161,6,elnino,0.980
NO,1970,DJF,frost_days,83.500,20.404,13.497,6,neutral,0.460
NO,1970,DJF,ice_days,54.000,24.145,14.864,6,neutral,0.460
NO,1970,DJF,precip,149.183,-117.201,-97.832,6,neutral,0.460
NO,1970,DJF,precip_days,28.833,-12.018,-8.385,6,neutral,0.460
NO,1970,DJF,rain_on_snow_days,5.833,-3.354,-1.129,6,neutral,0.460
NO,1970,DJF,snow_cover_days,79.333,23.112,14.725,6,neutral,0.460
NO,1970,DJF,snow_depth,33.950,17.765,11.615,6,neutral,0.460
NO,1970,DJF,snow_max,58.500,16.311,9.842,6,neutral,0.460
NO,1970,DJF,thaw_days,34.500,-25.021,-15.550,6,neutral,0.460
NO,1970,DJF,tmax_mean,-2.428,-3.801,-2.455,6,neutral,0.460
NO,1970,DJF,tmean,-5.551,-4.140,-2.669,6,neutral,0.460
NO,1970,DJF,tmin_mean,-8.673,-4.389,-2.821,6,neutral,0.460
NO,1970,JFM,frost_days,83.667,21.888,14.265,6,neutral,0.460
NO,1970,JFM,ice_days,46.333,20.354,12.586,6,neutral,0.460
NO,1970,JFM,precip,142.600,-112.117,-74.712,6,neutral,0.460
NO,1970,JFM,precip_days,28.000,-11.607,-6.512,6,neutral,0.460
NO,1970,JFM,rain_on_snow_days,5.667,-4.458,-1.651,6,neutral,0.460
NO,1970,JFM,snow_cover_days,83.833,22.959,18.270,6,neutral,0.460
NO,1970,JFM,snow_depth,41.498,19.424,13.017,6,neutral,0.460
NO,1970,JFM,snow_max,59.833,12.941,6.628,6,neutral,0.460
NO,1970,JFM,thaw_days,42.167,-21.381,-13.397,6,neutral,0.460
NO,1970,JFM,tmax_mean,-1.544,-3.600,-2.376,6,neutral,0.460
NO,1970,JFM,tmean,-4.869,-3.899,-2.542,6,neutral,0.460
NO,1970,JFM,tmin_mean,-8.193,-4.207,-2.690,6,neutral,0.460
NO,1970,NDJFM,frost_days,132.667,34.660,24.022,6,neutral,0.460
NO,1970,NDJFM,ice_days,70.333,29.242,17.814,6,neutral,0.460
NO,1970,NDJFM,precip,314.133,-142.533,-102.634,6,neutral,0.460
NO,1970,NDJFM,precip_days,55.000,-12.739,-6.709,6,neutral,0.460
NO,1970,NDJFM,rain_on_snow_days,10.167,-4.263,-1.046,6,neutral,0.460
NO,1970,NDJFM,snow_cover_days,126.667,41.979,29.656,6,neutral,0.460
NO,1970,NDJFM,snow_depth,32.259,16.291,11.250,6,neutral,0.460
NO,1970,NDJFM,snow_max,59.833,11.554,5.640,6,neutral,0.460
NO,1970,NDJFM,thaw_days,78.333,-30.507,-18.759,6,neutral,0.460
NO,1970,NDJFM,tmax_mean,-0.718,-3.160,-2.027,6,neutral,0.460
NO,1970,NDJFM,tmean,-3.882,-3.451,-2.229,6,neutral,0.460
NO,1970,NDJFM,tmin_mean,-7.044,-3.709,-2.395,6,neutral,0.460
NO,1971,DJF,frost_days,62.167,-0.930,-7.668,6,lanina,-1.290
NO,1971,DJF,ice_days,31.833,1.978,-7.102,6,lanina,-1.290
NO,1971,DJF,precip,263.500,-23.521,15.305,6,lanina,-1.290
NO,1971,DJF,precip_days,41.000,-0.018,3.704,6,lanina,-1.290
NO,1971,DJF,rain_on_snow_days,6.667,0.646,-0.288,6,lanina,-1.290
NO,1971,DJF,snow_cover_days,54.333,2.112,-9.996,6,lanina,-1.290
NO,1971,DJF,snow_depth,28.435,13.150,6.181,6,lanina,-1.290
NO,1971,DJF,snow_max,59.500,19.511,11.003,6,lanina,-1.290
NO,1971,DJF,thaw_days,56.667,-2.855,6.409,6,lanina,-1.290
NO,1971,DJF,tmax_mean,1.267,-0.106,1.209,6,lanina,-1.290
NO,1971,DJF,tmean,-1.556,-0.144,1.293,6,lanina,-1.290
NO,1971,DJF,tmin_mean,-4.380,-0.096,1.439,6,lanina,-1.290
NO,1971,JFM,frost_days,64.500,2.721,-4.700,6,lanina,-1.290
NO,1971,JFM,ice_days,33.667,7.687,0.107,6,lanina,-1.290
NO,1971,JFM,precip,252.400,-6.897,33.958,6,lanina,-1.290
NO,1971,JFM,precip_days,38.333,-0.207,3.729,6,lanina,-1.290
NO,1971,JFM,rain_on_snow_days,6.500,-0.458,-0.832,6,lanina,-1.290
NO,1971,JFM,snow_cover_days,56.667,3.759,-8.674,6,lanina,-1.290
NO,1971,JFM,snow_depth,39.613,20.115,11.239,6,lanina,-1.290
NO,1971,JFM,snow_max,75.500,34.741,22.480,6,lanina,-1.290
NO,1971,JFM,thaw_days,55.500,-8.048,-0.257,6,lanina,-1.290
NO,1971,JFM,tmax_mean,1.055,-1.001,0.191,6,lanina,-1.290
NO,1971,JFM,tmean,-2.169,-1.200,0.124,6,lanina,-1.290
NO,1971,JFM,tmin_mean,-5.395,-1.409,0.072,6,lanina,-1.290
NO,1971,NDJFM,frost_days,104.167,6.160,-4.198,6,lanina,-1.290
NO,1971,NDJFM,ice_days,54.333,13.242,2.076,6,lanina,-1.290
NO,1971,NDJFM,precip,467.717,5.687,49.091,6,lanina,-1.290
NO,1971,NDJFM,precip_days,68.167,1.861,6.335,6,lanina,-1.290
NO,1971,NDJFM,rain_on_snow_days,11.167,0.937,-0.043,6,lanina,-1.290
NO,1971,NDJFM,snow_cover_days,94.333,17.179,-2.288,6,lanina,-1.290
NO,1971,NDJFM,snow_depth,30.289,15.938,9.354,6,lanina,-1.290
NO,1971,NDJFM,snow_max,75.833,33.754,21.826,6,lanina,-1.290
NO,1971,NDJFM,thaw_days,94.333,-14.507,-3.032,6,lanina,-1.290
NO,1971,NDJFM,tmax_mean,1.363,-1.079,0.025,6,lanina,-1.290
NO,1971,NDJFM,tmean,-1.657,-1.227,-0.034,6,lanina,-1.290
NO,1971,NDJFM,tmin_mean,-4.680,-1.345,-0.061,6,lanina,-1.290
NO,1972,DJF,frost_days,68.000,4.904,-1.667,6,lanina,-0.570
NO,1972,DJF,ice_days,34.000,4.144,-4.735,6,lanina,-0.570
NO,1972,DJF,precip,219.633,-60.881,-29.741,6,lanina,-0.570
NO,1972,DJF,precip_days,31.167,-8.418,-6.207,6,lanina,-0.570
NO,1972,DJF,rain_on_snow_days,8.167,1.646,1.220,6,lanina,-0.570
NO,1972,DJF,snow_cover_days,55.167,4.712,-8.884,6,lanina,-0.570
NO,1972,DJF,snow_depth,19.132,2.083,-3.041,6,lanina,-0.570
NO,1972,DJF,snow_max,34.500,-10.689,-13.836,6,lanina,-0.570
NO,1972,DJF,thaw_days,55.333,-4.188,4.869,6,lanina,-0.570
NO,1972,DJF,tmax_mean,1.228,-0.145,1.139,6,lanina,-0.570
NO,1972,DJF,tmean,-1.436,-0.025,1.379,6,lanina,-0.570
NO,1972,DJF,tmin_mean,-4.095,0.189,1.691,6,lanina,-0.570
NO,1972,JFM,frost_days,71.333,9.555,2.335,6,lanina,-0.570
NO,1972,JFM,ice_days,35.833,9.854,2.461,6,lanina,-0.570
NO,1972,JFM,precip,125.767,-109.857,-93.805,6,lanina,-0.570
NO,1972,JFM,precip_days,22.667,-13.807,-12.030,6,lanina,-0.570
NO,1972,JFM,rain_on_snow_days,4.833,-2.658,-2.512,6,lanina,-0.570
NO,1972,JFM,snow_cover_days,54.000,1.359,-11.117,6,lanina,-0.570
NO,1972,JFM,snow_depth,21.471,-1.614,-6.796,6,lanina,-0.570
NO,1972,JFM,snow_max,45.333,-1.659,-7.500,6,lanina,-0.570
NO,1972,JFM,thaw_days,54.000,-9.548,-1.951,6,lanina,-0.570
NO,1972,JFM,tmax_mean,1.243,-0.813,0.346,6,lanina,-0.570
NO,1972,JFM,tmean,-1.656,-0.686,0.604,6,lanina,-0.570
NO,1972,JFM,tmin_mean,-4.548,-0.561,0.884,6,lanina,-0.570
NO,1972,NDJFM,frost_days,108.833,10.826,0.749,6,lanina,-0.570
NO,1972,NDJFM,ice_days,51.667,10.576,-0.328,6,lanina,-0.570
NO,1972,NDJFM,precip,431.367,-36.773,10.882,6,lanina,-0.570
NO,1972,NDJFM,precip_days,60.500,-4.139,-1.455,6,lanina,-0.570
NO,1972,NDJFM,rain_on_snow_days,11.333,0.537,0.126,6,lanina,-0.570
NO,1972,NDJFM,snow_cover_days,91.500,15.179,-4.732,6,lanina,-0.570
NO,1972,NDJFM,snow_depth,19.306,2.644,-1.554,6,lanina,-0.570
NO,1972,NDJFM,snow_max,45.667,-2.646,-8.155,6,lanina,-0.570
NO,1972,NDJFM,thaw_days,98.167,-10.674,0.528,6,lanina,-0.570
NO,1972,NDJFM,tmax_mean,1.902,-0.540,0.535,6,lanina,-0.570
NO,1972,NDJFM,tmean,-0.970,-0.540,0.622,6,lanina,-0.570
NO,1972,NDJFM,tmin_mean,-3.839,-0.505,0.749,6,lanina,-0.570
NO,1973,DJF,frost_days,53.667,-9.430,-15.833,6,elnino,1.550
NO,1973,DJF,ice_days,18.667,-11.189,-19.868,6,elnino,1.550
NO,1973,DJF,precip,288.783,-17.921,38.230,6,elnino,1.550
NO,1973,DJF,precip_days,43.500,1.582,6.049,6,elnino,1.550
NO,1973,DJF,rain_on_snow_days,7.333,1.046,0.394,6,elnino,1.550
NO,1973,DJF,snow_cover_days,45.833,-7.488,-17.939,6,elnino,1.550
NO,1973,DJF,snow_depth,13.367,-4.957,-8.726,6,elnino,1.550
NO,1973,DJF,snow_max,39.833,-3.089,-8.341,6,elnino,1.550
NO,1973,DJF,thaw_days,70.833,11.312,20.162,6,elnino,1.550
NO,1973,DJF,tmax_mean,3.115,1.742,2.994,6,elnino,1.550
NO,1973,DJF,tmean,0.511,1.922,3.293,6,elnino,1.550
NO,1973,DJF,tmin_mean,-2.143,2.142,3.611,6,elnino,1.550
NO,1973,JFM,frost_days,56.500,-5.279,-12.296,6,elnino,1.550
NO,1973,JFM,ice_days,20.000,-5.980,-13.185,6,elnino,1.550
NO,1973,JFM,precip,298.217,9.063,77.515,6,elnino,1.550
NO,1973,JFM,precip_days,44.333,4.993,9.544,6,elnino,1.550
NO,1973,JFM,rain_on_snow_days,7.500,0.742,0.140,6,elnino,1.550
NO,1973,JFM,snow_cover_days,52.667,-1.641,-12.228,6,elnino,1.550
NO,1973,JFM,snow_depth,20.476,-2.938,-7.683,6,elnino,1.550
NO,1973,JFM,snow_max,48.833,3.741,-3.814,6,elnino,1.550
NO,1973,JFM,thaw_days,69.500,5.952,13.355,6,elnino,1.550
NO,1973,JFM,tmax_mean,3.267,1.211,2.339,6,elnino,1.550
NO,1973,JFM,tmean,0.311,1.281,2.536,6,elnino,1.550
NO,1973,JFM,tmin_mean,-2.690,1.296,2.705,6,elnino,1.550
NO,1973,NDJFM,frost_days,86.000,-12.007,-21.804,6,elnino,1.550
NO,1973,NDJFM,ice_days,28.833,-12.258,-22.898,6,elnino,1.550
NO,1973,NDJFM,precip,535.067,5.887,112.724,6,elnino,1.550
NO,1973,NDJFM,precip_days,74.833,6.461,12.756,6,elnino,1.550
NO,1973,NDJFM,rain_on_snow_days,13.500,3.137,2.294,6,elnino,1.550
NO,1973,NDJFM,snow_cover_days,78.000,-2.621,-17.841,6,elnino,1.550
NO,1973,NDJFM,snow_depth,15.638,-1.656,-5.148,6,elnino,1.550
NO,1973,NDJFM,snow_max,50.833,4.754,-2.802,6,elnino,1.550
NO,1973,NDJFM,thaw_days,121.333,12.493,23.421,6,elnino,1.550
NO,1973,NDJFM,tmax_mean,3.606,1.164,2.209,6,elnino,1.550
NO,1973,NDJFM,tmean,0.876,1.306,2.439,6,elnino,1.550
NO,1973,NDJFM,tmin_mean,-1.881,1.453,2.676,6,elnino,1.550
NO,1974,DJF,frost_days,58.667,-4.430,-10.665,6,lanina,-1.870
NO,1974,DJF,ice_days,28.000,-1.855,-10.334,6,lanina,-1.870
NO,1974,DJF,precip,271.550,-36.961,19.817,6,lanina,-1.870
NO,1974,DJF,precip_days,41.667,-1.018,4.138,6,lanina,-1.870
NO,1974,DJF,rain_on_snow_days,9.000,2.046,2.068,6,lanina,-1.870
NO,1974,DJF,snow_cover_days,61.167,9.912,-2.327,6,lanina,-1.870
NO,1974,DJF,snow_depth,32.946,18.510,10.935,6,lanina,-1.870
NO,1974,DJF,snow_max,52.667,12.911,4.654,6,lanina,-1.870
NO,1974,DJF,thaw_days,61.333,1.812,10.455,6,lanina,-1.870
NO,1974,DJF,tmax_mean,1.523,0.150,1.370,6,lanina,-1.870
NO,1974,DJF,tmean,-1.076,0.336,1.674,6,lanina,-1.870
NO,1974,DJF,tmin_mean,-3.800,0.484,1.920,6,lanina,-1.870
NO,1974,JFM,frost_days,56.000,-5.779,-12.594,6,lanina,-1.870
NO,1974,JFM,ice_days,16.667,-9.313,-16.331,6,lanina,-1.870
NO,1974,JFM,precip,177.833,-76.977,-43.998,6,lanina,-1.870
NO,1974,JFM,precip_days,29.333,-9.407,-5.549,6,lanina,-1.870
NO,1974,JFM,rain_on_snow_days,7.333,0.942,-0.041,6,lanina,-1.870
NO,1974,JFM,snow_cover_days,51.333,-0.641,-13.338,6,lanina,-1.870
NO,1974,JFM,snow_depth,30.059,8.840,2.007,6,lanina,-1.870
NO,1974,JFM,snow_max,46.833,4.541,-5.628,6,lanina,-1.870
NO,1974,JFM,thaw_days,72.667,9.119,16.328,6,lanina,-1.870
NO,1974,JFM,tmax_mean,3.476,1.420,2.516,6,lanina,-1.870
NO,1974,JFM,tmean,0.504,1.473,2.695,6,lanina,-1.870
NO,1974,JFM,tmin_mean,-2.445,1.541,2.914,6,lanina,-1.870
NO,1974,NDJFM,frost_days,101.500,3.493,-6.023,6,lanina,-1.870
NO,1974,NDJFM,ice_days,43.667,2.576,-7.802,6,lanina,-1.870
NO,1974,NDJFM,precip,437.500,-59.393,13.300,6,lanina,-1.870
NO,1974,NDJFM,precip_days,64.667,-3.139,2.466,6,lanina,-1.870
NO,1974,NDJFM,rain_on_snow_days,12.833,1.537,1.630,6,lanina,-1.870
NO,1974,NDJFM,snow_cover_days,95.667,17.379,0.215,6,lanina,-1.870
NO,1974,NDJFM,snow_depth,27.743,12.744,7.031,6,lanina,-1.870
NO,1974,NDJFM,snow_max,53.000,7.954,-0.450,6,lanina,-1.870
NO,1974,NDJFM,thaw_days,106.000,-2.841,7.815,6,lanina,-1.870
NO,1974,NDJFM,tmax_mean,2.319,-0.124,0.893,6,lanina,-1.870
NO,1974,NDJFM,tmean,-0.639,-0.209,0.894,6,lanina,-1.870
NO,1974,NDJFM,tmin_mean,-3.621,-0.287,0.906,6,lanina,-1.870
NO,1975,DJF,frost_days,59.333,-3.763,-9.830,6,lanina,-0.560
NO,1975,DJF,ice_days,20.000,-9.855,-18.133,6,lanina,-0.560
NO,1975,DJF,precip,342.183,35.439,89.271,6,lanina,-0.560
NO,1975,DJF,precip_days,47.000,4.782,9.393,6,lanina,-0.560
NO,1975,DJF,rain_on_snow_days,7.667,2.046,0.742,6,lanina,-0.560
NO,1975,DJF,snow_cover_days,54.667,4.312,-8.548,6,lanina,-0.560
NO,1975,DJF,snow_depth,11.913,-6.484,-10.018,6,lanina,-0.560
NO,1975,DJF,snow_max,28.833,-14.289,-19.019,6,lanina,-0.560
NO,1975,DJF,thaw_days,68.833,9.312,17.748,6,lanina,-0.560
NO,1975,DJF,tmax_mean,2.671,1.298,2.487,6,lanina,-0.560
NO,1975,DJF,tmean,-0.363,1.048,2.353,6,lanina,-0.560
NO,1975,DJF,tmin_mean,-3.505,0.780,2.182,6,lanina,-0.560
NO,1975,JFM,frost_days,62.833,1.055,-5.559,6,lanina,-0.560
NO,1975,JFM,ice_days,15.000,-10.980,-17.811,6,lanina,-0.560
NO,1975,JFM,precip,275.883,24.723,52.921,6,lanina,-0.560
NO,1975,JFM,precip_days,39.333,1.593,4.359,6,lanina,-0.560
NO,1975,JFM,rain_on_snow_days,9.667,3.342,2.278,6,lanina,-0.560
NO,1975,JFM,snow_cover_days,53.667,-0.241,-10.782,6,lanina,-0.560
NO,1975,JFM,snow_depth,15.261,-9.185,-12.684,6,lanina,-0.560
NO,1975,JFM,snow_max,31.333,-16.659,-20.942,6,lanina,-0.560
NO,1975,JFM,thaw_days,74.000,10.452,17.468,6,lanina,-0.560
NO,1975,JFM,tmax_mean,3.166,1.110,2.173,6,lanina,-0.560
NO,1975,JFM,tmean,-0.058,0.911,2.099,6,lanina,-0.560
NO,1975,JFM,tmin_mean,-3.247,0.739,2.076,6,lanina,-0.560
NO,1975,NDJFM,frost_days,101.500,3.493,-5.743,6,lanina,-0.560
NO,1975,NDJFM,ice_days,29.333,-11.758,-21.873,6,lanina,-0.560
NO,1975,NDJFM,precip,471.650,-9.713,45.591,6,lanina,-0.560
NO,1975,NDJFM,precip_days,66.000,-1.539,3.676,6,lanina,-0.560
NO,1975,NDJFM,rain_on_snow_days,12.500,2.937,1.299,6,lanina,-0.560
NO,1975,NDJFM,snow_cover_days,80.667,2.779,-14.395,6,lanina,-0.560
NO,1975,NDJFM,snow_depth,10.383,-7.933,-10.255,6,lanina,-0.560
NO,1975,NDJFM,snow_max,31.500,-17.846,-21.764,6,lanina,-0.560
NO,1975,NDJFM,thaw_days,120.000,11.159,21.542,6,lanina,-0.560
NO,1975,NDJFM,tmax_mean,3.068,0.625,1.613,6,lanina,-0.560
NO,1975,NDJFM,tmean,0.042,0.473,1.545,6,lanina,-0.560
NO,1975,NDJFM,tmin_mean,-3.002,0.333,1.495,6,lanina,-0.560
NO,1976,DJF,frost_days,70.500,7.404,1.504,6,lanina,-1.490
NO,1976,DJF,ice_days,34.000,4.144,-3.932,6,lanina,-1.490
NO,1976,DJF,precip,355.883,66.099,101.792,6,lanina,-1.490
NO,1976,DJF,precip_days,48.000,6.582,10.316,6,lanina,-1.490
NO,1976,DJF,rain_on_snow_days,7.833,0.246,0.916,6,lanina,-1.490
NO,1976,DJF,snow_cover_days,70.667,15.912,7.730,6,lanina,-1.490
NO,1976,DJF,snow_depth,42.241,29.653,20.392,6,lanina,-1.490
NO,1976,DJF,snow_max,69.333,34.711,21.642,6,lanina,-1.490
NO,1976,DJF,thaw_days,55.500,-4.021,4.208,6,lanina,-1.490
NO,1976,DJF,tmax_mean,0.813,-0.560,0.598,6,lanina,-1.490
NO,1976,DJF,tmean,-2.443,-1.032,0.240,6,lanina,-1.490
NO,1976,DJF,tmin_mean,-5.713,-1.429,-0.059,6,lanina,-1.490
NO,1976,JFM,frost_days,76.000,14.221,7.809,6,lanina,-1.490
NO,1976,JFM,ice_days,33.000,7.020,0.376,6,lanina,-1.490
NO,1976,JFM,precip,195.250,-56.477,-28.842,6,lanina,-1.490
NO,1976,JFM,precip_days,32.000,-6.407,-3.067,6,lanina,-1.490
NO,1976,JFM,rain_on_snow_days,7.333,-1.058,-0.069,6,lanina,-1.490
NO,1976,JFM,snow_cover_days,72.833,16.159,8.608,6,lanina,-1.490
NO,1976,JFM,snow_depth,47.586,29.551,19.749,6,lanina,-1.490
NO,1976,JFM,snow_max,68.667,29.941,16.577,6,lanina,-1.490
NO,1976,JFM,thaw_days,57.167,-6.381,0.441,6,lanina,-1.490
NO,1976,JFM,tmax_mean,0.706,-1.350,-0.319,6,lanina,-1.490
NO,1976,JFM,tmean,-2.887,-1.918,-0.764,6,lanina,-1.490
NO,1976,JFM,tmin_mean,-6.378,-2.392,-1.091,6,lanina,-1.490
NO,1976,NDJFM,frost_days,111.167,13.160,4.204,6,lanina,-1.490
NO,1976,NDJFM,ice_days,45.833,4.742,-5.111,6,lanina,-1.490
NO,1976,NDJFM,precip,498.183,29.427,70.266,6,lanina,-1.490
NO,1976,NDJFM,precip_days,69.833,3.061,7.387,6,lanina,-1.490
NO,1976,NDJFM,rain_on_snow_days,11.333,-0.263,0.135,6,lanina,-1.490
NO,1976,NDJFM,snow_cover_days,101.333,20.979,6.661,6,lanina,-1.490
NO,1976,NDJFM,snow_depth,34.544,21.029,13.980,6,lanina,-1.490
NO,1976,NDJFM,snow_max,69.333,29.354,16.255,6,lanina,-1.490
NO,1976,NDJFM,thaw_days,103.500,-5.341,4.769,6,lanina,-1.490
NO,1976,NDJFM,tmax_mean,1.982,-0.461,0.499,6,lanina,-1.490
NO,1976,NDJFM,tmean,-1.349,-0.919,0.124,6,lanina,-1.490
NO,1976,NDJFM,tmin_mean,-4.629,-1.295,-0.163,6,lanina,-1.490
NO,1977,DJF,frost_days,82.333,19.237,13.505,6,elnino,0.710
NO,1977,DJF,ice_days,51.472,21.616,13.740,6,elnino,0.710
NO,1977,DJF,precip,128.200,-128.001,-127.071,6,elnino,0.710
NO,1977,DJF,precip_days,26.833,-12.418,-10.928,6,elnino,0.710
NO,1977,DJF,rain_on_snow_days,5.833,-2.354,-1.076,6,elnino,0.710
NO,1977,DJF,snow_cover_days,74.500,16.712,11.842,6,elnino,0.710
NO,1977,DJF,snow_depth,16.567,-2.188,-5.202,6,elnino,0.710
NO,1977,DJF,snow_max,37.667,-7.689,-9.863,6,elnino,0.710
NO,1977,DJF,thaw_days,37.359,-22.162,-14.140,6,elnino,0.710
NO,1977,DJF,tmax_mean,-1.711,-3.084,-1.958,6,elnino,0.710
NO,1977,DJF,tmean,-4.921,-3.509,-2.271,6,elnino,0.710
NO,1977,DJF,tmin_mean,-8.035,-3.751,-2.415,6,elnino,0.710
NO,1977,JFM,frost_days,73.333,11.555,5.344,6,elnino,0.710
NO,1977,JFM,ice_days,39.500,13.520,7.064,6,elnino,0.710
NO,1977,JFM,precip,167.917,-63.957,-57.306,6,elnino,0.710
NO,1977,JFM,precip_days,31.667,-5.007,-3.494,6,elnino,0.710
NO,1977,JFM,rain_on_snow_days,8.167,-0.258,0.750,6,elnino,0.710
NO,1977,JFM,snow_cover_days,72.000,13.359,7.997,6,elnino,0.710
NO,1977,JFM,snow_depth,22.672,-0.774,-5.058,6,elnino,0.710
NO,1977,JFM,snow_max,49.000,3.741,-2.904,6,elnino,0.710
NO,1977,JFM,thaw_days,49.833,-13.714,-7.086,6,elnino,0.710
NO,1977,JFM,tmax_mean,0.141,-1.915,-0.916,6,elnino,0.710
NO,1977,JFM,tmean,-3.119,-2.150,-1.029,6,elnino,0.710
NO,1977,JFM,tmin_mean,-6.248,-2.262,-0.997,6,elnino,0.710
NO,1977,NDJFM,frost_days,118.333,20.326,11.651,6,elnino,0.710
NO,1977,NDJFM,ice_days,63.623,22.532,12.942,6,elnino,0.710
NO,1977,NDJFM,precip,314.317,-113.933,-115.459,6,elnino,0.710
NO,1977,NDJFM,precip_days,57.333,-6.939,-5.236,6,elnino,0.710
NO,1977,NDJFM,rain_on_snow_days,11.000,-1.063,-0.197,6,elnino,0.710
NO,1977,NDJFM,snow_cover_days,104.500,20.379,10.217,6,elnino,0.710
NO,1977,NDJFM,snow_depth,16.343,-1.430,-4.146,6,elnino,0.710
NO,1977,NDJFM,snow_max,50.500,2.354,-2.392,6,elnino,0.710
NO,1977,NDJFM,thaw_days,86.042,-22.799,-12.962,6,elnino,0.710
NO,1977,NDJFM,tmax_mean,0.432,-2.010,-1.080,6,elnino,0.710
NO,1977,NDJFM,tmean,-2.734,-2.304,-1.291,6,elnino,0.710
NO,1977,NDJFM,tmin_mean,-5.807,-2.473,-1.372,6,elnino,0.710
NO,1978,DJF,frost_days,71.667,8.570,3.007,6,elnino,0.710
NO,1978,DJF,ice_days,40.333,10.478,2.802,6,elnino,0.710
NO,1978,DJF,precip,267.583,-7.921,11.133,6,elnino,0.710
NO,1978,DJF,precip_days,41.167,1.182,3.327,6,elnino,0.710
NO,1978,DJF,rain_on_snow_days,7.833,0.246,0.931,6,elnino,0.710
NO,1978,DJF,snow_cover_days,72.000,16.112,9.621,6,elnino,0.710
NO,1978,DJF,snow_depth,24.424,7.361,2.736,6,elnino,0.710
NO,1978,DJF,snow_max,65.000,25.511,17.631,6,elnino,0.710
NO,1978,DJF,thaw_days,48.667,-10.854,-3.040,6,elnino,0.710
NO,1978,DJF,tmax_mean,-0.011,-1.384,-0.289,6,elnino,0.710
NO,1978,DJF,tmean,-3.100,-1.689,-0.484,6,elnino,0.710
NO,1978,DJF,tmin_mean,-6.098,-1.814,-0.511,6,elnino,0.710
NO,1978,JFM,frost_days,71.500,9.721,3.713,6,elnino,0.710
NO,1978,JFM,ice_days,40.500,14.520,8.251,6,elnino,0.710
NO,1978,JFM,precip,234.233,-11.957,7.881,6,elnino,0.710
NO,1978,JFM,precip_days,39.667,1.393,4.414,6,elnino,0.710
NO,1978,JFM,rain_on_snow_days,6.833,-1.458,-0.597,6,elnino,0.710
NO,1978,JFM,snow_cover_days,71.333,13.559,7.554,6,elnino,0.710
NO,1978,JFM,snow_depth,36.272,15.108,8.649,6,elnino,0.710
NO,1978,JFM,snow_max,69.667,27.141,17.949,6,elnino,0.710
NO,1978,JFM,thaw_days,48.333,-15.214,-8.780,6,elnino,0.710
NO,1978,JFM,tmax_mean,-0.042,-2.098,-1.131,6,elnino,0.710
NO,1978,JFM,tmean,-3.416,-2.447,-1.360,6,elnino,0.710
NO,1978,JFM,tmin_mean,-6.655,-2.668,-1.439,6,elnino,0.710
NO,1978,NDJFM,frost_days,109.000,10.993,2.598,6,elnino,0.710
NO,1978,NDJFM,ice_days,55.167,14.076,4.748,6,elnino,0.710
NO,1978,NDJFM,precip,450.050,-9.833,18.417,6,elnino,0.710
NO,1978,NDJFM,precip_days,68.000,1.661,5.308,6,elnino,0.710
NO,1978,NDJFM,rain_on_snow_days,11.500,-0.263,0.305,6,elnino,0.710
NO,1978,NDJFM,snow_cover_days,105.167,20.779,11.274,6,elnino,0.710
NO,1978,NDJFM,snow_depth,24.745,8.570,4.330,6,elnino,0.710
NO,1978,NDJFM,snow_max,69.667,25.754,16.960,6,elnino,0.710
NO,1978,NDJFM,thaw_days,94.333,-14.507,-4.944,6,elnino,0.710
NO,1978,NDJFM,tmax_mean,1.173,-1.269,-0.368,6,elnino,0.710
NO,1978,NDJFM,tmean,-1.962,-1.531,-0.548,6,elnino,0.710
NO,1978,NDJFM,tmin_mean,-4.998,-1.663,-0.593,6,elnino,0.710
NO,1979,DJF,frost_days,82.500,19.404,14.008,6,neutral,0.190
NO,1979,DJF,ice_days,57.000,27.145,19.669,6,neutral,0.190
NO,1979,DJF,precip,148.567,-117.881,-109.063,6,neutral,0.190
NO,1979,DJF,precip_days,24.667,-15.018,-13.251,6,neutral,0.190
NO,1979,DJF,rain_on_snow_days,6.167,-1.754,-0.728,6,neutral,0.190
NO,1979,DJF,snow_cover_days,81.500,23.712,19.399,6,neutral,0.190
NO,1979,DJF,snow_depth,34.411,17.083,12.804,6,neutral,0.190
NO,1979,DJF,snow_max,58.333,12.311,11.126,6,neutral,0.190
NO,1979,DJF,thaw_days,32.000,-27.521,-19.913,6,neutral,0.190
NO,1979,DJF,tmax_mean,-2.891,-4.264,-3.200,6,neutral,0.190
NO,1979,DJF,tmean,-6.079,-4.668,-3.495,6,neutral,0.190
NO,1979,DJF,tmin_mean,-9.383,-5.099,-3.829,6,neutral,0.190
NO,1979,JFM,frost_days,76.000,14.221,8.415,6,neutral,0.190
NO,1979,JFM,ice_days,42.667,16.687,10.605,6,neutral,0.190
NO,1979,JFM,precip,171.850,-93.317,-55.632,6,neutral,0.190
NO,1979,JFM,precip_days,27.833,-11.807,-7.512,6,neutral,0.190
NO,1979,JFM,rain_on_snow_days,9.667,-0.058,2.222,6,neutral,0.190
NO,1979,JFM,snow_cover_days,81.833,20.959,18.277,6,neutral,0.190
NO,1979,JFM,snow_depth,39.437,16.093,11.921,6,neutral,0.190
NO,1979,JFM,snow_max,60.167,10.541,8.635,6,neutral,0.190
NO,1979,JFM,thaw_days,46.333,-17.214,-10.973,6,neutral,0.190
NO,1979,JFM,tmax_mean,-0.644,-2.700,-1.765,6,neutral,0.190
NO,1979,JFM,tmean,-4.016,-3.047,-1.994,6,neutral,0.190
NO,1979,JFM,tmin_mean,-7.452,-3.466,-2.273,6,neutral,0.190
NO,1979,NDJFM,frost_days,116.000,17.993,9.878,6,neutral,0.190
NO,1979,NDJFM,ice_days,69.667,28.576,19.510,6,neutral,0.190
NO,1979,NDJFM,precip,353.450,-97.933,-80.042,6,neutral,0.190
NO,1979,NDJFM,precip_days,52.167,-13.939,-10.649,6,neutral,0.190
NO,1979,NDJFM,rain_on_snow_days,14.000,0.937,2.808,6,neutral,0.190
NO,1979,NDJFM,snow_cover_days,119.000,31.979,25.497,6,neutral,0.190
NO,1979,NDJFM,snow_depth,30.307,13.643,9.966,6,neutral,0.190
NO,1979,NDJFM,snow_max,60.167,9.154,7.646,6,neutral,0.190
NO,1979,NDJFM,thaw_days,79.833,-29.007,-19.717,6,neutral,0.190
NO,1979,NDJFM,tmax_mean,-0.125,-2.567,-1.695,6,neutral,0.190
NO,1979,NDJFM,tmean,-3.289,-2.859,-1.905,6,neutral,0.190
NO,1979,NDJFM,tmin_mean,-6.496,-3.161,-2.121,6,neutral,0.190
NO,1980,DJF,frost_days,73.833,10.737,5.509,6,neutral,0.620
NO,1980,DJF,ice_days,46.167,16.311,9.037,6,neutral,0.620
NO,1980,DJF,precip,186.117,-88.941,-72.692,6,neutral,0.620
NO,1980,DJF,precip_days,28.833,-11.418,-9.162,6,neutral,0.620
NO,1980,DJF,rain_on_snow_days,7.000,-0.354,0.113,6,neutral,0.620
NO,1980,DJF,snow_cover_days,71.500,16.712,9.678,6,neutral,0.620
NO,1980,DJF,snow_depth,20.463,3.035,-1.063,6,neutral,0.620
NO,1980,DJF,snow_max,45.000,2.511,-2.047,6,neutral,0.620
NO,1980,DJF,thaw_days,43.667,-15.854,-8.454,6,neutral,0.620
NO,1980,DJF,tmax_mean,-1.038,-2.411,-1.379,6,neutral,0.620
NO,1980,DJF,tmean,-3.888,-2.476,-1.337,6,neutral,0.620
NO,1980,DJF,tmin_mean,-6.859,-2.575,-1.338,6,neutral,0.620
NO,1980,JFM,frost_days,75.333,13.555,7.950,6,neutral,0.620
NO,1980,JFM,ice_days,39.500,13.520,7.625,6,neutral,0.620
NO,1980,JFM,precip,135.250,-113.037,-93.362,6,neutral,0.620
NO,1980,JFM,precip_days,23.667,-15.007,-11.771,6,neutral,0.620
NO,1980,JFM,rain_on_snow_days,6.000,-2.858,-1.459,6,neutral,0.620
NO,1980,JFM,snow_cover_days,71.667,14.759,8.333,6,neutral,0.620
NO,1980,JFM,snow_depth,24.031,0.907,-3.378,6,neutral,0.620
NO,1980,JFM,snow_max,45.833,-0.459,-5.512,6,neutral,0.620
NO,1980,JFM,thaw_days,49.500,-14.048,-8.000,6,neutral,0.620
NO,1980,JFM,tmax_mean,-0.547,-2.603,-1.700,6,neutral,0.620
NO,1980,JFM,tmean,-3.625,-2.656,-1.637,6,neutral,0.620
NO,1980,JFM,tmin_mean,-6.768,-2.781,-1.624,6,neutral,0.620
NO,1980,NDJFM,frost_days,116.500,18.493,10.658,6,neutral,0.620
NO,1980,NDJFM,ice_days,59.667,18.576,9.773,6,neutral,0.620
NO,1980,NDJFM,precip,336.617,-126.193,-98.733,6,neutral,0.620
NO,1980,NDJFM,precip_days,48.833,-18.539,-14.105,6,neutral,0.620
NO,1980,NDJFM,rain_on_snow_days,10.167,-2.663,-1.023,6,neutral,0.620
NO,1980,NDJFM,snow_cover_days,111.167,28.779,18.053,6,neutral,0.620
NO,1980,NDJFM,snow_depth,18.009,0.802,-2.258,6,neutral,0.620
NO,1980,NDJFM,snow_max,45.833,-1.846,-6.501,6,neutral,0.620
NO,1980,NDJFM,thaw_days,89.333,-19.507,-10.490,6,neutral,0.620
NO,1980,NDJFM,tmax_mean,0.284,-2.159,-1.315,6,neutral,0.620
NO,1980,NDJFM,tmean,-2.581,-2.150,-1.227,6,neutral,0.620
NO,1980,NDJFM,tmin_mean,-5.535,-2.200,-1.191,6,neutral,0.620
NO,1981,DJF,frost_days,74.833,11.737,6.677,6,neutral,-0.270
NO,1981,DJF,ice_days,42.792,12.936,5.862,6,neutral,-0.270
NO,1981,DJF,precip,340.950,23.159,80.962,6,neutral,-0.270
NO,1981,DJF,precip_days,43.667,2.382,5.594,6,neutral,-0.270
NO,1981,DJF,rain_on_snow_days,8.500,0.046,1.620,6,neutral,-0.270
NO,1981,DJF,snow_cover_days,73.000,17.712,11.457,6,neutral,-0.270
NO,1981,DJF,snow_depth,43.959,31.314,22.513,6,neutral,-0.270
NO,1981,DJF,snow_max,75.667,40.111,28.781,6,neutral,-0.270
NO,1981,DJF,thaw_days,45.708,-13.813,-6.619,6,neutral,-0.270
NO,1981,DJF,tmax_mean,-0.242,-1.615,-0.615,6,neutral,-0.270
NO,1981,DJF,tmean,-3.417,-2.006,-0.899,6,neutral,-0.270
NO,1981,DJF,tmin_mean,-6.725,-2.441,-1.237,6,neutral,-0.270
NO,1981,JFM,frost_days,75.667,13.888,8.485,6,neutral,-0.270
NO,1981,JFM,ice_days,41.114,15.134,9.426,6,neutral,-0.270
NO,1981,JFM,precip,274.033,-4.517,44.291,6,neutral,-0.270
NO,1981,JFM,precip_days,39.500,0.793,3.969,6,neutral,-0.270
NO,1981,JFM,rain_on_snow_days,9.167,-0.658,1.694,6,neutral,-0.270
NO,1981,JFM,snow_cover_days,77.333,16.759,14.223,6,neutral,-0.270
NO,1981,JFM,snow_depth,53.287,35.613,25.986,6,neutral,-0.270
NO,1981,JFM,snow_max,81.667,41.541,30.507,6,neutral,-0.270
NO,1981,JFM,thaw_days,47.553,-15.995,-10.141,6,neutral,-0.270
NO,1981,JFM,tmax_mean,0.006,-2.050,-1.179,6,neutral,-0.270
NO,1981,JFM,tmean,-3.405,-2.436,-1.451,6,neutral,-0.270
NO,1981,JFM,tmin_mean,-6.841,-2.855,-1.734,6,neutral,-0.270
NO,1981,NDJFM,frost_days,120.333,22.326,14.772,6,neutral,-0.270
NO,1981,NDJFM,ice_days,67.115,26.024,17.483,6,neutral,-0.270
NO,1981,NDJFM,precip,498.400,-1.653,61.192,6,neutral,-0.270
NO,1981,NDJFM,precip_days,70.667,4.661,7.606,6,neutral,-0.270
NO,1981,NDJFM,rain_on_snow_days,14.833,1.537,3.645,6,neutral,-0.270
NO,1981,NDJFM,snow_cover_days,117.667,34.979,24.943,6,neutral,-0.270
NO,1981,NDJFM,snow_depth,39.982,27.081,19.790,6,neutral,-0.270
NO,1981,NDJFM,snow_max,81.667,40.154,29.518,6,neutral,-0.270
NO,1981,NDJFM,thaw_days,81.885,-26.956,-18.211,6,neutral,-0.270
NO,1981,NDJFM,tmax_mean,0.233,-2.210,-1.396,6,neutral,-0.270
NO,1981,NDJFM,tmean,-2.977,-2.546,-1.653,6,neutral,-0.270
NO,1981,NDJFM,tmin_mean,-6.239,-2.905,-1.926,6,neutral,-0.270
NO,1982,DJF,frost_days,74.667,11.570,6.678,6,neutral,-0.050
NO,1982,DJF,ice_days,52.000,22.145,15.271,6,neutral,-0.050
NO,1982,DJF,precip,199.883,-68.921,-61.284,6,neutral,-0.050
NO,1982,DJF,precip_days,34.000,-5.218,-4.150,6,neutral,-0.050
NO,1982,DJF,rain_on_snow_days,6.333,-0.154,-0.539,6,neutral,-0.050
NO,1982,DJF,snow_cover_days,75.000,21.112,13.735,6,neutral,-0.050
NO,1982,DJF,snow_depth,24.891,6.890,3.526,6,neutral,-0.050
NO,1982,DJF,snow_max,52.000,8.511,5.276,6,neutral,-0.050
NO,1982,DJF,thaw_days,37.667,-21.855,-14.868,6,neutral,-0.050
NO,1982,DJF,tmax_mean,-1.800,-3.173,-2.204,6,neutral,-0.050
NO,1982,DJF,tmean,-4.936,-3.524,-2.451,6,neutral,-0.050
NO,1982,DJF,tmin_mean,-8.086,-3.803,-2.632,6,neutral,-0.050
NO,1982,JFM,frost_days,62.000,0.221,-4.979,6,neutral,-0.050
NO,1982,JFM,ice_days,29.333,3.354,-2.167,6,neutral,-0.050
NO,1982,JFM,precip,255.950,6.263,25.078,6,neutral,-0.050
NO,1982,JFM,precip_days,39.500,1.593,3.877,6,neutral,-0.050
NO,1982,JFM,rain_on_snow_days,10.333,4.142,2.847,6,neutral,-0.050
NO,1982,JFM,snow_cover_days,63.833,10.559,0.946,6,neutral,-0.050
NO,1982,JFM,snow_depth,27.035,4.213,-0.159,6,neutral,-0.050
NO,1982,JFM,snow_max,51.167,3.541,0.193,6,neutral,-0.050
NO,1982,JFM,thaw_days,60.333,-3.214,2.446,6,neutral,-0.050
NO,1982,JFM,tmax_mean,1.225,-0.830,0.008,6,neutral,-0.050
NO,1982,JFM,tmean,-1.732,-0.763,0.188,6,neutral,-0.050
NO,1982,JFM,tmin_mean,-4.634,-0.647,0.438,6,neutral,-0.050
NO,1982,NDJFM,frost_days,110.333,12.326,5.052,6,neutral,-0.050
NO,1982,NDJFM,ice_days,61.597,20.506,12.228,6,neutral,-0.050
NO,1982,NDJFM,precip,437.400,-28.353,-1.666,6,neutral,-0.050
NO,1982,NDJFM,precip_days,63.667,-1.539,0.483,6,neutral,-0.050
NO,1982,NDJFM,rain_on_snow_days,12.000,2.337,0.814,6,neutral,-0.050
NO,1982,NDJFM,snow_cover_days,106.000,26.779,13.666,6,neutral,-0.050
NO,1982,NDJFM,snow_depth,21.245,3.927,1.127,6,neutral,-0.050
NO,1982,NDJFM,snow_max,52.833,4.154,0.871,6,neutral,-0.050
NO,1982,NDJFM,thaw_days,88.068,-20.773,-12.301,6,neutral,-0.050
NO,1982,NDJFM,tmax_mean,0.302,-2.141,-1.356,6,neutral,-0.050
NO,1982,NDJFM,tmean,-2.720,-2.290,-1.426,6,neutral,-0.050
NO,1982,NDJFM,tmin_mean,-5.757,-2.422,-1.474,6,neutral,-0.050
NO,1983,DJF,frost_days,66.333,3.237,-1.488,6,super,2.140
NO,1983,DJF,ice_days,26.000,-3.855,-10.528,6,super,2.140
NO,1983,DJF,precip,343.283,49.979,80.937,6,super,2.140
NO,1983,DJF,precip_days,43.667,1.982,5.439,6,super,2.140
NO,1983,DJF,rain_on_snow_days,10.000,3.446,3.135,6,super,2.140
NO,1983,DJF,snow_cover_days,70.333,16.712,9.347,6,super,2.140
NO,1983,DJF,snow_depth,21.098,3.812,-0.186,6,super,2.140
NO,1983,DJF,snow_max,53.500,10.911,6.936,6,super,2.140
NO,1983,DJF,thaw_days,63.000,3.479,10.258,6,super,2.140
NO,1983,DJF,tmax_mean,1.640,0.267,1.205,6,super,2.140
NO,1983,DJF,tmean,-1.345,0.067,1.107,6,super,2.140
NO,1983,DJF,tmin_mean,-4.446,-0.162,0.975,6,super,2.140
NO,1983,JFM,frost_days,64.833,3.055,-1.944,6,super,2.140
NO,1983,JFM,ice_days,22.000,-3.980,-9.313,6,super,2.140
NO,1983,JFM,precip,303.783,34.343,71.781,6,super,2.140
NO,1983,JFM,precip_days,40.667,1.993,4.951,6,super,2.140
NO,1983,JFM,rain_on_snow_days,9.667,2.942,2.166,6,super,2.140
NO,1983,JFM,snow_cover_days,72.167,16.559,9.502,6,super,2.140
NO,1983,JFM,snow_depth,29.504,7.397,2.417,6,super,2.140
NO,1983,JFM,snow_max,60.500,15.341,9.712,6,super,2.140
NO,1983,JFM,thaw_days,67.333,3.786,9.252,6,super,2.140
NO,1983,JFM,tmax_mean,2.142,0.086,0.892,6,super,2.140
NO,1983,JFM,tmean,-1.016,-0.047,0.870,6,super,2.140
NO,1983,JFM,tmin_mean,-4.208,-0.222,0.827,6,super,2.140
NO,1983,NDJFM,frost_days,102.000,3.993,-3.001,6,super,2.140
NO,1983,NDJFM,ice_days,34.500,-6.591,-14.607,6,super,2.140
NO,1983,NDJFM,precip,579.133,69.807,138.209,6,super,2.140
NO,1983,NDJFM,precip_days,72.500,4.461,9.193,6,super,2.140
NO,1983,NDJFM,rain_on_snow_days,14.833,4.337,3.650,6,super,2.140
NO,1983,NDJFM,snow_cover_days,101.167,21.179,9.223,6,super,2.140
NO,1983,NDJFM,snow_depth,20.211,3.533,0.167,6,super,2.140
NO,1983,NDJFM,snow_max,61.667,15.354,9.890,6,super,2.140
NO,1983,NDJFM,thaw_days,115.333,6.493,14.691,6,super,2.140
NO,1983,NDJFM,tmax_mean,2.568,0.125,0.882,6,super,2.140
NO,1983,NDJFM,tmean,-0.417,0.013,0.847,6,super,2.140
NO,1983,NDJFM,tmin_mean,-3.439,-0.105,0.813,6,super,2.140
NO,1984,DJF,frost_days,71.000,7.904,3.347,6,lanina,-0.630
NO,1984,DJF,ice_days,35.948,6.093,-0.380,6,lanina,-0.630
NO,1984,DJF,precip,250.717,-39.101,-12.809,6,lanina,-0.630
NO,1984,DJF,precip_days,36.833,-4.218,-1.472,6,lanina,-0.630
NO,1984,DJF,rain_on_snow_days,7.667,-0.354,0.809,6,lanina,-0.630
NO,1984,DJF,snow_cover_days,67.167,11.712,6.459,6,lanina,-0.630
NO,1984,DJF,snow_depth,41.112,27.191,19.908,6,lanina,-0.630
NO,1984,DJF,snow_max,62.000,20.511,15.598,6,lanina,-0.630
NO,1984,DJF,thaw_days,54.219,-5.303,1.270,6,lanina,-0.630
NO,1984,DJF,tmax_mean,0.258,-1.115,-0.209,6,lanina,-0.630
NO,1984,DJF,tmean,-2.627,-1.216,-0.209,6,lanina,-0.630
NO,1984,DJF,tmin_mean,-5.636,-1.352,-0.248,6,lanina,-0.630
NO,1984,JFM,frost_days,77.500,15.721,10.924,6,lanina,-0.630
NO,1984,JFM,ice_days,32.000,6.020,0.875,6,lanina,-0.630
NO,1984,JFM,precip,144.483,-96.397,-88.649,6,lanina,-0.630
NO,1984,JFM,precip_days,25.833,-11.607,-9.975,6,lanina,-0.630
NO,1984,JFM,rain_on_snow_days,6.833,-1.458,-0.682,6,lanina,-0.630
NO,1984,JFM,snow_cover_days,72.500,15.759,10.058,6,lanina,-0.630
NO,1984,JFM,snow_depth,40.425,19.760,13.445,6,lanina,-0.630
NO,1984,JFM,snow_max,62.500,17.141,11.898,6,lanina,-0.630
NO,1984,JFM,thaw_days,58.667,-4.881,0.392,6,lanina,-0.630
NO,1984,JFM,tmax_mean,0.672,-1.384,-0.610,6,lanina,-0.630
NO,1984,JFM,tmean,-2.496,-1.526,-0.644,6,lanina,-0.630
NO,1984,JFM,tmin_mean,-5.668,-1.682,-0.669,6,lanina,-0.630
NO,1984,NDJFM,frost_days,117.500,19.493,12.779,6,lanina,-0.630
NO,1984,NDJFM,ice_days,52.055,10.965,3.211,6,lanina,-0.630
NO,1984,NDJFM,precip,402.150,-51.453,-40.633,6,lanina,-0.630
NO,1984,NDJFM,precip_days,59.167,-6.139,-4.263,6,lanina,-0.630
NO,1984,NDJFM,rain_on_snow_days,11.167,-1.063,-0.015,6,lanina,-0.630
NO,1984,NDJFM,snow_cover_days,104.667,23.379,13.112,6,lanina,-0.630
NO,1984,NDJFM,snow_depth,35.283,21.124,15.313,6,lanina,-0.630
NO,1984,NDJFM,snow_max,62.500,15.754,10.909,6,lanina,-0.630
NO,1984,NDJFM,thaw_days,98.776,-10.065,-2.140,6,lanina,-0.630
NO,1984,NDJFM,tmax_mean,1.149,-1.293,-0.566,6,lanina,-0.630
NO,1984,NDJFM,tmean,-1.912,-1.482,-0.678,6,lanina,-0.630
NO,1984,NDJFM,tmin_mean,-5.027,-1.692,-0.805,6,lanina,-0.630
NO,1985,DJF,frost_days,70.667,7.570,3.181,6,lanina,-1.010
NO,1985,DJF,ice_days,44.167,14.311,8.040,6,lanina,-1.010
NO,1985,DJF,precip,211.633,-68.681,-53.072,6,lanina,-1.010
NO,1985,DJF,precip_days,32.833,-8.418,-5.550,6,lanina,-1.010
NO,1985,DJF,rain_on_snow_days,5.667,-2.154,-1.183,6,lanina,-1.010
NO,1985,DJF,snow_cover_days,60.833,2.312,0.405,6,lanina,-1.010
NO,1985,DJF,snow_depth,15.404,-4.226,-5.719,6,lanina,-1.010
NO,1985,DJF,snow_max,50.667,4.311,4.425,6,lanina,-1.010
NO,1985,DJF,thaw_days,44.500,-15.021,-8.656,6,lanina,-1.010
NO,1985,DJF,tmax_mean,-0.982,-2.355,-1.480,6,lanina,-1.010
NO,1985,DJF,tmean,-3.876,-2.464,-1.491,6,lanina,-1.010
NO,1985,DJF,tmin_mean,-6.699,-2.414,-1.343,6,lanina,-1.010
NO,1985,JFM,frost_days,75.667,13.888,9.293,6,lanina,-1.010
NO,1985,JFM,ice_days,43.000,17.020,12.062,6,lanina,-1.010
NO,1985,JFM,precip,177.517,-71.377,-56.745,6,lanina,-1.010
NO,1985,JFM,precip_days,33.000,-5.407,-2.901,6,lanina,-1.010
NO,1985,JFM,rain_on_snow_days,8.667,0.942,1.137,6,lanina,-1.010
NO,1985,JFM,snow_cover_days,76.500,17.159,14.281,6,lanina,-1.010
NO,1985,JFM,snow_depth,25.448,1.251,-1.424,6,lanina,-1.010
NO,1985,JFM,snow_max,53.167,3.341,2.751,6,lanina,-1.010
NO,1985,JFM,thaw_days,46.167,-17.381,-12.302,6,lanina,-1.010
NO,1985,JFM,tmax_mean,-1.173,-3.229,-2.487,6,lanina,-1.010
NO,1985,JFM,tmean,-4.380,-3.410,-2.561,6,lanina,-1.010
NO,1985,JFM,tmin_mean,-7.464,-3.478,-2.501,6,lanina,-1.010
NO,1985,NDJFM,frost_days,106.000,7.993,1.560,6,lanina,-1.010
NO,1985,NDJFM,ice_days,54.167,13.076,5.585,6,lanina,-1.010
NO,1985,NDJFM,precip,333.267,-128.633,-111.374,6,lanina,-1.010
NO,1985,NDJFM,precip_days,52.667,-13.939,-10.886,6,lanina,-1.010
NO,1985,NDJFM,rain_on_snow_days,9.833,-1.663,-1.346,6,lanina,-1.010
NO,1985,NDJFM,snow_cover_days,88.500,2.579,-2.665,6,lanina,-1.010
NO,1985,NDJFM,snow_depth,15.490,-2.862,-4.406,6,lanina,-1.010
NO,1985,NDJFM,snow_max,53.167,1.954,1.762,6,lanina,-1.010
NO,1985,NDJFM,thaw_days,94.833,-14.007,-6.355,6,lanina,-1.010
NO,1985,NDJFM,tmax_mean,1.004,-1.438,-0.739,6,lanina,-1.010
NO,1985,NDJFM,tmean,-1.900,-1.470,-0.696,6,lanina,-1.010
NO,1985,NDJFM,tmin_mean,-4.744,-1.410,-0.553,6,lanina,-1.010
NO,1986,DJF,frost_days,82.667,19.570,15.349,6,neutral,-0.400
NO,1986,DJF,ice_days,55.833,25.978,19.907,6,neutral,-0.400
NO,1986,DJF,precip,201.983,-69.321,-63.901,6,neutral,-0.400
NO,1986,DJF,precip_days,33.667,-4.618,-4.794,6,neutral,-0.400
NO,1986,DJF,rain_on_snow_days,4.667,-3.754,-2.176,6,neutral,-0.400
NO,1986,DJF,snow_cover_days,75.167,16.912,15.016,6,neutral,-0.400
NO,1986,DJF,snow_depth,28.376,12.392,7.334,6,neutral,-0.400
NO,1986,DJF,snow_max,57.167,18.111,11.086,6,neutral,-0.400
NO,1986,DJF,thaw_days,32.667,-26.855,-20.696,6,neutral,-0.400
NO,1986,DJF,tmax_mean,-2.331,-3.704,-2.860,6,neutral,-0.400
NO,1986,DJF,tmean,-5.715,-4.304,-3.363,6,neutral,-0.400
NO,1986,DJF,tmin_mean,-9.166,-4.882,-3.845,6,neutral,-0.400
NO,1986,JFM,frost_days,73.167,11.388,6.995,6,neutral,-0.400
NO,1986,JFM,ice_days,40.333,14.354,9.583,6,neutral,-0.400
NO,1986,JFM,precip,158.483,-92.777,-76.909,6,neutral,-0.400
NO,1986,JFM,precip_days,27.333,-10.607,-8.661,6,neutral,-0.400
NO,1986,JFM,rain_on_snow_days,6.000,-3.258,-1.543,6,neutral,-0.400
NO,1986,JFM,snow_cover_days,73.333,13.359,11.338,6,neutral,-0.400
NO,1986,JFM,snow_depth,34.956,13.979,8.191,6,neutral,-0.400
NO,1986,JFM,snow_max,63.000,21.141,12.771,6,neutral,-0.400
NO,1986,JFM,thaw_days,48.333,-15.214,-10.329,6,neutral,-0.400
NO,1986,JFM,tmax_mean,-0.169,-2.225,-1.515,6,neutral,-0.400
NO,1986,JFM,tmean,-3.508,-2.539,-1.724,6,neutral,-0.400
NO,1986,JFM,tmin_mean,-6.896,-2.910,-1.969,6,neutral,-0.400
NO,1986,NDJFM,frost_days,121.833,23.826,17.673,6,neutral,-0.400
NO,1986,NDJFM,ice_days,67.833,26.742,19.515,6,neutral,-0.400
NO,1986,NDJFM,precip,329.433,-120.953,-117.066,6,neutral,-0.400
NO,1986,NDJFM,precip_days,53.500,-11.539,-10.176,6,neutral,-0.400
NO,1986,NDJFM,rain_on_snow_days,8.833,-4.663,-2.343,6,neutral,-0.400
NO,1986,NDJFM,snow_cover_days,108.000,22.379,17.225,6,neutral,-0.400
NO,1986,NDJFM,snow_depth,24.913,9.015,5.091,6,neutral,-0.400
NO,1986,NDJFM,snow_max,63.000,19.754,11.781,6,neutral,-0.400
NO,1986,NDJFM,thaw_days,80.833,-28.007,-20.628,6,neutral,-0.400
NO,1986,NDJFM,tmax_mean,-0.213,-2.655,-1.986,6,neutral,-0.400
NO,1986,NDJFM,tmean,-3.396,-2.966,-2.222,6,neutral,-0.400
NO,1986,NDJFM,tmin_mean,-6.630,-3.295,-2.469,6,neutral,-0.400
NO,1987,DJF,frost_days,73.833,10.737,6.683,6,elnino,1.180
NO,1987,DJF,ice_days,49.000,19.145,13.274,6,elnino,1.180
NO,1987,DJF,precip,256.633,-37.841,-10.430,6,elnino,1.180
NO,1987,DJF,precip_days,38.667,-3.218,0.128,6,elnino,1.180
NO,1987,DJF,rain_on_snow_days,8.833,0.046,1.998,6,elnino,1.180
NO,1987,DJF,snow_cover_days,74.000,15.512,14.129,6,elnino,1.180
NO,1987,DJF,snow_depth,24.318,3.241,3.357,6,elnino,1.180
NO,1987,DJF,snow_max,58.333,8.111,12.414,6,elnino,1.180
NO,1987,DJF,thaw_days,40.000,-19.521,-13.569,6,elnino,1.180
NO,1987,DJF,tmax_mean,-2.069,-3.442,-2.630,6,elnino,1.180
NO,1987,DJF,tmean,-5.062,-3.650,-2.743,6,elnino,1.180
NO,1987,DJF,tmin_mean,-8.129,-3.845,-2.840,6,elnino,1.180
NO,1987,JFM,frost_days,78.500,16.721,12.530,6,elnino,1.180
NO,1987,JFM,ice_days,44.500,18.520,13.937,6,elnino,1.180
NO,1987,JFM,precip,176.883,-71.117,-59.639,6,elnino,1.180
NO,1987,JFM,precip_days,30.167,-9.007,-5.920,6,elnino,1.180
NO,1987,JFM,rain_on_snow_days,8.667,-1.058,1.109,6,elnino,1.180
NO,1987,JFM,snow_cover_days,80.500,17.759,18.727,6,elnino,1.180
NO,1987,JFM,snow_depth,33.548,7.324,6.890,6,elnino,1.180
NO,1987,JFM,snow_max,61.167,7.541,11.123,6,elnino,1.180
NO,1987,JFM,thaw_days,44.333,-19.214,-14.523,6,elnino,1.180
NO,1987,JFM,tmax_mean,-1.463,-3.519,-2.841,6,elnino,1.180
NO,1987,JFM,tmean,-4.752,-3.783,-3.002,6,elnino,1.180
NO,1987,JFM,tmin_mean,-8.103,-4.116,-3.212,6,elnino,1.180
NO,1987,NDJFM,frost_days,112.000,13.993,8.120,6,elnino,1.180
NO,1987,NDJFM,ice_days,62.167,21.076,14.110,6,elnino,1.180
NO,1987,NDJFM,precip,448.400,-54.093,0.043,6,elnino,1.180
NO,1987,NDJFM,precip_days,63.500,-4.939,-0.298,6,elnino,1.180
NO,1987,NDJFM,rain_on_snow_days,11.833,-1.863,0.659,6,elnino,1.180
NO,1987,NDJFM,snow_cover_days,110.333,22.379,19.948,6,elnino,1.180
NO,1987,NDJFM,snow_depth,23.409,3.980,3.662,6,elnino,1.180
NO,1987,NDJFM,snow_max,62.333,7.554,11.300,6,elnino,1.180
NO,1987,NDJFM,thaw_days,87.167,-21.674,-14.568,6,elnino,1.180
NO,1987,NDJFM,tmax_mean,0.080,-2.363,-1.722,6,elnino,1.180
NO,1987,NDJFM,tmean,-2.953,-2.522,-1.808,6,elnino,1.180
NO,1987,NDJFM,tmin_mean,-6.048,-2.713,-1.917,6,elnino,1.180
NO,1988,DJF,frost_days,60.833,-2.263,-6.149,6,elnino,0.630
NO,1988,DJF,ice_days,31.131,1.276,-4.394,6,elnino,0.630
NO,1988,DJF,precip,274.020,27.119,47.826,5,elnino,0.630
NO,1988,DJF,precip_days,40.800,2.382,4.416,5,elnino,0.630
NO,1988,DJF,rain_on_snow_days,5.600,-1.354,-1.111,5,elnino,0.630
NO,1988,DJF,snow_cover_days,47.667,-2.288,-11.926,6,elnino,0.630
NO,1988,DJF,snow_depth,23.308,7.257,2.427,6,elnino,0.630
NO,1988,DJF,snow_max,38.167,-1.089,-7.591,6,elnino,0.630
NO,1988,DJF,thaw_days,59.202,-0.319,5.425,6,elnino,0.630
NO,1988,DJF,tmax_mean,1.074,-0.299,0.482,6,elnino,0.630
NO,1988,DJF,tmean,-1.672,-0.260,0.614,6,elnino,0.630
NO,1988,DJF,tmin_mean,-4.513,-0.229,0.743,6,elnino,0.630
NO,1988,JFM,frost_days,64.333,2.555,-1.435,6,elnino,0.630
NO,1988,JFM,ice_days,27.500,1.520,-2.876,6,elnino,0.630
NO,1988,JFM,precip,183.780,-41.417,-21.269,5,elnino,0.630
NO,1988,JFM,precip_days,32.400,-3.807,-1.757,5,elnino,0.630
NO,1988,JFM,rain_on_snow_days,5.800,-1.658,-1.456,5,elnino,0.630
NO,1988,JFM,snow_cover_days,54.667,3.759,-6.883,6,elnino,0.630
NO,1988,JFM,snow_depth,27.923,6.287,1.372,6,elnino,0.630
NO,1988,JFM,snow_max,41.333,-1.259,-8.524,6,elnino,0.630
NO,1988,JFM,thaw_days,62.667,-0.881,3.617,6,elnino,0.630
NO,1988,JFM,tmax_mean,1.335,-0.721,-0.075,6,elnino,0.630
NO,1988,JFM,tmean,-1.703,-0.734,0.013,6,elnino,0.630
NO,1988,JFM,tmin_mean,-4.778,-0.792,0.077,6,elnino,0.630
NO,1988,NDJFM,frost_days,103.000,4.993,-0.599,6,elnino,0.630
NO,1988,NDJFM,ice_days,47.789,6.698,-0.005,6,elnino,0.630
NO,1988,NDJFM,precip,404.600,3.407,28.626,5,elnino,0.630
NO,1988,NDJFM,precip_days,61.600,-0.739,1.591,5,elnino,0.630
NO,1988,NDJFM,rain_on_snow_days,8.400,-2.863,-2.635,5,elnino,0.630
NO,1988,NDJFM,snow_cover_days,80.333,5.779,-9.662,6,elnino,0.630
NO,1988,NDJFM,snow_depth,21.957,6.135,2.284,6,elnino,0.630
NO,1988,NDJFM,snow_max,43.500,-0.046,-7.347,6,elnino,0.630
NO,1988,NDJFM,thaw_days,103.210,-5.631,1.202,6,elnino,0.630
NO,1988,NDJFM,tmax_mean,1.554,-0.889,-0.278,6,elnino,0.630
NO,1988,NDJFM,tmean,-1.253,-0.823,-0.138,6,elnino,0.630
NO,1988,NDJFM,tmin_mean,-4.127,-0.793,-0.027,6,elnino,0.630
NO,1989,DJF,frost_days,48.333,-14.763,-18.481,6,lanina,-1.640
NO,1989,DJF,ice_days,19.167,-10.689,-16.158,6,lanina,-1.640
NO,1989,DJF,precip,318.880,71.979,91.872,5,lanina,-1.640
NO,1989,DJF,precip_days,48.200,9.782,11.741,5,lanina,-1.640
NO,1989,DJF,rain_on_snow_days,10.200,3.246,3.477,5,lanina,-1.640
NO,1989,DJF,snow_cover_days,56.400,-3.088,-8.297,5,lanina,-1.640
NO,1989,DJF,snow_depth,27.347,6.634,3.381,5,lanina,-1.640
NO,1989,DJF,snow_max,53.400,6.511,2.857,5,lanina,-1.640
NO,1989,DJF,thaw_days,70.500,10.979,16.516,6,lanina,-1.640
NO,1989,DJF,tmax_mean,3.291,1.918,2.667,6,lanina,-1.640
NO,1989,DJF,tmean,0.463,1.874,2.716,6,lanina,-1.640
NO,1989,DJF,tmin_mean,-2.487,1.797,2.736,6,lanina,-1.640
NO,1989,JFM,frost_days,40.667,-21.112,-24.900,6,lanina,-1.640
NO,1989,JFM,ice_days,10.833,-15.146,-19.356,6,lanina,-1.640
NO,1989,JFM,precip,288.000,62.803,82.082,5,lanina,-1.640
NO,1989,JFM,precip_days,42.000,5.793,7.758,5,lanina,-1.640
NO,1989,JFM,rain_on_snow_days,8.400,0.942,1.125,5,lanina,-1.640
NO,1989,JFM,snow_cover_days,46.200,-15.641,-20.189,5,lanina,-1.640
NO,1989,JFM,snow_depth,30.202,2.982,-0.417,5,lanina,-1.640
NO,1989,JFM,snow_max,50.400,-0.459,-4.674,5,lanina,-1.640
NO,1989,JFM,thaw_days,78.667,15.119,19.424,6,lanina,-1.640
NO,1989,JFM,tmax_mean,4.589,2.533,3.147,6,lanina,-1.640
NO,1989,JFM,tmean,1.738,2.707,3.421,6,lanina,-1.640
NO,1989,JFM,tmin_mean,-1.183,2.803,3.636,6,lanina,-1.640
NO,1989,NDJFM,frost_days,80.667,-17.340,-22.652,6,lanina,-1.640
NO,1989,NDJFM,ice_days,29.500,-11.591,-18.031,6,lanina,-1.640
NO,1989,NDJFM,precip,514.800,113.607,137.504,5,lanina,-1.640
NO,1989,NDJFM,precip_days,75.000,12.661,14.872,5,lanina,-1.640
NO,1989,NDJFM,rain_on_snow_days,13.600,2.337,2.549,5,lanina,-1.640
NO,1989,NDJFM,snow_cover_days,86.600,-4.021,-11.733,5,lanina,-1.640
NO,1989,NDJFM,snow_depth,24.829,4.615,2.108,5,lanina,-1.640
NO,1989,NDJFM,snow_max,53.800,1.554,-2.320,5,lanina,-1.640
NO,1989,NDJFM,thaw_days,120.333,11.493,18.053,6,lanina,-1.640
NO,1989,NDJFM,tmax_mean,3.679,1.237,1.819,6,lanina,-1.640
NO,1989,NDJFM,tmean,0.779,1.209,1.864,6,lanina,-1.640
NO,1989,NDJFM,tmin_mean,-2.216,1.119,1.854,6,lanina,-1.640
NO,1990,DJF,frost_days,48.000,-15.096,-18.647,6,neutral,0.180
NO,1990,DJF,ice_days,23.500,-6.355,-11.624,6,neutral,0.180
NO,1990,DJF,precip,265.780,18.879,37.958,5,neutral,0.180
NO,1990,DJF,precip_days,40.200,1.782,3.667,5,neutral,0.180
NO,1990,DJF,rain_on_snow_days,8.600,1.646,1.865,5,neutral,0.180
NO,1990,DJF,snow_cover_days,45.800,-13.688,-18.661,5,neutral,0.180
NO,1990,DJF,snow_depth,11.933,-8.779,-11.942,5,neutral,0.180
NO,1990,DJF,snow_max,30.200,-16.689,-20.216,5,neutral,0.180
NO,1990,DJF,thaw_days,65.500,5.979,11.309,6,neutral,0.180
NO,1990,DJF,tmax_mean,2.774,1.401,2.118,6,neutral,0.180
NO,1990,DJF,tmean,0.220,1.631,2.440,6,neutral,0.180
NO,1990,DJF,tmin_mean,-2.428,1.856,2.761,6,neutral,0.180
NO,1990,JFM,frost_days,41.000,-20.779,-24.365,6,neutral,0.180
NO,1990,JFM,ice_days,16.667,-9.313,-13.335,6,neutral,0.180
NO,1990,JFM,precip,257.520,32.323,50.732,5,neutral,0.180
NO,1990,JFM,precip_days,41.000,4.793,6.673,5,neutral,0.180
NO,1990,JFM,rain_on_snow_days,9.800,2.342,2.506,5,neutral,0.180
NO,1990,JFM,snow_cover_days,44.000,-17.841,-22.159,5,neutral,0.180
NO,1990,JFM,snow_depth,11.458,-15.763,-19.031,5,neutral,0.180
NO,1990,JFM,snow_max,27.400,-23.459,-27.489,5,neutral,0.180
NO,1990,JFM,thaw_days,72.833,9.286,13.396,6,neutral,0.180
NO,1990,JFM,tmax_mean,4.289,2.233,2.815,6,neutral,0.180
NO,1990,JFM,tmean,1.567,2.537,3.216,6,neutral,0.180
NO,1990,JFM,tmin_mean,-1.075,2.912,3.708,6,neutral,0.180
NO,1990,NDJFM,frost_days,77.667,-20.340,-25.372,6,neutral,0.180
NO,1990,NDJFM,ice_days,31.333,-9.758,-15.936,6,neutral,0.180
NO,1990,NDJFM,precip,443.480,42.287,64.862,5,neutral,0.180
NO,1990,NDJFM,precip_days,67.800,5.461,7.552,5,neutral,0.180
NO,1990,NDJFM,rain_on_snow_days,14.400,3.137,3.334,5,neutral,0.180
NO,1990,NDJFM,snow_cover_days,70.400,-20.221,-27.562,5,neutral,0.180
NO,1990,NDJFM,snow_depth,11.130,-9.084,-11.505,5,neutral,0.180
NO,1990,NDJFM,snow_max,32.400,-19.846,-23.547,5,neutral,0.180
NO,1990,NDJFM,thaw_days,118.500,9.659,15.947,6,neutral,0.180
NO,1990,NDJFM,tmax_mean,3.770,1.327,1.881,6,neutral,0.180
NO,1990,NDJFM,tmean,1.000,1.431,2.056,6,neutral,0.180
NO,1990,NDJFM,tmin_mean,-1.749,1.586,2.289,6,neutral,0.180
NO,1991,DJF,frost_days,61.167,-1.930,-5.312,6,neutral,0.350
NO,1991,DJF,ice_days,26.333,-3.522,-8.590,6,neutral,0.350
NO,1991,DJF,precip,228.620,-18.281,-0.016,5,neutral,0.350
NO,1991,DJF,precip_days,35.200,-3.218,-1.408,5,neutral,0.350
NO,1991,DJF,rain_on_snow_days,9.200,2.246,2.453,5,neutral,0.350
NO,1991,DJF,snow_cover_days,61.200,1.712,-3.025,5,neutral,0.350
NO,1991,DJF,snow_depth,16.753,-3.959,-7.033,5,neutral,0.350
NO,1991,DJF,snow_max,43.400,-3.489,-6.888,5,neutral,0.350
NO,1991,DJF,thaw_days,63.333,3.812,8.936,6,neutral,0.350
NO,1991,DJF,tmax_mean,1.677,0.303,0.990,6,neutral,0.350
NO,1991,DJF,tmean,-1.026,0.385,1.160,6,neutral,0.350
NO,1991,DJF,tmin_mean,-3.757,0.527,1.399,6,neutral,0.350
NO,1991,JFM,frost_days,60.333,-1.445,-4.830,6,neutral,0.350
NO,1991,JFM,ice_days,29.000,3.020,-0.814,6,neutral,0.350
NO,1991,JFM,precip,191.160,-34.037,-16.497,5,neutral,0.350
NO,1991,JFM,precip_days,31.000,-5.207,-3.412,5,neutral,0.350
NO,1991,JFM,rain_on_snow_days,8.200,0.742,0.886,5,neutral,0.350
NO,1991,JFM,snow_cover_days,59.200,-2.641,-6.728,5,neutral,0.350
NO,1991,JFM,snow_depth,17.020,-10.200,-13.339,5,neutral,0.350
NO,1991,JFM,snow_max,38.000,-12.859,-16.704,5,neutral,0.350
NO,1991,JFM,thaw_days,60.333,-3.214,0.703,6,neutral,0.350
NO,1991,JFM,tmax_mean,1.881,-0.175,0.375,6,neutral,0.350
NO,1991,JFM,tmean,-0.913,0.056,0.702,6,neutral,0.350
NO,1991,JFM,tmin_mean,-3.726,0.261,1.021,6,neutral,0.350
NO,1991,NDJFM,frost_days,94.500,-3.507,-8.258,6,neutral,0.350
NO,1991,NDJFM,ice_days,40.500,-0.591,-6.506,6,neutral,0.350
NO,1991,NDJFM,precip,372.680,-28.513,-7.260,5,neutral,0.350
NO,1991,NDJFM,precip_days,59.600,-2.739,-0.767,5,neutral,0.350
NO,1991,NDJFM,rain_on_snow_days,12.800,1.537,1.719,5,neutral,0.350
NO,1991,NDJFM,snow_cover_days,91.400,0.779,-6.191,5,neutral,0.350
NO,1991,NDJFM,snow_depth,16.225,-3.989,-6.324,5,neutral,0.350
NO,1991,NDJFM,snow_max,43.400,-8.846,-12.374,5,neutral,0.350
NO,1991,NDJFM,thaw_days,109.500,0.659,6.674,6,neutral,0.350
NO,1991,NDJFM,tmax_mean,2.490,0.048,0.572,6,neutral,0.350
NO,1991,NDJFM,tmean,-0.222,0.208,0.804,6,neutral,0.350
NO,1991,NDJFM,tmin_mean,-2.948,0.387,1.060,6,neutral,0.350
NO,1992,DJF,frost_days,51.500,-11.596,-14.811,6,elnino,1.540
NO,1992,DJF,ice_days,14.000,-15.855,-20.723,6,elnino,1.540
NO,1992,DJF,precip,313.320,66.419,83.870,5,elnino,1.540
NO,1992,DJF,precip_days,49.600,11.182,12.918,5,elnino,1.540
NO,1992,DJF,rain_on_snow_days,12.400,5.446,5.641,5,elnino,1.540
NO,1992,DJF,snow_cover_days,58.200,-1.288,-5.789,5,elnino,1.540
NO,1992,DJF,snow_depth,16.275,-4.438,-7.422,5,elnino,1.540
NO,1992,DJF,snow_max,41.400,-5.489,-8.760,5,elnino,1.540
NO,1992,DJF,thaw_days,75.667,16.146,21.062,6,elnino,1.540
NO,1992,DJF,tmax_mean,3.611,2.238,2.893,6,elnino,1.540
NO,1992,DJF,tmean,0.970,2.381,3.124,6,elnino,1.540
NO,1992,DJF,tmin_mean,-1.791,2.493,3.332,6,elnino,1.540
NO,1992,JFM,frost_days,49.167,-12.612,-15.794,6,elnino,1.540
NO,1992,JFM,ice_days,12.167,-13.813,-17.460,6,elnino,1.540
NO,1992,JFM,precip,296.600,71.403,88.074,5,elnino,1.540
NO,1992,JFM,precip_days,45.200,8.993,10.703,5,elnino,1.540
NO,1992,JFM,rain_on_snow_days,11.400,3.942,4.067,5,elnino,1.540
NO,1992,JFM,snow_cover_days,56.600,-5.241,-9.097,5,elnino,1.540
NO,1992,JFM,snow_depth,19.141,-8.080,-11.088,5,elnino,1.540
NO,1992,JFM,snow_max,40.200,-10.659,-14.319,5,elnino,1.540
NO,1992,JFM,thaw_days,77.833,14.286,18.009,6,elnino,1.540
NO,1992,JFM,tmax_mean,3.930,1.874,2.391,6,elnino,1.540
NO,1992,JFM,tmean,1.238,2.207,2.819,6,elnino,1.540
NO,1992,JFM,tmin_mean,-1.490,2.496,3.221,6,elnino,1.540
NO,1992,NDJFM,frost_days,81.000,-17.007,-21.478,6,elnino,1.540
NO,1992,NDJFM,ice_days,20.667,-20.424,-26.077,6,elnino,1.540
NO,1992,NDJFM,precip,510.920,109.727,129.658,5,elnino,1.540
NO,1992,NDJFM,precip_days,78.200,15.861,17.714,5,elnino,1.540
NO,1992,NDJFM,rain_on_snow_days,17.400,6.137,6.304,5,elnino,1.540
NO,1992,NDJFM,snow_cover_days,84.000,-6.621,-13.219,5,elnino,1.540
NO,1992,NDJFM,snow_depth,14.162,-6.052,-8.300,5,elnino,1.540
NO,1992,NDJFM,snow_max,41.400,-10.846,-14.201,5,elnino,1.540
NO,1992,NDJFM,thaw_days,129.333,20.493,26.234,6,elnino,1.540
NO,1992,NDJFM,tmax_mean,4.089,1.646,2.142,6,elnino,1.540
NO,1992,NDJFM,tmean,1.442,1.872,2.438,6,elnino,1.540
NO,1992,NDJFM,tmin_mean,-1.300,2.035,2.678,6,elnino,1.540
NO,1993,DJF,frost_days,53.667,-9.430,-12.476,6,neutral,0.130
NO,1993,DJF,ice_days,18.000,-11.855,-16.522,6,neutral,0.130
NO,1993,DJF,precip,313.580,66.679,83.315,5,neutral,0.130
NO,1993,DJF,precip_days,46.200,7.782,9.443,5,neutral,0.130
NO,1993,DJF,rain_on_snow_days,11.400,4.446,4.629,5,neutral,0.130
NO,1993,DJF,snow_cover_days,51.200,-8.288,-12.553,5,neutral,0.130
NO,1993,DJF,snow_depth,19.544,-1.168,-4.062,5,neutral,0.130
NO,1993,DJF,snow_max,49.000,2.111,-1.032,5,neutral,0.130
NO,1993,DJF,thaw_days,71.167,11.645,16.355,6,neutral,0.130
NO,1993,DJF,tmax_mean,3.138,1.765,2.388,6,neutral,0.130
NO,1993,DJF,tmean,0.463,1.874,2.583,6,neutral,0.130
NO,1993,DJF,tmin_mean,-2.255,2.030,2.836,6,neutral,0.130
NO,1993,JFM,frost_days,56.167,-5.612,-8.592,6,neutral,0.130
NO,1993,JFM,ice_days,15.667,-10.313,-13.773,6,neutral,0.130
NO,1993,JFM,precip,264.860,39.663,55.464,5,neutral,0.130
NO,1993,JFM,precip_days,42.400,6.193,7.818,5,neutral,0.130
NO,1993,JFM,rain_on_snow_days,9.200,1.742,1.848,5,neutral,0.130
NO,1993,JFM,snow_cover_days,56.400,-5.441,-9.066,5,neutral,0.130
NO,1993,JFM,snow_depth,28.758,1.537,-1.340,5,neutral,0.130
NO,1993,JFM,snow_max,54.800,3.941,0.467,5,neutral,0.130
NO,1993,JFM,thaw_days,73.833,10.286,13.815,6,neutral,0.130
NO,1993,JFM,tmax_mean,3.352,1.296,1.781,6,neutral,0.130
NO,1993,JFM,tmean,0.339,1.308,1.886,6,neutral,0.130
NO,1993,JFM,tmin_mean,-2.706,1.280,1.969,6,neutral,0.130
NO,1993,NDJFM,frost_days,91.000,-7.007,-11.198,6,neutral,0.130
NO,1993,NDJFM,ice_days,28.167,-12.924,-18.315,6,neutral,0.130
NO,1993,NDJFM,precip,482.120,80.927,99.536,5,neutral,0.130
NO,1993,NDJFM,precip_days,70.000,7.661,9.395,5,neutral,0.130
NO,1993,NDJFM,rain_on_snow_days,16.000,4.737,4.889,5,neutral,0.130
NO,1993,NDJFM,snow_cover_days,88.400,-2.221,-8.448,5,neutral,0.130
NO,1993,NDJFM,snow_depth,20.784,0.570,-1.592,5,neutral,0.130
NO,1993,NDJFM,snow_max,54.800,2.554,-0.628,5,neutral,0.130
NO,1993,NDJFM,thaw_days,121.833,12.993,18.461,6,neutral,0.130
NO,1993,NDJFM,tmax_mean,3.302,0.860,1.326,6,neutral,0.130
NO,1993,NDJFM,tmean,0.490,0.920,1.456,6,neutral,0.130
NO,1993,NDJFM,tmin_mean,-2.371,0.964,1.576,6,neutral,0.130
NO,1994,DJF,frost_days,77.000,13.904,11.025,6,neutral,0.070
NO,1994,DJF,ice_days,44.333,14.478,10.012,6,neutral,0.070
NO,1994,DJF,precip,201.020,-45.881,-30.059,5,neutral,0.070
NO,1994,DJF,precip_days,34.400,-4.018,-2.431,5,neutral,0.070
NO,1994,DJF,rain_on_snow_days,4.000,-2.954,-2.784,5,neutral,0.070
NO,1994,DJF,snow_cover_days,75.200,15.712,11.683,5,neutral,0.070
NO,1994,DJF,snow_depth,26.280,5.567,2.763,5,neutral,0.070
NO,1994,DJF,snow_max,50.800,3.911,0.896,5,neutral,0.070
NO,1994,DJF,thaw_days,43.667,-15.854,-11.352,6,neutral,0.070
NO,1994,DJF,tmax_mean,-0.879,-2.252,-1.661,6,neutral,0.070
NO,1994,DJF,tmean,-3.880,-2.468,-1.792,6,neutral,0.070
NO,1994,DJF,tmin_mean,-6.946,-2.662,-1.889,6,neutral,0.070
NO,1994,JFM,frost_days,72.500,10.721,7.943,6,neutral,0.070
NO,1994,JFM,ice_days,36.833,10.854,7.581,6,neutral,0.070
NO,1994,JFM,precip,192.900,-32.297,-17.365,5,neutral,0.070
NO,1994,JFM,precip_days,34.600,-1.607,-0.067,5,neutral,0.070
NO,1994,JFM,rain_on_snow_days,5.800,-1.658,-1.571,5,neutral,0.070
NO,1994,JFM,snow_cover_days,78.000,16.159,12.764,5,neutral,0.070
NO,1994,JFM,snow_depth,35.195,7.975,5.228,5,neutral,0.070
NO,1994,JFM,snow_max,54.400,3.541,0.251,5,neutral,0.070
NO,1994,JFM,thaw_days,52.500,-11.048,-7.711,6,neutral,0.070
NO,1994,JFM,tmax_mean,0.350,-1.706,-1.253,6,neutral,0.070
NO,1994,JFM,tmean,-2.756,-1.786,-1.243,6,neutral,0.070
NO,1994,JFM,tmin_mean,-5.929,-1.943,-1.290,6,neutral,0.070
NO,1994,NDJFM,frost_days,116.833,18.826,14.916,6,neutral,0.070
NO,1994,NDJFM,ice_days,55.500,14.409,9.281,6,neutral,0.070
NO,1994,NDJFM,precip,301.060,-100.133,-82.846,5,neutral,0.070
NO,1994,NDJFM,precip_days,50.400,-11.939,-10.325,5,neutral,0.070
NO,1994,NDJFM,rain_on_snow_days,8.800,-2.463,-2.326,5,neutral,0.070
NO,1994,NDJFM,snow_cover_days,106.800,16.179,10.324,5,neutral,0.070
NO,1994,NDJFM,snow_depth,23.783,3.569,1.493,5,neutral,0.070
NO,1994,NDJFM,snow_max,54.400,2.154,-0.854,5,neutral,0.070
NO,1994,NDJFM,thaw_days,93.167,-15.674,-10.479,6,neutral,0.070
NO,1994,NDJFM,tmax_mean,0.764,-1.678,-1.240,6,neutral,0.070
NO,1994,NDJFM,tmean,-2.119,-1.689,-1.183,6,neutral,0.070
NO,1994,NDJFM,tmin_mean,-5.073,-1.738,-1.156,6,neutral,0.070
NO,1995,DJF,frost_days,59.333,-3.763,-6.474,6,elnino,0.880
NO,1995,DJF,ice_days,21.833,-8.022,-12.288,6,elnino,0.880
NO,1995,DJF,precip,286.620,39.719,54.727,5,elnino,0.880
NO,1995,DJF,precip_days,43.400,4.982,6.494,5,elnino,0.880
NO,1995,DJF,rain_on_snow_days,9.600,2.646,2.805,5,elnino,0.880
NO,1995,DJF,snow_cover_days,64.200,4.712,0.919,5,elnino,0.880
NO,1995,DJF,snow_depth,20.538,-0.175,-2.890,5,elnino,0.880
NO,1995,DJF,snow_max,52.200,5.311,2.424,5,elnino,0.880
NO,1995,DJF,thaw_days,66.667,7.145,11.441,6,elnino,0.880
NO,1995,DJF,tmax_mean,2.405,1.032,1.592,6,elnino,0.880
NO,1995,DJF,tmean,-0.347,1.065,1.707,6,elnino,0.880
NO,1995,DJF,tmin_mean,-3.204,1.080,1.820,6,elnino,0.880
NO,1995,JFM,frost_days,59.833,-1.945,-4.522,6,elnino,0.880
NO,1995,JFM,ice_days,21.500,-4.480,-7.565,6,elnino,0.880
NO,1995,JFM,precip,260.360,35.163,49.226,5,elnino,0.880
NO,1995,JFM,precip_days,39.000,2.793,4.248,5,elnino,0.880
NO,1995,JFM,rain_on_snow_days,8.800,1.342,1.410,5,elnino,0.880
NO,1995,JFM,snow_cover_days,72.600,10.759,7.595,5,elnino,0.880
NO,1995,JFM,snow_depth,27.378,0.157,-2.460,5,elnino,0.880
NO,1995,JFM,snow_max,54.000,3.141,0.037,5,elnino,0.880
NO,1995,JFM,thaw_days,67.333,3.786,6.928,6,elnino,0.880
NO,1995,JFM,tmax_mean,2.417,0.360,0.782,6,elnino,0.880
NO,1995,JFM,tmean,-0.432,0.538,1.048,6,elnino,0.880
NO,1995,JFM,tmin_mean,-3.345,0.641,1.258,6,elnino,0.880
NO,1995,NDJFM,frost_days,90.500,-7.507,-11.137,6,elnino,0.880
NO,1995,NDJFM,ice_days,31.000,-10.091,-14.956,6,elnino,0.880
NO,1995,NDJFM,precip,461.980,60.787,76.753,5,elnino,0.880
NO,1995,NDJFM,precip_days,69.600,7.261,8.756,5,elnino,0.880
NO,1995,NDJFM,rain_on_snow_days,16.000,4.737,4.858,5,elnino,0.880
NO,1995,NDJFM,snow_cover_days,102.800,12.179,6.695,5,elnino,0.880
NO,1995,NDJFM,snow_depth,19.385,-0.829,-2.818,5,elnino,0.880
NO,1995,NDJFM,snow_max,54.000,1.754,-1.081,5,elnino,0.880
NO,1995,NDJFM,thaw_days,117.333,8.493,13.415,6,elnino,0.880
NO,1995,NDJFM,tmax_mean,3.102,0.659,1.068,6,elnino,0.880
NO,1995,NDJFM,tmean,0.418,0.848,1.324,6,elnino,0.880
NO,1995,NDJFM,tmin_mean,-2.331,1.004,1.555,6,elnino,0.880
NO,1996,DJF,frost_days,75.500,12.404,9.860,6,lanina,-0.880
NO,1996,DJF,ice_days,42.167,12.311,8.246,6,lanina,-0.880
NO,1996,DJF,precip,162.760,-84.141,-69.947,5,lanina,-0.880
NO,1996,DJF,precip_days,27.800,-10.618,-9.180,5,lanina,-0.880
NO,1996,DJF,rain_on_snow_days,5.200,-1.754,-1.608,5,lanina,-0.880
NO,1996,DJF,snow_cover_days,70.400,10.912,7.355,5,lanina,-0.880
NO,1996,DJF,snow_depth,31.894,11.182,8.557,5,lanina,-0.880
NO,1996,DJF,snow_max,55.400,8.511,5.752,5,lanina,-0.880
NO,1996,DJF,thaw_days,47.500,-12.021,-7.933,6,lanina,-0.880
NO,1996,DJF,tmax_mean,-0.750,-2.123,-1.594,6,lanina,-0.880
NO,1996,DJF,tmean,-3.729,-2.318,-1.708,6,lanina,-0.880
NO,1996,DJF,tmin_mean,-6.724,-2.439,-1.732,6,lanina,-0.880
NO,1996,JFM,frost_days,76.500,14.721,12.347,6,lanina,-0.880
NO,1996,JFM,ice_days,28.167,2.187,-0.711,6,lanina,-0.880
NO,1996,JFM,precip,110.520,-114.677,-101.484,5,lanina,-0.880
NO,1996,JFM,precip_days,21.400,-14.807,-13.437,5,lanina,-0.880
NO,1996,JFM,rain_on_snow_days,5.400,-2.058,-2.010,5,lanina,-0.880
NO,1996,JFM,snow_cover_days,68.800,6.959,4.026,5,lanina,-0.880
NO,1996,JFM,snow_depth,35.936,8.716,6.229,5,lanina,-0.880
NO,1996,JFM,snow_max,54.800,3.941,1.022,5,lanina,-0.880
NO,1996,JFM,thaw_days,60.833,-2.714,0.235,6,lanina,-0.880
NO,1996,JFM,tmax_mean,0.925,-1.131,-0.742,6,lanina,-0.880
NO,1996,JFM,tmean,-2.264,-1.295,-0.819,6,lanina,-0.880
NO,1996,JFM,tmin_mean,-5.436,-1.450,-0.869,6,lanina,-0.880
NO,1996,NDJFM,frost_days,123.333,25.326,21.977,6,lanina,-0.880
NO,1996,NDJFM,ice_days,52.333,11.242,6.640,6,lanina,-0.880
NO,1996,NDJFM,precip,285.060,-116.133,-101.489,5,lanina,-0.880
NO,1996,NDJFM,precip_days,47.800,-14.539,-13.163,5,lanina,-0.880
NO,1996,NDJFM,rain_on_snow_days,9.400,-1.863,-1.757,5,lanina,-0.880
NO,1996,NDJFM,snow_cover_days,106.000,15.379,10.266,5,lanina,-0.880
NO,1996,NDJFM,snow_depth,30.820,10.606,8.702,5,lanina,-0.880
NO,1996,NDJFM,snow_max,56.800,4.554,1.892,5,lanina,-0.880
NO,1996,NDJFM,thaw_days,96.667,-12.174,-7.525,6,lanina,-0.880
NO,1996,NDJFM,tmax_mean,0.800,-1.642,-1.263,6,lanina,-0.880
NO,1996,NDJFM,tmean,-2.284,-1.853,-1.407,6,lanina,-0.880
NO,1996,NDJFM,tmin_mean,-5.365,-2.030,-1.509,6,lanina,-0.880
NO,1997,DJF,frost_days,66.167,3.070,0.695,6,neutral,-0.410
NO,1997,DJF,ice_days,33.333,3.478,-0.386,6,neutral,-0.410
NO,1997,DJF,precip,292.180,45.279,58.659,5,neutral,-0.410
NO,1997,DJF,precip_days,42.200,3.782,5.146,5,neutral,-0.410
NO,1997,DJF,rain_on_snow_days,6.200,-0.754,-0.620,5,neutral,-0.410
NO,1997,DJF,snow_cover_days,63.600,4.112,0.791,5,neutral,-0.410
NO,1997,DJF,snow_depth,38.026,17.314,14.778,5,neutral,-0.410
NO,1997,DJF,snow_max,70.200,23.311,20.680,5,neutral,-0.410
NO,1997,DJF,thaw_days,56.000,-3.521,0.360,6,neutral,-0.410
NO,1997,DJF,tmax_mean,0.793,-0.580,-0.083,6,neutral,-0.410
NO,1997,DJF,tmean,-2.201,-0.790,-0.213,6,neutral,-0.410
NO,1997,DJF,tmin_mean,-5.182,-0.898,-0.224,6,neutral,-0.410
NO,1997,JFM,frost_days,59.000,-2.779,-4.952,6,neutral,-0.410
NO,1997,JFM,ice_days,24.500,-1.480,-4.191,6,neutral,-0.410
NO,1997,JFM,precip,297.220,72.023,84.347,5,neutral,-0.410
NO,1997,JFM,precip_days,41.800,5.593,6.878,5,neutral,-0.410
NO,1997,JFM,rain_on_snow_days,8.400,0.942,0.971,5,neutral,-0.410
NO,1997,JFM,snow_cover_days,56.000,-5.841,-8.543,5,neutral,-0.410
NO,1997,JFM,snow_depth,48.836,21.615,19.259,5,neutral,-0.410
NO,1997,JFM,snow_max,68.600,17.741,15.007,5,neutral,-0.410
NO,1997,JFM,thaw_days,65.167,1.619,4.374,6,neutral,-0.410
NO,1997,JFM,tmax_mean,2.383,0.327,0.684,6,neutral,-0.410
NO,1997,JFM,tmean,-0.712,0.258,0.699,6,neutral,-0.410
NO,1997,JFM,tmin_mean,-3.743,0.243,0.788,6,neutral,-0.410
NO,1997,NDJFM,frost_days,106.000,7.993,4.923,6,neutral,-0.410
NO,1997,NDJFM,ice_days,48.167,7.076,2.736,6,neutral,-0.410
NO,1997,NDJFM,precip,462.040,60.847,74.169,5,neutral,-0.410
NO,1997,NDJFM,precip_days,67.000,4.661,5.918,5,neutral,-0.410
NO,1997,NDJFM,rain_on_snow_days,12.000,0.737,0.828,5,neutral,-0.410
NO,1997,NDJFM,snow_cover_days,98.400,7.779,3.038,5,neutral,-0.410
NO,1997,NDJFM,snow_depth,34.828,14.614,12.797,5,neutral,-0.410
NO,1997,NDJFM,snow_max,72.200,19.954,17.465,5,neutral,-0.410
NO,1997,NDJFM,thaw_days,101.667,-7.174,-2.798,6,neutral,-0.410
NO,1997,NDJFM,tmax_mean,1.691,-0.751,-0.401,6,neutral,-0.410
NO,1997,NDJFM,tmean,-1.367,-0.936,-0.520,6,neutral,-0.410
NO,1997,NDJFM,tmin_mean,-4.375,-1.040,-0.550,6,neutral,-0.410
NO,1998,DJF,frost_days,57.167,-5.930,-8.138,6,super,2.220
NO,1998,DJF,ice_days,26.667,-3.189,-6.852,6,super,2.220
NO,1998,DJF,precip,239.280,-7.621,4.945,5,super,2.220
NO,1998,DJF,precip_days,40.600,2.182,3.471,5,super,2.220
NO,1998,DJF,rain_on_snow_days,4.800,-2.154,-2.032,5,super,2.220
NO,1998,DJF,snow_cover_days,45.200,-14.288,-17.373,5,super,2.220
NO,1998,DJF,snow_depth,11.164,-9.548,-11.994,5,super,2.220
NO,1998,DJF,snow_max,40.800,-6.089,-8.593,5,super,2.220
NO,1998,DJF,thaw_days,62.333,2.812,6.487,6,super,2.220
NO,1998,DJF,tmax_mean,1.938,0.565,1.031,6,super,2.220
NO,1998,DJF,tmean,-0.685,0.727,1.270,6,super,2.220
NO,1998,DJF,tmin_mean,-3.398,0.886,1.526,6,super,2.220
NO,1998,JFM,frost_days,56.333,-5.445,-7.417,6,super,2.220
NO,1998,JFM,ice_days,26.167,0.187,-2.337,6,super,2.220
NO,1998,JFM,precip,241.560,16.363,27.818,5,super,2.220
NO,1998,JFM,precip_days,40.000,3.793,4.992,5,super,2.220
NO,1998,JFM,rain_on_snow_days,5.000,-2.458,-2.448,5,super,2.220
NO,1998,JFM,snow_cover_days,54.200,-7.641,-10.112,5,super,2.220
NO,1998,JFM,snow_depth,18.755,-8.465,-10.691,5,super,2.220
NO,1998,JFM,snow_max,43.200,-7.659,-10.208,5,super,2.220
NO,1998,JFM,thaw_days,63.000,-0.548,2.014,6,super,2.220
NO,1998,JFM,tmax_mean,2.279,0.223,0.547,6,super,2.220
NO,1998,JFM,tmean,-0.722,0.248,0.656,6,super,2.220
NO,1998,JFM,tmin_mean,-3.726,0.260,0.769,6,super,2.220
NO,1998,NDJFM,frost_days,93.667,-4.340,-7.130,6,super,2.220
NO,1998,NDJFM,ice_days,43.000,1.909,-2.168,6,super,2.220
NO,1998,NDJFM,precip,329.180,-72.013,-60.013,5,super,2.220
NO,1998,NDJFM,precip_days,58.800,-3.539,-2.401,5,super,2.220
NO,1998,NDJFM,rain_on_snow_days,7.200,-4.063,-3.987,5,super,2.220
NO,1998,NDJFM,snow_cover_days,77.800,-12.821,-17.190,5,super,2.220
NO,1998,NDJFM,snow_depth,13.446,-6.768,-8.498,5,super,2.220
NO,1998,NDJFM,snow_max,43.200,-9.046,-11.362,5,super,2.220
NO,1998,NDJFM,thaw_days,105.833,-3.007,1.096,6,super,2.220
NO,1998,NDJFM,tmax_mean,2.405,-0.037,0.285,6,super,2.220
NO,1998,NDJFM,tmean,-0.319,0.111,0.497,6,super,2.220
NO,1998,NDJFM,tmin_mean,-3.097,0.238,0.697,6,super,2.220
NO,1999,DJF,frost_days,62.167,-0.930,-2.970,6,lanina,-1.510
NO,1999,DJF,ice_days,30.667,0.811,-2.652,6,lanina,-1.510
NO,1999,DJF,precip,230.560,-16.341,-4.590,5,lanina,-1.510
NO,1999,DJF,precip_days,38.200,-0.218,0.997,5,lanina,-1.510
NO,1999,DJF,rain_on_snow_days,5.200,-1.754,-1.644,5,lanina,-1.510
NO,1999,DJF,snow_cover_days,56.600,-2.888,-5.737,5,lanina,-1.510
NO,1999,DJF,snow_depth,12.602,-8.110,-10.467,5,lanina,-1.510
NO,1999,DJF,snow_max,30.200,-16.689,-19.064,5,lanina,-1.510
NO,1999,DJF,thaw_days,58.667,-0.855,2.613,6,lanina,-1.510
NO,1999,DJF,tmax_mean,1.174,-0.199,0.236,6,lanina,-1.510
NO,1999,DJF,tmean,-1.624,-0.213,0.297,6,lanina,-1.510
NO,1999,DJF,tmin_mean,-4.398,-0.114,0.493,6,lanina,-1.510
NO,1999,JFM,frost_days,62.667,0.888,-0.881,6,lanina,-1.510
NO,1999,JFM,ice_days,28.000,2.020,-0.316,6,lanina,-1.510
NO,1999,JFM,precip,216.120,-9.077,1.508,5,lanina,-1.510
NO,1999,JFM,precip_days,36.000,-0.207,0.907,5,lanina,-1.510
NO,1999,JFM,rain_on_snow_days,6.600,-0.858,-0.867,5,lanina,-1.510
NO,1999,JFM,snow_cover_days,66.400,4.559,2.318,5,lanina,-1.510
NO,1999,JFM,snow_depth,19.760,-7.460,-9.556,5,lanina,-1.510
NO,1999,JFM,snow_max,42.200,-8.659,-11.023,5,lanina,-1.510
NO,1999,JFM,thaw_days,61.333,-2.214,0.154,6,lanina,-1.510
NO,1999,JFM,tmax_mean,1.570,-0.486,-0.194,6,lanina,-1.510
NO,1999,JFM,tmean,-1.288,-0.319,0.056,6,lanina,-1.510
NO,1999,JFM,tmin_mean,-4.081,-0.095,0.378,6,lanina,-1.510
NO,1999,NDJFM,frost_days,101.667,3.660,1.151,6,lanina,-1.510
NO,1999,NDJFM,ice_days,46.500,5.409,1.594,6,lanina,-1.510
NO,1999,NDJFM,precip,334.120,-67.073,-56.396,5,lanina,-1.510
NO,1999,NDJFM,precip_days,56.200,-6.139,-5.120,5,lanina,-1.510
NO,1999,NDJFM,rain_on_snow_days,9.600,-1.663,-1.602,5,lanina,-1.510
NO,1999,NDJFM,snow_cover_days,90.000,-0.621,-4.619,5,lanina,-1.510
NO,1999,NDJFM,snow_depth,12.838,-7.375,-9.020,5,lanina,-1.510
NO,1999,NDJFM,snow_max,42.200,-10.046,-12.189,5,lanina,-1.510
NO,1999,NDJFM,thaw_days,103.500,-5.341,-1.510,6,lanina,-1.510
NO,1999,NDJFM,tmax_mean,1.694,-0.748,-0.455,6,lanina,-1.510
NO,1999,NDJFM,tmean,-1.025,-0.595,-0.239,6,lanina,-1.510
NO,1999,NDJFM,tmin_mean,-3.707,-0.372,0.058,6,lanina,-1.510
NO,2000,DJF,frost_days,63.500,0.404,-1.468,6,lanina,-1.470
NO,2000,DJF,ice_days,27.333,-2.522,-5.785,6,lanina,-1.470
NO,2000,DJF,precip,323.040,76.139,87.076,5,lanina,-1.470
NO,2000,DJF,precip_days,48.000,9.582,10.722,5,lanina,-1.470
NO,2000,DJF,rain_on_snow_days,5.800,-1.154,-1.056,5,lanina,-1.470
NO,2000,DJF,snow_cover_days,60.000,0.512,-2.101,5,lanina,-1.470
NO,2000,DJF,snow_depth,34.266,13.553,11.286,5,lanina,-1.470
NO,2000,DJF,snow_max,69.600,22.711,20.463,5,lanina,-1.470
NO,2000,DJF,thaw_days,62.000,2.479,5.739,6,lanina,-1.470
NO,2000,DJF,tmax_mean,1.706,0.333,0.737,6,lanina,-1.470
NO,2000,DJF,tmean,-1.095,0.317,0.794,6,lanina,-1.470
NO,2000,DJF,tmin_mean,-4.033,0.251,0.825,6,lanina,-1.470
NO,2000,JFM,frost_days,61.500,-0.279,-1.846,6,lanina,-1.470
NO,2000,JFM,ice_days,20.167,-5.813,-7.962,6,lanina,-1.470
NO,2000,JFM,precip,332.620,107.423,117.139,5,lanina,-1.470
NO,2000,JFM,precip_days,50.600,14.393,15.422,5,lanina,-1.470
NO,2000,JFM,rain_on_snow_days,10.200,2.742,2.714,5,lanina,-1.470
NO,2000,JFM,snow_cover_days,61.600,-0.241,-2.251,5,lanina,-1.470
NO,2000,JFM,snow_depth,48.473,21.252,19.287,5,lanina,-1.470
NO,2000,JFM,snow_max,83.600,32.741,30.562,5,lanina,-1.470
NO,2000,JFM,thaw_days,69.833,6.286,8.460,6,lanina,-1.470
NO,2000,JFM,tmax_mean,2.908,0.852,1.112,6,lanina,-1.470
NO,2000,JFM,tmean,0.037,1.006,1.347,6,lanina,-1.470
NO,2000,JFM,tmin_mean,-2.911,1.076,1.512,6,lanina,-1.470
NO,2000,NDJFM,frost_days,94.167,-3.840,-6.069,6,lanina,-1.470
NO,2000,NDJFM,ice_days,35.333,-5.758,-9.310,6,lanina,-1.470
NO,2000,NDJFM,precip,522.120,120.927,130.283,5,lanina,-1.470
NO,2000,NDJFM,precip_days,77.800,15.461,16.360,5,lanina,-1.470
NO,2000,NDJFM,rain_on_snow_days,13.200,1.937,1.982,5,lanina,-1.470
NO,2000,NDJFM,snow_cover_days,88.400,-2.221,-5.848,5,lanina,-1.470
NO,2000,NDJFM,snow_depth,33.429,13.215,11.657,5,lanina,-1.470
NO,2000,NDJFM,snow_max,83.600,31.354,29.384,5,lanina,-1.470
NO,2000,NDJFM,thaw_days,114.833,5.993,9.550,6,lanina,-1.470
NO,2000,NDJFM,tmax_mean,3.079,0.637,0.901,6,lanina,-1.470
NO,2000,NDJFM,tmean,0.289,0.720,1.047,6,lanina,-1.470
NO,2000,NDJFM,tmin_mean,-2.565,0.770,1.169,6,lanina,-1.470
NO,2001,DJF,frost_days,65.000,1.904,0.199,6,lanina,-0.760
NO,2001,DJF,ice_days,33.833,3.978,0.916,6,lanina,-0.760
NO,2001,DJF,precip,227.020,-19.881,-9.758,5,lanina,-0.760
NO,2001,DJF,precip_days,32.000,-6.418,-5.352,5,lanina,-0.760
NO,2001,DJF,rain_on_snow_days,4.600,-2.354,-2.268,5,lanina,-0.760
NO,2001,DJF,snow_cover_days,51.200,-8.288,-10.665,5,lanina,-0.760
NO,2001,DJF,snow_depth,11.186,-9.526,-11.703,5,lanina,-0.760
NO,2001,DJF,snow_max,35.200,-11.689,-13.809,5,lanina,-0.760
NO,2001,DJF,thaw_days,55.167,-4.354,-1.301,6,lanina,-0.760
NO,2001,DJF,tmax_mean,0.564,-0.809,-0.437,6,lanina,-0.760
NO,2001,DJF,tmean,-2.176,-0.765,-0.321,6,lanina,-0.760
NO,2001,DJF,tmin_mean,-4.955,-0.671,-0.130,6,lanina,-0.760
NO,2001,JFM,frost_days,69.000,7.221,5.856,6,lanina,-0.760
NO,2001,JFM,ice_days,35.833,9.854,7.892,6,lanina,-0.760
NO,2001,JFM,precip,180.460,-44.737,-35.890,5,lanina,-0.760
NO,2001,JFM,precip_days,27.000,-9.207,-8.263,5,lanina,-0.760
NO,2001,JFM,rain_on_snow_days,5.000,-2.458,-2.505,5,lanina,-0.760
NO,2001,JFM,snow_cover_days,62.600,0.759,-1.020,5,lanina,-0.760
NO,2001,JFM,snow_depth,17.760,-9.460,-11.295,5,lanina,-0.760
NO,2001,JFM,snow_max,41.600,-9.259,-11.252,5,lanina,-0.760
NO,2001,JFM,thaw_days,53.333,-10.214,-8.234,6,lanina,-0.760
NO,2001,JFM,tmax_mean,0.414,-1.642,-1.413,6,lanina,-0.760
NO,2001,JFM,tmean,-2.818,-1.848,-1.542,6,lanina,-0.760
NO,2001,JFM,tmin_mean,-6.030,-2.043,-1.643,6,lanina,-0.760
NO,2001,NDJFM,frost_days,100.000,1.993,0.045,6,lanina,-0.760
NO,2001,NDJFM,ice_days,49.333,8.242,4.952,6,lanina,-0.760
NO,2001,NDJFM,precip,364.040,-37.153,-29.119,5,lanina,-0.760
NO,2001,NDJFM,precip_days,50.600,-11.739,-10.959,5,lanina,-0.760
NO,2001,NDJFM,rain_on_snow_days,5.800,-5.463,-5.433,5,lanina,-0.760
NO,2001,NDJFM,snow_cover_days,79.200,-11.421,-14.677,5,lanina,-0.760
NO,2001,NDJFM,snow_depth,12.073,-8.141,-9.613,5,lanina,-0.760
NO,2001,NDJFM,snow_max,41.600,-10.646,-12.443,5,lanina,-0.760
NO,2001,NDJFM,thaw_days,100.500,-8.341,-5.057,6,lanina,-0.760
NO,2001,NDJFM,tmax_mean,1.828,-0.615,-0.380,6,lanina,-0.760
NO,2001,NDJFM,tmean,-1.083,-0.653,-0.356,6,lanina,-0.760
NO,2001,NDJFM,tmin_mean,-4.010,-0.676,-0.307,6,lanina,-0.760
NO,2002,DJF,frost_days,61.667,-1.430,-2.966,6,neutral,-0.150
NO,2002,DJF,ice_days,30.667,0.811,-2.050,6,neutral,-0.150
NO,2002,DJF,precip,285.880,38.979,48.288,5,neutral,-0.150
NO,2002,DJF,precip_days,43.000,4.582,5.574,5,neutral,-0.150
NO,2002,DJF,rain_on_snow_days,8.200,1.246,1.319,5,neutral,-0.150
NO,2002,DJF,snow_cover_days,61.000,1.512,-0.629,5,neutral,-0.150
NO,2002,DJF,snow_depth,15.607,-5.106,-7.194,5,neutral,-0.150
NO,2002,DJF,snow_max,44.400,-2.489,-4.481,5,neutral,-0.150
NO,2002,DJF,thaw_days,58.833,-0.688,2.159,6,neutral,-0.150
NO,2002,DJF,tmax_mean,1.179,-0.194,0.146,6,neutral,-0.150
NO,2002,DJF,tmean,-1.574,-0.163,0.248,6,neutral,-0.150
NO,2002,DJF,tmin_mean,-4.400,-0.116,0.392,6,neutral,-0.150
NO,2002,JFM,frost_days,58.333,-3.445,-4.609,6,neutral,-0.150
NO,2002,JFM,ice_days,23.833,-2.146,-3.921,6,neutral,-0.150
NO,2002,JFM,precip,268.280,43.083,51.060,5,neutral,-0.150
NO,2002,JFM,precip_days,43.000,6.793,7.652,5,neutral,-0.150
NO,2002,JFM,rain_on_snow_days,10.200,2.742,2.676,5,neutral,-0.150
NO,2002,JFM,snow_cover_days,62.600,0.759,-0.789,5,neutral,-0.150
NO,2002,JFM,snow_depth,23.369,-3.851,-5.556,5,neutral,-0.150
NO,2002,JFM,snow_max,49.600,-1.259,-3.067,5,neutral,-0.150
NO,2002,JFM,thaw_days,65.667,2.119,3.906,6,neutral,-0.150
NO,2002,JFM,tmax_mean,2.477,0.421,0.617,6,neutral,-0.150
NO,2002,JFM,tmean,-0.508,0.461,0.734,6,neutral,-0.150
NO,2002,JFM,tmin_mean,-3.499,0.488,0.852,6,neutral,-0.150
NO,2002,NDJFM,frost_days,96.667,-1.340,-3.008,6,neutral,-0.150
NO,2002,NDJFM,ice_days,39.333,-1.758,-4.785,6,neutral,-0.150
NO,2002,NDJFM,precip,462.940,61.747,68.459,5,neutral,-0.150
NO,2002,NDJFM,precip_days,70.800,8.461,9.122,5,neutral,-0.150
NO,2002,NDJFM,rain_on_snow_days,14.000,2.737,2.752,5,neutral,-0.150
NO,2002,NDJFM,snow_cover_days,95.600,4.979,2.095,5,neutral,-0.150
NO,2002,NDJFM,snow_depth,19.207,-1.007,-2.393,5,neutral,-0.150
NO,2002,NDJFM,snow_max,49.600,-2.646,-4.270,5,neutral,-0.150
NO,2002,NDJFM,thaw_days,111.000,2.159,5.171,6,neutral,-0.150
NO,2002,NDJFM,tmax_mean,2.392,-0.050,0.156,6,neutral,-0.150
NO,2002,NDJFM,tmean,-0.508,-0.077,0.190,6,neutral,-0.150
NO,2002,NDJFM,tmin_mean,-3.429,-0.094,0.244,6,neutral,-0.150
NO,2003,DJF,frost_days,68.000,4.904,3.535,6,elnino,0.900
NO,2003,DJF,ice_days,38.833,8.978,6.317,6,elnino,0.900
NO,2003,DJF,precip,192.320,-54.581,-46.086,5,elnino,0.900
NO,2003,DJF,precip_days,31.200,-7.218,-6.301,5,elnino,0.900
NO,2003,DJF,rain_on_snow_days,9.400,2.446,2.507,5,elnino,0.900
NO,2003,DJF,snow_cover_days,63.800,4.312,2.407,5,elnino,0.900
NO,2003,DJF,snow_depth,21.220,0.507,-1.491,5,elnino,0.900
NO,2003,DJF,snow_max,49.000,2.111,0.247,5,elnino,0.900
NO,2003,DJF,thaw_days,50.500,-9.021,-6.382,6,elnino,0.900
NO,2003,DJF,tmax_mean,-0.225,-1.598,-1.289,6,elnino,0.900
NO,2003,DJF,tmean,-3.106,-1.695,-1.317,6,elnino,0.900
NO,2003,DJF,tmin_mean,-5.974,-1.690,-1.215,6,elnino,0.900
NO,2003,JFM,frost_days,62.000,0.221,-0.741,6,elnino,0.900
NO,2003,JFM,ice_days,25.833,-0.146,-1.734,6,elnino,0.900
NO,2003,JFM,precip,232.560,7.363,14.471,5,elnino,0.900
NO,2003,JFM,precip_days,36.000,-0.207,0.567,5,elnino,0.900
NO,2003,JFM,rain_on_snow_days,12.600,5.142,5.056,5,elnino,0.900
NO,2003,JFM,snow_cover_days,61.600,-0.241,-1.558,5,elnino,0.900
NO,2003,JFM,snow_depth,22.644,-4.576,-6.150,5,elnino,0.900
NO,2003,JFM,snow_max,49.600,-1.259,-2.882,5,elnino,0.900
NO,2003,JFM,thaw_days,63.500,-0.048,1.546,6,elnino,0.900
NO,2003,JFM,tmax_mean,1.948,-0.108,0.056,6,elnino,0.900
NO,2003,JFM,tmean,-1.151,-0.181,0.057,6,elnino,0.900
NO,2003,JFM,tmin_mean,-4.152,-0.166,0.163,6,elnino,0.900
NO,2003,NDJFM,frost_days,109.833,11.826,10.439,6,elnino,0.900
NO,2003,NDJFM,ice_days,54.167,13.076,10.310,6,elnino,0.900
NO,2003,NDJFM,precip,326.900,-74.293,-68.903,5,elnino,0.900
NO,2003,NDJFM,precip_days,51.800,-10.539,-9.997,5,elnino,0.900
NO,2003,NDJFM,rain_on_snow_days,16.200,4.937,4.937,5,elnino,0.900
NO,2003,NDJFM,snow_cover_days,100.400,9.779,7.266,5,elnino,0.900
NO,2003,NDJFM,snow_depth,16.613,-3.601,-4.900,5,elnino,0.900
NO,2003,NDJFM,snow_max,49.600,-2.646,-4.097,5,elnino,0.900
NO,2003,NDJFM,thaw_days,95.833,-13.007,-10.269,6,elnino,0.900
NO,2003,NDJFM,tmax_mean,1.022,-1.420,-1.243,6,elnino,0.900
NO,2003,NDJFM,tmean,-1.843,-1.413,-1.175,6,elnino,0.900
NO,2003,NDJFM,tmin_mean,-4.645,-1.311,-1.004,6,elnino,0.900
NO,2004,DJF,frost_days,67.817,4.721,3.520,6,neutral,0.340
NO,2004,DJF,ice_days,32.260,2.405,-0.055,6,neutral,0.340
NO,2004,DJF,precip,250.509,3.608,11.289,5,neutral,0.340
NO,2004,DJF,precip_days,42.314,3.896,4.738,5,neutral,0.340
NO,2004,DJF,rain_on_snow_days,6.327,-0.627,-0.578,5,neutral,0.340
NO,2004,DJF,snow_cover_days,62.962,3.474,1.806,5,neutral,0.340
NO,2004,DJF,snow_depth,25.798,5.086,3.177,5,neutral,0.340
NO,2004,DJF,snow_max,50.800,3.911,2.175,5,neutral,0.340
NO,2004,DJF,thaw_days,58.240,-1.281,1.151,6,neutral,0.340
NO,2004,DJF,tmax_mean,1.042,-0.331,-0.054,6,neutral,0.340
NO,2004,DJF,tmean,-1.872,-0.460,-0.116,6,neutral,0.340
NO,2004,DJF,tmin_mean,-4.843,-0.559,-0.117,6,neutral,0.340
NO,2004,JFM,frost_days,64.626,2.848,2.087,6,neutral,0.340
NO,2004,JFM,ice_days,25.738,-0.242,-1.642,6,neutral,0.340
NO,2004,JFM,precip,167.414,-57.783,-51.545,5,neutral,0.340
NO,2004,JFM,precip_days,31.232,-4.976,-4.287,5,neutral,0.340
NO,2004,JFM,rain_on_snow_days,6.085,-1.373,-1.478,5,neutral,0.340
NO,2004,JFM,snow_cover_days,63.779,1.937,0.851,5,neutral,0.340
NO,2004,JFM,snow_depth,29.697,2.476,1.032,5,neutral,0.340
NO,2004,JFM,snow_max,50.800,-0.059,-1.497,5,neutral,0.340
NO,2004,JFM,thaw_days,64.762,1.215,2.614,6,neutral,0.340
NO,2004,JFM,tmax_mean,1.900,-0.157,-0.024,6,neutral,0.340
NO,2004,JFM,tmean,-1.168,-0.199,0.006,6,neutral,0.340
NO,2004,JFM,tmin_mean,-4.163,-0.177,0.116,6,neutral,0.340
NO,2004,NDJFM,frost_days,97.095,-0.912,-2.020,6,neutral,0.340
NO,2004,NDJFM,ice_days,38.224,-2.867,-5.369,6,neutral,0.340
NO,2004,NDJFM,precip,344.065,-57.128,-53.059,5,neutral,0.340
NO,2004,NDJFM,precip_days,58.642,-3.697,-3.275,5,neutral,0.340
NO,2004,NDJFM,rain_on_snow_days,8.882,-2.381,-2.396,5,neutral,0.340
NO,2004,NDJFM,snow_cover_days,88.452,-2.169,-4.310,5,neutral,0.340
NO,2004,NDJFM,snow_depth,20.804,0.590,-0.623,5,neutral,0.340
NO,2004,NDJFM,snow_max,50.800,-1.446,-2.724,5,neutral,0.340
NO,2004,NDJFM,thaw_days,113.276,4.435,6.900,6,neutral,0.340
NO,2004,NDJFM,tmax_mean,2.745,0.303,0.451,6,neutral,0.340
NO,2004,NDJFM,tmean,-0.207,0.223,0.430,6,neutral,0.340
NO,2004,NDJFM,tmin_mean,-3.132,0.202,0.479,6,neutral,0.340
NO,2005,DJF,frost_days,60.833,-2.263,-3.296,6,elnino,0.620
NO,2005,DJF,ice_days,19.667,-10.189,-12.448,6,elnino,0.620
NO,2005,DJF,precip,371.117,29.779,82.825,6,elnino,0.620
NO,2005,DJF,precip_days,43.667,1.582,3.730,6,elnino,0.620
NO,2005,DJF,rain_on_snow_days,8.200,1.246,1.283,5,elnino,0.620
NO,2005,DJF,snow_cover_days,54.600,-4.888,-6.321,5,elnino,0.620
NO,2005,DJF,snow_depth,24.951,4.238,2.419,5,elnino,0.620
NO,2005,DJF,snow_max,50.000,3.111,1.503,5,elnino,0.620
NO,2005,DJF,thaw_days,70.167,10.646,12.871,6,elnino,0.620
NO,2005,DJF,tmax_mean,2.912,1.539,1.785,6,elnino,0.620
NO,2005,DJF,tmean,0.151,1.563,1.875,6,elnino,0.620
NO,2005,DJF,tmin_mean,-2.733,1.551,1.960,6,elnino,0.620
NO,2005,JFM,frost_days,63.824,2.045,1.487,6,elnino,0.620
NO,2005,JFM,ice_days,21.000,-4.980,-6.192,6,elnino,0.620
NO,2005,JFM,precip,256.383,-23.457,-0.479,6,elnino,0.620
NO,2005,JFM,precip_days,33.167,-5.607,-4.588,6,elnino,0.620
NO,2005,JFM,rain_on_snow_days,4.800,-2.658,-2.782,5,elnino,0.620
NO,2005,JFM,snow_cover_days,53.200,-8.641,-9.497,5,elnino,0.620
NO,2005,JFM,snow_depth,32.829,5.608,4.295,5,elnino,0.620
NO,2005,JFM,snow_max,51.800,0.941,-0.312,5,elnino,0.620
NO,2005,JFM,thaw_days,68.500,4.952,6.158,6,elnino,0.620
NO,2005,JFM,tmax_mean,2.641,0.585,0.685,6,elnino,0.620
NO,2005,JFM,tmean,-0.418,0.551,0.722,6,elnino,0.620
NO,2005,JFM,tmin_mean,-3.456,0.531,0.787,6,elnino,0.620
NO,2005,NDJFM,frost_days,98.819,0.812,-0.015,6,elnino,0.620
NO,2005,NDJFM,ice_days,35.000,-6.091,-8.331,6,elnino,0.620
NO,2005,NDJFM,precip,590.967,50.107,109.162,6,elnino,0.620
NO,2005,NDJFM,precip_days,70.500,3.061,4.489,6,elnino,0.620
NO,2005,NDJFM,rain_on_snow_days,11.200,-0.063,-0.093,5,elnino,0.620
NO,2005,NDJFM,snow_cover_days,87.200,-3.421,-5.191,5,elnino,0.620
NO,2005,NDJFM,snow_depth,25.124,4.910,3.783,5,elnino,0.620
NO,2005,NDJFM,snow_max,56.600,4.354,3.249,5,elnino,0.620
NO,2005,NDJFM,thaw_days,115.333,6.493,8.685,6,elnino,0.620
NO,2005,NDJFM,tmax_mean,3.143,0.700,0.819,6,elnino,0.620
NO,2005,NDJFM,tmean,0.156,0.586,0.764,6,elnino,0.620
NO,2005,NDJFM,tmin_mean,-2.841,0.494,0.740,6,elnino,0.620
NO,2006,DJF,frost_days,65.341,2.244,1.379,6,lanina,-0.860
NO,2006,DJF,ice_days,28.176,-1.679,-3.738,6,lanina,-0.860
NO,2006,DJF,precip,300.465,25.177,10.994,6,lanina,-0.860
NO,2006,DJF,precip_days,35.644,-3.045,-4.370,6,lanina,-0.860
NO,2006,DJF,rain_on_snow_days,6.061,-0.892,-0.868,5,lanina,-0.860
NO,2006,DJF,snow_cover_days,62.054,2.566,1.370,5,lanina,-0.860
NO,2006,DJF,snow_depth,12.639,-8.073,-9.803,5,lanina,-0.860
NO,2006,DJF,snow_max,38.400,-8.489,-9.969,5,lanina,-0.860
NO,2006,DJF,thaw_days,61.155,1.634,3.653,6,lanina,-0.860
NO,2006,DJF,tmax_mean,1.396,0.023,0.238,6,lanina,-0.860
NO,2006,DJF,tmean,-1.170,0.242,0.520,6,lanina,-0.860
NO,2006,DJF,tmin_mean,-3.769,0.515,0.890,6,lanina,-0.860
NO,2006,JFM,frost_days,69.333,7.555,7.198,6,lanina,-0.860
NO,2006,JFM,ice_days,30.833,4.854,3.828,6,lanina,-0.860
NO,2006,JFM,precip,243.150,0.743,-14.843,6,lanina,-0.860
NO,2006,JFM,precip_days,32.500,-3.807,-5.347,6,lanina,-0.860
NO,2006,JFM,rain_on_snow_days,6.802,-0.656,-0.799,5,lanina,-0.860
NO,2006,JFM,snow_cover_days,69.058,7.217,6.593,5,lanina,-0.860
NO,2006,JFM,snow_depth,19.456,-7.765,-8.948,5,lanina,-0.860
NO,2006,JFM,snow_max,41.600,-9.259,-10.326,5,lanina,-0.860
NO,2006,JFM,thaw_days,58.667,-4.881,-3.869,6,lanina,-0.860
NO,2006,JFM,tmax_mean,1.171,-0.885,-0.817,6,lanina,-0.860
NO,2006,JFM,tmean,-1.872,-0.902,-0.765,6,lanina,-0.860
NO,2006,JFM,tmin_mean,-4.844,-0.858,-0.637,6,lanina,-0.860
NO,2006,NDJFM,frost_days,105.148,7.141,6.594,6,lanina,-0.860
NO,2006,NDJFM,ice_days,45.445,4.354,2.376,6,lanina,-0.860
NO,2006,NDJFM,precip,504.969,22.370,21.306,6,lanina,-0.860
NO,2006,NDJFM,precip_days,61.471,-2.574,-4.663,6,lanina,-0.860
NO,2006,NDJFM,rain_on_snow_days,9.050,-2.213,-2.259,5,lanina,-0.860
NO,2006,NDJFM,snow_cover_days,98.221,7.600,6.202,5,lanina,-0.860
NO,2006,NDJFM,snow_depth,14.105,-6.108,-7.149,5,lanina,-0.860
NO,2006,NDJFM,snow_max,41.600,-10.646,-11.578,5,lanina,-0.860
NO,2006,NDJFM,thaw_days,104.720,-4.120,-2.202,6,lanina,-0.860
NO,2006,NDJFM,tmax_mean,2.059,-0.383,-0.293,6,lanina,-0.860
NO,2006,NDJFM,tmean,-0.801,-0.371,-0.223,6,lanina,-0.860
NO,2006,NDJFM,tmin_mean,-3.653,-0.318,-0.103,6,lanina,-0.860
NO,2007,DJF,frost_days,56.981,-6.115,-6.813,6,elnino,0.620
NO,2007,DJF,ice_days,28.756,-1.099,-2.957,6,elnino,0.620
NO,2007,DJF,precip,388.750,65.179,98.100,6,elnino,0.620
NO,2007,DJF,precip_days,47.833,5.382,7.741,6,elnino,0.620
NO,2007,DJF,rain_on_snow_days,4.800,-2.154,-2.141,5,elnino,0.620
NO,2007,DJF,snow_cover_days,53.020,-6.468,-7.428,5,elnino,0.620
NO,2007,DJF,snow_depth,21.450,0.737,-0.903,5,elnino,0.620
NO,2007,DJF,snow_max,58.800,11.911,10.559,5,elnino,0.620
NO,2007,DJF,thaw_days,60.910,1.389,3.201,6,elnino,0.620
NO,2007,DJF,tmax_mean,2.146,0.773,0.956,6,elnino,0.620
NO,2007,DJF,tmean,-0.593,0.818,1.064,6,elnino,0.620
NO,2007,DJF,tmin_mean,-3.431,0.854,1.195,6,elnino,0.620
NO,2007,JFM,frost_days,56.648,-5.131,-5.285,6,elnino,0.620
NO,2007,JFM,ice_days,26.921,0.942,0.103,6,elnino,0.620
NO,2007,JFM,precip,293.817,2.183,34.694,6,elnino,0.620
NO,2007,JFM,precip_days,40.333,0.993,2.393,6,elnino,0.620
NO,2007,JFM,rain_on_snow_days,5.000,-2.458,-2.620,5,elnino,0.620
NO,2007,JFM,snow_cover_days,57.820,-4.021,-4.415,5,elnino,0.620
NO,2007,JFM,snow_depth,30.814,3.594,2.541,5,elnino,0.620
NO,2007,JFM,snow_max,59.000,8.141,7.259,5,elnino,0.620
NO,2007,JFM,thaw_days,62.912,-0.636,0.183,6,elnino,0.620
NO,2007,JFM,tmax_mean,2.586,0.530,0.566,6,elnino,0.620
NO,2007,JFM,tmean,-0.567,0.402,0.505,6,elnino,0.620
NO,2007,JFM,tmin_mean,-3.718,0.268,0.453,6,elnino,0.620
NO,2007,NDJFM,frost_days,81.966,-16.041,-16.308,6,elnino,0.620
NO,2007,NDJFM,ice_days,33.229,-7.862,-9.577,6,elnino,0.620
NO,2007,NDJFM,precip,626.833,87.347,141.312,6,elnino,0.620
NO,2007,NDJFM,precip_days,75.667,6.261,9.410,6,elnino,0.620
NO,2007,NDJFM,rain_on_snow_days,9.400,-1.863,-1.923,5,elnino,0.620
NO,2007,NDJFM,snow_cover_days,81.812,-8.809,-9.836,5,elnino,0.620
NO,2007,NDJFM,snow_depth,21.884,1.670,0.715,5,elnino,0.620
NO,2007,NDJFM,snow_max,59.000,6.754,5.995,5,elnino,0.620
NO,2007,NDJFM,thaw_days,117.438,8.597,10.243,6,elnino,0.620
NO,2007,NDJFM,tmax_mean,3.889,1.447,1.508,6,elnino,0.620
NO,2007,NDJFM,tmean,0.981,1.411,1.529,6,elnino,0.620
NO,2007,NDJFM,tmin_mean,-1.994,1.340,1.525,6,elnino,0.620
NO,2008,DJF,frost_days,52.833,-10.263,-10.793,6,lanina,-1.760
NO,2008,DJF,ice_days,18.833,-11.022,-12.679,6,lanina,-1.760
NO,2008,DJF,precip,328.250,13.700,36.421,6,lanina,-1.760
NO,2008,DJF,precip_days,42.027,0.215,1.858,6,lanina,-1.760
NO,2008,DJF,rain_on_snow_days,6.084,0.347,-0.595,6,lanina,-1.760
NO,2008,DJF,snow_cover_days,36.706,-15.441,-17.314,6,lanina,-1.760
NO,2008,DJF,snow_depth,6.818,-12.531,-12.447,6,lanina,-1.760
NO,2008,DJF,snow_max,21.667,-20.889,-20.869,6,lanina,-1.760
NO,2008,DJF,thaw_days,71.500,11.979,13.583,6,lanina,-1.760
NO,2008,DJF,tmax_mean,3.158,1.785,1.937,6,lanina,-1.760
NO,2008,DJF,tmean,0.610,2.021,2.234,6,lanina,-1.760
NO,2008,DJF,tmin_mean,-2.041,2.243,2.553,6,lanina,-1.760
NO,2008,JFM,frost_days,54.667,-7.112,-7.065,6,lanina,-1.760
NO,2008,JFM,ice_days,20.167,-5.813,-6.464,6,lanina,-1.760
NO,2008,JFM,precip,322.663,18.238,62.410,6,lanina,-1.760
NO,2008,JFM,precip_days,42.082,0.891,4.050,6,lanina,-1.760
NO,2008,JFM,rain_on_snow_days,4.828,-2.631,-2.812,5,lanina,-1.760
NO,2008,JFM,snow_cover_days,47.200,-14.641,-14.804,5,lanina,-1.760
NO,2008,JFM,snow_depth,12.782,-14.438,-15.360,5,lanina,-1.760
NO,2008,JFM,snow_max,31.600,-19.259,-19.956,5,lanina,-1.760
NO,2008,JFM,thaw_days,70.000,6.452,7.077,6,lanina,-1.760
NO,2008,JFM,tmax_mean,3.099,1.043,1.047,6,lanina,-1.760
NO,2008,JFM,tmean,0.208,1.177,1.246,6,lanina,-1.760
NO,2008,JFM,tmin_mean,-2.726,1.261,1.409,6,lanina,-1.760
NO,2008,NDJFM,frost_days,91.333,-6.674,-6.660,6,lanina,-1.760
NO,2008,NDJFM,ice_days,30.500,-10.591,-12.043,6,lanina,-1.760
NO,2008,NDJFM,precip,556.465,32.205,69.085,6,lanina,-1.760
NO,2008,NDJFM,precip_days,70.307,2.029,3.927,6,lanina,-1.760
NO,2008,NDJFM,rain_on_snow_days,9.543,-1.720,-1.796,5,lanina,-1.760
NO,2008,NDJFM,snow_cover_days,68.900,-21.721,-22.377,5,lanina,-1.760
NO,2008,NDJFM,snow_depth,9.212,-11.002,-11.870,5,lanina,-1.760
NO,2008,NDJFM,snow_max,33.000,-19.246,-19.831,5,lanina,-1.760
NO,2008,NDJFM,thaw_days,120.167,11.326,12.699,6,lanina,-1.760
NO,2008,NDJFM,tmax_mean,3.300,0.858,0.890,6,lanina,-1.760
NO,2008,NDJFM,tmean,0.538,0.969,1.057,6,lanina,-1.760
NO,2008,NDJFM,tmin_mean,-2.264,1.071,1.226,6,lanina,-1.760
NO,2009,DJF,frost_days,66.833,3.737,3.375,6,lanina,-0.890
NO,2009,DJF,ice_days,33.167,3.311,1.854,6,lanina,-0.890
NO,2009,DJF,precip,252.000,-30.241,-41.009,6,lanina,-0.890
NO,2009,DJF,precip_days,36.000,-4.018,-4.247,6,lanina,-0.890
NO,2009,DJF,rain_on_snow_days,5.167,-0.754,-1.504,6,lanina,-0.890
NO,2009,DJF,snow_cover_days,49.667,0.112,-4.075,6,lanina,-0.890
NO,2009,DJF,snow_depth,15.798,-1.755,-3.386,6,lanina,-0.890
NO,2009,DJF,snow_max,45.000,7.111,2.625,6,lanina,-0.890
NO,2009,DJF,thaw_days,56.167,-3.355,-1.957,6,lanina,-0.890
NO,2009,DJF,tmax_mean,0.974,-0.399,-0.279,6,lanina,-0.890
NO,2009,DJF,tmean,-1.755,-0.344,-0.165,6,lanina,-0.890
NO,2009,DJF,tmin_mean,-4.529,-0.245,0.030,6,lanina,-0.890
NO,2009,JFM,frost_days,64.167,2.388,2.637,6,lanina,-0.890
NO,2009,JFM,ice_days,29.667,3.687,3.223,6,lanina,-0.890
NO,2009,JFM,precip,262.548,-8.019,1.165,6,lanina,-0.890
NO,2009,JFM,precip_days,38.077,-1.115,-0.049,6,lanina,-0.890
NO,2009,JFM,rain_on_snow_days,4.864,-1.622,-3.004,6,lanina,-0.890
NO,2009,JFM,snow_cover_days,52.504,1.163,-4.363,6,lanina,-0.890
NO,2009,JFM,snow_depth,23.331,0.777,-0.967,6,lanina,-0.890
NO,2009,JFM,snow_max,48.333,7.141,2.381,6,lanina,-0.890
NO,2009,JFM,thaw_days,59.833,-3.714,-3.283,6,lanina,-0.890
NO,2009,JFM,tmax_mean,1.591,-0.465,-0.493,6,lanina,-0.890
NO,2009,JFM,tmean,-1.275,-0.305,-0.271,6,lanina,-0.890
NO,2009,JFM,tmin_mean,-4.096,-0.110,0.003,6,lanina,-0.890
NO,2009,NDJFM,frost_days,103.500,5.493,5.787,6,lanina,-0.890
NO,2009,NDJFM,ice_days,42.833,1.742,0.552,6,lanina,-0.890
NO,2009,NDJFM,precip,466.838,-22.307,-22.400,6,lanina,-0.890
NO,2009,NDJFM,precip_days,63.575,-2.448,-2.927,6,lanina,-0.890
NO,2009,NDJFM,rain_on_snow_days,8.025,-1.633,-3.101,6,lanina,-0.890
NO,2009,NDJFM,snow_cover_days,77.483,2.359,-4.328,6,lanina,-0.890
NO,2009,NDJFM,snow_depth,16.731,-0.137,-1.383,6,lanina,-0.890
NO,2009,NDJFM,snow_max,48.333,5.754,1.391,6,lanina,-0.890
NO,2009,NDJFM,thaw_days,107.167,-1.674,-0.574,6,lanina,-0.890
NO,2009,NDJFM,tmax_mean,2.226,-0.216,-0.213,6,lanina,-0.890
NO,2009,NDJFM,tmean,-0.642,-0.212,-0.153,6,lanina,-0.890
NO,2009,NDJFM,tmin_mean,-3.508,-0.173,-0.049,6,lanina,-0.890
NO,2010,DJF,frost_days,80.833,17.737,17.543,6,elnino,1.470
NO,2010,DJF,ice_days,50.961,21.105,19.849,6,elnino,1.470
NO,2010,DJF,precip,139.100,-111.341,-155.088,6,elnino,1.470
NO,2010,DJF,precip_days,25.167,-13.818,-15.158,6,elnino,1.470
NO,2010,DJF,rain_on_snow_days,3.833,-2.354,-2.830,6,elnino,1.470
NO,2010,DJF,snow_cover_days,61.167,13.912,7.704,6,elnino,1.470
NO,2010,DJF,snow_depth,15.217,-2.453,-3.887,6,elnino,1.470
NO,2010,DJF,snow_max,35.167,-4.689,-7.047,6,elnino,1.470
NO,2010,DJF,thaw_days,38.204,-21.317,-20.127,6,elnino,1.470
NO,2010,DJF,tmax_mean,-1.938,-3.311,-3.222,6,elnino,1.470
NO,2010,DJF,tmean,-5.078,-3.666,-3.520,6,elnino,1.470
NO,2010,DJF,tmin_mean,-8.140,-3.856,-3.614,6,elnino,1.470
NO,2010,JFM,frost_days,77.667,15.888,16.339,6,elnino,1.470
NO,2010,JFM,ice_days,44.959,18.979,18.703,6,elnino,1.470
NO,2010,JFM,precip,179.100,-61.397,-83.413,6,elnino,1.470
NO,2010,JFM,precip_days,32.000,-6.407,-6.218,6,elnino,1.470
NO,2010,JFM,rain_on_snow_days,5.833,-0.458,-2.048,6,elnino,1.470
NO,2010,JFM,snow_cover_days,67.500,19.159,10.856,6,elnino,1.470
NO,2010,JFM,snow_depth,23.081,0.477,-1.110,6,elnino,1.470
NO,2010,JFM,snow_max,44.500,2.541,-1.266,6,elnino,1.470
NO,2010,JFM,thaw_days,44.371,-19.177,-18.939,6,elnino,1.470
NO,2010,JFM,tmax_mean,-0.818,-2.874,-2.935,6,elnino,1.470
NO,2010,JFM,tmean,-4.268,-3.299,-3.298,6,elnino,1.470
NO,2010,JFM,tmin_mean,-7.577,-3.591,-3.514,6,elnino,1.470
NO,2010,NDJFM,frost_days,113.667,15.660,16.234,6,elnino,1.470
NO,2010,NDJFM,ice_days,63.954,22.863,21.936,6,elnino,1.470
NO,2010,NDJFM,precip,335.350,-110.853,-155.746,6,elnino,1.470
NO,2010,NDJFM,precip_days,52.000,-14.139,-14.626,6,elnino,1.470
NO,2010,NDJFM,rain_on_snow_days,7.500,-2.263,-3.624,6,elnino,1.470
NO,2010,NDJFM,snow_cover_days,89.500,16.779,8.079,6,elnino,1.470
NO,2010,NDJFM,snow_depth,15.419,-1.710,-2.621,6,elnino,1.470
NO,2010,NDJFM,snow_max,45.333,2.154,-1.424,6,elnino,1.470
NO,2010,NDJFM,thaw_days,86.043,-22.797,-21.970,6,elnino,1.470
NO,2010,NDJFM,tmax_mean,0.446,-1.997,-2.022,6,elnino,1.470
NO,2010,NDJFM,tmean,-2.674,-2.243,-2.215,6,elnino,1.470
NO,2010,NDJFM,tmin_mean,-5.727,-2.393,-2.299,6,elnino,1.470
NO,2011,DJF,frost_days,74.000,10.904,10.877,6,lanina,-1.290
NO,2011,DJF,ice_days,46.966,17.111,16.055,6,lanina,-1.290
NO,2011,DJF,precip,189.213,-57.688,-55.707,5,lanina,-1.290
NO,2011,DJF,precip_days,36.099,-2.319,-1.998,5,lanina,-1.290
NO,2011,DJF,rain_on_snow_days,9.250,1.221,1.247,4,lanina,-1.290
NO,2011,DJF,snow_cover_days,89.750,19.316,18.861,4,lanina,-1.290
NO,2011,DJF,snow_depth,37.947,12.344,10.739,4,lanina,-1.290
NO,2011,DJF,snow_max,73.000,17.126,16.063,4,lanina,-1.290
NO,2011,DJF,thaw_days,41.367,-18.154,-17.171,6,lanina,-1.290
NO,2011,DJF,tmax_mean,-1.059,-2.432,-2.374,6,lanina,-1.290
NO,2011,DJF,tmean,-3.909,-2.497,-2.385,6,lanina,-1.290
NO,2011,DJF,tmin_mean,-6.894,-2.610,-2.400,6,lanina,-1.290
NO,2011,JFM,frost_days,65.667,3.888,4.541,6,lanina,-1.290
NO,2011,JFM,ice_days,31.114,5.135,5.045,6,lanina,-1.290
NO,2011,JFM,precip,226.040,0.843,0.996,5,lanina,-1.290
NO,2011,JFM,precip_days,39.800,3.593,3.686,5,lanina,-1.290
NO,2011,JFM,rain_on_snow_days,12.000,3.328,3.057,4,lanina,-1.290
NO,2011,JFM,snow_cover_days,87.250,13.828,14.348,4,lanina,-1.290
NO,2011,JFM,snow_depth,47.169,13.407,12.739,4,lanina,-1.290
NO,2011,JFM,snow_max,82.250,21.501,21.274,4,lanina,-1.290
NO,2011,JFM,thaw_days,57.719,-5.829,-5.784,6,lanina,-1.290
NO,2011,JFM,tmax_mean,1.275,-0.781,-0.874,6,lanina,-1.290
NO,2011,JFM,tmean,-1.625,-0.656,-0.689,6,lanina,-1.290
NO,2011,JFM,tmin_mean,-4.557,-0.571,-0.530,6,lanina,-1.290
NO,2011,NDJFM,frost_days,118.500,20.493,21.348,6,lanina,-1.290
NO,2011,NDJFM,ice_days,66.120,25.029,24.364,6,lanina,-1.290
NO,2011,NDJFM,precip,325.687,-75.506,-80.692,5,lanina,-1.290
NO,2011,NDJFM,precip_days,59.491,-2.848,-3.260,5,lanina,-1.290
NO,2011,NDJFM,rain_on_snow_days,14.500,1.309,1.211,4,lanina,-1.290
NO,2011,NDJFM,snow_cover_days,140.000,31.789,31.928,4,lanina,-1.290
NO,2011,NDJFM,snow_depth,35.253,10.198,9.430,4,lanina,-1.290
NO,2011,NDJFM,snow_max,82.250,20.079,20.032,4,lanina,-1.290
NO,2011,NDJFM,thaw_days,82.546,-26.295,-25.741,6,lanina,-1.290
NO,2011,NDJFM,tmax_mean,0.156,-2.287,-2.341,6,lanina,-1.290
NO,2011,NDJFM,tmean,-2.757,-2.327,-2.328,6,lanina,-1.290
NO,2011,NDJFM,tmin_mean,-5.744,-2.410,-2.347,6,lanina,-1.290
NO,2012,DJF,frost_days,64.667,1.570,1.712,6,lanina,-0.710
NO,2012,DJF,ice_days,29.833,-0.022,-0.877,6,lanina,-0.710
NO,2012,DJF,precip,240.500,-6.401,-5.233,5,lanina,-0.710
NO,2012,DJF,precip_days,38.000,-0.418,-0.171,5,lanina,-0.710
NO,2012,DJF,rain_on_snow_days,6.333,-1.872,-2.083,3,lanina,-0.710
NO,2012,DJF,snow_cover_days,80.333,1.771,0.573,3,lanina,-0.710
NO,2012,DJF,snow_depth,14.044,-18.086,-20.205,3,lanina,-0.710
NO,2012,DJF,snow_max,42.333,-23.641,-25.216,3,lanina,-0.710
NO,2012,DJF,thaw_days,60.167,0.645,1.422,6,lanina,-0.710
NO,2012,DJF,tmax_mean,1.490,0.118,0.144,6,lanina,-0.710
NO,2012,DJF,tmean,-1.127,0.284,0.364,6,lanina,-0.710
NO,2012,DJF,tmin_mean,-3.874,0.410,0.586,6,lanina,-0.710
NO,2012,JFM,frost_days,57.333,-4.445,-3.591,6,lanina,-0.710
NO,2012,JFM,ice_days,24.333,-1.646,-1.548,6,lanina,-0.710
NO,2012,JFM,precip,248.280,23.083,22.366,5,lanina,-0.710
NO,2012,JFM,precip_days,36.800,0.593,0.601,5,lanina,-0.710
NO,2012,JFM,rain_on_snow_days,8.333,-0.104,-0.987,3,lanina,-0.710
NO,2012,JFM,snow_cover_days,83.333,1.877,1.185,3,lanina,-0.710
NO,2012,JFM,snow_depth,22.399,-20.441,-21.396,3,lanina,-0.710
NO,2012,JFM,snow_max,56.333,-16.225,-16.618,3,lanina,-0.710
NO,2012,JFM,thaw_days,65.833,2.286,2.136,6,lanina,-0.710
NO,2012,JFM,tmax_mean,2.534,0.478,0.353,6,lanina,-0.710
NO,2012,JFM,tmean,-0.240,0.729,0.662,6,lanina,-0.710
NO,2012,JFM,tmin_mean,-2.978,1.008,1.012,6,lanina,-0.710
NO,2012,NDJFM,frost_days,84.167,-13.840,-12.705,6,lanina,-0.710
NO,2012,NDJFM,ice_days,32.333,-8.758,-9.160,6,lanina,-0.710
NO,2012,NDJFM,precip,437.840,36.647,30.139,5,lanina,-0.710
NO,2012,NDJFM,precip_days,66.600,4.261,3.730,5,lanina,-0.710
NO,2012,NDJFM,rain_on_snow_days,13.500,-0.753,-1.845,2,lanina,-0.710
NO,2012,NDJFM,snow_cover_days,102.000,-10.660,-11.816,2,lanina,-0.710
NO,2012,NDJFM,snow_depth,16.651,-14.275,-15.668,2,lanina,-0.710
NO,2012,NDJFM,snow_max,61.000,-14.100,-15.120,2,lanina,-0.710
NO,2012,NDJFM,thaw_days,118.667,9.826,10.107,6,lanina,-0.710
NO,2012,NDJFM,tmax_mean,3.713,1.271,1.187,6,lanina,-0.710
NO,2012,NDJFM,tmean,0.956,1.386,1.355,6,lanina,-0.710
NO,2012,NDJFM,tmin_mean,-1.789,1.545,1.578,6,lanina,-0.710
NO,2013,DJF,frost_days,75.667,12.570,12.880,6,neutral,-0.240
NO,2013,DJF,ice_days,45.667,15.811,15.157,6,neutral,-0.240
NO,2013,DJF,precip,171.220,-75.681,-75.328,5,neutral,-0.240
NO,2013,DJF,precip_days,27.400,-11.018,-10.846,5,neutral,-0.240
NO,2013,DJF,rain_on_snow_days,7.750,-0.279,-0.286,4,neutral,-0.240
NO,2013,DJF,snow_cover_days,81.000,10.566,10.545,4,neutral,-0.240
NO,2013,DJF,snow_depth,23.967,-1.637,-3.030,4,neutral,-0.240
NO,2013,DJF,snow_max,45.500,-10.374,-11.158,4,neutral,-0.240
NO,2013,DJF,thaw_days,42.833,-16.688,-16.119,6,neutral,-0.240
NO,2013,DJF,tmax_mean,-0.698,-2.071,-2.076,6,neutral,-0.240
NO,2013,DJF,tmean,-3.542,-2.131,-2.085,6,neutral,-0.240
NO,2013,DJF,tmin_mean,-6.442,-2.158,-2.014,6,neutral,-0.240
NO,2013,JFM,frost_days,75.833,14.055,15.111,6,neutral,-0.240
NO,2013,JFM,ice_days,37.000,11.020,11.306,6,neutral,-0.240
NO,2013,JFM,precip,184.477,-40.720,-42.306,5,neutral,-0.240
NO,2013,JFM,precip_days,31.092,-5.115,-5.192,5,neutral,-0.240
NO,2013,JFM,rain_on_snow_days,7.529,-1.144,-1.470,4,neutral,-0.240
NO,2013,JFM,snow_cover_days,84.500,11.078,12.058,4,neutral,-0.240
NO,2013,JFM,snow_depth,35.078,1.316,0.963,4,neutral,-0.240
NO,2013,JFM,snow_max,68.750,8.001,8.206,4,neutral,-0.240
NO,2013,JFM,thaw_days,51.833,-11.714,-12.057,6,neutral,-0.240
NO,2013,JFM,tmax_mean,0.415,-1.641,-1.798,6,neutral,-0.240
NO,2013,JFM,tmean,-2.932,-1.963,-2.063,6,neutral,-0.240
NO,2013,JFM,tmin_mean,-6.153,-2.167,-2.198,6,neutral,-0.240
NO,2013,NDJFM,frost_days,116.167,18.160,19.575,6,neutral,-0.240
NO,2013,NDJFM,ice_days,59.500,18.409,18.269,6,neutral,-0.240
NO,2013,NDJFM,precip,328.967,-72.226,-80.056,5,neutral,-0.240
NO,2013,NDJFM,precip_days,51.872,-10.467,-11.118,5,neutral,-0.240
NO,2013,NDJFM,rain_on_snow_days,10.031,-3.508,-4.245,3,neutral,-0.240
NO,2013,NDJFM,snow_cover_days,140.000,18.095,17.014,3,neutral,-0.240
NO,2013,NDJFM,snow_depth,32.617,0.925,-0.037,3,neutral,-0.240
NO,2013,NDJFM,snow_max,85.000,11.291,11.391,3,neutral,-0.240
NO,2013,NDJFM,thaw_days,89.000,-19.841,-19.833,6,neutral,-0.240
NO,2013,NDJFM,tmax_mean,0.838,-1.604,-1.717,6,neutral,-0.240
NO,2013,NDJFM,tmean,-2.142,-1.712,-1.773,6,neutral,-0.240
NO,2013,NDJFM,tmin_mean,-5.131,-1.796,-1.794,6,neutral,-0.240
NO,2014,DJF,frost_days,49.333,-13.763,-13.286,6,neutral,-0.240
NO,2014,DJF,ice_days,22.299,-7.557,-8.010,6,neutral,-0.240
NO,2014,DJF,precip,217.130,-29.771,-30.232,5,neutral,-0.240
NO,2014,DJF,precip_days,33.845,-4.573,-4.475,5,neutral,-0.240
NO,2014,DJF,rain_on_snow_days,7.773,-0.256,-0.280,4,neutral,-0.240
NO,2014,DJF,snow_cover_days,62.244,-8.189,-7.994,4,neutral,-0.240
NO,2014,DJF,snow_depth,29.886,4.283,2.995,4,neutral,-0.240
NO,2014,DJF,snow_max,50.500,-5.374,-6.018,4,neutral,-0.240
NO,2014,DJF,thaw_days,66.695,7.174,7.537,6,neutral,-0.240
NO,2014,DJF,tmax_mean,2.485,1.112,1.075,6,neutral,-0.240
NO,2014,DJF,tmean,0.089,1.501,1.514,6,neutral,-0.240
NO,2014,DJF,tmin_mean,-2.543,1.741,1.851,6,neutral,-0.240
NO,2014,JFM,frost_days,45.333,-16.445,-15.187,6,neutral,-0.240
NO,2014,JFM,ice_days,20.756,-5.223,-4.750,6,neutral,-0.240
NO,2014,JFM,precip,194.584,-30.613,-33.068,5,neutral,-0.240
NO,2014,JFM,precip_days,30.249,-5.958,-6.120,5,neutral,-0.240
NO,2014,JFM,rain_on_snow_days,11.062,2.390,2.037,4,neutral,-0.240
NO,2014,JFM,snow_cover_days,60.750,-12.672,-11.462,4,neutral,-0.240
NO,2014,JFM,snow_depth,27.300,-6.463,-6.658,4,neutral,-0.240
NO,2014,JFM,snow_max,41.750,-18.999,-18.579,4,neutral,-0.240
NO,2014,JFM,thaw_days,68.577,5.029,4.492,6,neutral,-0.240
NO,2014,JFM,tmax_mean,3.007,0.951,0.762,6,neutral,-0.240
NO,2014,JFM,tmean,0.406,1.375,1.241,6,neutral,-0.240
NO,2014,JFM,tmin_mean,-2.215,1.771,1.704,6,neutral,-0.240
NO,2014,NDJFM,frost_days,76.667,-21.340,-19.645,6,neutral,-0.240
NO,2014,NDJFM,ice_days,29.257,-11.834,-11.712,6,neutral,-0.240
NO,2014,NDJFM,precip,443.673,42.480,33.329,5,neutral,-0.240
NO,2014,NDJFM,precip_days,64.472,2.133,1.363,5,neutral,-0.240
NO,2014,NDJFM,rain_on_snow_days,16.554,3.363,3.195,4,neutral,-0.240
NO,2014,NDJFM,snow_cover_days,96.240,-11.971,-10.700,4,neutral,-0.240
NO,2014,NDJFM,snow_depth,25.102,0.046,-0.410,4,neutral,-0.240
NO,2014,NDJFM,snow_max,50.500,-11.671,-11.106,4,neutral,-0.240
NO,2014,NDJFM,thaw_days,120.403,11.562,11.297,6,neutral,-0.240
NO,2014,NDJFM,tmax_mean,3.684,1.242,1.100,6,neutral,-0.240
NO,2014,NDJFM,tmean,0.993,1.423,1.332,6,neutral,-0.240
NO,2014,NDJFM,tmin_mean,-1.765,1.570,1.541,6,neutral,-0.240
NO,2015,DJF,frost_days,55.826,-7.270,-6.626,6,elnino,0.730
NO,2015,DJF,ice_days,22.644,-7.212,-7.465,6,elnino,0.730
NO,2015,DJF,precip,293.620,46.719,45.444,5,elnino,0.730
NO,2015,DJF,precip_days,42.000,3.582,3.606,5,elnino,0.730
NO,2015,DJF,rain_on_snow_days,9.500,1.471,1.431,4,elnino,0.730
NO,2015,DJF,snow_cover_days,74.250,3.816,4.228,4,elnino,0.730
NO,2015,DJF,snow_depth,20.714,-4.890,-6.071,4,elnino,0.730
NO,2015,DJF,snow_max,55.500,-0.374,-0.878,4,elnino,0.730
NO,2015,DJF,thaw_days,66.678,7.157,7.312,6,elnino,0.730
NO,2015,DJF,tmax_mean,2.268,0.895,0.827,6,elnino,0.730
NO,2015,DJF,tmean,-0.517,0.895,0.876,6,elnino,0.730
NO,2015,DJF,tmin_mean,-3.514,0.770,0.847,6,elnino,0.730
NO,2015,JFM,frost_days,49.654,-12.125,-10.665,6,elnino,0.730
NO,2015,JFM,ice_days,15.314,-10.665,-10.005,6,elnino,0.730
NO,2015,JFM,precip,248.360,23.163,19.839,5,elnino,0.730
NO,2015,JFM,precip_days,38.800,2.593,2.345,5,elnino,0.730
NO,2015,JFM,rain_on_snow_days,11.250,2.577,2.197,4,elnino,0.730
NO,2015,JFM,snow_cover_days,69.250,-4.172,-2.733,4,elnino,0.730
NO,2015,JFM,snow_depth,27.633,-6.129,-6.168,4,elnino,0.730
NO,2015,JFM,snow_max,49.750,-10.999,-10.363,4,elnino,0.730
NO,2015,JFM,thaw_days,74.349,10.801,10.070,6,elnino,0.730
NO,2015,JFM,tmax_mean,3.782,1.726,1.505,6,elnino,0.730
NO,2015,JFM,tmean,0.837,1.806,1.637,6,elnino,0.730
NO,2015,JFM,tmin_mean,-2.146,1.841,1.738,6,elnino,0.730
NO,2015,NDJFM,frost_days,80.653,-17.354,-15.378,6,elnino,0.730
NO,2015,NDJFM,ice_days,28.080,-13.011,-12.626,6,elnino,0.730
NO,2015,NDJFM,precip,419.740,18.547,8.074,5,elnino,0.730
NO,2015,NDJFM,precip_days,64.400,2.061,1.172,5,elnino,0.730
NO,2015,NDJFM,rain_on_snow_days,15.750,2.559,2.367,4,elnino,0.730
NO,2015,NDJFM,snow_cover_days,99.250,-8.960,-7.313,4,elnino,0.730
NO,2015,NDJFM,snow_depth,19.242,-5.814,-6.168,4,elnino,0.730
NO,2015,NDJFM,snow_max,55.500,-6.670,-5.902,4,elnino,0.730
NO,2015,NDJFM,thaw_days,121.906,13.066,12.528,6,elnino,0.730
NO,2015,NDJFM,tmax_mean,3.748,1.305,1.135,6,elnino,0.730
NO,2015,NDJFM,tmean,0.956,1.386,1.266,6,elnino,0.730
NO,2015,NDJFM,tmin_mean,-1.942,1.392,1.333,6,elnino,0.730
NO,2016,DJF,frost_days,64.998,1.902,2.714,6,super,2.500
NO,2016,DJF,ice_days,27.535,-2.320,-2.372,6,super,2.500
NO,2016,DJF,precip,309.845,-16.526,8.581,6,super,2.500
NO,2016,DJF,precip_days,41.895,-0.344,1.104,6,super,2.500
NO,2016,DJF,rain_on_snow_days,6.333,-2.056,-2.265,3,super,2.500
NO,2016,DJF,snow_cover_days,48.667,-16.349,-15.314,3,super,2.500
NO,2016,DJF,snow_depth,20.454,-2.412,-3.463,3,super,2.500
NO,2016,DJF,snow_max,46.333,-6.879,-7.198,3,super,2.500
NO,2016,DJF,thaw_days,62.627,3.106,3.055,6,super,2.500
NO,2016,DJF,tmax_mean,1.860,0.487,0.387,6,super,2.500
NO,2016,DJF,tmean,-1.154,0.258,0.205,6,super,2.500
NO,2016,DJF,tmin_mean,-4.377,-0.093,-0.049,6,super,2.500
NO,2016,JFM,frost_days,62.974,1.195,2.857,6,super,2.500
NO,2016,JFM,ice_days,26.202,0.223,1.070,6,super,2.500
NO,2016,JFM,precip,203.082,-67.239,-66.211,6,super,2.500
NO,2016,JFM,precip_days,33.046,-6.152,-5.728,6,super,2.500
NO,2016,JFM,rain_on_snow_days,4.667,-4.426,-4.805,3,super,2.500
NO,2016,JFM,snow_cover_days,52.333,-16.050,-13.786,3,super,2.500
NO,2016,JFM,snow_depth,25.956,-4.993,-5.239,3,super,2.500
NO,2016,JFM,snow_max,46.333,-11.785,-11.452,3,super,2.500
NO,2016,JFM,thaw_days,64.298,0.750,-0.174,6,super,2.500
NO,2016,JFM,tmax_mean,2.029,-0.027,-0.281,6,super,2.500
NO,2016,JFM,tmean,-1.205,-0.235,-0.438,6,super,2.500
NO,2016,JFM,tmin_mean,-4.482,-0.496,-0.635,6,super,2.500
NO,2016,NDJFM,frost_days,91.976,-6.032,-3.775,6,super,2.500
NO,2016,NDJFM,ice_days,33.507,-7.584,-6.936,6,super,2.500
NO,2016,NDJFM,precip,512.709,-12.683,10.463,6,super,2.500
NO,2016,NDJFM,precip_days,67.054,-1.274,-0.309,6,super,2.500
NO,2016,NDJFM,rain_on_snow_days,9.667,-3.884,-4.203,3,super,2.500
NO,2016,NDJFM,snow_cover_days,69.333,-28.149,-25.044,3,super,2.500
NO,2016,NDJFM,snow_depth,18.153,-4.180,-4.687,3,super,2.500
NO,2016,NDJFM,snow_max,46.333,-12.919,-12.815,3,super,2.500
NO,2016,NDJFM,thaw_days,117.489,8.648,7.837,6,super,2.500
NO,2016,NDJFM,tmax_mean,3.370,0.928,0.728,6,super,2.500
NO,2016,NDJFM,tmean,0.353,0.783,0.633,6,super,2.500
NO,2016,NDJFM,tmin_mean,-2.754,0.581,0.491,6,super,2.500
NO,2017,DJF,frost_days,54.943,-8.153,-7.173,6,neutral,-0.080
NO,2017,DJF,ice_days,20.419,-9.436,-9.288,6,neutral,-0.080
NO,2017,DJF,precip,296.320,49.419,46.516,5,neutral,-0.080
NO,2017,DJF,precip_days,44.200,5.782,5.657,5,neutral,-0.080
NO,2017,DJF,rain_on_snow_days,10.333,1.944,1.713,3,neutral,-0.080
NO,2017,DJF,snow_cover_days,47.000,-18.016,-16.704,3,neutral,-0.080
NO,2017,DJF,snow_depth,12.133,-10.733,-11.716,3,neutral,-0.080
NO,2017,DJF,snow_max,40.000,-13.213,-13.441,3,neutral,-0.080
NO,2017,DJF,thaw_days,68.914,9.393,9.134,6,neutral,-0.080
NO,2017,DJF,tmax_mean,2.978,1.605,1.474,6,neutral,-0.080
NO,2017,DJF,tmean,0.167,1.579,1.493,6,neutral,-0.080
NO,2017,DJF,tmin_mean,-2.700,1.584,1.595,6,neutral,-0.080
NO,2017,JFM,frost_days,58.989,-2.790,-0.926,6,neutral,-0.080
NO,2017,JFM,ice_days,21.333,-4.646,-3.612,6,neutral,-0.080
NO,2017,JFM,precip,256.560,31.363,26.300,5,neutral,-0.080
NO,2017,JFM,precip_days,39.800,3.593,3.175,5,neutral,-0.080
NO,2017,JFM,rain_on_snow_days,9.333,0.240,-0.165,3,neutral,-0.080
NO,2017,JFM,snow_cover_days,55.333,-13.050,-10.489,3,neutral,-0.080
NO,2017,JFM,snow_depth,17.367,-13.583,-13.729,3,neutral,-0.080
NO,2017,JFM,snow_max,42.667,-15.451,-14.975,3,neutral,-0.080
NO,2017,JFM,thaw_days,68.000,4.452,3.335,6,neutral,-0.080
NO,2017,JFM,tmax_mean,2.881,0.825,0.540,6,neutral,-0.080
NO,2017,JFM,tmean,-0.231,0.739,0.502,6,neutral,-0.080
NO,2017,JFM,tmin_mean,-3.259,0.727,0.551,6,neutral,-0.080
NO,2017,NDJFM,frost_days,90.964,-7.043,-4.506,6,neutral,-0.080
NO,2017,NDJFM,ice_days,32.010,-9.081,-8.170,6,neutral,-0.080
NO,2017,NDJFM,precip,457.960,56.767,43.650,5,neutral,-0.080
NO,2017,NDJFM,precip_days,69.600,7.261,6.134,5,neutral,-0.080
NO,2017,NDJFM,rain_on_snow_days,13.667,0.116,-0.228,3,neutral,-0.080
NO,2017,NDJFM,snow_cover_days,71.000,-26.482,-22.901,3,neutral,-0.080
NO,2017,NDJFM,snow_depth,12.007,-10.327,-10.770,3,neutral,-0.080
NO,2017,NDJFM,snow_max,42.667,-16.585,-16.349,3,neutral,-0.080
NO,2017,NDJFM,thaw_days,117.990,9.149,8.065,6,neutral,-0.080
NO,2017,NDJFM,tmax_mean,3.296,0.854,0.625,6,neutral,-0.080
NO,2017,NDJFM,tmean,0.393,0.823,0.642,6,neutral,-0.080
NO,2017,NDJFM,tmin_mean,-2.508,0.827,0.707,6,neutral,-0.080
NO,2018,DJF,frost_days,71.328,8.231,9.380,6,lanina,-0.710
NO,2018,DJF,ice_days,35.420,5.565,5.913,6,lanina,-0.710
NO,2018,DJF,precip,270.250,-54.161,-33.372,6,lanina,-0.710
NO,2018,DJF,precip_days,36.333,-6.618,-4.613,6,lanina,-0.710
NO,2018,DJF,rain_on_snow_days,5.500,-2.529,-2.618,4,lanina,-0.710
NO,2018,DJF,snow_cover_days,77.000,6.566,7.628,4,lanina,-0.710
NO,2018,DJF,snow_depth,30.311,4.707,3.843,4,lanina,-0.710
NO,2018,DJF,snow_max,53.000,-2.874,-2.960,4,lanina,-0.710
NO,2018,DJF,thaw_days,53.409,-6.112,-6.578,6,lanina,-0.710
NO,2018,DJF,tmax_mean,0.232,-1.140,-1.303,6,lanina,-0.710
NO,2018,DJF,tmean,-2.738,-1.326,-1.446,6,lanina,-0.710
NO,2018,DJF,tmin_mean,-5.909,-1.625,-1.647,6,lanina,-0.710
NO,2018,JFM,frost_days,76.000,14.221,16.287,6,lanina,-0.710
NO,2018,JFM,ice_days,35.792,9.812,11.034,6,lanina,-0.710
NO,2018,JFM,precip,170.067,-89.637,-101.486,6,lanina,-0.710
NO,2018,JFM,precip_days,28.500,-11.407,-10.459,6,lanina,-0.710
NO,2018,JFM,rain_on_snow_days,3.000,-5.672,-6.135,4,lanina,-0.710
NO,2018,JFM,snow_cover_days,81.750,8.328,10.457,4,lanina,-0.710
NO,2018,JFM,snow_depth,38.377,4.615,5.049,4,lanina,-0.710
NO,2018,JFM,snow_max,66.750,6.001,7.283,4,lanina,-0.710
NO,2018,JFM,thaw_days,52.873,-10.675,-11.987,6,lanina,-0.710
NO,2018,JFM,tmax_mean,0.102,-1.954,-2.272,6,lanina,-0.710
NO,2018,JFM,tmean,-3.339,-2.369,-2.640,6,lanina,-0.710
NO,2018,JFM,tmin_mean,-6.852,-2.866,-3.078,6,lanina,-0.710
NO,2018,NDJFM,frost_days,113.649,15.642,18.460,6,lanina,-0.710
NO,2018,NDJFM,ice_days,52.015,10.924,12.096,6,lanina,-0.710
NO,2018,NDJFM,precip,419.759,-83.233,-86.203,6,lanina,-0.710
NO,2018,NDJFM,precip_days,59.380,-9.539,-8.230,6,lanina,-0.710
NO,2018,NDJFM,rain_on_snow_days,9.042,-4.149,-4.411,4,lanina,-0.710
NO,2018,NDJFM,snow_cover_days,120.000,11.790,14.569,4,lanina,-0.710
NO,2018,NDJFM,snow_depth,29.184,4.128,4.085,4,lanina,-0.710
NO,2018,NDJFM,snow_max,66.750,4.579,5.959,4,lanina,-0.710
NO,2018,NDJFM,thaw_days,97.315,-11.525,-12.883,6,lanina,-0.710
NO,2018,NDJFM,tmax_mean,1.129,-1.313,-1.571,6,lanina,-0.710
NO,2018,NDJFM,tmean,-2.030,-1.600,-1.810,6,lanina,-0.710
NO,2018,NDJFM,tmin_mean,-5.284,-1.950,-2.100,6,lanina,-0.710
NO,2019,DJF,frost_days,59.492,-3.604,-2.288,6,elnino,0.990
NO,2019,DJF,ice_days,28.038,-1.818,-1.268,6,elnino,0.990
NO,2019,DJF,precip,255.550,-15.661,-49.252,6,elnino,0.990
NO,2019,DJF,precip_days,40.500,0.382,-0.523,6,elnino,0.990
NO,2019,DJF,rain_on_snow_days,8.333,0.128,-0.395,3,elnino,0.990
NO,2019,DJF,snow_cover_days,87.667,9.104,8.583,3,elnino,0.990
NO,2019,DJF,snow_depth,43.756,11.625,10.111,3,elnino,0.990
NO,2019,DJF,snow_max,77.000,11.025,9.931,3,elnino,0.990
NO,2019,DJF,thaw_days,61.962,2.441,1.768,6,elnino,0.990
NO,2019,DJF,tmax_mean,1.754,0.381,0.187,6,elnino,0.990
NO,2019,DJF,tmean,-0.975,0.437,0.285,6,elnino,0.990
NO,2019,DJF,tmin_mean,-3.848,0.437,0.382,6,elnino,0.990
NO,2019,JFM,frost_days,57.648,-4.131,-1.863,6,elnino,0.990
NO,2019,JFM,ice_days,25.762,-0.217,1.191,6,elnino,0.990
NO,2019,JFM,precip,300.700,44.043,28.017,6,elnino,0.990
NO,2019,JFM,precip_days,46.000,7.393,6.948,6,elnino,0.990
NO,2019,JFM,rain_on_snow_days,12.000,3.563,2.273,3,elnino,0.990
NO,2019,JFM,snow_cover_days,88.667,7.210,7.254,3,elnino,0.990
NO,2019,JFM,snow_depth,54.863,12.023,12.039,3,elnino,0.990
NO,2019,JFM,snow_max,84.333,11.775,12.474,3,elnino,0.990
NO,2019,JFM,thaw_days,63.901,0.353,-1.152,6,elnino,0.990
NO,2019,JFM,tmax_mean,2.325,0.269,-0.081,6,elnino,0.990
NO,2019,JFM,tmean,-0.755,0.214,-0.090,6,elnino,0.990
NO,2019,JFM,tmin_mean,-3.833,0.153,-0.095,6,elnino,0.990
NO,2019,NDJFM,frost_days,90.466,-7.541,-4.443,6,elnino,0.990
NO,2019,NDJFM,ice_days,35.830,-5.261,-3.826,6,elnino,0.990
NO,2019,NDJFM,precip,458.683,14.067,-49.137,6,elnino,0.990
NO,2019,NDJFM,precip_days,71.833,6.661,4.101,6,elnino,0.990
NO,2019,NDJFM,rain_on_snow_days,14.362,0.823,-0.329,3,elnino,0.990
NO,2019,NDJFM,snow_cover_days,122.951,1.046,1.167,3,elnino,0.990
NO,2019,NDJFM,snow_depth,37.972,6.281,5.852,3,elnino,0.990
NO,2019,NDJFM,snow_max,84.333,10.625,11.614,3,elnino,0.990
NO,2019,NDJFM,thaw_days,114.832,5.991,4.361,6,elnino,0.990
NO,2019,NDJFM,tmax_mean,3.149,0.707,0.420,6,elnino,0.990
NO,2019,NDJFM,tmean,0.306,0.737,0.496,6,elnino,0.990
NO,2019,NDJFM,tmin_mean,-2.599,0.735,0.554,6,elnino,0.990
NO,2020,DJF,frost_days,49.330,-13.767,-12.283,6,elnino,0.710
NO,2020,DJF,ice_days,17.024,-12.831,-12.081,6,elnino,0.710
NO,2020,DJF,precip,420.117,77.399,114.136,6,elnino,0.710
NO,2020,DJF,precip_days,55.833,12.982,14.732,6,elnino,0.710
NO,2020,DJF,rain_on_snow_days,9.273,1.243,1.122,4,elnino,0.710
NO,2020,DJF,snow_cover_days,53.834,-16.599,-15.104,4,elnino,0.710
NO,2020,DJF,snow_depth,36.321,10.717,10.063,4,elnino,0.710
NO,2020,DJF,snow_max,64.750,8.876,9.069,4,elnino,0.710
NO,2020,DJF,thaw_days,73.135,13.614,12.734,6,elnino,0.710
NO,2020,DJF,tmax_mean,3.860,2.486,2.261,6,elnino,0.710
NO,2020,DJF,tmean,1.081,2.493,2.308,6,elnino,0.710
NO,2020,DJF,tmin_mean,-1.919,2.365,2.277,6,elnino,0.710
NO,2020,JFM,frost_days,49.667,-12.112,-9.642,6,elnino,0.710
NO,2020,JFM,ice_days,14.833,-11.146,-9.550,6,elnino,0.710
NO,2020,JFM,precip,380.400,77.543,106.587,6,elnino,0.710
NO,2020,JFM,precip_days,53.500,13.593,14.355,6,elnino,0.710
NO,2020,JFM,rain_on_snow_days,10.250,1.578,1.061,4,elnino,0.710
NO,2020,JFM,snow_cover_days,53.500,-19.922,-17.333,4,elnino,0.710
NO,2020,JFM,snow_depth,47.401,13.638,14.387,4,elnino,0.710
NO,2020,JFM,snow_max,74.500,13.751,15.465,4,elnino,0.710
NO,2020,JFM,thaw_days,75.500,11.952,10.254,6,elnino,0.710
NO,2020,JFM,tmax_mean,4.327,2.271,1.889,6,elnino,0.710
NO,2020,JFM,tmean,1.314,2.284,1.946,6,elnino,0.710
NO,2020,JFM,tmin_mean,-1.755,2.231,1.947,6,elnino,0.710
NO,2020,NDJFM,frost_days,86.310,-11.697,-8.319,6,elnino,0.710
NO,2020,NDJFM,ice_days,30.892,-10.199,-8.502,6,elnino,0.710
NO,2020,NDJFM,precip,585.367,73.747,75.688,6,elnino,0.710
NO,2020,NDJFM,precip_days,81.500,15.061,13.645,6,elnino,0.710
NO,2020,NDJFM,rain_on_snow_days,15.517,2.326,2.016,4,elnino,0.710
NO,2020,NDJFM,snow_cover_days,90.333,-17.877,-14.342,4,elnino,0.710
NO,2020,NDJFM,snow_depth,37.828,12.772,12.937,4,elnino,0.710
NO,2020,NDJFM,snow_max,74.500,12.329,14.117,4,elnino,0.710
NO,2020,NDJFM,thaw_days,119.928,11.087,9.184,6,elnino,0.710
NO,2020,NDJFM,tmax_mean,3.718,1.276,0.960,6,elnino,0.710
NO,2020,NDJFM,tmean,0.845,1.275,1.005,6,elnino,0.710
NO,2020,NDJFM,tmin_mean,-2.190,1.145,0.934,6,elnino,0.710
NO,2021,DJF,frost_days,61.667,-1.430,0.222,6,lanina,-0.990
NO,2021,DJF,ice_days,36.500,6.645,7.595,6,lanina,-0.990
NO,2021,DJF,precip,196.317,-93.321,-110.844,6,lanina,-0.990
NO,2021,DJF,precip_days,32.000,-8.218,-9.179,6,lanina,-0.990
NO,2021,DJF,rain_on_snow_days,5.000,-3.029,-3.167,4,lanina,-0.990
NO,2021,DJF,snow_cover_days,57.250,-13.184,-11.472,4,lanina,-0.990
NO,2021,DJF,snow_depth,11.542,-14.062,-14.611,4,lanina,-0.990
NO,2021,DJF,snow_max,45.250,-10.624,-10.291,4,lanina,-0.990
NO,2021,DJF,thaw_days,52.833,-6.688,-7.774,6,lanina,-0.990
NO,2021,DJF,tmax_mean,0.949,-0.424,-0.680,6,lanina,-0.990
NO,2021,DJF,tmean,-2.004,-0.593,-0.811,6,lanina,-0.990
NO,2021,DJF,tmin_mean,-5.002,-0.718,-0.840,6,lanina,-0.990
NO,2021,JFM,frost_days,65.167,3.388,6.059,6,lanina,-0.990
NO,2021,JFM,ice_days,36.167,10.187,11.971,6,lanina,-0.990
NO,2021,JFM,precip,222.133,-28.637,-52.810,6,lanina,-0.990
NO,2021,JFM,precip_days,34.833,-2.807,-4.404,6,lanina,-0.990
NO,2021,JFM,rain_on_snow_days,8.500,-0.172,-0.717,4,lanina,-0.990
NO,2021,JFM,snow_cover_days,65.000,-8.422,-5.603,4,lanina,-0.990
NO,2021,JFM,snow_depth,20.286,-13.477,-12.571,4,lanina,-0.990
NO,2021,JFM,snow_max,49.250,-11.499,-9.569,4,lanina,-0.990
NO,2021,JFM,thaw_days,53.333,-10.214,-12.107,6,lanina,-0.990
NO,2021,JFM,tmax_mean,1.463,-0.593,-1.006,6,lanina,-0.990
NO,2021,JFM,tmean,-1.927,-0.958,-1.330,6,lanina,-0.990
NO,2021,JFM,tmin_mean,-5.164,-1.178,-1.497,6,lanina,-0.990
NO,2021,NDJFM,frost_days,88.500,-9.507,-5.849,6,lanina,-0.990
NO,2021,NDJFM,ice_days,42.167,1.076,3.036,6,lanina,-0.990
NO,2021,NDJFM,precip,458.533,-37.293,-53.003,6,lanina,-0.990
NO,2021,NDJFM,precip_days,62.833,-3.739,-5.145,6,lanina,-0.990
NO,2021,NDJFM,rain_on_snow_days,11.500,-1.691,-2.024,4,lanina,-0.990
NO,2021,NDJFM,snow_cover_days,86.000,-22.210,-18.298,4,lanina,-0.990
NO,2021,NDJFM,snow_depth,13.537,-11.519,-11.251,4,lanina,-0.990
NO,2021,NDJFM,snow_max,49.250,-12.921,-10.929,4,lanina,-0.990
NO,2021,NDJFM,thaw_days,108.167,-0.674,-2.850,6,lanina,-0.990
NO,2021,NDJFM,tmax_mean,3.128,0.686,0.342,6,lanina,-0.990
NO,2021,NDJFM,tmean,0.110,0.540,0.240,6,lanina,-0.990
NO,2021,NDJFM,tmin_mean,-2.909,0.425,0.183,6,lanina,-0.990
NO,2022,DJF,frost_days,61.326,-1.770,0.049,6,lanina,-0.760
NO,2022,DJF,ice_days,30.971,1.115,2.266,6,lanina,-0.760
NO,2022,DJF,precip,311.617,16.339,3.277,6,lanina,-0.760
NO,2022,DJF,precip_days,44.500,2.582,3.243,6,lanina,-0.760
NO,2022,DJF,rain_on_snow_days,8.115,0.086,-0.068,4,lanina,-0.760
NO,2022,DJF,snow_cover_days,78.000,7.566,9.495,4,lanina,-0.760
NO,2022,DJF,snow_depth,30.396,4.793,4.350,4,lanina,-0.760
NO,2022,DJF,snow_max,59.000,3.126,3.598,4,lanina,-0.760
NO,2022,DJF,thaw_days,58.863,-0.658,-1.952,6,lanina,-0.760
NO,2022,DJF,tmax_mean,1.659,0.286,-0.002,6,lanina,-0.760
NO,2022,DJF,tmean,-1.405,0.006,-0.245,6,lanina,-0.760
NO,2022,DJF,tmin_mean,-4.727,-0.443,-0.598,6,lanina,-0.760
NO,2022,JFM,frost_days,54.000,-7.779,-4.905,6,lanina,-0.760
NO,2022,JFM,ice_days,19.427,-6.553,-4.582,6,lanina,-0.760
NO,2022,JFM,precip,294.100,35.203,18.027,6,lanina,-0.760
NO,2022,JFM,precip_days,41.167,3.393,1.837,6,lanina,-0.760
NO,2022,JFM,rain_on_snow_days,10.333,1.240,0.699,3,lanina,-0.760
NO,2022,JFM,snow_cover_days,68.333,-0.050,3.992,3,lanina,-0.760
NO,2022,JFM,snow_depth,30.881,-0.067,0.279,3,lanina,-0.760
NO,2022,JFM,snow_max,49.000,-9.118,-7.925,3,lanina,-0.760
NO,2022,JFM,thaw_days,70.573,7.025,4.939,6,lanina,-0.760
NO,2022,JFM,tmax_mean,4.000,1.944,1.497,6,lanina,-0.760
NO,2022,JFM,tmean,0.542,1.511,1.106,6,lanina,-0.760
NO,2022,JFM,tmin_mean,-2.820,1.166,0.810,6,lanina,-0.760
NO,2022,NDJFM,frost_days,91.153,-6.854,-2.916,6,lanina,-0.760
NO,2022,NDJFM,ice_days,39.086,-2.005,0.218,6,lanina,-0.760
NO,2022,NDJFM,precip,489.850,15.067,-23.544,6,lanina,-0.760
NO,2022,NDJFM,precip_days,67.667,2.061,-0.435,6,lanina,-0.760
NO,2022,NDJFM,rain_on_snow_days,13.707,0.156,-0.311,3,lanina,-0.760
NO,2022,NDJFM,snow_cover_days,99.186,1.704,7.669,3,lanina,-0.760
NO,2022,NDJFM,snow_depth,21.383,-0.951,-1.074,3,lanina,-0.760
NO,2022,NDJFM,snow_max,49.000,-10.252,-9.358,3,lanina,-0.760
NO,2022,NDJFM,thaw_days,111.574,2.733,0.284,6,lanina,-0.760
NO,2022,NDJFM,tmax_mean,3.361,0.919,0.546,6,lanina,-0.760
NO,2022,NDJFM,tmean,0.172,0.602,0.273,6,lanina,-0.760
NO,2022,NDJFM,tmin_mean,-3.095,0.239,-0.034,6,lanina,-0.760
NO,2023,DJF,frost_days,63.500,0.404,2.391,6,lanina,-0.550
NO,2023,DJF,ice_days,27.049,-2.807,-1.455,6,lanina,-0.550
NO,2023,DJF,precip,329.617,26.319,20.098,6,lanina,-0.550
NO,2023,DJF,precip_days,45.000,4.782,3.666,6,lanina,-0.550
NO,2023,DJF,rain_on_snow_days,12.250,4.221,4.050,4,lanina,-0.550
NO,2023,DJF,snow_cover_days,72.500,2.066,4.212,4,lanina,-0.550
NO,2023,DJF,snow_depth,24.533,-1.070,-1.408,4,lanina,-0.550
NO,2023,DJF,snow_max,49.000,-6.874,-6.262,4,lanina,-0.550
NO,2023,DJF,thaw_days,62.280,2.759,1.259,6,lanina,-0.550
NO,2023,DJF,tmax_mean,2.002,0.629,0.310,6,lanina,-0.550
NO,2023,DJF,tmean,-0.870,0.541,0.257,6,lanina,-0.550
NO,2023,DJF,tmin_mean,-3.988,0.296,0.108,6,lanina,-0.550
NO,2023,JFM,frost_days,61.627,-0.152,2.923,6,lanina,-0.550
NO,2023,JFM,ice_days,21.760,-4.219,-2.061,6,lanina,-0.550
NO,2023,JFM,precip,345.217,73.723,68.013,6,lanina,-0.550
NO,2023,JFM,precip_days,48.000,10.393,8.578,6,lanina,-0.550
NO,2023,JFM,rain_on_snow_days,13.000,4.328,3.728,4,lanina,-0.550
NO,2023,JFM,snow_cover_days,73.250,-0.172,3.107,4,lanina,-0.550
NO,2023,JFM,snow_depth,36.117,2.354,3.574,4,lanina,-0.550
NO,2023,JFM,snow_max,65.250,4.501,6.862,4,lanina,-0.550
NO,2023,JFM,thaw_days,67.404,3.857,1.577,6,lanina,-0.550
NO,2023,JFM,tmax_mean,2.812,0.755,0.277,6,lanina,-0.550
NO,2023,JFM,tmean,-0.410,0.560,0.120,6,lanina,-0.550
NO,2023,JFM,tmin_mean,-3.657,0.329,-0.062,6,lanina,-0.550
NO,2023,NDJFM,frost_days,98.470,0.463,4.681,6,lanina,-0.550
NO,2023,NDJFM,ice_days,40.888,-0.203,2.282,6,lanina,-0.550
NO,2023,NDJFM,precip,507.333,24.647,-7.919,6,lanina,-0.550
NO,2023,NDJFM,precip_days,70.667,6.061,2.443,6,lanina,-0.550
NO,2023,NDJFM,rain_on_snow_days,19.667,6.127,4.699,3,lanina,-0.550
NO,2023,NDJFM,snow_cover_days,129.333,7.428,8.349,3,lanina,-0.550
NO,2023,NDJFM,snow_depth,33.316,1.624,1.550,3,lanina,-0.550
NO,2023,NDJFM,snow_max,82.333,8.625,10.207,3,lanina,-0.550
NO,2023,NDJFM,thaw_days,109.110,0.269,-2.453,6,lanina,-0.550
NO,2023,NDJFM,tmax_mean,2.745,0.302,-0.100,6,lanina,-0.550
NO,2023,NDJFM,tmean,-0.234,0.197,-0.163,6,lanina,-0.550
NO,2023,NDJFM,tmin_mean,-3.316,0.019,-0.285,6,lanina,-0.550
NO,2024,DJF,frost_days,67.977,4.881,7.036,6,elnino,1.840
NO,2024,DJF,ice_days,39.238,9.383,10.935,6,elnino,1.840
NO,2024,DJF,precip,307.683,-4.641,-3.015,6,elnino,1.840
NO,2024,DJF,precip_days,39.500,-2.218,-1.912,6,elnino,1.840
NO,2024,DJF,rain_on_snow_days,7.000,-1.390,-1.778,3,elnino,1.840
NO,2024,DJF,snow_cover_days,79.667,14.651,17.900,3,elnino,1.840
NO,2024,DJF,snow_depth,36.216,13.350,12.842,3,elnino,1.840
NO,2024,DJF,snow_max,66.667,13.454,13.851,3,elnino,1.840
NO,2024,DJF,thaw_days,50.762,-8.760,-10.467,6,elnino,1.840
NO,2024,DJF,tmax_mean,0.291,-1.082,-1.433,6,elnino,1.840
NO,2024,DJF,tmean,-2.729,-1.318,-1.635,6,elnino,1.840
NO,2024,DJF,tmin_mean,-5.929,-1.646,-1.867,6,elnino,1.840
NO,2024,JFM,frost_days,57.460,-4.319,-1.041,6,elnino,1.840
NO,2024,JFM,ice_days,24.117,-1.863,0.483,6,elnino,1.840
NO,2024,JFM,precip,285.617,4.483,7.284,6,elnino,1.840
NO,2024,JFM,precip_days,38.000,-1.407,-1.515,6,elnino,1.840
NO,2024,JFM,rain_on_snow_days,9.667,0.574,-0.022,3,elnino,1.840
NO,2024,JFM,snow_cover_days,68.000,-0.384,4.251,3,elnino,1.840
NO,2024,JFM,snow_depth,39.271,8.322,8.866,3,elnino,1.840
NO,2024,JFM,snow_max,63.000,4.882,6.361,3,elnino,1.840
NO,2024,JFM,thaw_days,66.216,2.669,0.196,6,elnino,1.840
NO,2024,JFM,tmax_mean,2.558,0.502,-0.008,6,elnino,1.840
NO,2024,JFM,tmean,-0.561,0.408,-0.065,6,elnino,1.840
NO,2024,JFM,tmin_mean,-3.788,0.198,-0.229,6,elnino,1.840
NO,2024,NDJFM,frost_days,105.135,7.128,11.627,6,elnino,1.840
NO,2024,NDJFM,ice_days,52.783,11.692,14.440,6,elnino,1.840
NO,2024,NDJFM,precip,394.060,-78.723,-108.969,5,elnino,1.840
NO,2024,NDJFM,precip_days,54.400,-11.228,-12.160,5,elnino,1.840
NO,2024,NDJFM,rain_on_snow_days,9.941,-3.249,-3.653,4,elnino,1.840
NO,2024,NDJFM,snow_cover_days,118.504,10.293,15.337,4,elnino,1.840
NO,2024,NDJFM,snow_depth,26.794,1.739,2.318,4,elnino,1.840
NO,2024,NDJFM,snow_max,59.750,-2.421,0.182,4,elnino,1.840
NO,2024,NDJFM,thaw_days,98.043,-10.797,-13.792,6,elnino,1.840
NO,2024,NDJFM,tmax_mean,1.629,-0.813,-1.245,6,elnino,1.840
NO,2024,NDJFM,tmean,-1.418,-0.987,-1.377,6,elnino,1.840
NO,2024,NDJFM,tmin_mean,-4.609,-1.275,-1.608,6,elnino,1.840
NO,2025,DJF,frost_days,58.807,-4.290,-1.967,6,neutral,-0.460
NO,2025,DJF,ice_days,23.019,-6.837,-5.083,6,neutral,-0.460
NO,2025,DJF,precip,346.545,43.873,34.667,6,neutral,-0.460
NO,2025,DJF,precip_days,42.562,1.856,1.072,6,neutral,-0.460
NO,2025,DJF,rain_on_snow_days,12.279,4.249,4.046,4,neutral,-0.460
NO,2025,DJF,snow_cover_days,68.375,-2.059,0.520,4,neutral,-0.460
NO,2025,DJF,snow_depth,28.562,2.958,2.832,4,neutral,-0.460
NO,2025,DJF,snow_max,65.000,9.126,10.016,4,neutral,-0.460
NO,2025,DJF,thaw_days,66.481,6.960,5.045,6,neutral,-0.460
NO,2025,DJF,tmax_mean,2.838,1.465,1.083,6,neutral,-0.460
NO,2025,DJF,tmean,-0.182,1.229,0.879,6,neutral,-0.460
NO,2025,DJF,tmin_mean,-3.261,1.022,0.769,6,neutral,-0.460
NO,2025,JFM,frost_days,57.151,-4.627,-1.148,6,neutral,-0.460
NO,2025,JFM,ice_days,18.811,-7.169,-4.636,6,neutral,-0.460
NO,2025,JFM,precip,316.134,60.724,36.670,6,neutral,-0.460
NO,2025,JFM,precip_days,38.899,1.271,-0.709,6,neutral,-0.460
NO,2025,JFM,rain_on_snow_days,10.023,1.350,0.696,4,neutral,-0.460
NO,2025,JFM,snow_cover_days,66.602,-6.819,-3.082,4,neutral,-0.460
NO,2025,JFM,snow_depth,29.805,-3.958,-2.423,4,neutral,-0.460
NO,2025,JFM,snow_max,65.000,4.251,7.043,4,neutral,-0.460
NO,2025,JFM,thaw_days,70.689,7.142,4.474,6,neutral,-0.460
NO,2025,JFM,tmax_mean,3.790,1.734,1.192,6,neutral,-0.460
NO,2025,JFM,tmean,0.489,1.458,0.950,6,neutral,-0.460
NO,2025,JFM,tmin_mean,-2.810,1.176,0.713,6,neutral,-0.460
NO,2025,NDJFM,frost_days,87.969,-10.038,-5.259,6,neutral,-0.460
NO,2025,NDJFM,ice_days,29.654,-11.437,-8.426,6,neutral,-0.460
NO,2025,NDJFM,precip,617.586,143.530,98.616,6,neutral,-0.460
NO,2025,NDJFM,precip_days,73.742,8.352,5.272,6,neutral,-0.460
NO,2025,NDJFM,rain_on_snow_days,16.767,3.576,3.149,4,neutral,-0.460
NO,2025,NDJFM,snow_cover_days,97.331,-10.880,-5.458,4,neutral,-0.460
NO,2025,NDJFM,snow_depth,24.913,-0.143,0.539,4,neutral,-0.460
NO,2025,NDJFM,snow_max,65.000,2.829,5.636,4,neutral,-0.460
NO,2025,NDJFM,thaw_days,120.677,11.836,8.568,6,neutral,-0.460
NO,2025,NDJFM,tmax_mean,4.024,1.582,1.121,6,neutral,-0.460
NO,2025,NDJFM,tmean,0.968,1.398,0.979,6,neutral,-0.460
NO,2025,NDJFM,tmin_mean,-2.082,1.253,0.888,6,neutral,-0.460
NO,2026,DJF,frost_days,67.655,4.559,7.049,6,neutral,-0.390
NO,2026,DJF,ice_days,35.000,10.439,12.707,5,neutral,-0.390
NO,2026,DJF,precip,234.150,-46.541,-78.907,6,neutral,-0.390
NO,2026,DJF,precip_days,30.667,-8.418,-10.901,6,neutral,-0.390
NO,2026,DJF,rain_on_snow_days,5.000,-3.029,-3.248,4,neutral,-0.390
NO,2026,DJF,snow_cover_days,67.250,-3.184,-0.388,4,neutral,-0.390
NO,2026,DJF,snow_depth,30.778,5.174,5.154,4,neutral,-0.390
NO,2026,DJF,snow_max,54.000,-1.874,-0.844,4,neutral,-0.390
NO,2026,DJF,thaw_days,54.600,-10.219,-12.662,5,neutral,-0.390
NO,2026,DJF,tmax_mean,1.327,-0.974,-1.409,5,neutral,-0.390
NO,2026,DJF,tmean,-1.107,-0.953,-1.395,5,neutral,-0.390
NO,2026,DJF,tmin_mean,-5.934,-1.650,-1.938,6,neutral,-0.390
NO,2026,JFM,frost_days,62.133,0.354,4.035,6,neutral,-0.390
NO,2026,JFM,ice_days,31.200,10.500,13.171,5,neutral,-0.390
NO,2026,JFM,precip,191.667,-65.377,-88.926,6,neutral,-0.390
NO,2026,JFM,precip_days,32.333,-5.207,-7.367,6,neutral,-0.390
NO,2026,JFM,rain_on_snow_days,10.103,1.430,0.749,4,neutral,-0.390
NO,2026,JFM,snow_cover_days,70.059,-3.363,0.605,4,neutral,-0.390
NO,2026,JFM,snow_depth,32.576,-1.188,0.504,4,neutral,-0.390
NO,2026,JFM,snow_max,53.000,-7.749,-4.741,4,neutral,-0.390
NO,2026,JFM,thaw_days,58.400,-10.460,-13.281,5,neutral,-0.390
NO,2026,JFM,tmax_mean,2.026,-0.900,-1.475,5,neutral,-0.390
NO,2026,JFM,tmean,-0.685,-0.905,-1.470,5,neutral,-0.390
NO,2026,JFM,tmin_mean,-5.344,-1.357,-1.857,6,neutral,-0.390
NO,2026,NDJFM,frost_days,92.289,-5.718,-0.658,6,neutral,-0.390
NO,2026,NDJFM,ice_days,45.860,4.769,8.042,6,neutral,-0.390
NO,2026,NDJFM,precip,490.467,13.867,-30.361,6,neutral,-0.390
NO,2026,NDJFM,precip_days,65.000,-0.139,-3.593,6,neutral,-0.390
NO,2026,NDJFM,rain_on_snow_days,15.060,1.869,1.418,4,neutral,-0.390
NO,2026,NDJFM,snow_cover_days,100.392,-7.819,-2.019,4,neutral,-0.390
NO,2026,NDJFM,snow_depth,26.916,1.860,2.645,4,neutral,-0.390
NO,2026,NDJFM,snow_max,54.500,-7.670,-4.660,4,neutral,-0.390
NO,2026,NDJFM,thaw_days,104.124,-4.716,-8.258,6,neutral,-0.390
NO,2026,NDJFM,tmax_mean,2.537,0.094,-0.395,6,neutral,-0.390
NO,2026,NDJFM,tmean,-0.333,0.097,-0.352,6,neutral,-0.390
NO,2026,NDJFM,tmin_mean,-3.487,-0.153,-0.547,6,neutral,-0.390
SE,1950,DJF,frost_days,75.833,2.365,-4.485,6,lanina,-1.320
SE,1950,DJF,ice_days,45.833,2.014,-8.949,6,lanina,-1.320
SE,1950,DJF,precip,153.083,27.426,43.341,6,lanina,-1.320
SE,1950,DJF,precip_days,28.167,1.091,3.433,6,lanina,-1.320
SE,1950,DJF,rain_on_snow_days,3.052,2.261,0.869,4,lanina,-1.320
SE,1950,DJF,snow_cover_days,63.440,3.291,-13.097,4,lanina,-1.320
SE,1950,DJF,snow_depth,21.943,7.204,-3.354,4,lanina,-1.320
SE,1950,DJF,snow_max,39.500,3.315,-7.707,4,lanina,-1.320
SE,1950,DJF,thaw_days,41.333,-4.292,7.710,6,lanina,-1.320
SE,1950,DJF,tmax_mean,-2.250,-0.963,1.387,6,lanina,-1.320
SE,1950,DJF,tmean,-6.002,-1.320,1.588,6,lanina,-1.320
SE,1950,DJF,tmin_mean,-9.749,-1.682,1.804,6,lanina,-1.320
SE,1950,JFM,frost_days,77.500,3.992,-4.584,6,lanina,-1.320
SE,1950,JFM,ice_days,41.167,2.853,-9.059,6,lanina,-1.320
SE,1950,JFM,precip,79.033,-28.161,-10.410,6,lanina,-1.320
SE,1950,JFM,precip_days,17.500,-6.146,-3.563,6,lanina,-1.320
SE,1950,JFM,rain_on_snow_days,1.794,-1.511,-0.432,4,lanina,-1.320
SE,1950,JFM,snow_cover_days,68.897,1.316,-11.216,4,lanina,-1.320
SE,1950,JFM,snow_depth,27.312,6.015,-4.312,4,lanina,-1.320
SE,1950,JFM,snow_max,39.500,-0.262,-11.937,4,lanina,-1.320
SE,1950,JFM,thaw_days,46.667,-4.491,8.601,6,lanina,-1.320
SE,1950,JFM,tmax_mean,-0.959,-0.919,1.526,6,lanina,-1.320
SE,1950,JFM,tmean,-5.463,-1.587,1.440,6,lanina,-1.320
SE,1950,JFM,tmin_mean,-9.968,-2.266,1.359,6,lanina,-1.320
SE,1950,NDJFM,frost_days,110.833,-4.514,-16.229,6,lanina,-1.320
SE,1950,NDJFM,ice_days,56.000,-3.875,-19.309,6,lanina,-1.320
SE,1950,NDJFM,precip,251.200,39.734,57.823,6,lanina,-1.320
SE,1950,NDJFM,precip_days,45.000,0.642,3.798,6,lanina,-1.320
SE,1950,NDJFM,rain_on_snow_days,4.138,1.172,0.454,4,lanina,-1.320
SE,1950,NDJFM,snow_cover_days,87.195,-4.379,-22.916,4,lanina,-1.320
SE,1950,NDJFM,snow_depth,17.767,-2.343,-4.722,4,lanina,-1.320
SE,1950,NDJFM,snow_max,39.500,-16.655,-11.330,4,lanina,-1.320
SE,1950,NDJFM,thaw_days,91.500,1.498,18.667,6,lanina,-1.320
SE,1950,NDJFM,tmax_mean,0.257,-0.096,1.987,6,lanina,-1.320
SE,1950,NDJFM,tmean,-3.420,-0.298,2.240,6,lanina,-1.320
SE,1950,NDJFM,tmin_mean,-7.096,-0.501,2.499,6,lanina,-1.320
SE,1951,DJF,frost_days,77.667,4.199,-2.536,6,lanina,-0.660
SE,1951,DJF,ice_days,53.167,9.347,-1.446,6,lanina,-0.660
SE,1951,DJF,precip,135.367,9.709,25.285,6,lanina,-0.660
SE,1951,DJF,precip_days,29.000,1.925,4.220,6,lanina,-0.660
SE,1951,DJF,rain_on_snow_days,3.250,0.658,1.056,4,lanina,-0.660
SE,1951,DJF,snow_cover_days,71.250,5.912,-5.150,4,lanina,-0.660
SE,1951,DJF,snow_depth,19.648,1.824,-5.551,4,lanina,-0.660
SE,1951,DJF,snow_max,42.000,1.315,-5.090,4,lanina,-0.660
SE,1951,DJF,thaw_days,34.167,-11.459,0.356,6,lanina,-0.660
SE,1951,DJF,tmax_mean,-3.565,-2.278,0.036,6,lanina,-0.660
SE,1951,DJF,tmean,-6.865,-2.183,0.679,6,lanina,-0.660
SE,1951,DJF,tmin_mean,-10.161,-2.094,1.336,6,lanina,-0.660
SE,1951,JFM,frost_days,83.333,9.825,1.405,6,lanina,-0.660
SE,1951,JFM,ice_days,55.167,16.853,5.141,6,lanina,-0.660
SE,1951,JFM,precip,109.633,2.439,19.831,6,lanina,-0.660
SE,1951,JFM,precip_days,23.667,0.020,2.556,6,lanina,-0.660
SE,1951,JFM,rain_on_snow_days,2.600,-3.236,-0.023,5,lanina,-0.660
SE,1951,JFM,snow_cover_days,77.600,5.120,-2.287,5,lanina,-0.660
SE,1951,JFM,snow_depth,25.947,7.166,-2.003,5,lanina,-0.660
SE,1951,JFM,snow_max,45.000,4.738,-2.297,5,lanina,-0.660
SE,1951,JFM,thaw_days,31.833,-19.325,-6.452,6,lanina,-0.660
SE,1951,JFM,tmax_mean,-2.994,-2.954,-0.549,6,lanina,-0.660
SE,1951,JFM,tmean,-6.907,-3.030,-0.054,6,lanina,-0.660
SE,1951,JFM,tmin_mean,-10.815,-3.114,0.450,6,lanina,-0.660
SE,1951,NDJFM,frost_days,127.500,12.153,0.647,6,lanina,-0.660
SE,1951,NDJFM,ice_days,79.333,19.459,4.272,6,lanina,-0.660
SE,1951,NDJFM,precip,248.050,36.584,54.320,6,lanina,-0.660
SE,1951,NDJFM,precip_days,46.833,2.475,5.577,6,lanina,-0.660
SE,1951,NDJFM,rain_on_snow_days,4.750,1.172,1.052,4,lanina,-0.660
SE,1951,NDJFM,snow_cover_days,104.750,10.621,-5.125,4,lanina,-0.660
SE,1951,NDJFM,snow_depth,19.258,-5.032,-3.135,4,lanina,-0.660
SE,1951,NDJFM,snow_max,46.500,-16.655,-4.189,4,lanina,-0.660
SE,1951,NDJFM,thaw_days,68.000,-22.002,-5.110,6,lanina,-0.660
SE,1951,NDJFM,tmax_mean,-1.938,-2.290,-0.241,6,lanina,-0.660
SE,1951,NDJFM,tmean,-5.448,-2.326,0.171,6,lanina,-0.660
SE,1951,NDJFM,tmin_mean,-8.955,-2.360,0.590,6,lanina,-0.660
SE,1952,DJF,frost_days,73.833,0.365,-6.253,6,elnino,0.520
SE,1952,DJF,ice_days,42.833,-0.986,-11.609,6,elnino,0.520
SE,1952,DJF,precip,103.017,-22.641,-7.404,6,elnino,0.520
SE,1952,DJF,precip_days,25.000,-2.075,0.174,6,elnino,0.520
SE,1952,DJF,rain_on_snow_days,1.800,-1.842,-0.476,5,elnino,0.520
SE,1952,DJF,snow_cover_days,57.200,-8.088,-18.415,5,elnino,0.520
SE,1952,DJF,snow_depth,9.046,-9.846,-14.008,5,elnino,0.520
SE,1952,DJF,snow_max,28.200,-15.185,-16.285,5,elnino,0.520
SE,1952,DJF,thaw_days,46.167,0.541,12.169,6,elnino,0.520
SE,1952,DJF,tmax_mean,-1.010,0.276,2.555,6,elnino,0.520
SE,1952,DJF,tmean,-4.653,0.028,2.845,6,elnino,0.520
SE,1952,DJF,tmin_mean,-8.295,-0.228,3.147,6,elnino,0.520
SE,1952,JFM,frost_days,82.667,9.159,0.895,6,elnino,0.520
SE,1952,JFM,ice_days,49.667,11.353,-0.159,6,elnino,0.520
SE,1952,JFM,precip,78.483,-28.711,-11.679,6,elnino,0.520
SE,1952,JFM,precip_days,20.333,-3.313,-0.823,6,elnino,0.520
SE,1952,JFM,rain_on_snow_days,1.400,-2.903,-1.233,5,elnino,0.520
SE,1952,JFM,snow_cover_days,63.400,-4.213,-16.284,5,elnino,0.520
SE,1952,JFM,snow_depth,12.360,-11.885,-15.486,5,elnino,0.520
SE,1952,JFM,snow_max,31.800,-12.262,-15.355,5,elnino,0.520
SE,1952,JFM,thaw_days,38.167,-12.991,-0.338,6,elnino,0.520
SE,1952,JFM,tmax_mean,-1.729,-1.689,0.676,6,elnino,0.520
SE,1952,JFM,tmean,-5.719,-1.843,1.083,6,elnino,0.520
SE,1952,JFM,tmin_mean,-9.709,-2.008,1.494,6,elnino,0.520
SE,1952,NDJFM,frost_days,120.667,5.319,-5.976,6,elnino,0.520
SE,1952,NDJFM,ice_days,66.167,6.292,-8.647,6,elnino,0.520
SE,1952,NDJFM,precip,181.750,-29.716,-12.334,6,elnino,0.520
SE,1952,NDJFM,precip_days,40.833,-3.525,-0.478,6,elnino,0.520
SE,1952,NDJFM,rain_on_snow_days,3.000,-0.828,-0.962,5,elnino,0.520
SE,1952,NDJFM,snow_cover_days,80.400,7.621,-22.389,5,elnino,0.520
SE,1952,NDJFM,snow_depth,8.442,-9.190,-12.577,5,elnino,0.520
SE,1952,NDJFM,snow_max,31.800,-23.655,-18.049,5,elnino,0.520
SE,1952,NDJFM,thaw_days,82.167,-7.835,8.779,6,elnino,0.520
SE,1952,NDJFM,tmax_mean,-0.363,-0.716,1.300,6,elnino,0.520
SE,1952,NDJFM,tmean,-4.053,-0.932,1.523,6,elnino,0.520
SE,1952,NDJFM,tmin_mean,-7.744,-1.150,1.751,6,elnino,0.520
SE,1953,DJF,frost_days,82.333,8.865,2.364,6,neutral,0.250
SE,1953,DJF,ice_days,54.667,10.847,0.394,6,neutral,0.250
SE,1953,DJF,precip,114.733,-10.924,3.974,6,neutral,0.250
SE,1953,DJF,precip_days,25.833,-1.242,0.962,6,neutral,0.250
SE,1953,DJF,rain_on_snow_days,1.800,-1.342,-0.487,5,neutral,0.250
SE,1953,DJF,snow_cover_days,75.800,6.412,0.335,5,neutral,0.250
SE,1953,DJF,snow_depth,28.735,17.752,5.765,5,neutral,0.250
SE,1953,DJF,snow_max,54.600,24.815,10.239,5,neutral,0.250
SE,1953,DJF,thaw_days,33.000,-12.625,-1.184,6,neutral,0.250
SE,1953,DJF,tmax_mean,-3.974,-2.687,-0.444,6,neutral,0.250
SE,1953,DJF,tmean,-8.123,-3.442,-0.671,6,neutral,0.250
SE,1953,DJF,tmin_mean,-12.270,-4.203,-0.883,6,neutral,0.250
SE,1953,JFM,frost_days,75.500,1.992,-6.116,6,neutral,0.250
SE,1953,JFM,ice_days,39.167,0.853,-10.459,6,neutral,0.250
SE,1953,JFM,precip,88.233,-18.961,-2.288,6,neutral,0.250
SE,1953,JFM,precip_days,18.528,-5.119,-2.675,6,neutral,0.250
SE,1953,JFM,rain_on_snow_days,1.414,-1.880,-1.229,5,neutral,0.250
SE,1953,JFM,snow_cover_days,64.932,-1.327,-14.549,5,neutral,0.250
SE,1953,JFM,snow_depth,28.943,15.308,1.201,5,neutral,0.250
SE,1953,JFM,snow_max,54.600,26.405,7.587,5,neutral,0.250
SE,1953,JFM,thaw_days,49.333,-1.824,10.608,6,neutral,0.250
SE,1953,JFM,tmax_mean,-0.580,-0.540,1.785,6,neutral,0.250
SE,1953,JFM,tmean,-5.128,-1.251,1.624,6,neutral,0.250
SE,1953,JFM,tmin_mean,-9.673,-1.971,1.470,6,neutral,0.250
SE,1953,NDJFM,frost_days,126.833,11.486,0.400,6,neutral,0.250
SE,1953,NDJFM,ice_days,70.167,10.292,-4.399,6,neutral,0.250
SE,1953,NDJFM,precip,217.543,-6.618,5.923,5,neutral,0.250
SE,1953,NDJFM,precip_days,42.647,-2.183,-0.278,5,neutral,0.250
SE,1953,NDJFM,rain_on_snow_days,4.008,-2.828,1.034,5,neutral,0.250
SE,1953,NDJFM,snow_cover_days,106.517,18.621,7.242,5,neutral,0.250
SE,1953,NDJFM,snow_depth,22.500,20.869,4.688,5,neutral,0.250
SE,1953,NDJFM,snow_max,54.600,31.345,9.092,5,neutral,0.250
SE,1953,NDJFM,thaw_days,77.167,-12.835,3.501,6,neutral,0.250
SE,1953,NDJFM,tmax_mean,-1.248,-1.600,0.381,6,neutral,0.250
SE,1953,NDJFM,tmean,-5.291,-2.169,0.244,6,neutral,0.250
SE,1953,NDJFM,tmin_mean,-9.332,-2.738,0.113,6,neutral,0.250
SE,1954,DJF,frost_days,76.167,2.699,-3.687,6,neutral,0.410
SE,1954,DJF,ice_days,52.311,8.492,-1.792,6,neutral,0.410
SE,1954,DJF,precip,81.600,-44.057,-29.499,6,neutral,0.410
SE,1954,DJF,precip_days,18.500,-8.575,-6.418,6,neutral,0.410
SE,1954,DJF,rain_on_snow_days,2.200,-0.842,-0.099,5,neutral,0.410
SE,1954,DJF,snow_cover_days,56.200,-24.588,-19.116,5,neutral,0.410
SE,1954,DJF,snow_depth,9.087,-11.587,-13.800,5,neutral,0.410
SE,1954,DJF,snow_max,27.200,-13.685,-17.038,5,neutral,0.410
SE,1954,DJF,thaw_days,34.521,-11.104,0.150,6,neutral,0.410
SE,1954,DJF,tmax_mean,-2.163,-0.876,1.331,6,neutral,0.410
SE,1954,DJF,tmean,-5.819,-1.137,1.589,6,neutral,0.410
SE,1954,DJF,tmin_mean,-9.480,-1.413,1.851,6,neutral,0.410
SE,1954,JFM,frost_days,83.000,9.492,1.540,6,neutral,0.410
SE,1954,JFM,ice_days,51.000,12.686,1.574,6,neutral,0.410
SE,1954,JFM,precip,94.700,-12.494,3.820,6,neutral,0.410
SE,1954,JFM,precip_days,19.000,-4.647,-2.249,6,neutral,0.410
SE,1954,JFM,rain_on_snow_days,3.200,-0.570,0.547,5,neutral,0.410
SE,1954,JFM,snow_cover_days,75.200,0.120,-4.077,5,neutral,0.410
SE,1954,JFM,snow_depth,15.525,-8.208,-12.114,5,neutral,0.410
SE,1954,JFM,snow_max,36.800,-1.262,-10.072,5,neutral,0.410
SE,1954,JFM,thaw_days,37.000,-14.158,-1.945,6,neutral,0.410
SE,1954,JFM,tmax_mean,-1.958,-1.918,0.367,6,neutral,0.410
SE,1954,JFM,tmean,-6.103,-2.227,0.598,6,neutral,0.410
SE,1954,JFM,tmin_mean,-10.247,-2.545,0.834,6,neutral,0.410
SE,1954,NDJFM,frost_days,116.833,1.486,-9.391,6,neutral,0.410
SE,1954,NDJFM,ice_days,62.622,2.748,-11.695,6,neutral,0.410
SE,1954,NDJFM,precip,135.300,-76.166,-59.490,6,neutral,0.410
SE,1954,NDJFM,precip_days,29.833,-14.525,-11.586,6,neutral,0.410
SE,1954,NDJFM,rain_on_snow_days,3.200,-3.828,-0.740,5,neutral,0.410
SE,1954,NDJFM,snow_cover_days,79.800,-38.379,-27.668,5,neutral,0.410
SE,1954,NDJFM,snow_depth,9.375,-13.959,-11.508,5,neutral,0.410
SE,1954,NDJFM,snow_max,36.800,-23.655,-9.767,5,neutral,0.410
SE,1954,NDJFM,thaw_days,83.873,-6.128,9.931,6,neutral,0.410
SE,1954,NDJFM,tmax_mean,0.009,-0.344,1.604,6,neutral,0.410
SE,1954,NDJFM,tmean,-3.499,-0.377,1.995,6,neutral,0.410
SE,1954,NDJFM,tmin_mean,-7.012,-0.417,2.384,6,neutral,0.410
SE,1955,DJF,frost_days,70.600,0.385,-7.060,5,neutral,-0.500
SE,1955,DJF,ice_days,43.200,5.874,-5.716,5,neutral,-0.500
SE,1955,DJF,precip,134.800,9.143,23.362,6,neutral,-0.500
SE,1955,DJF,precip_days,27.500,0.424,2.536,6,neutral,-0.500
SE,1955,DJF,rain_on_snow_days,2.200,0.158,-0.111,5,neutral,-0.500
SE,1955,DJF,snow_cover_days,66.000,-1.588,-9.166,5,neutral,-0.500
SE,1955,DJF,snow_depth,15.142,0.157,-7.660,5,neutral,-0.500
SE,1955,DJF,snow_max,36.200,-0.185,-7.915,5,neutral,-0.500
SE,1955,DJF,thaw_days,43.400,-8.679,3.993,5,neutral,-0.500
SE,1955,DJF,tmax_mean,-1.086,-1.164,0.982,5,neutral,-0.500
SE,1955,DJF,tmean,-4.439,-1.548,1.091,5,neutral,-0.500
SE,1955,DJF,tmin_mean,-7.791,-1.930,1.201,5,neutral,-0.500
SE,1955,JFM,frost_days,83.800,13.542,4.240,5,neutral,-0.500
SE,1955,JFM,ice_days,47.400,15.440,3.185,5,neutral,-0.500
SE,1955,JFM,precip,83.283,-23.911,-7.956,6,neutral,-0.500
SE,1955,JFM,precip_days,19.833,-3.813,-1.462,6,neutral,-0.500
SE,1955,JFM,rain_on_snow_days,2.000,-1.236,-0.663,5,neutral,-0.500
SE,1955,JFM,snow_cover_days,79.400,4.787,0.326,5,neutral,-0.500
SE,1955,JFM,snow_depth,20.940,0.451,-6.594,5,neutral,-0.500
SE,1955,JFM,snow_max,36.200,-4.595,-10.530,5,neutral,-0.500
SE,1955,JFM,thaw_days,38.600,-18.881,-5.466,5,neutral,-0.500
SE,1955,JFM,tmax_mean,-1.519,-2.703,-0.387,5,neutral,-0.500
SE,1955,JFM,tmean,-5.747,-3.549,-0.711,5,neutral,-0.500
SE,1955,JFM,tmin_mean,-9.977,-4.397,-1.036,5,neutral,-0.500
SE,1955,NDJFM,frost_days,119.200,10.651,-1.975,5,neutral,-0.500
SE,1955,NDJFM,ice_days,60.600,12.194,-3.682,5,neutral,-0.500
SE,1955,NDJFM,precip,201.917,-9.549,6.774,6,neutral,-0.500
SE,1955,NDJFM,precip_days,43.833,-0.525,2.360,6,neutral,-0.500
SE,1955,NDJFM,rain_on_snow_days,3.600,-3.828,0.496,5,neutral,-0.500
SE,1955,NDJFM,snow_cover_days,102.200,9.621,1.068,5,neutral,-0.500
SE,1955,NDJFM,snow_depth,14.017,10.200,-5.205,5,neutral,-0.500
SE,1955,NDJFM,snow_max,36.200,10.345,-8.127,5,neutral,-0.500
SE,1955,NDJFM,thaw_days,84.400,-17.051,0.546,5,neutral,-0.500
SE,1955,NDJFM,tmax_mean,0.054,-1.564,0.345,5,neutral,-0.500
SE,1955,NDJFM,tmean,-3.404,-1.958,0.343,5,neutral,-0.500
SE,1955,NDJFM,tmin_mean,-6.862,-2.353,0.340,5,neutral,-0.500
SE,1956,DJF,frost_days,84.167,10.699,4.545,6,lanina,-1.170
SE,1956,DJF,ice_days,66.333,22.514,12.570,6,lanina,-1.170
SE,1956,DJF,precip,153.133,27.476,41.357,6,lanina,-1.170
SE,1956,DJF,precip_days,34.667,7.591,9.656,6,lanina,-1.170
SE,1956,DJF,rain_on_snow_days,3.000,-1.342,0.678,5,lanina,-1.170
SE,1956,DJF,snow_cover_days,80.200,6.912,5.183,5,lanina,-1.170
SE,1956,DJF,snow_depth,32.262,21.121,9.544,5,lanina,-1.170
SE,1956,DJF,snow_max,60.000,26.315,16.009,5,lanina,-1.170
SE,1956,DJF,thaw_days,22.667,-22.959,-12.078,6,lanina,-1.170
SE,1956,DJF,tmax_mean,-6.307,-5.020,-2.884,6,lanina,-1.170
SE,1956,DJF,tmean,-10.266,-5.585,-2.950,6,lanina,-1.170
SE,1956,DJF,tmin_mean,-14.226,-6.159,-3.005,6,lanina,-1.170
SE,1956,JFM,frost_days,86.333,12.825,5.185,6,lanina,-1.170
SE,1956,JFM,ice_days,55.833,17.520,6.807,6,lanina,-1.170
SE,1956,JFM,precip,85.333,-21.861,-6.266,6,lanina,-1.170
SE,1956,JFM,precip_days,22.500,-1.147,1.158,6,lanina,-1.170
SE,1956,JFM,rain_on_snow_days,1.800,-2.570,-0.872,5,lanina,-1.170
SE,1956,JFM,snow_cover_days,80.000,6.120,1.130,5,lanina,-1.170
SE,1956,JFM,snow_depth,38.154,27.701,10.724,5,lanina,-1.170
SE,1956,JFM,snow_max,60.000,30.072,13.412,5,lanina,-1.170
SE,1956,JFM,thaw_days,32.667,-18.491,-6.719,6,lanina,-1.170
SE,1956,JFM,tmax_mean,-3.480,-3.440,-1.234,6,lanina,-1.170
SE,1956,JFM,tmean,-8.179,-4.303,-1.580,6,lanina,-1.170
SE,1956,JFM,tmin_mean,-12.858,-5.157,-1.901,6,lanina,-1.170
SE,1956,NDJFM,frost_days,133.333,17.986,7.529,6,lanina,-1.170
SE,1956,NDJFM,ice_days,84.167,24.292,10.345,6,lanina,-1.170
SE,1956,NDJFM,precip,193.483,-17.982,-2.013,6,lanina,-1.170
SE,1956,NDJFM,precip_days,45.000,0.642,3.472,6,lanina,-1.170
SE,1956,NDJFM,rain_on_snow_days,4.200,-3.828,-0.018,5,lanina,-1.170
SE,1956,NDJFM,snow_cover_days,116.400,19.621,11.054,5,lanina,-1.170
SE,1956,NDJFM,snow_depth,27.997,18.757,10.699,5,lanina,-1.170
SE,1956,NDJFM,snow_max,60.200,17.345,16.764,5,lanina,-1.170
SE,1956,NDJFM,thaw_days,64.000,-26.002,-10.498,6,lanina,-1.170
SE,1956,NDJFM,tmax_mean,-3.035,-3.388,-1.508,6,lanina,-1.170
SE,1956,NDJFM,tmean,-7.270,-4.149,-1.861,6,lanina,-1.170
SE,1956,NDJFM,tmin_mean,-11.491,-4.896,-2.195,6,lanina,-1.170
SE,1957,DJF,frost_days,73.333,-0.135,-6.172,6,neutral,-0.270
SE,1957,DJF,ice_days,44.815,0.995,-8.779,6,neutral,-0.270
SE,1957,DJF,precip,106.517,-19.141,-5.599,6,neutral,-0.270
SE,1957,DJF,precip_days,26.167,-0.909,1.110,6,neutral,-0.270
SE,1957,DJF,rain_on_snow_days,2.200,-0.842,-0.134,5,neutral,-0.270
SE,1957,DJF,snow_cover_days,57.000,-3.588,-17.867,5,neutral,-0.270
SE,1957,DJF,snow_depth,13.695,3.869,-8.938,5,neutral,-0.270
SE,1957,DJF,snow_max,31.600,7.815,-12.268,5,neutral,-0.270
SE,1957,DJF,thaw_days,43.350,-2.275,8.418,6,neutral,-0.270
SE,1957,DJF,tmax_mean,-1.147,0.140,2.240,6,neutral,-0.270
SE,1957,DJF,tmean,-4.555,0.127,2.717,6,neutral,-0.270
SE,1957,DJF,tmin_mean,-7.989,0.078,3.176,6,neutral,-0.270
SE,1957,JFM,frost_days,76.667,3.159,-4.326,6,neutral,-0.270
SE,1957,JFM,ice_days,42.000,3.686,-6.826,6,neutral,-0.270
SE,1957,JFM,precip,108.150,0.956,16.192,6,neutral,-0.270
SE,1957,JFM,precip_days,23.167,-0.480,1.778,6,neutral,-0.270
SE,1957,JFM,rain_on_snow_days,2.400,-0.903,-0.282,5,neutral,-0.270
SE,1957,JFM,snow_cover_days,60.000,-0.547,-18.667,5,neutral,-0.270
SE,1957,JFM,snow_depth,19.882,1.414,-7.444,5,neutral,-0.270
SE,1957,JFM,snow_max,39.400,8.738,-7.046,5,neutral,-0.270
SE,1957,JFM,thaw_days,46.500,-4.658,6.895,6,neutral,-0.270
SE,1957,JFM,tmax_mean,-0.179,-0.139,2.026,6,neutral,-0.270
SE,1957,JFM,tmean,-4.240,-0.364,2.309,6,neutral,-0.270
SE,1957,JFM,tmin_mean,-8.307,-0.606,2.589,6,neutral,-0.270
SE,1957,NDJFM,frost_days,127.333,11.986,1.738,6,neutral,-0.270
SE,1957,NDJFM,ice_days,74.142,14.268,0.568,6,neutral,-0.270
SE,1957,NDJFM,precip,166.133,-45.332,-29.716,6,neutral,-0.270
SE,1957,NDJFM,precip_days,38.167,-6.192,-3.416,6,neutral,-0.270
SE,1957,NDJFM,rain_on_snow_days,3.000,-3.828,-1.282,5,neutral,-0.270
SE,1957,NDJFM,snow_cover_days,93.400,18.621,-8.460,5,neutral,-0.270
SE,1957,NDJFM,snow_depth,15.154,21.306,-3.762,5,neutral,-0.270
SE,1957,NDJFM,snow_max,39.400,30.345,-4.595,5,neutral,-0.270
SE,1957,NDJFM,thaw_days,73.855,-16.147,-0.921,6,neutral,-0.270
SE,1957,NDJFM,tmax_mean,-0.858,-1.211,0.636,6,neutral,-0.270
SE,1957,NDJFM,tmean,-4.644,-1.522,0.723,6,neutral,-0.270
SE,1957,NDJFM,tmin_mean,-8.448,-1.854,0.797,6,neutral,-0.270
SE,1958,DJF,frost_days,78.500,5.032,-0.889,6,elnino,1.690
SE,1958,DJF,ice_days,54.487,10.667,1.063,6,elnino,1.690
SE,1958,DJF,precip,92.617,-33.041,-19.838,6,elnino,1.690
SE,1958,DJF,precip_days,21.500,-5.576,-3.602,6,elnino,1.690
SE,1958,DJF,rain_on_snow_days,1.400,-2.842,-0.946,5,elnino,1.690
SE,1958,DJF,snow_cover_days,73.800,-4.588,-0.918,5,elnino,1.690
SE,1958,DJF,snow_depth,13.676,-5.354,-8.874,5,elnino,1.690
SE,1958,DJF,snow_max,32.800,-7.185,-10.945,5,elnino,1.690
SE,1958,DJF,thaw_days,34.345,-11.280,-0.774,6,elnino,1.690
SE,1958,DJF,tmax_mean,-3.754,-2.468,-0.404,6,elnino,1.690
SE,1958,DJF,tmean,-7.608,-2.927,-0.382,6,elnino,1.690
SE,1958,DJF,tmin_mean,-11.464,-3.397,-0.354,6,elnino,1.690
SE,1958,JFM,frost_days,84.167,10.659,3.331,6,elnino,1.690
SE,1958,JFM,ice_days,56.167,17.853,7.541,6,elnino,1.690
SE,1958,JFM,precip,92.017,-15.177,-0.301,6,elnino,1.690
SE,1958,JFM,precip_days,23.333,-0.313,1.898,6,elnino,1.690
SE,1958,JFM,rain_on_snow_days,2.200,-2.903,-0.492,5,elnino,1.690
SE,1958,JFM,snow_cover_days,86.200,5.120,7.737,5,elnino,1.690
SE,1958,JFM,snow_depth,22.620,2.455,-4.602,5,elnino,1.690
SE,1958,JFM,snow_max,40.000,2.738,-6.305,5,elnino,1.690
SE,1958,JFM,thaw_days,32.500,-18.658,-7.326,6,elnino,1.690
SE,1958,JFM,tmax_mean,-3.633,-3.593,-1.467,6,elnino,1.690
SE,1958,JFM,tmean,-8.228,-4.352,-1.730,6,elnino,1.690
SE,1958,JFM,tmin_mean,-12.826,-5.125,-1.991,6,elnino,1.690
SE,1958,NDJFM,frost_days,127.333,11.986,1.948,6,elnino,1.690
SE,1958,NDJFM,ice_days,75.635,15.760,2.308,6,elnino,1.690
SE,1958,NDJFM,precip,152.600,-58.866,-43.602,6,elnino,1.690
SE,1958,NDJFM,precip_days,36.167,-8.192,-5.470,6,elnino,1.690
SE,1958,NDJFM,rain_on_snow_days,2.400,-4.828,-1.296,5,elnino,1.690
SE,1958,NDJFM,snow_cover_days,107.200,-8.379,2.025,5,elnino,1.690
SE,1958,NDJFM,snow_depth,14.740,-0.065,-4.548,5,elnino,1.690
SE,1958,NDJFM,snow_max,40.000,10.345,-4.205,5,elnino,1.690
SE,1958,NDJFM,thaw_days,73.365,-16.637,-1.689,6,elnino,1.690
SE,1958,NDJFM,tmax_mean,-1.808,-2.161,-0.349,6,elnino,1.690
SE,1958,NDJFM,tmean,-5.814,-2.692,-0.488,6,elnino,1.690
SE,1958,NDJFM,tmin_mean,-9.823,-3.228,-0.628,6,elnino,1.690
SE,1959,DJF,frost_days,75.400,5.185,-1.709,5,neutral,0.600
SE,1959,DJF,ice_days,44.400,7.074,-3.726,5,neutral,0.600
SE,1959,DJF,precip,167.500,34.871,45.184,5,neutral,0.600
SE,1959,DJF,precip_days,29.000,1.668,2.984,5,neutral,0.600
SE,1959,DJF,rain_on_snow_days,3.000,-1.342,0.643,5,neutral,0.600
SE,1959,DJF,snow_cover_days,69.400,3.912,-5.168,5,neutral,0.600
SE,1959,DJF,snow_depth,31.071,16.764,8.606,5,neutral,0.600
SE,1959,DJF,snow_max,64.600,24.315,20.979,5,neutral,0.600
SE,1959,DJF,thaw_days,44.600,-7.479,4.327,5,neutral,0.600
SE,1959,DJF,tmax_mean,-1.034,-1.113,0.890,5,neutral,0.600
SE,1959,DJF,tmean,-4.563,-1.672,0.787,5,neutral,0.600
SE,1959,DJF,tmin_mean,-8.087,-2.226,0.688,5,neutral,0.600
SE,1959,JFM,frost_days,70.200,-0.058,-8.616,5,neutral,0.600
SE,1959,JFM,ice_days,29.200,-2.760,-14.119,5,neutral,0.600
SE,1959,JFM,precip,118.920,6.164,18.912,5,neutral,0.600
SE,1959,JFM,precip_days,19.400,-4.362,-2.723,5,neutral,0.600
SE,1959,JFM,rain_on_snow_days,3.000,-0.903,0.298,5,neutral,0.600
SE,1959,JFM,snow_cover_days,68.000,3.120,-10.260,5,neutral,0.600
SE,1959,JFM,snow_depth,35.398,24.081,8.280,5,neutral,0.600
SE,1959,JFM,snow_max,64.600,36.405,18.437,5,neutral,0.600
SE,1959,JFM,thaw_days,60.000,2.519,14.951,5,neutral,0.600
SE,1959,JFM,tmax_mean,1.747,0.563,2.712,5,neutral,0.600
SE,1959,JFM,tmean,-2.272,-0.075,2.555,5,neutral,0.600
SE,1959,JFM,tmin_mean,-6.289,-0.710,2.402,5,neutral,0.600
SE,1959,NDJFM,frost_days,104.600,-3.949,-15.585,5,neutral,0.600
SE,1959,NDJFM,ice_days,46.400,-2.006,-16.781,5,neutral,0.600
SE,1959,NDJFM,precip,236.560,12.398,23.205,5,neutral,0.600
SE,1959,NDJFM,precip_days,43.200,-1.630,0.054,5,neutral,0.600
SE,1959,NDJFM,rain_on_snow_days,4.400,-2.828,0.189,5,neutral,0.600
SE,1959,NDJFM,snow_cover_days,88.000,-15.379,-16.738,5,neutral,0.600
SE,1959,NDJFM,snow_depth,22.932,3.220,5.134,5,neutral,0.600
SE,1959,NDJFM,snow_max,64.600,8.345,22.186,5,neutral,0.600
SE,1959,NDJFM,thaw_days,103.200,1.749,18.116,5,neutral,0.600
SE,1959,NDJFM,tmax_mean,1.786,0.168,1.941,5,neutral,0.600
SE,1959,NDJFM,tmean,-1.640,-0.194,1.940,5,neutral,0.600
SE,1959,NDJFM,tmin_mean,-5.064,-0.554,1.943,5,neutral,0.600
SE,1960,DJF,frost_days,74.500,1.032,-4.657,6,neutral,0.020
SE,1960,DJF,ice_days,55.667,11.847,2.583,6,neutral,0.020
SE,1960,DJF,precip,140.617,14.959,27.484,6,neutral,0.020
SE,1960,DJF,precip_days,32.333,5.258,7.139,6,neutral,0.020
SE,1960,DJF,rain_on_snow_days,3.000,0.658,0.631,5,neutral,0.020
SE,1960,DJF,snow_cover_days,69.000,-3.588,-5.419,5,neutral,0.020
SE,1960,DJF,snow_depth,9.679,-9.110,-12.702,5,neutral,0.020
SE,1960,DJF,snow_max,29.200,-5.185,-14.298,5,neutral,0.020
SE,1960,DJF,thaw_days,34.833,-10.792,-0.659,6,neutral,0.020
SE,1960,DJF,tmax_mean,-3.406,-2.119,-0.126,6,neutral,0.020
SE,1960,DJF,tmean,-6.841,-2.159,0.294,6,neutral,0.020
SE,1960,DJF,tmin_mean,-10.277,-2.209,0.723,6,neutral,0.020
SE,1960,JFM,frost_days,82.667,9.159,2.143,6,neutral,0.020
SE,1960,JFM,ice_days,50.167,11.853,1.941,6,neutral,0.020
SE,1960,JFM,precip,90.700,-16.494,-2.336,6,neutral,0.020
SE,1960,JFM,precip_days,25.000,1.354,3.472,6,neutral,0.020
SE,1960,JFM,rain_on_snow_days,2.400,-1.570,-0.311,5,neutral,0.020
SE,1960,JFM,snow_cover_days,73.600,-0.547,-4.457,5,neutral,0.020
SE,1960,JFM,snow_depth,14.598,-9.050,-12.416,5,neutral,0.020
SE,1960,JFM,snow_max,33.200,-8.262,-12.821,5,neutral,0.020
SE,1960,JFM,thaw_days,39.833,-11.325,-0.432,6,neutral,0.020
SE,1960,JFM,tmax_mean,-2.260,-2.220,-0.174,6,neutral,0.020
SE,1960,JFM,tmean,-6.608,-2.732,-0.210,6,neutral,0.020
SE,1960,JFM,tmin_mean,-10.955,-3.254,-0.243,6,neutral,0.020
SE,1960,NDJFM,frost_days,116.500,1.153,-8.466,6,neutral,0.020
SE,1960,NDJFM,ice_days,70.333,10.458,-2.497,6,neutral,0.020
SE,1960,NDJFM,precip,208.950,-2.516,12.041,6,neutral,0.020
SE,1960,NDJFM,precip_days,49.000,4.642,7.255,6,neutral,0.020
SE,1960,NDJFM,rain_on_snow_days,4.000,-0.828,-0.075,5,neutral,0.020
SE,1960,NDJFM,snow_cover_days,94.800,2.621,-9.753,5,neutral,0.020
SE,1960,NDJFM,snow_depth,9.753,-2.420,-10.618,5,neutral,0.020
SE,1960,NDJFM,snow_max,33.200,5.345,-14.673,5,neutral,0.020
SE,1960,NDJFM,thaw_days,79.833,-10.168,4.225,6,neutral,0.020
SE,1960,NDJFM,tmax_mean,-0.949,-1.301,0.443,6,neutral,0.020
SE,1960,NDJFM,tmean,-4.404,-1.282,0.838,6,neutral,0.020
SE,1960,NDJFM,tmin_mean,-7.858,-1.263,1.238,6,neutral,0.020
SE,1961,DJF,frost_days,69.833,-3.635,-9.208,6,neutral,0.000
SE,1961,DJF,ice_days,41.167,-2.653,-11.748,6,neutral,0.000
SE,1961,DJF,precip,129.595,3.938,16.123,6,neutral,0.000
SE,1961,DJF,precip_days,28.386,1.310,3.145,6,neutral,0.000
SE,1961,DJF,rain_on_snow_days,2.015,-0.842,0.094,3,neutral,0.000
SE,1961,DJF,snow_cover_days,82.932,0.912,-2.385,3,neutral,0.000
SE,1961,DJF,snow_depth,42.407,24.697,11.668,3,neutral,0.000
SE,1961,DJF,snow_max,65.000,25.315,10.509,3,neutral,0.000
SE,1961,DJF,thaw_days,47.667,2.041,11.987,6,neutral,0.000
SE,1961,DJF,tmax_mean,-1.224,0.063,2.020,6,neutral,0.000
SE,1961,DJF,tmean,-4.853,-0.172,2.237,6,neutral,0.000
SE,1961,DJF,tmin_mean,-8.478,-0.410,2.466,6,neutral,0.000
SE,1961,JFM,frost_days,67.500,-6.008,-12.868,6,neutral,0.000
SE,1961,JFM,ice_days,32.167,-6.147,-15.859,6,neutral,0.000
SE,1961,JFM,precip,83.170,-24.024,-10.225,6,neutral,0.000
SE,1961,JFM,precip_days,19.526,-4.120,-2.048,6,neutral,0.000
SE,1961,JFM,rain_on_snow_days,2.034,-1.275,0.331,2,neutral,0.000
SE,1961,JFM,snow_cover_days,88.977,1.569,-0.854,2,neutral,0.000
SE,1961,JFM,snow_depth,52.505,18.962,9.928,2,neutral,0.000
SE,1961,JFM,snow_max,81.000,26.282,17.311,2,neutral,0.000
SE,1961,JFM,thaw_days,56.333,5.175,15.848,6,neutral,0.000
SE,1961,JFM,tmax_mean,0.921,0.961,2.967,6,neutral,0.000
SE,1961,JFM,tmean,-3.283,0.594,3.064,6,neutral,0.000
SE,1961,JFM,tmin_mean,-7.484,0.217,3.166,6,neutral,0.000
SE,1961,NDJFM,frost_days,107.667,-7.681,-17.090,6,neutral,0.000
SE,1961,NDJFM,ice_days,56.667,-3.208,-15.915,6,neutral,0.000
SE,1961,NDJFM,precip,252.303,40.838,55.041,6,neutral,0.000
SE,1961,NDJFM,precip_days,50.726,6.367,8.926,6,neutral,0.000
SE,1961,NDJFM,rain_on_snow_days,5.908,-2.828,2.052,3,neutral,0.000
SE,1961,NDJFM,snow_cover_days,123.947,18.621,-4.726,3,neutral,0.000
SE,1961,NDJFM,snow_depth,33.145,39.915,5.271,3,neutral,0.000
SE,1961,NDJFM,snow_max,65.000,51.345,5.650,3,neutral,0.000
SE,1961,NDJFM,thaw_days,92.167,2.165,16.281,6,neutral,0.000
SE,1961,NDJFM,tmax_mean,0.597,0.244,1.955,6,neutral,0.000
SE,1961,NDJFM,tmean,-2.988,0.133,2.212,6,neutral,0.000
SE,1961,NDJFM,tmin_mean,-6.571,0.023,2.474,6,neutral,0.000
SE,1962,DJF,frost_days,74.857,5.058,-1.310,7,neutral,-0.160
SE,1962,DJF,ice_days,45.857,5.991,-3.105,7,neutral,-0.160
SE,1962,DJF,precip,139.900,-1.413,19.936,7,neutral,-0.160
SE,1962,DJF,precip_days,27.429,-0.696,1.782,7,neutral,-0.160
SE,1962,DJF,rain_on_snow_days,1.552,-1.291,-0.304,2,neutral,-0.160
SE,1962,DJF,snow_cover_days,89.483,6.394,3.649,2,neutral,-0.160
SE,1962,DJF,snow_depth,29.779,5.587,-1.186,2,neutral,-0.160
SE,1962,DJF,snow_max,55.000,8.315,1.683,2,neutral,-0.160
SE,1962,DJF,thaw_days,42.714,-6.878,3.040,7,neutral,-0.160
SE,1962,DJF,tmax_mean,-1.641,-1.027,0.880,7,neutral,-0.160
SE,1962,DJF,tmean,-5.619,-1.766,0.526,7,neutral,-0.160
SE,1962,DJF,tmin_mean,-9.600,-2.515,0.177,7,neutral,-0.160
SE,1962,JFM,frost_days,77.714,8.013,0.223,7,neutral,-0.160
SE,1962,JFM,ice_days,41.286,6.623,-2.809,7,neutral,-0.160
SE,1962,JFM,precip,119.929,0.470,20.984,7,neutral,-0.160
SE,1962,JFM,precip_days,24.714,0.255,2.427,7,neutral,-0.160
SE,1962,JFM,rain_on_snow_days,2.861,-1.236,0.183,4,neutral,-0.160
SE,1962,JFM,snow_cover_days,88.361,4.787,2.685,4,neutral,-0.160
SE,1962,JFM,snow_depth,30.173,6.773,-2.154,4,neutral,-0.160
SE,1962,JFM,snow_max,45.250,4.072,-6.535,4,neutral,-0.160
SE,1962,JFM,thaw_days,47.000,-7.835,2.501,7,neutral,-0.160
SE,1962,JFM,tmax_mean,-0.922,-1.492,0.497,7,neutral,-0.160
SE,1962,JFM,tmean,-5.818,-2.721,-0.341,7,neutral,-0.160
SE,1962,JFM,tmin_mean,-10.717,-3.962,-1.181,7,neutral,-0.160
SE,1962,NDJFM,frost_days,120.286,11.447,0.759,7,neutral,-0.160
SE,1962,NDJFM,ice_days,64.000,10.143,-2.187,7,neutral,-0.160
SE,1962,NDJFM,precip,210.200,-24.099,0.529,7,neutral,-0.160
SE,1962,NDJFM,precip_days,41.571,-4.265,-1.377,7,neutral,-0.160
SE,1962,NDJFM,thaw_days,84.571,-11.511,2.184,7,neutral,-0.160
SE,1962,NDJFM,tmax_mean,-0.256,-1.239,0.451,7,neutral,-0.160
SE,1962,NDJFM,tmean,-4.499,-2.150,-0.147,7,neutral,-0.160
SE,1962,NDJFM,tmin_mean,-8.745,-3.065,-0.746,7,neutral,-0.160
SE,1963,DJF,frost_days,85.714,15.915,9.688,7,neutral,-0.330
SE,1963,DJF,ice_days,66.532,26.667,17.746,7,neutral,-0.330
SE,1963,DJF,precip,67.271,-74.041,-53.219,7,neutral,-0.330
SE,1963,DJF,precip_days,16.571,-11.553,-9.136,7,neutral,-0.330
SE,1963,DJF,rain_on_snow_days,1.500,-1.342,-0.653,4,neutral,-0.330
SE,1963,DJF,snow_cover_days,88.128,5.912,6.526,4,neutral,-0.330
SE,1963,DJF,snow_depth,21.685,-4.959,-4.829,4,neutral,-0.330
SE,1963,DJF,snow_max,36.250,-14.185,-12.665,4,neutral,-0.330
SE,1963,DJF,thaw_days,22.036,-27.556,-17.833,7,neutral,-0.330
SE,1963,DJF,tmax_mean,-4.676,-4.062,-2.191,7,neutral,-0.330
SE,1963,DJF,tmean,-9.075,-5.221,-2.974,7,neutral,-0.330
SE,1963,DJF,tmin_mean,-13.502,-6.417,-3.779,7,neutral,-0.330
SE,1963,JFM,frost_days,87.429,17.727,10.120,7,neutral,-0.330
SE,1963,JFM,ice_days,62.695,28.032,18.799,7,neutral,-0.330
SE,1963,JFM,precip,51.214,-68.244,-48.234,7,neutral,-0.330
SE,1963,JFM,precip_days,13.714,-10.745,-8.623,7,neutral,-0.330
SE,1963,JFM,rain_on_snow_days,0.500,-3.236,-2.197,4,neutral,-0.330
SE,1963,JFM,snow_cover_days,89.250,4.120,3.725,4,neutral,-0.330
SE,1963,JFM,snow_depth,23.850,-6.027,-8.358,4,neutral,-0.330
SE,1963,JFM,snow_max,38.000,-12.262,-13.649,4,neutral,-0.330
SE,1963,JFM,thaw_days,25.159,-29.676,-19.559,7,neutral,-0.330
SE,1963,JFM,tmax_mean,-3.579,-4.150,-2.201,7,neutral,-0.330
SE,1963,JFM,tmean,-8.403,-5.306,-2.976,7,neutral,-0.330
SE,1963,JFM,tmin_mean,-13.228,-6.474,-3.752,7,neutral,-0.330
SE,1963,NDJFM,frost_days,131.857,23.018,12.578,7,neutral,-0.330
SE,1963,NDJFM,ice_days,89.091,35.234,23.151,7,neutral,-0.330
SE,1963,NDJFM,precip,121.700,-112.599,-88.532,7,neutral,-0.330
SE,1963,NDJFM,precip_days,28.714,-17.123,-14.299,7,neutral,-0.330
SE,1963,NDJFM,rain_on_snow_days,2.094,-2.828,-1.406,2,neutral,-0.330
SE,1963,NDJFM,snow_cover_days,138.764,-0.379,9.482,2,neutral,-0.330
SE,1963,NDJFM,snow_depth,16.861,-6.621,-11.281,2,neutral,-0.330
SE,1963,NDJFM,snow_max,32.500,-18.655,-24.810,2,neutral,-0.330
SE,1963,NDJFM,thaw_days,58.760,-37.323,-23.904,7,neutral,-0.330
SE,1963,NDJFM,tmax_mean,-2.398,-3.380,-1.725,7,neutral,-0.330
SE,1963,NDJFM,tmean,-6.557,-4.208,-2.247,7,neutral,-0.330
SE,1963,NDJFM,tmin_mean,-10.738,-5.059,-2.788,7,neutral,-0.330
SE,1964,DJF,frost_days,79.143,9.344,3.257,7,elnino,0.950
SE,1964,DJF,ice_days,39.960,0.095,-8.649,7,elnino,0.950
SE,1964,DJF,precip,61.000,-80.313,-60.016,7,elnino,0.950
SE,1964,DJF,precip_days,14.429,-13.696,-11.340,7,elnino,0.950
SE,1964,DJF,rain_on_snow_days,1.333,-2.342,-0.658,3,elnino,0.950
SE,1964,DJF,snow_cover_days,84.000,0.912,-1.130,3,elnino,0.950
SE,1964,DJF,snow_depth,22.018,2.934,-8.366,3,elnino,0.950
SE,1964,DJF,snow_max,42.333,1.315,-11.823,3,elnino,0.950
SE,1964,DJF,thaw_days,48.895,-0.697,8.833,7,elnino,0.950
SE,1964,DJF,tmax_mean,-0.700,-0.086,1.748,7,elnino,0.950
SE,1964,DJF,tmean,-4.475,-0.622,1.581,7,elnino,0.950
SE,1964,DJF,tmin_mean,-8.251,-1.166,1.418,7,elnino,0.950
SE,1964,JFM,frost_days,81.429,11.727,4.302,7,elnino,0.950
SE,1964,JFM,ice_days,35.522,0.859,-8.175,7,elnino,0.950
SE,1964,JFM,precip,39.243,-80.216,-60.708,7,elnino,0.950
SE,1964,JFM,precip_days,10.429,-14.030,-11.960,7,elnino,0.950
SE,1964,JFM,rain_on_snow_days,1.000,-2.570,-1.252,3,elnino,0.950
SE,1964,JFM,snow_cover_days,83.333,-1.547,-5.199,3,elnino,0.950
SE,1964,JFM,snow_depth,19.333,-10.819,-18.867,3,elnino,0.950
SE,1964,JFM,snow_max,37.333,-12.262,-21.177,3,elnino,0.950
SE,1964,JFM,thaw_days,53.476,-1.359,8.540,7,elnino,0.950
SE,1964,JFM,tmax_mean,0.158,-0.413,1.494,7,elnino,0.950
SE,1964,JFM,tmean,-4.053,-0.957,1.323,7,elnino,0.950
SE,1964,JFM,tmin_mean,-8.264,-1.510,1.153,7,elnino,0.950
SE,1964,NDJFM,frost_days,123.714,14.876,4.683,7,elnino,0.950
SE,1964,NDJFM,ice_days,57.247,3.390,-8.446,7,elnino,0.950
SE,1964,NDJFM,precip,152.671,-81.628,-58.122,7,elnino,0.950
SE,1964,NDJFM,precip_days,29.714,-16.123,-13.363,7,elnino,0.950
SE,1964,NDJFM,rain_on_snow_days,2.169,-4.828,-1.774,3,elnino,0.950
SE,1964,NDJFM,snow_cover_days,133.029,14.621,4.933,3,elnino,0.950
SE,1964,NDJFM,snow_depth,19.962,14.882,-7.550,3,elnino,0.950
SE,1964,NDJFM,snow_max,42.667,19.345,-16.226,3,elnino,0.950
SE,1964,NDJFM,thaw_days,91.607,-4.476,8.667,7,elnino,0.950
SE,1964,NDJFM,tmax_mean,0.429,-0.553,1.067,7,elnino,0.950
SE,1964,NDJFM,tmean,-3.341,-0.992,0.927,7,elnino,0.950
SE,1964,NDJFM,tmin_mean,-7.110,-1.431,0.791,7,elnino,0.950
SE,1965,DJF,frost_days,77.714,7.915,1.970,7,lanina,-0.510
SE,1965,DJF,ice_days,44.571,4.706,-3.861,7,lanina,-0.510
SE,1965,DJF,precip,143.686,2.373,22.143,7,lanina,-0.510
SE,1965,DJF,precip_days,31.000,2.876,5.171,7,lanina,-0.510
SE,1965,DJF,rain_on_snow_days,4.333,-0.342,2.318,3,lanina,-0.510
SE,1965,DJF,snow_cover_days,87.333,4.912,2.265,3,lanina,-0.510
SE,1965,DJF,snow_depth,25.174,8.241,-5.091,3,lanina,-0.510
SE,1965,DJF,snow_max,41.333,5.815,-12.712,3,lanina,-0.510
SE,1965,DJF,thaw_days,43.857,-5.735,3.601,7,lanina,-0.510
SE,1965,DJF,tmax_mean,-1.204,-0.590,1.208,7,lanina,-0.510
SE,1965,DJF,tmean,-4.881,-1.027,1.130,7,lanina,-0.510
SE,1965,DJF,tmin_mean,-8.557,-1.473,1.058,7,lanina,-0.510
SE,1965,JFM,frost_days,77.000,7.298,0.056,7,lanina,-0.510
SE,1965,JFM,ice_days,41.857,7.194,-1.641,7,lanina,-0.510
SE,1965,JFM,precip,105.971,-13.487,5.517,7,lanina,-0.510
SE,1965,JFM,precip_days,24.857,0.398,2.418,7,lanina,-0.510
SE,1965,JFM,rain_on_snow_days,4.361,0.764,1.626,4,lanina,-0.510
SE,1965,JFM,snow_cover_days,85.055,4.453,-0.167,4,lanina,-0.510
SE,1965,JFM,snow_depth,24.421,0.133,-7.550,4,lanina,-0.510
SE,1965,JFM,snow_max,39.250,-2.262,-12.127,4,lanina,-0.510
SE,1965,JFM,thaw_days,46.857,-7.978,1.703,7,lanina,-0.510
SE,1965,JFM,tmax_mean,-0.345,-0.915,0.951,7,lanina,-0.510
SE,1965,JFM,tmean,-4.803,-1.706,0.523,7,lanina,-0.510
SE,1965,JFM,tmin_mean,-9.261,-2.507,0.096,7,lanina,-0.510
SE,1965,NDJFM,frost_days,121.143,12.304,2.360,7,lanina,-0.510
SE,1965,NDJFM,ice_days,61.714,7.857,-3.731,7,lanina,-0.510
SE,1965,NDJFM,precip,216.014,-18.285,4.659,7,lanina,-0.510
SE,1965,NDJFM,precip_days,47.143,1.306,4.001,7,lanina,-0.510
SE,1965,NDJFM,thaw_days,86.857,-9.226,3.639,7,lanina,-0.510
SE,1965,NDJFM,tmax_mean,0.336,-0.646,0.939,7,lanina,-0.510
SE,1965,NDJFM,tmean,-3.516,-1.167,0.710,7,lanina,-0.510
SE,1965,NDJFM,tmin_mean,-7.371,-1.691,0.481,7,lanina,-0.510
SE,1966,DJF,frost_days,83.429,13.629,7.825,7,elnino,1.240
SE,1966,DJF,ice_days,70.286,30.420,22.030,7,elnino,1.240
SE,1966,DJF,precip,156.443,15.130,34.374,7,elnino,1.240
SE,1966,DJF,precip_days,29.429,1.304,3.538,7,elnino,1.240
SE,1966,DJF,rain_on_snow_days,2.000,-2.842,-0.216,4,elnino,1.240
SE,1966,DJF,snow_cover_days,90.000,6.912,8.688,4,elnino,1.240
SE,1966,DJF,snow_depth,50.411,26.358,24.186,4,elnino,1.240
SE,1966,DJF,snow_max,83.750,39.815,35.200,4,elnino,1.240
SE,1966,DJF,thaw_days,19.143,-30.449,-21.307,7,elnino,1.240
SE,1966,DJF,tmax_mean,-7.437,-6.822,-5.061,7,elnino,1.240
SE,1966,DJF,tmean,-11.367,-7.513,-5.401,7,elnino,1.240
SE,1966,DJF,tmin_mean,-15.305,-8.220,-5.744,7,elnino,1.240
SE,1966,JFM,frost_days,78.857,9.156,2.096,7,elnino,1.240
SE,1966,JFM,ice_days,62.857,28.194,19.558,7,elnino,1.240
SE,1966,JFM,precip,146.457,26.999,45.500,7,elnino,1.240
SE,1966,JFM,precip_days,28.571,4.113,6.082,7,elnino,1.240
SE,1966,JFM,rain_on_snow_days,3.000,-2.236,0.246,4,elnino,1.240
SE,1966,JFM,snow_cover_days,90.000,5.120,4.929,4,elnino,1.240
SE,1966,JFM,snow_depth,60.589,42.962,28.736,4,elnino,1.240
SE,1966,JFM,snow_max,97.500,64.738,46.260,4,elnino,1.240
SE,1966,JFM,thaw_days,26.714,-28.121,-18.658,7,elnino,1.240
SE,1966,JFM,tmax_mean,-5.699,-6.270,-4.444,7,elnino,1.240
SE,1966,JFM,tmean,-9.888,-6.791,-4.613,7,elnino,1.240
SE,1966,JFM,tmin_mean,-14.076,-7.322,-4.779,7,elnino,1.240
SE,1966,NDJFM,frost_days,130.000,21.161,11.465,7,elnino,1.240
SE,1966,NDJFM,ice_days,95.847,41.990,30.649,7,elnino,1.240
SE,1966,NDJFM,precip,266.771,32.472,54.854,7,elnino,1.240
SE,1966,NDJFM,precip_days,50.143,4.306,6.937,7,elnino,1.240
SE,1966,NDJFM,rain_on_snow_days,5.123,-4.828,-2.563,4,elnino,1.240
SE,1966,NDJFM,snow_cover_days,144.730,-5.379,15.288,4,elnino,1.240
SE,1966,NDJFM,snow_depth,46.861,18.862,28.432,4,elnino,1.240
SE,1966,NDJFM,snow_max,97.500,47.345,55.745,4,elnino,1.240
SE,1966,NDJFM,thaw_days,53.725,-42.358,-29.770,7,elnino,1.240
SE,1966,NDJFM,tmax_mean,-4.626,-5.608,-4.058,7,elnino,1.240
SE,1966,NDJFM,tmean,-8.488,-6.139,-4.303,7,elnino,1.240
SE,1966,NDJFM,tmin_mean,-12.357,-6.678,-4.555,7,elnino,1.240
SE,1967,DJF,frost_days,75.143,5.344,-0.320,7,neutral,-0.460
SE,1967,DJF,ice_days,45.714,5.849,-2.365,7,neutral,-0.460
SE,1967,DJF,precip,214.800,73.487,92.205,7,neutral,-0.460
SE,1967,DJF,precip_days,35.000,6.876,9.048,7,neutral,-0.460
SE,1967,DJF,rain_on_snow_days,3.541,-0.783,1.479,3,neutral,-0.460
SE,1967,DJF,snow_cover_days,87.647,3.383,2.704,3,neutral,-0.460
SE,1967,DJF,snow_depth,48.531,17.743,18.503,3,neutral,-0.460
SE,1967,DJF,snow_max,75.000,18.315,21.179,3,neutral,-0.460
SE,1967,DJF,thaw_days,42.429,-7.163,1.784,7,neutral,-0.460
SE,1967,DJF,tmax_mean,-2.476,-1.862,-0.137,7,neutral,-0.460
SE,1967,DJF,tmean,-5.720,-1.867,0.200,7,neutral,-0.460
SE,1967,DJF,tmin_mean,-8.966,-1.881,0.541,7,neutral,-0.460
SE,1967,JFM,frost_days,66.286,-3.416,-10.293,7,neutral,-0.460
SE,1967,JFM,ice_days,35.143,0.480,-7.958,7,neutral,-0.460
SE,1967,JFM,precip,140.814,21.356,39.354,7,neutral,-0.460
SE,1967,JFM,precip_days,28.571,4.113,6.031,7,neutral,-0.460
SE,1967,JFM,rain_on_snow_days,6.736,3.166,4.404,3,neutral,-0.460
SE,1967,JFM,snow_cover_days,86.897,2.017,-1.324,3,neutral,-0.460
SE,1967,JFM,snow_depth,54.551,24.398,16.822,3,neutral,-0.460
SE,1967,JFM,snow_max,78.667,29.072,20.635,3,neutral,-0.460
SE,1967,JFM,thaw_days,53.857,-0.978,8.267,7,neutral,-0.460
SE,1967,JFM,tmax_mean,-0.622,-1.192,0.592,7,neutral,-0.460
SE,1967,JFM,tmean,-4.193,-1.097,1.032,7,neutral,-0.460
SE,1967,JFM,tmin_mean,-7.763,-1.009,1.474,7,neutral,-0.460
SE,1967,NDJFM,frost_days,105.143,-3.696,-13.144,7,neutral,-0.460
SE,1967,NDJFM,ice_days,52.857,-1.000,-12.093,7,neutral,-0.460
SE,1967,NDJFM,precip,316.471,82.172,103.992,7,neutral,-0.460
SE,1967,NDJFM,precip_days,54.857,9.020,11.587,7,neutral,-0.460
SE,1967,NDJFM,thaw_days,96.000,-0.083,12.228,7,neutral,-0.460
SE,1967,NDJFM,tmax_mean,0.050,-0.932,0.583,7,neutral,-0.460
SE,1967,NDJFM,tmean,-3.090,-0.741,1.052,7,neutral,-0.460
SE,1967,NDJFM,tmin_mean,-6.230,-0.551,1.523,7,neutral,-0.460
SE,1968,DJF,frost_days,80.143,10.344,4.821,7,neutral,-0.620
SE,1968,DJF,ice_days,59.571,19.706,11.669,7,neutral,-0.620
SE,1968,DJF,precip,117.414,-23.899,-5.707,7,neutral,-0.620
SE,1968,DJF,precip_days,25.000,-3.124,-1.013,7,neutral,-0.620
SE,1968,DJF,rain_on_snow_days,1.458,-2.345,-0.618,3,neutral,-0.620
SE,1968,DJF,snow_cover_days,89.667,1.310,9.131,3,neutral,-0.620
SE,1968,DJF,snow_depth,32.884,10.257,5.844,3,neutral,-0.620
SE,1968,DJF,snow_max,49.667,-3.552,0.013,3,neutral,-0.620
SE,1968,DJF,thaw_days,30.429,-19.163,-10.410,7,neutral,-0.620
SE,1968,DJF,tmax_mean,-4.981,-4.366,-2.678,7,neutral,-0.620
SE,1968,DJF,tmean,-9.177,-5.324,-3.302,7,neutral,-0.620
SE,1968,DJF,tmin_mean,-13.372,-6.287,-3.919,7,neutral,-0.620
SE,1968,JFM,frost_days,76.143,6.441,-0.254,7,neutral,-0.620
SE,1968,JFM,ice_days,46.714,12.051,3.813,7,neutral,-0.620
SE,1968,JFM,precip,100.171,-19.287,-1.792,7,neutral,-0.620
SE,1968,JFM,precip_days,24.000,-0.459,1.409,7,neutral,-0.620
SE,1968,JFM,rain_on_snow_days,4.602,0.097,1.810,4,neutral,-0.620
SE,1968,JFM,snow_cover_days,88.707,4.120,3.938,4,neutral,-0.620
SE,1968,JFM,snow_depth,36.770,14.203,5.154,4,neutral,-0.620
SE,1968,JFM,snow_max,52.750,10.072,1.781,4,neutral,-0.620
SE,1968,JFM,thaw_days,43.000,-11.835,-2.809,7,neutral,-0.620
SE,1968,JFM,tmax_mean,-2.079,-2.649,-0.906,7,neutral,-0.620
SE,1968,JFM,tmean,-6.554,-3.457,-1.379,7,neutral,-0.620
SE,1968,JFM,tmin_mean,-11.027,-4.273,-1.850,7,neutral,-0.620
SE,1968,NDJFM,frost_days,113.571,4.733,-4.468,7,neutral,-0.620
SE,1968,NDJFM,ice_days,69.286,15.429,4.582,7,neutral,-0.620
SE,1968,NDJFM,precip,218.700,-15.599,5.659,7,neutral,-0.620
SE,1968,NDJFM,precip_days,44.143,-1.694,0.808,7,neutral,-0.620
SE,1968,NDJFM,thaw_days,81.429,-14.654,-2.620,7,neutral,-0.620
SE,1968,NDJFM,tmax_mean,-1.285,-2.267,-0.787,7,neutral,-0.620
SE,1968,NDJFM,tmean,-5.169,-2.820,-1.069,7,neutral,-0.620
SE,1968,NDJFM,tmin_mean,-9.053,-3.373,-1.348,7,neutral,-0.620
SE,1969,DJF,frost_days,80.286,10.487,5.105,7,elnino,0.980
SE,1969,DJF,ice_days,57.127,17.261,9.400,7,elnino,0.980
SE,1969,DJF,precip,125.429,-15.884,1.781,7,elnino,0.980
SE,1969,DJF,precip_days,30.571,2.447,4.498,7,elnino,0.980
SE,1969,DJF,rain_on_snow_days,0.667,-1.842,-1.443,3,elnino,0.980
SE,1969,DJF,snow_cover_days,90.000,6.912,5.181,3,elnino,0.980
SE,1969,DJF,snow_depth,52.145,29.024,22.353,3,elnino,0.980
SE,1969,DJF,snow_max,82.333,29.815,28.735,3,elnino,0.980
SE,1969,DJF,thaw_days,31.445,-18.147,-9.588,7,elnino,0.980
SE,1969,DJF,tmax_mean,-3.461,-2.846,-1.195,7,elnino,0.980
SE,1969,DJF,tmean,-6.744,-2.891,-0.914,7,elnino,0.980
SE,1969,DJF,tmin_mean,-10.039,-2.954,-0.639,7,elnino,0.980
SE,1969,JFM,frost_days,83.571,13.870,7.358,7,elnino,0.980
SE,1969,JFM,ice_days,53.703,19.040,11.000,7,elnino,0.980
SE,1969,JFM,precip,99.971,-19.487,-2.496,7,elnino,0.980
SE,1969,JFM,precip_days,25.429,0.970,2.787,7,elnino,0.980
SE,1969,JFM,rain_on_snow_days,3.501,-1.903,0.701,5,elnino,0.980
SE,1969,JFM,snow_cover_days,86.113,5.120,9.887,5,elnino,0.980
SE,1969,JFM,snow_depth,43.541,35.451,17.464,5,elnino,0.980
SE,1969,JFM,snow_max,60.400,32.738,15.655,5,elnino,0.980
SE,1969,JFM,thaw_days,34.868,-19.966,-11.159,7,elnino,0.980
SE,1969,JFM,tmax_mean,-2.975,-3.546,-1.844,7,elnino,0.980
SE,1969,JFM,tmean,-7.328,-4.231,-2.204,7,elnino,0.980
SE,1969,JFM,tmin_mean,-11.689,-4.934,-2.571,7,elnino,0.980
SE,1969,NDJFM,frost_days,130.429,21.590,12.637,7,elnino,0.980
SE,1969,NDJFM,ice_days,81.263,27.406,16.807,7,elnino,0.980
SE,1969,NDJFM,precip,195.171,-39.128,-18.431,7,elnino,0.980
SE,1969,NDJFM,precip_days,43.143,-2.694,-0.256,7,elnino,0.980
SE,1969,NDJFM,rain_on_snow_days,2.333,-4.828,-1.755,3,elnino,0.980
SE,1969,NDJFM,snow_cover_days,150.333,18.621,23.197,3,elnino,0.980
SE,1969,NDJFM,snow_depth,50.671,27.624,23.763,3,elnino,0.980
SE,1969,NDJFM,snow_max,82.333,13.345,24.202,3,elnino,0.980
SE,1969,NDJFM,thaw_days,67.594,-28.489,-16.731,7,elnino,0.980
SE,1969,NDJFM,tmax_mean,-1.809,-2.792,-1.346,7,elnino,0.980
SE,1969,NDJFM,tmean,-5.578,-3.229,-1.519,7,elnino,0.980
SE,1969,NDJFM,tmin_mean,-9.355,-3.676,-1.700,7,elnino,0.980
SE,1970,DJF,frost_days,89.143,19.344,14.103,7,neutral,0.460
SE,1970,DJF,ice_days,75.429,35.563,27.879,7,neutral,0.460
SE,1970,DJF,precip,72.871,-68.441,-51.302,7,neutral,0.460
SE,1970,DJF,precip_days,17.143,-10.981,-8.992,7,neutral,0.460
SE,1970,DJF,rain_on_snow_days,0.347,-2.842,-2.285,6,neutral,0.460
SE,1970,DJF,snow_cover_days,90.000,6.912,17.076,6,neutral,0.460
SE,1970,DJF,snow_depth,27.943,15.041,9.843,6,neutral,0.460
SE,1970,DJF,snow_max,46.333,13.315,5.936,6,neutral,0.460
SE,1970,DJF,thaw_days,13.000,-36.592,-28.226,7,neutral,0.460
SE,1970,DJF,tmax_mean,-6.132,-5.518,-3.903,7,neutral,0.460
SE,1970,DJF,tmean,-10.252,-6.399,-4.467,7,neutral,0.460
SE,1970,DJF,tmin_mean,-14.372,-7.287,-5.026,7,neutral,0.460
SE,1970,JFM,frost_days,87.857,18.156,11.826,7,neutral,0.460
SE,1970,JFM,ice_days,63.429,28.765,20.924,7,neutral,0.460
SE,1970,JFM,precip,107.157,-12.301,4.187,7,neutral,0.460
SE,1970,JFM,precip_days,22.429,-2.030,-0.264,7,neutral,0.460
SE,1970,JFM,rain_on_snow_days,2.000,-2.903,-1.609,6,neutral,0.460
SE,1970,JFM,snow_cover_days,90.000,5.120,13.978,6,neutral,0.460
SE,1970,JFM,snow_depth,37.213,20.577,15.405,6,neutral,0.460
SE,1970,JFM,snow_max,54.167,19.405,12.997,6,neutral,0.460
SE,1970,JFM,thaw_days,25.571,-29.263,-20.674,7,neutral,0.460
SE,1970,JFM,tmax_mean,-4.416,-4.987,-3.326,7,neutral,0.460
SE,1970,JFM,tmean,-8.465,-5.368,-3.390,7,neutral,0.460
SE,1970,JFM,tmin_mean,-12.515,-5.761,-3.457,7,neutral,0.460
SE,1970,NDJFM,frost_days,138.143,29.304,20.599,7,neutral,0.460
SE,1970,NDJFM,ice_days,97.286,43.429,33.077,7,neutral,0.460
SE,1970,NDJFM,precip,208.157,-26.142,-6.007,7,neutral,0.460
SE,1970,NDJFM,precip_days,41.714,-4.123,-1.749,7,neutral,0.460
SE,1970,NDJFM,rain_on_snow_days,3.397,-1.828,-0.721,3,neutral,0.460
SE,1970,NDJFM,snow_cover_days,148.333,18.621,21.390,3,neutral,0.460
SE,1970,NDJFM,snow_depth,36.850,24.279,10.062,3,neutral,0.460
SE,1970,NDJFM,snow_max,69.000,26.345,11.021,3,neutral,0.460
SE,1970,NDJFM,thaw_days,51.286,-44.797,-33.317,7,neutral,0.460
SE,1970,NDJFM,tmax_mean,-3.353,-4.335,-2.924,7,neutral,0.460
SE,1970,NDJFM,tmean,-7.161,-4.812,-3.145,7,neutral,0.460
SE,1970,NDJFM,tmin_mean,-10.969,-5.290,-3.363,7,neutral,0.460
SE,1971,DJF,frost_days,70.429,0.629,-4.470,7,lanina,-1.290
SE,1971,DJF,ice_days,40.571,0.706,-6.802,7,lanina,-1.290
SE,1971,DJF,precip,100.314,-40.999,-24.385,7,lanina,-1.290
SE,1971,DJF,precip_days,24.857,-3.267,-1.338,7,lanina,-1.290
SE,1971,DJF,thaw_days,48.143,-1.449,6.723,7,lanina,-1.290
SE,1971,DJF,tmax_mean,-0.828,-0.214,1.365,7,lanina,-1.290
SE,1971,DJF,tmean,-4.161,-0.307,1.580,7,lanina,-1.290
SE,1971,DJF,tmin_mean,-7.498,-0.414,1.793,7,lanina,-1.290
SE,1971,JFM,frost_days,73.429,3.727,-2.420,7,lanina,-1.290
SE,1971,JFM,ice_days,41.714,7.051,-0.591,7,lanina,-1.290
SE,1971,JFM,precip,112.143,-7.316,8.669,7,lanina,-1.290
SE,1971,JFM,precip_days,28.286,3.827,5.543,7,lanina,-1.290
SE,1971,JFM,rain_on_snow_days,2.118,-1.192,0.118,2,lanina,-1.290
SE,1971,JFM,snow_cover_days,85.971,-1.438,-3.354,2,lanina,-1.290
SE,1971,JFM,snow_depth,17.794,-15.749,-23.339,2,lanina,-1.290
SE,1971,JFM,snow_max,40.000,-14.719,-22.447,2,lanina,-1.290
SE,1971,JFM,thaw_days,46.429,-8.406,-0.035,7,lanina,-1.290
SE,1971,JFM,tmax_mean,-1.156,-1.726,-0.106,7,lanina,-1.290
SE,1971,JFM,tmean,-5.034,-1.937,-0.010,7,lanina,-1.290
SE,1971,JFM,tmin_mean,-8.913,-2.159,0.085,7,lanina,-1.290
SE,1971,NDJFM,frost_days,117.571,8.733,0.275,7,lanina,-1.290
SE,1971,NDJFM,ice_days,65.143,11.286,1.182,7,lanina,-1.290
SE,1971,NDJFM,precip,218.157,-16.142,3.431,7,lanina,-1.290
SE,1971,NDJFM,precip_days,47.429,1.592,3.901,7,lanina,-1.290
SE,1971,NDJFM,thaw_days,83.143,-12.940,-1.736,7,lanina,-1.290
SE,1971,NDJFM,tmax_mean,-0.423,-1.406,-0.030,7,lanina,-1.290
SE,1971,NDJFM,tmean,-3.981,-1.632,-0.006,7,lanina,-1.290
SE,1971,NDJFM,tmin_mean,-7.541,-1.861,0.016,7,lanina,-1.290
SE,1972,DJF,frost_days,77.286,7.487,2.528,7,lanina,-0.570
SE,1972,DJF,ice_days,46.000,6.134,-1.196,7,lanina,-0.570
SE,1972,DJF,precip,87.000,-54.313,-38.225,7,lanina,-0.570
SE,1972,DJF,precip_days,22.143,-5.981,-4.114,7,lanina,-0.570
SE,1972,DJF,rain_on_snow_days,0.500,-2.345,-1.329,2,lanina,-0.570
SE,1972,DJF,snow_cover_days,86.500,5.310,0.835,2,lanina,-0.570
SE,1972,DJF,snow_depth,24.730,5.696,-8.149,2,lanina,-0.570
SE,1972,DJF,snow_max,43.000,-2.552,-15.102,2,lanina,-0.570
SE,1972,DJF,thaw_days,43.286,-6.306,1.672,7,lanina,-0.570
SE,1972,DJF,tmax_mean,-1.217,-0.602,0.940,7,lanina,-0.570
SE,1972,DJF,tmean,-4.565,-0.712,1.130,7,lanina,-0.570
SE,1972,DJF,tmin_mean,-7.918,-0.834,1.319,7,lanina,-0.570
SE,1972,JFM,frost_days,80.714,11.013,5.048,7,lanina,-0.570
SE,1972,JFM,ice_days,46.429,11.765,4.322,7,lanina,-0.570
SE,1972,JFM,precip,76.729,-42.730,-27.248,7,lanina,-0.570
SE,1972,JFM,precip_days,19.429,-5.030,-3.365,7,lanina,-0.570
SE,1972,JFM,rain_on_snow_days,1.619,-2.839,-1.248,4,lanina,-0.570
SE,1972,JFM,snow_cover_days,85.406,3.658,1.243,4,lanina,-0.570
SE,1972,JFM,snow_depth,20.449,-5.041,-10.692,4,lanina,-0.570
SE,1972,JFM,snow_max,35.500,-9.595,-14.924,4,lanina,-0.570
SE,1972,JFM,thaw_days,43.286,-11.549,-3.396,7,lanina,-0.570
SE,1972,JFM,tmax_mean,-0.995,-1.565,0.013,7,lanina,-0.570
SE,1972,JFM,tmean,-4.481,-1.385,0.493,7,lanina,-0.570
SE,1972,JFM,tmin_mean,-7.971,-1.217,0.968,7,lanina,-0.570
SE,1972,NDJFM,frost_days,124.857,16.018,7.809,7,lanina,-0.570
SE,1972,NDJFM,ice_days,66.429,12.572,2.715,7,lanina,-0.570
SE,1972,NDJFM,precip,183.386,-50.913,-31.902,7,lanina,-0.570
SE,1972,NDJFM,precip_days,40.429,-5.408,-3.163,7,lanina,-0.570
SE,1972,NDJFM,rain_on_snow_days,2.562,-2.828,-1.313,2,lanina,-0.570
SE,1972,NDJFM,snow_cover_days,141.754,11.621,11.521,2,lanina,-0.570
SE,1972,NDJFM,snow_depth,22.818,3.935,-6.869,2,lanina,-0.570
SE,1972,NDJFM,snow_max,43.000,-6.655,-20.188,2,lanina,-0.570
SE,1972,NDJFM,thaw_days,83.000,-13.083,-2.156,7,lanina,-0.570
SE,1972,NDJFM,tmax_mean,-0.079,-1.061,0.280,7,lanina,-0.570
SE,1972,NDJFM,tmean,-3.647,-1.298,0.286,7,lanina,-0.570
SE,1972,NDJFM,tmin_mean,-7.217,-1.537,0.291,7,lanina,-0.570
SE,1973,DJF,frost_days,60.000,-9.799,-14.617,7,elnino,1.550
SE,1973,DJF,ice_days,23.143,-16.723,-23.877,7,elnino,1.550
SE,1973,DJF,precip,92.529,-48.784,-33.223,7,elnino,1.550
SE,1973,DJF,precip_days,22.000,-6.124,-4.318,7,elnino,1.550
SE,1973,DJF,thaw_days,66.429,16.837,24.621,7,elnino,1.550
SE,1973,DJF,tmax_mean,1.441,2.056,3.561,7,elnino,1.550
SE,1973,DJF,tmean,-1.551,2.303,4.100,7,elnino,1.550
SE,1973,DJF,tmin_mean,-4.544,2.540,4.639,7,elnino,1.550
SE,1973,JFM,frost_days,62.571,-7.130,-12.912,7,elnino,1.550
SE,1973,JFM,ice_days,22.143,-12.520,-19.765,7,elnino,1.550
SE,1973,JFM,precip,84.843,-34.616,-19.637,7,elnino,1.550
SE,1973,JFM,precip_days,20.857,-3.602,-1.987,7,elnino,1.550
SE,1973,JFM,thaw_days,67.286,12.451,20.386,7,elnino,1.550
SE,1973,JFM,tmax_mean,2.325,1.754,3.292,7,elnino,1.550
SE,1973,JFM,tmean,-1.243,1.854,3.680,7,elnino,1.550
SE,1973,JFM,tmin_mean,-4.815,1.939,4.064,7,elnino,1.550
SE,1973,NDJFM,frost_days,95.571,-13.267,-21.229,7,elnino,1.550
SE,1973,NDJFM,ice_days,35.714,-18.143,-27.752,7,elnino,1.550
SE,1973,NDJFM,precip,171.071,-63.228,-44.778,7,elnino,1.550
SE,1973,NDJFM,precip_days,38.857,-6.980,-4.799,7,elnino,1.550
SE,1973,NDJFM,thaw_days,114.286,18.203,28.853,7,elnino,1.550
SE,1973,NDJFM,tmax_mean,2.601,1.619,2.925,7,elnino,1.550
SE,1973,NDJFM,tmean,-0.664,1.685,3.227,7,elnino,1.550
SE,1973,NDJFM,tmin_mean,-3.933,1.747,3.526,7,elnino,1.550
SE,1974,DJF,frost_days,67.000,-2.799,-7.476,7,lanina,-1.870
SE,1974,DJF,ice_days,30.714,-9.151,-16.129,7,lanina,-1.870
SE,1974,DJF,precip,153.486,12.173,27.208,7,lanina,-1.870
SE,1974,DJF,precip_days,28.857,0.733,2.478,7,lanina,-1.870
SE,1974,DJF,rain_on_snow_days,3.333,0.658,1.106,3,lanina,-1.870
SE,1974,DJF,snow_cover_days,89.000,5.412,4.492,3,lanina,-1.870
SE,1974,DJF,snow_depth,34.530,7.497,5.329,3,lanina,-1.870
SE,1974,DJF,snow_max,66.667,15.315,13.626,3,lanina,-1.870
SE,1974,DJF,thaw_days,57.429,7.837,15.427,7,lanina,-1.870
SE,1974,DJF,tmax_mean,-0.261,0.353,1.822,7,lanina,-1.870
SE,1974,DJF,tmean,-3.496,0.357,2.109,7,lanina,-1.870
SE,1974,DJF,tmin_mean,-6.735,0.350,2.395,7,lanina,-1.870
SE,1974,JFM,frost_days,66.714,-2.987,-8.587,7,lanina,-1.870
SE,1974,JFM,ice_days,20.429,-14.235,-21.280,7,lanina,-1.870
SE,1974,JFM,precip,111.014,-8.444,6.031,7,lanina,-1.870
SE,1974,JFM,precip_days,21.429,-3.030,-1.467,7,lanina,-1.870
SE,1974,JFM,rain_on_snow_days,3.528,-0.041,1.012,3,lanina,-1.870
SE,1974,JFM,snow_cover_days,81.585,-3.295,-5.908,3,lanina,-1.870
SE,1974,JFM,snow_depth,39.789,9.636,3.164,3,lanina,-1.870
SE,1974,JFM,snow_max,60.000,10.405,3.084,3,lanina,-1.870
SE,1974,JFM,thaw_days,67.429,12.594,20.310,7,lanina,-1.870
SE,1974,JFM,tmax_mean,2.164,1.593,3.090,7,lanina,-1.870
SE,1974,JFM,tmean,-1.299,1.798,3.574,7,lanina,-1.870
SE,1974,JFM,tmin_mean,-4.766,1.989,4.053,7,lanina,-1.870
SE,1974,NDJFM,frost_days,114.857,6.018,-1.695,7,lanina,-1.870
SE,1974,NDJFM,ice_days,48.429,-5.428,-14.791,7,lanina,-1.870
SE,1974,NDJFM,precip,222.286,-12.013,5.874,7,lanina,-1.870
SE,1974,NDJFM,precip_days,41.429,-4.408,-2.292,7,lanina,-1.870
SE,1974,NDJFM,rain_on_snow_days,2.172,-4.828,-1.767,2,lanina,-1.870
SE,1974,NDJFM,snow_cover_days,144.000,4.621,14.063,2,lanina,-1.870
SE,1974,NDJFM,snow_depth,44.376,21.266,14.916,2,lanina,-1.870
SE,1974,NDJFM,snow_max,83.500,31.345,20.532,2,lanina,-1.870
SE,1974,NDJFM,thaw_days,99.714,3.631,14.004,7,lanina,-1.870
SE,1974,NDJFM,tmax_mean,0.800,-0.183,1.088,7,lanina,-1.870
SE,1974,NDJFM,tmean,-2.791,-0.442,1.057,7,lanina,-1.870
SE,1974,NDJFM,tmin_mean,-6.387,-0.708,1.023,7,lanina,-1.870
SE,1975,DJF,frost_days,60.286,-9.513,-14.049,7,lanina,-0.560
SE,1975,DJF,ice_days,23.000,-16.866,-23.666,7,lanina,-0.560
SE,1975,DJF,precip,128.700,-12.613,1.896,7,lanina,-0.560
SE,1975,DJF,precip_days,29.714,1.590,3.275,7,lanina,-0.560
SE,1975,DJF,rain_on_snow_days,3.095,-0.199,0.845,3,lanina,-0.560
SE,1975,DJF,snow_cover_days,75.952,-1.659,-8.493,3,lanina,-0.560
SE,1975,DJF,snow_depth,21.971,5.974,-7.111,3,lanina,-0.560
SE,1975,DJF,snow_max,36.333,-1.685,-16.596,3,lanina,-0.560
SE,1975,DJF,thaw_days,65.857,16.265,23.662,7,lanina,-0.560
SE,1975,DJF,tmax_mean,1.644,2.259,3.691,7,lanina,-0.560
SE,1975,DJF,tmean,-1.810,2.043,3.750,7,lanina,-0.560
SE,1975,DJF,tmin_mean,-5.264,1.821,3.812,7,lanina,-0.560
SE,1975,JFM,frost_days,63.571,-6.130,-11.547,7,lanina,-0.560
SE,1975,JFM,ice_days,16.143,-18.520,-25.367,7,lanina,-0.560
SE,1975,JFM,precip,88.814,-30.644,-16.672,7,lanina,-0.560
SE,1975,JFM,precip_days,20.571,-3.887,-2.375,7,lanina,-0.560
SE,1975,JFM,rain_on_snow_days,2.500,-0.809,0.382,2,lanina,-0.560
SE,1975,JFM,snow_cover_days,80.000,-7.409,-9.123,2,lanina,-0.560
SE,1975,JFM,snow_depth,26.700,-6.844,-13.855,2,lanina,-0.560
SE,1975,JFM,snow_max,47.500,-7.219,-14.451,2,lanina,-0.560
SE,1975,JFM,thaw_days,72.714,17.879,25.378,7,lanina,-0.560
SE,1975,JFM,tmax_mean,2.503,1.933,3.389,7,lanina,-0.560
SE,1975,JFM,tmean,-1.146,1.951,3.677,7,lanina,-0.560
SE,1975,JFM,tmin_mean,-4.793,1.961,3.966,7,lanina,-0.560
SE,1975,NDJFM,frost_days,98.571,-10.267,-17.733,7,lanina,-0.560
SE,1975,NDJFM,ice_days,33.143,-20.714,-29.829,7,lanina,-0.560
SE,1975,NDJFM,precip,241.600,7.301,24.627,7,lanina,-0.560
SE,1975,NDJFM,precip_days,50.571,4.735,6.786,7,lanina,-0.560
SE,1975,NDJFM,rain_on_snow_days,7.011,-1.828,3.038,2,lanina,-0.560
SE,1975,NDJFM,snow_cover_days,128.559,15.621,-1.230,2,lanina,-0.560
SE,1975,NDJFM,snow_depth,24.043,15.776,-5.304,2,lanina,-0.560
SE,1975,NDJFM,snow_max,47.500,16.345,-15.358,2,lanina,-0.560
SE,1975,NDJFM,thaw_days,115.571,19.489,29.584,7,lanina,-0.560
SE,1975,NDJFM,tmax_mean,2.316,1.334,2.570,7,lanina,-0.560
SE,1975,NDJFM,tmean,-0.958,1.391,2.849,7,lanina,-0.560
SE,1975,NDJFM,tmin_mean,-4.232,1.447,3.129,7,lanina,-0.560
SE,1976,DJF,frost_days,76.571,6.772,2.378,7,lanina,-1.490
SE,1976,DJF,ice_days,47.143,7.277,0.653,7,lanina,-1.490
SE,1976,DJF,precip,99.543,-41.770,-27.787,7,lanina,-1.490
SE,1976,DJF,precip_days,21.714,-6.410,-4.786,7,lanina,-1.490
SE,1976,DJF,rain_on_snow_days,2.472,-0.758,0.198,3,lanina,-1.490
SE,1976,DJF,snow_cover_days,89.556,5.745,5.172,3,lanina,-1.490
SE,1976,DJF,snow_depth,21.518,-8.095,-7.445,3,lanina,-1.490
SE,1976,DJF,snow_max,40.333,-11.685,-12.484,3,lanina,-1.490
SE,1976,DJF,thaw_days,43.000,-6.592,0.611,7,lanina,-1.490
SE,1976,DJF,tmax_mean,-1.341,-0.727,0.669,7,lanina,-1.490
SE,1976,DJF,tmean,-5.307,-1.453,0.209,7,lanina,-1.490
SE,1976,DJF,tmin_mean,-9.270,-2.186,-0.248,7,lanina,-1.490
SE,1976,JFM,frost_days,81.286,11.584,6.349,7,lanina,-1.490
SE,1976,JFM,ice_days,51.000,16.337,9.689,7,lanina,-1.490
SE,1976,JFM,precip,79.400,-40.059,-26.590,7,lanina,-1.490
SE,1976,JFM,precip_days,20.143,-4.316,-2.854,7,lanina,-1.490
SE,1976,JFM,rain_on_snow_days,0.000,-3.570,-2.570,3,lanina,-1.490
SE,1976,JFM,snow_cover_days,91.000,6.120,3.714,3,lanina,-1.490
SE,1976,JFM,snow_depth,28.365,-1.788,-7.944,3,lanina,-1.490
SE,1976,JFM,snow_max,44.667,-4.928,-11.930,3,lanina,-1.490
SE,1976,JFM,thaw_days,38.286,-16.549,-9.269,7,lanina,-1.490
SE,1976,JFM,tmax_mean,-1.841,-2.412,-0.997,7,lanina,-1.490
SE,1976,JFM,tmean,-6.061,-2.964,-1.289,7,lanina,-1.490
SE,1976,JFM,tmin_mean,-10.278,-3.524,-1.579,7,lanina,-1.490
SE,1976,NDJFM,frost_days,119.571,10.733,3.515,7,lanina,-1.490
SE,1976,NDJFM,ice_days,66.000,12.143,3.276,7,lanina,-1.490
SE,1976,NDJFM,precip,152.914,-81.385,-64.620,7,lanina,-1.490
SE,1976,NDJFM,precip_days,35.571,-10.265,-8.278,7,lanina,-1.490
SE,1976,NDJFM,thaw_days,84.000,-12.083,-2.264,7,lanina,-1.490
SE,1976,NDJFM,tmax_mean,0.008,-0.975,0.226,7,lanina,-1.490
SE,1976,NDJFM,tmean,-3.886,-1.537,-0.121,7,lanina,-1.490
SE,1976,NDJFM,tmin_mean,-7.778,-2.099,-0.467,7,lanina,-1.490
SE,1977,DJF,frost_days,81.833,8.365,4.651,6,elnino,0.710
SE,1977,DJF,ice_days,60.333,16.514,10.136,6,elnino,0.710
SE,1977,DJF,precip,193.283,67.626,74.387,6,elnino,0.710
SE,1977,DJF,precip_days,35.833,8.758,9.855,6,elnino,0.710
SE,1977,DJF,rain_on_snow_days,4.013,-0.342,1.447,5,elnino,0.710
SE,1977,DJF,snow_cover_days,87.293,5.412,15.415,5,elnino,0.710
SE,1977,DJF,snow_depth,30.919,13.480,9.970,5,elnino,0.710
SE,1977,DJF,snow_max,66.200,31.315,24.800,5,elnino,0.710
SE,1977,DJF,thaw_days,29.333,-16.292,-9.337,6,elnino,0.710
SE,1977,DJF,tmax_mean,-4.314,-3.027,-1.642,6,elnino,0.710
SE,1977,DJF,tmean,-7.635,-2.953,-1.271,6,elnino,0.710
SE,1977,DJF,tmin_mean,-10.952,-2.884,-0.894,6,elnino,0.710
SE,1977,JFM,frost_days,78.333,4.825,0.461,6,elnino,0.710
SE,1977,JFM,ice_days,47.667,9.353,2.840,6,elnino,0.710
SE,1977,JFM,precip,149.883,42.689,50.740,6,elnino,0.710
SE,1977,JFM,precip_days,30.000,6.353,7.683,6,elnino,0.710
SE,1977,JFM,rain_on_snow_days,4.000,0.430,1.404,3,elnino,0.710
SE,1977,JFM,snow_cover_days,87.667,2.787,0.485,3,elnino,0.710
SE,1977,JFM,snow_depth,50.600,20.447,14.449,3,elnino,0.710
SE,1977,JFM,snow_max,80.667,31.072,24.229,3,elnino,0.710
SE,1977,JFM,thaw_days,41.333,-9.825,-2.673,6,elnino,0.710
SE,1977,JFM,tmax_mean,-2.074,-2.034,-0.667,6,elnino,0.710
SE,1977,JFM,tmean,-5.796,-1.920,-0.258,6,elnino,0.710
SE,1977,JFM,tmin_mean,-9.515,-1.813,0.152,6,elnino,0.710
SE,1977,NDJFM,frost_days,124.167,8.819,2.765,6,elnino,0.710
SE,1977,NDJFM,ice_days,75.000,15.125,6.385,6,elnino,0.710
SE,1977,NDJFM,precip,291.300,79.834,88.388,6,elnino,0.710
SE,1977,NDJFM,precip_days,55.000,10.642,12.332,6,elnino,0.710
SE,1977,NDJFM,rain_on_snow_days,7.961,0.172,3.640,3,elnino,0.710
SE,1977,NDJFM,snow_cover_days,137.225,1.621,11.626,3,elnino,0.710
SE,1977,NDJFM,snow_depth,33.926,7.260,7.983,3,elnino,0.710
SE,1977,NDJFM,snow_max,80.667,18.345,23.755,3,elnino,0.710
SE,1977,NDJFM,thaw_days,74.833,-15.168,-5.492,6,elnino,0.710
SE,1977,NDJFM,tmax_mean,-1.679,-2.031,-0.863,6,elnino,0.710
SE,1977,NDJFM,tmean,-5.128,-2.006,-0.598,6,elnino,0.710
SE,1977,NDJFM,tmin_mean,-8.576,-1.981,-0.330,6,elnino,0.710
SE,1978,DJF,frost_days,80.167,6.699,3.100,6,elnino,0.710
SE,1978,DJF,ice_days,49.333,5.514,-0.694,6,elnino,0.710
SE,1978,DJF,precip,100.901,-24.756,-18.334,6,elnino,0.710
SE,1978,DJF,precip_days,24.373,-2.703,-1.652,6,elnino,0.710
SE,1978,DJF,rain_on_snow_days,0.761,-1.820,-0.986,4,elnino,0.710
SE,1978,DJF,snow_cover_days,90.000,6.912,4.169,4,elnino,0.710
SE,1978,DJF,snow_depth,32.892,8.987,0.254,4,elnino,0.710
SE,1978,DJF,snow_max,54.000,5.815,-0.375,4,elnino,0.710
SE,1978,DJF,thaw_days,38.500,-7.125,-0.357,6,elnino,0.710
SE,1978,DJF,tmax_mean,-2.781,-1.494,-0.145,6,elnino,0.710
SE,1978,DJF,tmean,-6.483,-1.801,-0.165,6,elnino,0.710
SE,1978,DJF,tmin_mean,-10.189,-2.121,-0.186,6,elnino,0.710
SE,1978,JFM,frost_days,77.000,3.492,-0.716,6,elnino,0.710
SE,1978,JFM,ice_days,49.000,10.686,4.373,6,elnino,0.710
SE,1978,JFM,precip,113.933,6.739,14.431,6,elnino,0.710
SE,1978,JFM,precip_days,26.376,2.730,4.013,6,elnino,0.710
SE,1978,JFM,rain_on_snow_days,4.205,0.476,2.276,5,elnino,0.710
SE,1978,JFM,snow_cover_days,85.556,5.120,1.188,5,elnino,0.710
SE,1978,JFM,snow_depth,35.330,9.354,0.852,5,elnino,0.710
SE,1978,JFM,snow_max,49.600,3.405,-4.358,5,elnino,0.710
SE,1978,JFM,thaw_days,39.833,-11.325,-4.393,6,elnino,0.710
SE,1978,JFM,tmax_mean,-2.547,-2.507,-1.180,6,elnino,0.710
SE,1978,JFM,tmean,-6.446,-2.570,-0.959,6,elnino,0.710
SE,1978,JFM,tmin_mean,-10.326,-2.625,-0.721,6,elnino,0.710
SE,1978,NDJFM,frost_days,120.330,4.982,-0.862,6,elnino,0.710
SE,1978,NDJFM,ice_days,68.462,8.588,0.095,6,elnino,0.710
SE,1978,NDJFM,precip,218.875,7.409,15.609,6,elnino,0.710
SE,1978,NDJFM,precip_days,48.215,3.857,5.493,6,elnino,0.710
SE,1978,NDJFM,rain_on_snow_days,2.000,-0.828,0.052,2,elnino,0.710
SE,1978,NDJFM,snow_cover_days,145.000,6.621,-0.157,2,elnino,0.710
SE,1978,NDJFM,snow_depth,35.560,2.876,-3.655,2,elnino,0.710
SE,1978,NDJFM,snow_max,60.000,-6.655,-7.293,2,elnino,0.710
SE,1978,NDJFM,thaw_days,79.868,-10.134,-0.735,6,elnino,0.710
SE,1978,NDJFM,tmax_mean,-0.983,-1.335,-0.200,6,elnino,0.710
SE,1978,NDJFM,tmean,-4.516,-1.394,-0.028,6,elnino,0.710
SE,1978,NDJFM,tmin_mean,-8.053,-1.459,0.143,6,elnino,0.710
SE,1979,DJF,frost_days,88.333,14.865,11.383,6,neutral,0.190
SE,1979,DJF,ice_days,75.000,31.180,25.143,6,neutral,0.190
SE,1979,DJF,precip,82.800,-42.857,-36.775,6,neutral,0.190
SE,1979,DJF,precip_days,20.667,-6.409,-5.404,6,neutral,0.190
SE,1979,DJF,rain_on_snow_days,0.250,-2.842,-2.239,4,neutral,0.190
SE,1979,DJF,snow_cover_days,90.000,6.912,9.943,4,neutral,0.190
SE,1979,DJF,snow_depth,33.225,11.852,8.249,4,neutral,0.190
SE,1979,DJF,snow_max,57.750,13.815,10.782,4,neutral,0.190
SE,1979,DJF,thaw_days,14.167,-31.459,-24.877,6,neutral,0.190
SE,1979,DJF,tmax_mean,-7.237,-5.950,-4.638,6,neutral,0.190
SE,1979,DJF,tmean,-11.293,-6.612,-5.021,6,neutral,0.190
SE,1979,DJF,tmin_mean,-15.346,-7.279,-5.399,6,neutral,0.190
SE,1979,JFM,frost_days,83.667,10.159,6.107,6,neutral,0.190
SE,1979,JFM,ice_days,57.667,19.353,13.240,6,neutral,0.190
SE,1979,JFM,precip,106.133,-1.061,6.271,6,neutral,0.190
SE,1979,JFM,precip_days,25.500,1.854,3.090,6,neutral,0.190
SE,1979,JFM,rain_on_snow_days,3.251,-0.236,0.353,5,neutral,0.190
SE,1979,JFM,snow_cover_days,87.248,4.787,13.057,5,neutral,0.190
SE,1979,JFM,snow_depth,33.558,9.410,8.522,5,neutral,0.190
SE,1979,JFM,snow_max,52.200,7.405,8.873,5,neutral,0.190
SE,1979,JFM,thaw_days,31.667,-19.491,-12.779,6,neutral,0.190
SE,1979,JFM,tmax_mean,-4.240,-4.200,-2.913,6,neutral,0.190
SE,1979,JFM,tmean,-8.166,-4.290,-2.729,6,neutral,0.190
SE,1979,JFM,tmin_mean,-12.089,-4.388,-2.545,6,neutral,0.190
SE,1979,NDJFM,frost_days,130.333,14.986,9.350,6,neutral,0.190
SE,1979,NDJFM,ice_days,91.000,31.125,22.881,6,neutral,0.190
SE,1979,NDJFM,precip,161.000,-50.466,-42.618,6,neutral,0.190
SE,1979,NDJFM,precip_days,38.333,-6.025,-4.443,6,neutral,0.190
SE,1979,NDJFM,thaw_days,58.500,-31.502,-22.381,6,neutral,0.190
SE,1979,NDJFM,tmax_mean,-3.384,-3.736,-2.635,6,neutral,0.190
SE,1979,NDJFM,tmean,-7.159,-4.037,-2.712,6,neutral,0.190
SE,1979,NDJFM,tmin_mean,-10.930,-4.336,-2.784,6,neutral,0.190
SE,1980,DJF,frost_days,84.000,10.532,7.166,6,neutral,0.620
SE,1980,DJF,ice_days,60.148,16.329,10.460,6,neutral,0.620
SE,1980,DJF,precip,85.033,-40.624,-34.880,6,neutral,0.620
SE,1980,DJF,precip_days,20.500,-6.576,-5.616,6,neutral,0.620
SE,1980,DJF,rain_on_snow_days,1.250,-2.342,-0.535,4,neutral,0.620
SE,1980,DJF,snow_cover_days,90.197,6.306,4.467,4,neutral,0.620
SE,1980,DJF,snow_depth,35.310,6.578,2.810,4,neutral,0.620
SE,1980,DJF,snow_max,49.000,0.315,-5.383,4,neutral,0.620
SE,1980,DJF,thaw_days,29.852,-15.773,-9.379,6,neutral,0.620
SE,1980,DJF,tmax_mean,-4.763,-3.476,-2.199,6,neutral,0.620
SE,1980,DJF,tmean,-8.667,-3.985,-2.439,6,neutral,0.620
SE,1980,DJF,tmin_mean,-12.588,-4.521,-2.696,6,neutral,0.620
SE,1980,JFM,frost_days,87.667,14.158,10.263,6,neutral,0.620
SE,1980,JFM,ice_days,61.500,23.186,17.273,6,neutral,0.620
SE,1980,JFM,precip,61.867,-45.327,-38.354,6,neutral,0.620
SE,1980,JFM,precip_days,15.333,-8.313,-7.123,6,neutral,0.620
SE,1980,JFM,rain_on_snow_days,1.185,-2.570,-1.486,6,neutral,0.620
SE,1980,JFM,snow_cover_days,84.951,6.120,9.753,6,neutral,0.620
SE,1980,JFM,snow_depth,30.269,1.961,-2.639,6,neutral,0.620
SE,1980,JFM,snow_max,46.833,-5.928,-5.586,6,neutral,0.620
SE,1980,JFM,thaw_days,27.500,-23.658,-17.166,6,neutral,0.620
SE,1980,JFM,tmax_mean,-4.426,-4.386,-3.139,6,neutral,0.620
SE,1980,JFM,tmean,-8.860,-4.983,-3.473,6,neutral,0.620
SE,1980,JFM,tmin_mean,-13.294,-5.592,-3.811,6,neutral,0.620
SE,1980,NDJFM,frost_days,130.667,15.319,9.894,6,neutral,0.620
SE,1980,NDJFM,ice_days,84.308,24.433,16.436,6,neutral,0.620
SE,1980,NDJFM,precip,195.417,-16.049,-8.555,6,neutral,0.620
SE,1980,NDJFM,precip_days,39.167,-5.192,-3.665,6,neutral,0.620
SE,1980,NDJFM,rain_on_snow_days,5.333,0.172,2.276,3,neutral,0.620
SE,1980,NDJFM,snow_cover_days,144.000,8.621,6.501,3,neutral,0.620
SE,1980,NDJFM,snow_depth,38.516,10.224,4.157,3,neutral,0.620
SE,1980,NDJFM,snow_max,62.667,1.345,-2.216,3,neutral,0.620
SE,1980,NDJFM,thaw_days,65.190,-24.812,-15.969,6,neutral,0.620
SE,1980,NDJFM,tmax_mean,-2.723,-3.076,-2.009,6,neutral,0.620
SE,1980,NDJFM,tmean,-6.516,-3.395,-2.111,6,neutral,0.620
SE,1980,NDJFM,tmin_mean,-10.325,-3.730,-2.228,6,neutral,0.620
SE,1981,DJF,frost_days,80.167,6.699,3.449,6,neutral,-0.270
SE,1981,DJF,ice_days,52.991,9.171,3.473,6,neutral,-0.270
SE,1981,DJF,precip,110.067,-15.591,-10.186,6,neutral,-0.270
SE,1981,DJF,precip_days,27.667,0.591,1.504,6,neutral,-0.270
SE,1981,DJF,rain_on_snow_days,2.667,-0.842,0.275,3,neutral,-0.270
SE,1981,DJF,snow_cover_days,90.000,6.912,5.928,3,neutral,-0.270
SE,1981,DJF,snow_depth,38.130,21.069,9.758,3,neutral,-0.270
SE,1981,DJF,snow_max,61.667,20.315,9.408,3,neutral,-0.270
SE,1981,DJF,thaw_days,35.843,-9.782,-3.575,6,neutral,-0.270
SE,1981,DJF,tmax_mean,-2.832,-1.545,-0.304,6,neutral,-0.270
SE,1981,DJF,tmean,-6.920,-2.239,-0.738,6,neutral,-0.270
SE,1981,DJF,tmin_mean,-11.035,-2.968,-1.199,6,neutral,-0.270
SE,1981,JFM,frost_days,82.000,8.492,4.752,6,neutral,-0.270
SE,1981,JFM,ice_days,52.667,14.353,8.640,6,neutral,-0.270
SE,1981,JFM,precip,121.017,13.823,20.436,6,neutral,-0.270
SE,1981,JFM,precip_days,24.833,1.187,2.331,6,neutral,-0.270
SE,1981,JFM,rain_on_snow_days,2.044,-1.903,-0.993,4,neutral,-0.270
SE,1981,JFM,snow_cover_days,83.647,5.120,0.844,4,neutral,-0.270
SE,1981,JFM,snow_depth,37.300,18.255,7.226,4,neutral,-0.270
SE,1981,JFM,snow_max,58.750,23.738,9.550,4,neutral,-0.270
SE,1981,JFM,thaw_days,35.667,-15.491,-9.220,6,neutral,-0.270
SE,1981,JFM,tmax_mean,-2.419,-2.379,-1.172,6,neutral,-0.270
SE,1981,JFM,tmean,-6.899,-3.023,-1.564,6,neutral,-0.270
SE,1981,JFM,tmin_mean,-11.380,-3.679,-1.960,6,neutral,-0.270
SE,1981,NDJFM,frost_days,133.500,18.152,12.937,6,neutral,-0.270
SE,1981,NDJFM,ice_days,82.485,22.610,14.861,6,neutral,-0.270
SE,1981,NDJFM,precip,224.383,12.918,20.059,6,neutral,-0.270
SE,1981,NDJFM,precip_days,47.167,2.808,4.281,6,neutral,-0.270
SE,1981,NDJFM,rain_on_snow_days,4.333,-3.828,-0.104,3,neutral,-0.270
SE,1981,NDJFM,snow_cover_days,150.000,15.621,25.169,3,neutral,-0.270
SE,1981,NDJFM,snow_depth,37.759,34.465,12.299,3,neutral,-0.270
SE,1981,NDJFM,snow_max,73.333,45.345,17.031,3,neutral,-0.270
SE,1981,NDJFM,thaw_days,66.347,-23.655,-15.089,6,neutral,-0.270
SE,1981,NDJFM,tmax_mean,-2.110,-2.463,-1.430,6,neutral,-0.270
SE,1981,NDJFM,tmean,-6.292,-3.171,-1.929,6,neutral,-0.270
SE,1981,NDJFM,tmin_mean,-10.491,-3.897,-2.445,6,neutral,-0.270
SE,1982,DJF,frost_days,86.167,12.699,9.565,6,neutral,-0.050
SE,1982,DJF,ice_days,66.833,23.014,17.485,6,neutral,-0.050
SE,1982,DJF,precip,105.217,-20.441,-15.375,6,neutral,-0.050
SE,1982,DJF,precip_days,24.000,-3.075,-2.209,6,neutral,-0.050
SE,1982,DJF,rain_on_snow_days,2.077,-1.842,-0.547,5,neutral,-0.050
SE,1982,DJF,snow_cover_days,89.576,6.912,18.446,5,neutral,-0.050
SE,1982,DJF,snow_depth,40.693,21.114,20.165,5,neutral,-0.050
SE,1982,DJF,snow_max,62.400,18.815,21.617,5,neutral,-0.050
SE,1982,DJF,thaw_days,22.500,-23.125,-17.105,6,neutral,-0.050
SE,1982,DJF,tmax_mean,-5.630,-4.343,-3.137,6,neutral,-0.050
SE,1982,DJF,tmean,-9.679,-4.998,-3.543,6,neutral,-0.050
SE,1982,DJF,tmin_mean,-13.723,-5.655,-3.942,6,neutral,-0.050
SE,1982,JFM,frost_days,77.667,4.159,0.575,6,neutral,-0.050
SE,1982,JFM,ice_days,46.167,7.853,2.340,6,neutral,-0.050
SE,1982,JFM,precip,95.900,-11.294,-5.040,6,neutral,-0.050
SE,1982,JFM,precip_days,19.167,-4.480,-3.382,6,neutral,-0.050
SE,1982,JFM,rain_on_snow_days,4.000,-1.570,0.944,4,neutral,-0.050
SE,1982,JFM,snow_cover_days,88.500,5.120,5.848,4,neutral,-0.050
SE,1982,JFM,snow_depth,53.306,27.429,23.350,4,neutral,-0.050
SE,1982,JFM,snow_max,75.750,30.072,26.687,4,neutral,-0.050
SE,1982,JFM,thaw_days,43.000,-8.158,-2.106,6,neutral,-0.050
SE,1982,JFM,tmax_mean,-1.784,-1.744,-0.577,6,neutral,-0.050
SE,1982,JFM,tmean,-5.795,-1.918,-0.509,6,neutral,-0.050
SE,1982,JFM,tmin_mean,-9.803,-2.102,-0.444,6,neutral,-0.050
SE,1982,NDJFM,frost_days,130.333,14.986,9.980,6,neutral,-0.050
SE,1982,NDJFM,ice_days,82.167,22.292,14.791,6,neutral,-0.050
SE,1982,NDJFM,precip,233.933,22.468,29.256,6,neutral,-0.050
SE,1982,NDJFM,precip_days,45.333,0.975,2.394,6,neutral,-0.050
SE,1982,NDJFM,thaw_days,67.500,-22.502,-14.214,6,neutral,-0.050
SE,1982,NDJFM,tmax_mean,-2.498,-2.850,-1.851,6,neutral,-0.050
SE,1982,NDJFM,tmean,-6.239,-3.117,-1.918,6,neutral,-0.050
SE,1982,NDJFM,tmin_mean,-9.975,-3.380,-1.979,6,neutral,-0.050
SE,1983,DJF,frost_days,80.200,2.091,-0.536,5,super,2.140
SE,1983,DJF,ice_days,44.755,-4.724,-10.279,5,super,2.140
SE,1983,DJF,precip,98.500,-26.059,-20.516,5,super,2.140
SE,1983,DJF,precip_days,21.600,-5.149,-4.317,5,super,2.140
SE,1983,DJF,rain_on_snow_days,2.000,-1.345,-0.112,2,super,2.140
SE,1983,DJF,snow_cover_days,89.500,4.310,4.446,2,super,2.140
SE,1983,DJF,snow_depth,23.022,2.685,-8.538,2,super,2.140
SE,1983,DJF,snow_max,45.000,-2.552,-12.194,2,super,2.140
SE,1983,DJF,thaw_days,44.245,4.399,10.234,5,super,2.140
SE,1983,DJF,tmax_mean,-1.469,0.791,2.008,5,super,2.140
SE,1983,DJF,tmean,-5.629,0.184,1.707,5,super,2.140
SE,1983,DJF,tmin_mean,-9.810,-0.454,1.387,5,super,2.140
SE,1983,JFM,frost_days,81.200,3.364,0.468,5,super,2.140
SE,1983,JFM,ice_days,42.600,-0.924,-6.416,5,super,2.140
SE,1983,JFM,precip,95.220,-10.998,-3.895,5,super,2.140
SE,1983,JFM,precip_days,21.400,-1.959,-0.858,5,super,2.140
SE,1983,JFM,rain_on_snow_days,1.500,-1.809,-0.855,2,super,2.140
SE,1983,JFM,snow_cover_days,89.500,2.091,0.782,2,super,2.140
SE,1983,JFM,snow_depth,27.005,-6.537,-12.395,2,super,2.140
SE,1983,JFM,snow_max,45.500,-9.219,-15.457,2,super,2.140
SE,1983,JFM,thaw_days,46.400,0.550,6.416,5,super,2.140
SE,1983,JFM,tmax_mean,-0.882,0.101,1.214,5,super,2.140
SE,1983,JFM,tmean,-5.208,-0.254,1.177,5,super,2.140
SE,1983,JFM,tmin_mean,-9.535,-0.624,1.134,5,super,2.140
SE,1983,NDJFM,frost_days,127.200,3.849,-0.575,5,super,2.140
SE,1983,NDJFM,ice_days,62.545,-5.930,-13.590,5,super,2.140
SE,1983,NDJFM,precip,199.300,-10.483,-3.170,5,super,2.140
SE,1983,NDJFM,precip_days,39.800,-3.943,-2.489,5,super,2.140
SE,1983,NDJFM,thaw_days,86.251,5.065,13.283,5,super,2.140
SE,1983,NDJFM,tmax_mean,-0.157,0.443,1.416,5,super,2.140
SE,1983,NDJFM,tmean,-4.094,0.093,1.332,5,super,2.140
SE,1983,NDJFM,tmin_mean,-8.047,-0.274,1.234,5,super,2.140
SE,1984,DJF,frost_days,80.000,6.945,3.928,6,lanina,-0.630
SE,1984,DJF,ice_days,49.667,5.744,0.367,6,lanina,-0.630
SE,1984,DJF,precip,136.560,12.001,17.146,5,lanina,-0.630
SE,1984,DJF,precip_days,33.200,6.451,7.233,5,lanina,-0.630
SE,1984,DJF,rain_on_snow_days,2.000,-1.345,-0.138,2,lanina,-0.630
SE,1984,DJF,snow_cover_days,89.500,2.310,4.502,2,lanina,-0.630
SE,1984,DJF,snow_depth,31.363,3.521,-0.078,2,lanina,-0.630
SE,1984,DJF,snow_max,56.000,1.448,-1.111,2,lanina,-0.630
SE,1984,DJF,thaw_days,39.833,-5.604,0.053,6,lanina,-0.630
SE,1984,DJF,tmax_mean,-2.753,-1.439,-0.301,6,lanina,-0.630
SE,1984,DJF,tmean,-6.179,-1.520,-0.137,6,lanina,-0.630
SE,1984,DJF,tmin_mean,-9.604,-1.609,0.029,6,lanina,-0.630
SE,1984,JFM,frost_days,83.333,10.660,7.227,6,lanina,-0.630
SE,1984,JFM,ice_days,48.000,9.603,4.413,6,lanina,-0.630
SE,1984,JFM,precip,101.140,-5.078,1.604,5,lanina,-0.630
SE,1984,JFM,precip_days,24.400,1.041,2.093,5,lanina,-0.630
SE,1984,JFM,rain_on_snow_days,3.895,-1.903,0.802,4,lanina,-0.630
SE,1984,JFM,snow_cover_days,90.736,6.120,8.386,4,lanina,-0.630
SE,1984,JFM,snow_depth,32.737,11.539,3.019,4,lanina,-0.630
SE,1984,JFM,snow_max,49.250,10.738,0.458,4,lanina,-0.630
SE,1984,JFM,thaw_days,41.333,-9.691,-4.144,6,lanina,-0.630
SE,1984,JFM,tmax_mean,-1.878,-1.764,-0.690,6,lanina,-0.630
SE,1984,JFM,tmean,-5.772,-1.907,-0.580,6,lanina,-0.630
SE,1984,JFM,tmin_mean,-9.666,-2.062,-0.475,6,lanina,-0.630
SE,1984,NDJFM,frost_days,132.000,17.577,12.527,6,lanina,-0.630
SE,1984,NDJFM,ice_days,74.500,14.479,7.282,6,lanina,-0.630
SE,1984,NDJFM,precip,174.140,-35.643,-28.758,5,lanina,-0.630
SE,1984,NDJFM,precip_days,42.200,-1.543,-0.151,5,lanina,-0.630
SE,1984,NDJFM,thaw_days,75.000,-14.750,-7.002,6,lanina,-0.630
SE,1984,NDJFM,tmax_mean,-1.486,-1.780,-0.853,6,lanina,-0.630
SE,1984,NDJFM,tmean,-5.263,-2.155,-1.014,6,lanina,-0.630
SE,1984,NDJFM,tmin_mean,-9.038,-2.529,-1.173,6,lanina,-0.630
SE,1985,DJF,frost_days,79.500,6.445,3.559,6,lanina,-1.010
SE,1985,DJF,ice_days,64.425,20.502,15.305,6,lanina,-1.010
SE,1985,DJF,precip,103.560,-20.999,-16.251,5,lanina,-1.010
SE,1985,DJF,precip_days,20.800,-5.949,-5.217,5,lanina,-1.010
SE,1985,DJF,rain_on_snow_days,1.000,-0.345,0.219,2,lanina,-1.010
SE,1985,DJF,snow_cover_days,90.000,4.310,1.038,2,lanina,-1.010
SE,1985,DJF,snow_depth,28.316,-11.793,-11.610,2,lanina,-1.010
SE,1985,DJF,snow_max,43.500,-18.552,-17.607,2,lanina,-1.010
SE,1985,DJF,thaw_days,24.575,-20.862,-15.398,6,lanina,-1.010
SE,1985,DJF,tmax_mean,-6.667,-5.353,-4.252,6,lanina,-1.010
SE,1985,DJF,tmean,-10.236,-5.577,-4.241,6,lanina,-1.010
SE,1985,DJF,tmin_mean,-13.787,-5.792,-4.212,6,lanina,-1.010
SE,1985,JFM,frost_days,85.833,13.160,9.897,6,lanina,-1.010
SE,1985,JFM,ice_days,63.805,25.408,20.424,6,lanina,-1.010
SE,1985,JFM,precip,99.180,-7.038,-0.776,5,lanina,-1.010
SE,1985,JFM,precip_days,20.400,-2.959,-1.956,5,lanina,-1.010
SE,1985,JFM,rain_on_snow_days,1.000,-2.903,-2.112,4,lanina,-1.010
SE,1985,JFM,snow_cover_days,90.000,5.120,7.802,4,lanina,-1.010
SE,1985,JFM,snow_depth,33.169,3.569,3.570,4,lanina,-1.010
SE,1985,JFM,snow_max,59.250,13.405,10.595,4,lanina,-1.010
SE,1985,JFM,thaw_days,24.022,-27.002,-21.676,6,lanina,-1.010
SE,1985,JFM,tmax_mean,-6.802,-6.689,-5.654,6,lanina,-1.010
SE,1985,JFM,tmean,-10.741,-6.877,-5.602,6,lanina,-1.010
SE,1985,JFM,tmin_mean,-14.637,-7.032,-5.510,6,lanina,-1.010
SE,1985,NDJFM,frost_days,122.596,8.172,3.359,6,lanina,-1.010
SE,1985,NDJFM,ice_days,85.031,25.010,18.073,6,lanina,-1.010
SE,1985,NDJFM,precip,184.360,-25.423,-18.965,5,lanina,-1.010
SE,1985,NDJFM,precip_days,36.200,-7.543,-6.213,5,lanina,-1.010
SE,1985,NDJFM,thaw_days,62.799,-26.951,-19.488,6,lanina,-1.010
SE,1985,NDJFM,tmax_mean,-3.611,-3.906,-3.013,6,lanina,-1.010
SE,1985,NDJFM,tmean,-6.939,-3.831,-2.734,6,lanina,-1.010
SE,1985,NDJFM,tmin_mean,-10.231,-3.723,-2.419,6,lanina,-1.010
SE,1986,DJF,frost_days,85.000,11.944,9.189,6,neutral,-0.400
SE,1986,DJF,ice_days,70.833,26.910,21.893,6,neutral,-0.400
SE,1986,DJF,precip,101.300,-23.259,-18.908,5,neutral,-0.400
SE,1986,DJF,precip_days,23.400,-3.349,-2.668,5,neutral,-0.400
SE,1986,DJF,rain_on_snow_days,1.750,-1.842,-0.887,4,neutral,-0.400
SE,1986,DJF,snow_cover_days,89.250,6.912,9.868,4,neutral,-0.400
SE,1986,DJF,snow_depth,35.519,12.913,11.217,4,neutral,-0.400
SE,1986,DJF,snow_max,55.250,11.815,9.134,4,neutral,-0.400
SE,1986,DJF,thaw_days,18.333,-27.104,-21.832,6,neutral,-0.400
SE,1986,DJF,tmax_mean,-6.653,-5.339,-4.276,6,neutral,-0.400
SE,1986,DJF,tmean,-10.703,-6.044,-4.755,6,neutral,-0.400
SE,1986,DJF,tmin_mean,-14.752,-6.757,-5.235,6,neutral,-0.400
SE,1986,JFM,frost_days,81.000,8.327,5.233,6,neutral,-0.400
SE,1986,JFM,ice_days,52.667,14.270,9.491,6,neutral,-0.400
SE,1986,JFM,precip,101.580,-4.638,1.204,5,neutral,-0.400
SE,1986,JFM,precip_days,22.600,-0.759,0.196,5,neutral,-0.400
SE,1986,JFM,rain_on_snow_days,4.250,0.430,1.119,4,neutral,-0.400
SE,1986,JFM,snow_cover_days,88.000,5.120,5.953,4,neutral,-0.400
SE,1986,JFM,snow_depth,42.030,20.655,12.550,4,neutral,-0.400
SE,1986,JFM,snow_max,56.000,16.072,7.481,4,neutral,-0.400
SE,1986,JFM,thaw_days,36.833,-14.191,-9.086,6,neutral,-0.400
SE,1986,JFM,tmax_mean,-3.309,-3.195,-2.201,6,neutral,-0.400
SE,1986,JFM,tmean,-7.225,-3.361,-2.138,6,neutral,-0.400
SE,1986,JFM,tmin_mean,-11.143,-3.539,-2.080,6,neutral,-0.400
SE,1986,NDJFM,frost_days,133.500,19.077,14.500,6,neutral,-0.400
SE,1986,NDJFM,ice_days,87.833,27.812,21.134,6,neutral,-0.400
SE,1986,NDJFM,precip,207.660,-2.123,3.907,5,neutral,-0.400
SE,1986,NDJFM,precip_days,42.600,-1.143,0.124,5,neutral,-0.400
SE,1986,NDJFM,rain_on_snow_days,5.651,-0.828,1.461,4,neutral,-0.400
SE,1986,NDJFM,snow_cover_days,142.919,-0.379,10.405,4,neutral,-0.400
SE,1986,NDJFM,snow_depth,31.166,4.829,4.910,4,neutral,-0.400
SE,1986,NDJFM,snow_max,53.750,1.345,2.434,4,neutral,-0.400
SE,1986,NDJFM,thaw_days,61.667,-28.083,-20.904,6,neutral,-0.400
SE,1986,NDJFM,tmax_mean,-3.534,-3.828,-2.970,6,neutral,-0.400
SE,1986,NDJFM,tmean,-7.200,-4.091,-3.038,6,neutral,-0.400
SE,1986,NDJFM,tmin_mean,-10.865,-4.356,-3.105,6,neutral,-0.400
SE,1987,DJF,frost_days,82.167,9.111,6.486,6,elnino,1.180
SE,1987,DJF,ice_days,66.000,22.077,17.240,6,elnino,1.180
SE,1987,DJF,precip,117.760,-6.799,-2.846,5,elnino,1.180
SE,1987,DJF,precip_days,23.600,-3.149,-2.518,5,elnino,1.180
SE,1987,DJF,rain_on_snow_days,1.055,-1.784,-1.478,3,elnino,1.180
SE,1987,DJF,snow_cover_days,87.667,3.412,3.968,3,elnino,1.180
SE,1987,DJF,snow_depth,29.494,1.681,1.833,3,elnino,1.180
SE,1987,DJF,snow_max,58.667,4.815,7.077,3,elnino,1.180
SE,1987,DJF,thaw_days,23.333,-22.104,-17.024,6,elnino,1.180
SE,1987,DJF,tmax_mean,-6.311,-4.997,-3.971,6,elnino,1.180
SE,1987,DJF,tmean,-10.117,-5.458,-4.217,6,elnino,1.180
SE,1987,DJF,tmin_mean,-13.922,-5.926,-4.462,6,elnino,1.180
SE,1987,JFM,frost_days,85.167,12.493,9.569,6,elnino,1.180
SE,1987,JFM,ice_days,65.000,26.603,22.030,6,elnino,1.180
SE,1987,JFM,precip,93.200,-13.018,-7.597,5,elnino,1.180
SE,1987,JFM,precip_days,19.600,-3.759,-2.853,5,elnino,1.180
SE,1987,JFM,rain_on_snow_days,2.500,-1.236,-0.650,4,elnino,1.180
SE,1987,JFM,snow_cover_days,90.000,5.120,8.104,4,elnino,1.180
SE,1987,JFM,snow_depth,38.458,12.618,9.096,4,elnino,1.180
SE,1987,JFM,snow_max,60.250,14.405,11.867,4,elnino,1.180
SE,1987,JFM,thaw_days,24.500,-26.525,-21.640,6,elnino,1.180
SE,1987,JFM,tmax_mean,-5.618,-5.505,-4.551,6,elnino,1.180
SE,1987,JFM,tmean,-9.879,-6.014,-4.843,6,elnino,1.180
SE,1987,JFM,tmin_mean,-14.135,-6.531,-5.136,6,elnino,1.180
SE,1987,NDJFM,frost_days,124.210,9.787,5.447,6,elnino,1.180
SE,1987,NDJFM,ice_days,88.781,28.760,22.341,6,elnino,1.180
SE,1987,NDJFM,precip,212.240,2.457,8.060,5,elnino,1.180
SE,1987,NDJFM,precip_days,42.800,-0.943,0.261,5,elnino,1.180
SE,1987,NDJFM,thaw_days,61.050,-28.699,-21.804,6,elnino,1.180
SE,1987,NDJFM,tmax_mean,-3.270,-3.564,-2.741,6,elnino,1.180
SE,1987,NDJFM,tmean,-7.010,-3.902,-2.892,6,elnino,1.180
SE,1987,NDJFM,tmin_mean,-10.714,-4.205,-3.007,6,elnino,1.180
SE,1988,DJF,frost_days,72.854,-0.201,-2.695,6,elnino,0.630
SE,1988,DJF,ice_days,42.834,-1.089,-5.746,6,elnino,0.630
SE,1988,DJF,precip,152.840,28.281,31.836,5,elnino,0.630
SE,1988,DJF,precip_days,35.200,8.451,9.032,5,elnino,0.630
SE,1988,DJF,rain_on_snow_days,3.810,1.158,1.871,4,elnino,0.630
SE,1988,DJF,snow_cover_days,90.742,7.912,5.412,4,elnino,0.630
SE,1988,DJF,snow_depth,37.351,10.445,5.404,4,elnino,0.630
SE,1988,DJF,snow_max,71.500,19.315,17.082,4,elnino,0.630
SE,1988,DJF,thaw_days,45.155,-0.282,4.605,6,elnino,0.630
SE,1988,DJF,tmax_mean,-1.694,-0.381,0.608,6,elnino,0.630
SE,1988,DJF,tmean,-4.711,-0.052,1.142,6,elnino,0.630
SE,1988,DJF,tmin_mean,-7.778,0.217,1.623,6,elnino,0.630
SE,1988,JFM,frost_days,72.127,-0.546,-3.300,6,elnino,0.630
SE,1988,JFM,ice_days,42.830,4.433,0.065,6,elnino,0.630
SE,1988,JFM,precip,164.480,58.262,63.263,5,elnino,0.630
SE,1988,JFM,precip_days,38.200,14.841,15.698,5,elnino,0.630
SE,1988,JFM,rain_on_snow_days,4.000,1.764,2.446,4,elnino,0.630
SE,1988,JFM,snow_cover_days,91.000,6.120,4.961,4,elnino,0.630
SE,1988,JFM,snow_depth,56.240,24.675,20.411,4,elnino,0.630
SE,1988,JFM,snow_max,83.250,34.738,29.650,4,elnino,0.630
SE,1988,JFM,thaw_days,45.829,-5.195,-0.531,6,elnino,0.630
SE,1988,JFM,tmax_mean,-1.425,-1.311,-0.397,6,elnino,0.630
SE,1988,JFM,tmean,-4.199,-0.334,0.785,6,elnino,0.630
SE,1988,JFM,tmin_mean,-7.010,0.594,1.925,6,elnino,0.630
SE,1988,NDJFM,frost_days,116.095,1.671,-2.432,6,elnino,0.630
SE,1988,NDJFM,ice_days,67.006,6.985,0.825,6,elnino,0.630
SE,1988,NDJFM,precip,271.020,61.237,66.412,5,elnino,0.630
SE,1988,NDJFM,precip_days,57.600,13.857,14.999,5,elnino,0.630
SE,1988,NDJFM,rain_on_snow_days,1.000,-2.828,-1.173,2,elnino,0.630
SE,1988,NDJFM,snow_cover_days,147.500,10.621,4.110,2,elnino,0.630
SE,1988,NDJFM,snow_depth,46.377,19.395,8.114,2,elnino,0.630
SE,1988,NDJFM,snow_max,83.000,26.345,15.213,2,elnino,0.630
SE,1988,NDJFM,thaw_days,81.652,-8.098,-1.487,6,elnino,0.630
SE,1988,NDJFM,tmax_mean,-0.785,-1.079,-0.291,6,elnino,0.630
SE,1988,NDJFM,tmean,-3.697,-0.589,0.377,6,elnino,0.630
SE,1988,NDJFM,tmin_mean,-6.638,-0.130,1.016,6,elnino,0.630
SE,1989,DJF,frost_days,65.371,-7.685,-10.048,6,lanina,-1.640
SE,1989,DJF,ice_days,29.839,-14.084,-18.561,6,lanina,-1.640
SE,1989,DJF,precip,119.840,-4.719,-1.561,5,lanina,-1.640
SE,1989,DJF,precip_days,24.600,-2.149,-1.618,5,lanina,-1.640
SE,1989,DJF,rain_on_snow_days,3.940,3.038,1.982,4,lanina,-1.640
SE,1989,DJF,snow_cover_days,87.124,1.159,1.845,4,lanina,-1.640
SE,1989,DJF,snow_depth,27.550,-2.650,-4.328,4,lanina,-1.640
SE,1989,DJF,snow_max,53.500,1.315,-0.922,4,lanina,-1.640
SE,1989,DJF,thaw_days,59.161,13.724,18.419,6,lanina,-1.640
SE,1989,DJF,tmax_mean,0.950,2.264,3.215,6,lanina,-1.640
SE,1989,DJF,tmean,-2.707,1.952,3.099,6,lanina,-1.640
SE,1989,DJF,tmin_mean,-6.360,1.635,2.983,6,lanina,-1.640
SE,1989,JFM,frost_days,55.346,-17.327,-19.912,6,lanina,-1.640
SE,1989,JFM,ice_days,16.167,-22.230,-26.392,6,lanina,-1.640
SE,1989,JFM,precip,126.700,20.482,25.063,5,lanina,-1.640
SE,1989,JFM,precip_days,24.600,1.241,2.050,5,lanina,-1.640
SE,1989,JFM,rain_on_snow_days,6.500,3.191,3.968,2,lanina,-1.640
SE,1989,JFM,snow_cover_days,90.000,2.592,1.586,2,lanina,-1.640
SE,1989,JFM,snow_depth,32.039,-1.504,-6.495,2,lanina,-1.640
SE,1989,JFM,snow_max,51.500,-3.219,-8.712,2,lanina,-1.640
SE,1989,JFM,thaw_days,73.167,22.142,26.585,6,lanina,-1.640
SE,1989,JFM,tmax_mean,3.064,3.178,4.051,6,lanina,-1.640
SE,1989,JFM,tmean,-0.270,3.594,4.662,6,lanina,-1.640
SE,1989,JFM,tmin_mean,-3.603,4.001,5.268,6,lanina,-1.640
SE,1989,NDJFM,frost_days,107.756,-6.667,-10.534,6,lanina,-1.640
SE,1989,NDJFM,ice_days,44.511,-15.510,-21.411,6,lanina,-1.640
SE,1989,NDJFM,precip,186.540,-23.243,-18.495,5,lanina,-1.640
SE,1989,NDJFM,precip_days,38.200,-5.543,-4.464,5,lanina,-1.640
SE,1989,NDJFM,thaw_days,104.989,15.239,21.566,6,lanina,-1.640
SE,1989,NDJFM,tmax_mean,1.399,1.105,1.859,6,lanina,-1.640
SE,1989,NDJFM,tmean,-2.139,0.970,1.891,6,lanina,-1.640
SE,1989,NDJFM,tmin_mean,-5.680,0.829,1.921,6,lanina,-1.640
SE,1990,DJF,frost_days,62.667,-10.389,-12.622,6,neutral,0.180
SE,1990,DJF,ice_days,34.000,-9.923,-14.221,6,neutral,0.180
SE,1990,DJF,precip,164.380,39.821,42.582,5,neutral,0.180
SE,1990,DJF,precip_days,33.000,6.251,6.732,5,neutral,0.180
SE,1990,DJF,rain_on_snow_days,4.176,0.836,1.573,3,neutral,0.180
SE,1990,DJF,snow_cover_days,84.763,0.090,1.251,3,neutral,0.180
SE,1990,DJF,snow_depth,18.566,-4.705,-8.740,3,neutral,0.180
SE,1990,DJF,snow_max,43.667,-1.685,-7.588,3,neutral,0.180
SE,1990,DJF,thaw_days,54.833,9.396,13.899,6,neutral,0.180
SE,1990,DJF,tmax_mean,-0.203,1.111,2.025,6,neutral,0.180
SE,1990,DJF,tmean,-3.323,1.336,2.435,6,neutral,0.180
SE,1990,DJF,tmin_mean,-6.439,1.556,2.847,6,neutral,0.180
SE,1990,JFM,frost_days,55.333,-17.340,-19.755,6,neutral,0.180
SE,1990,JFM,ice_days,22.333,-16.064,-20.020,6,neutral,0.180
SE,1990,JFM,precip,158.800,52.582,56.743,5,neutral,0.180
SE,1990,JFM,precip_days,32.200,8.841,9.601,5,neutral,0.180
SE,1990,JFM,rain_on_snow_days,3.085,1.700,2.345,2,neutral,0.180
SE,1990,JFM,snow_cover_days,90.000,0.267,0.197,2,neutral,0.180
SE,1990,JFM,snow_depth,40.632,-9.430,-13.599,2,neutral,0.180
SE,1990,JFM,snow_max,64.000,0.267,-3.908,2,neutral,0.180
SE,1990,JFM,thaw_days,66.833,15.809,20.031,6,neutral,0.180
SE,1990,JFM,tmax_mean,2.514,2.628,3.461,6,neutral,0.180
SE,1990,JFM,tmean,-0.816,3.049,4.064,6,neutral,0.180
SE,1990,JFM,tmin_mean,-4.143,3.461,4.664,6,neutral,0.180
SE,1990,NDJFM,frost_days,98.167,-16.257,-19.886,6,neutral,0.180
SE,1990,NDJFM,ice_days,44.500,-15.521,-21.163,6,neutral,0.180
SE,1990,NDJFM,precip,231.060,21.277,25.597,5,neutral,0.180
SE,1990,NDJFM,precip_days,48.000,4.257,5.274,5,neutral,0.180
SE,1990,NDJFM,thaw_days,104.500,14.750,20.793,6,neutral,0.180
SE,1990,NDJFM,tmax_mean,1.668,1.375,2.092,6,neutral,0.180
SE,1990,NDJFM,tmean,-1.644,1.464,2.342,6,neutral,0.180
SE,1990,NDJFM,tmin_mean,-4.954,1.554,2.594,6,neutral,0.180
SE,1991,DJF,frost_days,73.833,0.778,-1.324,6,neutral,0.350
SE,1991,DJF,ice_days,42.167,-1.756,-5.874,6,neutral,0.350
SE,1991,DJF,precip,98.480,-26.079,-23.716,5,neutral,0.350
SE,1991,DJF,precip_days,22.400,-4.349,-3.919,5,neutral,0.350
SE,1991,DJF,rain_on_snow_days,3.000,0.158,0.569,2,neutral,0.350
SE,1991,DJF,snow_cover_days,90.000,6.912,5.811,2,neutral,0.350
SE,1991,DJF,snow_depth,25.928,1.735,-1.287,2,neutral,0.350
SE,1991,DJF,snow_max,47.000,0.315,-3.026,2,neutral,0.350
SE,1991,DJF,thaw_days,47.000,1.563,5.873,6,neutral,0.350
SE,1991,DJF,tmax_mean,-1.053,0.261,1.139,6,neutral,0.350
SE,1991,DJF,tmean,-4.531,0.128,1.180,6,neutral,0.350
SE,1991,DJF,tmin_mean,-8.008,-0.013,1.220,6,neutral,0.350
SE,1991,JFM,frost_days,71.667,-1.007,-3.252,6,neutral,0.350
SE,1991,JFM,ice_days,41.333,2.937,-0.815,6,neutral,0.350
SE,1991,JFM,precip,117.680,11.462,15.202,5,neutral,0.350
SE,1991,JFM,precip_days,24.200,0.841,1.553,5,neutral,0.350
SE,1991,JFM,rain_on_snow_days,4.141,0.571,1.174,3,neutral,0.350
SE,1991,JFM,snow_cover_days,87.831,2.951,2.104,3,neutral,0.350
SE,1991,JFM,snow_depth,26.869,-3.284,-7.076,3,neutral,0.350
SE,1991,JFM,snow_max,41.333,-8.262,-12.872,3,neutral,0.350
SE,1991,JFM,thaw_days,47.833,-3.191,0.811,6,neutral,0.350
SE,1991,JFM,tmax_mean,-0.738,-0.625,0.168,6,neutral,0.350
SE,1991,JFM,tmean,-4.264,-0.399,0.564,6,neutral,0.350
SE,1991,JFM,tmin_mean,-7.788,-0.184,0.956,6,neutral,0.350
SE,1991,NDJFM,frost_days,115.500,1.077,-2.317,6,neutral,0.350
SE,1991,NDJFM,ice_days,59.833,-0.188,-5.570,6,neutral,0.350
SE,1991,NDJFM,precip,197.840,-11.943,-8.051,5,neutral,0.350
SE,1991,NDJFM,precip_days,42.800,-0.943,0.011,5,neutral,0.350
SE,1991,NDJFM,rain_on_snow_days,6.275,0.172,1.921,2,neutral,0.350
SE,1991,NDJFM,snow_cover_days,143.303,8.621,19.281,2,neutral,0.350
SE,1991,NDJFM,snow_depth,24.999,-0.277,0.619,2,neutral,0.350
SE,1991,NDJFM,snow_max,50.500,-4.655,-2.592,2,neutral,0.350
SE,1991,NDJFM,thaw_days,89.333,-0.416,5.342,6,neutral,0.350
SE,1991,NDJFM,tmax_mean,0.038,-0.256,0.428,6,neutral,0.350
SE,1991,NDJFM,tmean,-3.341,-0.233,0.601,6,neutral,0.350
SE,1991,NDJFM,tmin_mean,-6.718,-0.210,0.777,6,neutral,0.350
SE,1992,DJF,frost_days,71.833,-1.222,-3.194,6,elnino,1.540
SE,1992,DJF,ice_days,26.333,-17.590,-21.528,6,elnino,1.540
SE,1992,DJF,precip,64.400,-60.159,-58.193,5,elnino,1.540
SE,1992,DJF,precip_days,16.400,-10.349,-9.969,5,elnino,1.540
SE,1992,DJF,thaw_days,63.500,18.063,22.181,6,elnino,1.540
SE,1992,DJF,tmax_mean,1.677,2.990,3.831,6,elnino,1.540
SE,1992,DJF,tmean,-1.945,2.714,3.719,6,elnino,1.540
SE,1992,DJF,tmin_mean,-5.565,2.430,3.606,6,elnino,1.540
SE,1992,JFM,frost_days,65.833,-6.840,-8.916,6,elnino,1.540
SE,1992,JFM,ice_days,21.167,-17.230,-20.776,6,elnino,1.540
SE,1992,JFM,precip,70.580,-35.638,-32.318,5,elnino,1.540
SE,1992,JFM,precip_days,17.000,-6.359,-5.696,5,elnino,1.540
SE,1992,JFM,thaw_days,68.667,17.642,21.424,6,elnino,1.540
SE,1992,JFM,tmax_mean,2.519,2.633,3.385,6,elnino,1.540
SE,1992,JFM,tmean,-0.957,2.908,3.819,6,elnino,1.540
SE,1992,JFM,tmin_mean,-4.431,3.173,4.248,6,elnino,1.540
SE,1992,NDJFM,frost_days,105.833,-8.590,-11.746,6,elnino,1.540
SE,1992,NDJFM,ice_days,36.167,-23.855,-28.978,6,elnino,1.540
SE,1992,NDJFM,precip,144.840,-64.943,-61.478,5,elnino,1.540
SE,1992,NDJFM,precip_days,33.400,-10.343,-9.451,5,elnino,1.540
SE,1992,NDJFM,thaw_days,114.000,24.250,29.725,6,elnino,1.540
SE,1992,NDJFM,tmax_mean,2.384,2.090,2.739,6,elnino,1.540
SE,1992,NDJFM,tmean,-0.986,2.122,2.913,6,elnino,1.540
SE,1992,NDJFM,tmin_mean,-4.357,2.151,3.086,6,elnino,1.540
SE,1993,DJF,frost_days,71.161,-1.895,-3.735,6,neutral,0.130
SE,1993,DJF,ice_days,31.333,-12.590,-16.348,6,neutral,0.130
SE,1993,DJF,precip,76.020,-48.539,-46.970,5,neutral,0.130
SE,1993,DJF,precip_days,18.600,-8.149,-7.819,5,neutral,0.130
SE,1993,DJF,thaw_days,58.000,12.563,16.489,6,neutral,0.130
SE,1993,DJF,tmax_mean,0.950,2.264,3.067,6,neutral,0.130
SE,1993,DJF,tmean,-2.390,2.269,3.226,6,neutral,0.130
SE,1993,DJF,tmin_mean,-5.724,2.271,3.389,6,neutral,0.130
SE,1993,JFM,frost_days,72.833,0.160,-1.746,6,neutral,0.130
SE,1993,JFM,ice_days,28.667,-9.730,-13.070,6,neutral,0.130
SE,1993,JFM,precip,71.840,-34.378,-31.478,5,neutral,0.130
SE,1993,JFM,precip_days,18.200,-5.159,-4.545,5,neutral,0.130
SE,1993,JFM,thaw_days,60.500,9.475,13.036,6,neutral,0.130
SE,1993,JFM,tmax_mean,1.551,1.665,2.377,6,neutral,0.130
SE,1993,JFM,tmean,-2.297,1.568,2.427,6,neutral,0.130
SE,1993,JFM,tmin_mean,-6.148,1.456,2.468,6,neutral,0.130
SE,1993,NDJFM,frost_days,116.660,2.237,-0.683,6,neutral,0.130
SE,1993,NDJFM,ice_days,47.584,-12.437,-17.301,6,neutral,0.130
SE,1993,NDJFM,precip,212.220,2.437,5.474,5,neutral,0.130
SE,1993,NDJFM,precip_days,41.400,-2.343,-1.513,5,neutral,0.130
SE,1993,NDJFM,thaw_days,102.412,12.662,17.853,6,neutral,0.130
SE,1993,NDJFM,tmax_mean,1.482,1.188,1.802,6,neutral,0.130
SE,1993,NDJFM,tmean,-1.984,1.124,1.871,6,neutral,0.130
SE,1993,NDJFM,tmin_mean,-5.443,1.066,1.947,6,neutral,0.130
SE,1994,DJF,frost_days,80.667,7.611,5.901,6,neutral,0.070
SE,1994,DJF,ice_days,60.500,16.577,12.999,6,neutral,0.070
SE,1994,DJF,precip,161.260,36.701,37.872,5,neutral,0.070
SE,1994,DJF,precip_days,26.400,-0.349,-0.069,5,neutral,0.070
SE,1994,DJF,rain_on_snow_days,1.500,-1.342,-0.990,2,neutral,0.070
SE,1994,DJF,snow_cover_days,88.000,4.912,3.981,2,neutral,0.070
SE,1994,DJF,snow_depth,38.133,13.941,11.306,2,neutral,0.070
SE,1994,DJF,snow_max,58.500,11.815,8.815,2,neutral,0.070
SE,1994,DJF,thaw_days,28.500,-16.937,-13.203,6,neutral,0.070
SE,1994,DJF,tmax_mean,-4.151,-2.837,-2.071,6,neutral,0.070
SE,1994,DJF,tmean,-7.787,-3.128,-2.217,6,neutral,0.070
SE,1994,DJF,tmin_mean,-11.424,-3.429,-2.369,6,neutral,0.070
SE,1994,JFM,frost_days,79.333,6.660,4.923,6,neutral,0.070
SE,1994,JFM,ice_days,52.667,14.270,11.136,6,neutral,0.070
SE,1994,JFM,precip,109.700,3.482,5.961,5,neutral,0.070
SE,1994,JFM,precip_days,21.200,-2.159,-1.593,5,neutral,0.070
SE,1994,JFM,rain_on_snow_days,2.333,-1.236,-0.713,3,neutral,0.070
SE,1994,JFM,snow_cover_days,90.000,5.120,4.585,3,neutral,0.070
SE,1994,JFM,snow_depth,51.170,21.018,17.699,3,neutral,0.070
SE,1994,JFM,snow_max,65.667,16.072,11.940,3,neutral,0.070
SE,1994,JFM,thaw_days,36.333,-14.691,-11.351,6,neutral,0.070
SE,1994,JFM,tmax_mean,-2.786,-2.671,-2.000,6,neutral,0.070
SE,1994,JFM,tmean,-6.974,-3.109,-2.302,6,neutral,0.070
SE,1994,JFM,tmin_mean,-11.164,-3.560,-2.612,6,neutral,0.070
SE,1994,NDJFM,frost_days,128.000,13.577,10.894,6,neutral,0.070
SE,1994,NDJFM,ice_days,80.833,20.812,16.207,6,neutral,0.070
SE,1994,NDJFM,precip,226.780,16.997,19.607,5,neutral,0.070
SE,1994,NDJFM,precip_days,41.800,-1.943,-1.176,5,neutral,0.070
SE,1994,NDJFM,rain_on_snow_days,5.785,-2.828,1.339,2,neutral,0.070
SE,1994,NDJFM,snow_cover_days,146.746,18.621,23.288,2,neutral,0.070
SE,1994,NDJFM,snow_depth,34.100,19.074,10.122,2,neutral,0.070
SE,1994,NDJFM,snow_max,58.500,15.345,5.861,2,neutral,0.070
SE,1994,NDJFM,thaw_days,68.000,-21.750,-16.844,6,neutral,0.070
SE,1994,NDJFM,tmax_mean,-2.042,-2.336,-1.757,6,neutral,0.070
SE,1994,NDJFM,tmean,-5.551,-2.442,-1.739,6,neutral,0.070
SE,1994,NDJFM,tmin_mean,-9.061,-2.553,-1.724,6,neutral,0.070
SE,1995,DJF,frost_days,69.500,-3.555,-5.135,6,elnino,0.880
SE,1995,DJF,ice_days,33.833,-10.090,-13.488,6,elnino,0.880
SE,1995,DJF,precip,142.060,17.501,18.275,5,elnino,0.880
SE,1995,DJF,precip_days,28.400,1.651,1.881,5,elnino,0.880
SE,1995,DJF,thaw_days,54.833,9.396,12.938,6,elnino,0.880
SE,1995,DJF,tmax_mean,0.374,1.688,2.416,6,elnino,0.880
SE,1995,DJF,tmean,-2.915,1.744,2.607,6,elnino,0.880
SE,1995,DJF,tmin_mean,-6.202,1.793,2.795,6,elnino,0.880
SE,1995,JFM,frost_days,71.333,-1.340,-2.907,6,elnino,0.880
SE,1995,JFM,ice_days,31.333,-7.064,-9.992,6,elnino,0.880
SE,1995,JFM,precip,151.660,45.442,47.501,5,elnino,0.880
SE,1995,JFM,precip_days,29.200,5.841,6.358,5,elnino,0.880
SE,1995,JFM,rain_on_snow_days,6.000,2.430,2.927,3,elnino,0.880
SE,1995,JFM,snow_cover_days,90.000,5.120,4.689,3,elnino,0.880
SE,1995,JFM,snow_depth,30.182,0.029,-3.132,3,elnino,0.880
SE,1995,JFM,snow_max,49.000,-0.595,-4.567,3,elnino,0.880
SE,1995,JFM,thaw_days,57.333,6.309,9.428,6,elnino,0.880
SE,1995,JFM,tmax_mean,0.766,0.880,1.511,6,elnino,0.880
SE,1995,JFM,tmean,-2.690,1.174,1.929,6,elnino,0.880
SE,1995,JFM,tmin_mean,-6.143,1.461,2.345,6,elnino,0.880
SE,1995,NDJFM,frost_days,111.500,-2.923,-5.370,6,elnino,0.880
SE,1995,NDJFM,ice_days,48.000,-12.021,-16.367,6,elnino,0.880
SE,1995,NDJFM,precip,229.640,19.857,22.039,5,elnino,0.880
SE,1995,NDJFM,precip_days,45.000,1.257,1.961,5,elnino,0.880
SE,1995,NDJFM,thaw_days,101.167,11.417,16.039,6,elnino,0.880
SE,1995,NDJFM,tmax_mean,1.271,0.977,1.521,6,elnino,0.880
SE,1995,NDJFM,tmean,-1.993,1.115,1.774,6,elnino,0.880
SE,1995,NDJFM,tmin_mean,-5.256,1.252,2.028,6,elnino,0.880
SE,1996,DJF,frost_days,87.167,14.111,12.662,6,lanina,-0.880
SE,1996,DJF,ice_days,64.667,20.744,17.525,6,lanina,-0.880
SE,1996,DJF,precip,31.033,-111.973,-107.943,6,lanina,-0.880
SE,1996,DJF,precip_days,9.833,-18.194,-17.795,6,lanina,-0.880
SE,1996,DJF,rain_on_snow_days,0.793,-2.842,-2.053,4,lanina,-0.880
SE,1996,DJF,snow_cover_days,89.942,7.912,11.526,4,lanina,-0.880
SE,1996,DJF,snow_depth,10.311,-12.033,-13.031,4,lanina,-0.880
SE,1996,DJF,snow_max,19.000,-27.185,-25.899,4,lanina,-0.880
SE,1996,DJF,thaw_days,25.667,-19.770,-16.421,6,lanina,-0.880
SE,1996,DJF,tmax_mean,-4.552,-3.238,-2.547,6,lanina,-0.880
SE,1996,DJF,tmean,-8.116,-3.457,-2.641,6,lanina,-0.880
SE,1996,DJF,tmin_mean,-11.676,-3.681,-2.737,6,lanina,-0.880
SE,1996,JFM,frost_days,87.500,14.827,13.429,6,lanina,-0.880
SE,1996,JFM,ice_days,52.167,13.770,11.046,6,lanina,-0.880
SE,1996,JFM,precip,38.783,-81.906,-77.793,6,lanina,-0.880
SE,1996,JFM,precip_days,10.167,-14.188,-13.722,6,lanina,-0.880
SE,1996,JFM,rain_on_snow_days,1.323,-3.570,-1.998,4,lanina,-0.880
SE,1996,JFM,snow_cover_days,90.207,6.120,9.672,4,lanina,-0.880
SE,1996,JFM,snow_depth,11.621,-15.603,-16.674,4,lanina,-0.880
SE,1996,JFM,snow_max,19.000,-26.595,-28.159,4,lanina,-0.880
SE,1996,JFM,thaw_days,37.667,-13.358,-10.459,6,lanina,-0.880
SE,1996,JFM,tmax_mean,-1.976,-1.862,-1.271,6,lanina,-0.880
SE,1996,JFM,tmean,-5.991,-2.126,-1.423,6,lanina,-0.880
SE,1996,JFM,tmin_mean,-10.004,-2.400,-1.580,6,lanina,-0.880
SE,1996,NDJFM,frost_days,142.167,27.743,25.534,6,lanina,-0.880
SE,1996,NDJFM,ice_days,85.333,25.312,21.226,6,lanina,-0.880
SE,1996,NDJFM,precip,85.100,-151.603,-145.532,6,lanina,-0.880
SE,1996,NDJFM,precip_days,21.667,-23.904,-23.210,6,lanina,-0.880
SE,1996,NDJFM,rain_on_snow_days,0.667,-2.828,-4.207,3,lanina,-0.880
SE,1996,NDJFM,snow_cover_days,144.315,19.621,22.365,3,lanina,-0.880
SE,1996,NDJFM,snow_depth,11.788,-16.795,-11.861,3,lanina,-0.880
SE,1996,NDJFM,snow_max,23.000,-43.655,-31.016,3,lanina,-0.880
SE,1996,NDJFM,thaw_days,64.667,-25.083,-20.745,6,lanina,-0.880
SE,1996,NDJFM,tmax_mean,-2.308,-2.602,-2.093,6,lanina,-0.880
SE,1996,NDJFM,tmean,-6.053,-2.945,-2.329,6,lanina,-0.880
SE,1996,NDJFM,tmin_mean,-9.797,-3.288,-2.565,6,lanina,-0.880
SE,1997,DJF,frost_days,71.571,1.772,0.338,7,neutral,-0.410
SE,1997,DJF,ice_days,41.571,1.706,-1.210,7,neutral,-0.410
SE,1997,DJF,precip,104.229,-37.084,-34.151,7,neutral,-0.410
SE,1997,DJF,precip_days,24.857,-3.267,-2.924,7,neutral,-0.410
SE,1997,DJF,rain_on_snow_days,5.411,2.658,2.643,3,neutral,-0.410
SE,1997,DJF,snow_cover_days,89.318,6.412,6.242,3,neutral,-0.410
SE,1997,DJF,snow_depth,22.788,0.391,-3.689,3,neutral,-0.410
SE,1997,DJF,snow_max,38.000,-8.185,-12.473,3,neutral,-0.410
SE,1997,DJF,thaw_days,47.714,-1.878,1.253,7,neutral,-0.410
SE,1997,DJF,tmax_mean,-0.918,-0.304,0.326,7,neutral,-0.410
SE,1997,DJF,tmean,-4.517,-0.664,0.052,7,neutral,-0.410
SE,1997,DJF,tmin_mean,-8.117,-1.033,-0.227,7,neutral,-0.410
SE,1997,JFM,frost_days,67.571,-2.130,-3.532,7,neutral,-0.410
SE,1997,JFM,ice_days,30.143,-4.520,-6.993,7,neutral,-0.410
SE,1997,JFM,precip,99.171,-20.287,-17.386,7,neutral,-0.410
SE,1997,JFM,precip_days,20.857,-3.602,-3.204,7,neutral,-0.410
SE,1997,JFM,rain_on_snow_days,3.000,-0.309,0.232,2,neutral,-0.410
SE,1997,JFM,snow_cover_days,90.000,2.592,1.992,2,neutral,-0.410
SE,1997,JFM,snow_depth,30.206,-3.338,-7.172,2,neutral,-0.410
SE,1997,JFM,snow_max,47.000,-7.719,-12.218,2,neutral,-0.410
SE,1997,JFM,thaw_days,59.000,4.165,6.862,7,neutral,-0.410
SE,1997,JFM,tmax_mean,1.437,0.866,1.419,7,neutral,-0.410
SE,1997,JFM,tmean,-2.378,0.719,1.339,7,neutral,-0.410
SE,1997,JFM,tmin_mean,-6.194,0.560,1.251,7,neutral,-0.410
SE,1997,NDJFM,frost_days,115.333,0.910,-1.063,6,neutral,-0.410
SE,1997,NDJFM,ice_days,61.167,1.145,-2.682,6,neutral,-0.410
SE,1997,NDJFM,precip,224.767,-11.936,-6.524,6,neutral,-0.410
SE,1997,NDJFM,precip_days,44.167,-1.404,-0.783,6,neutral,-0.410
SE,1997,NDJFM,thaw_days,88.500,-1.250,2.804,6,neutral,-0.410
SE,1997,NDJFM,tmax_mean,0.141,-0.153,0.322,6,neutral,-0.410
SE,1997,NDJFM,tmean,-3.505,-0.396,0.175,6,neutral,-0.410
SE,1997,NDJFM,tmin_mean,-7.153,-0.644,0.026,6,neutral,-0.410
SE,1998,DJF,frost_days,60.714,-9.085,-10.378,7,super,2.220
SE,1998,DJF,ice_days,33.571,-6.294,-9.033,7,super,2.220
SE,1998,DJF,precip,157.071,15.759,18.166,7,super,2.220
SE,1998,DJF,precip_days,33.286,5.161,5.443,7,super,2.220
SE,1998,DJF,rain_on_snow_days,5.000,0.658,2.209,3,super,2.220
SE,1998,DJF,snow_cover_days,89.000,5.412,5.986,3,super,2.220
SE,1998,DJF,snow_depth,32.363,9.402,6.004,3,super,2.220
SE,1998,DJF,snow_max,58.333,10.815,7.972,3,super,2.220
SE,1998,DJF,thaw_days,55.429,5.837,8.773,7,super,2.220
SE,1998,DJF,tmax_mean,0.055,0.670,1.263,7,super,2.220
SE,1998,DJF,tmean,-2.962,0.891,1.562,7,super,2.220
SE,1998,DJF,tmin_mean,-5.973,1.112,1.863,7,super,2.220
SE,1998,JFM,frost_days,64.143,-5.559,-6.778,7,super,2.220
SE,1998,JFM,ice_days,29.571,-5.092,-7.365,7,super,2.220
SE,1998,JFM,precip,141.743,22.284,24.683,7,super,2.220
SE,1998,JFM,precip_days,29.571,5.113,5.460,7,super,2.220
SE,1998,JFM,rain_on_snow_days,5.000,1.430,1.848,3,super,2.220
SE,1998,JFM,snow_cover_days,84.000,-0.880,-1.000,3,super,2.220
SE,1998,JFM,snow_depth,40.230,10.077,7.389,3,super,2.220
SE,1998,JFM,snow_max,59.333,9.738,6.244,3,super,2.220
SE,1998,JFM,thaw_days,59.429,4.594,7.072,7,super,2.220
SE,1998,JFM,tmax_mean,0.999,0.428,0.940,7,super,2.220
SE,1998,JFM,tmean,-2.700,0.397,0.967,7,super,2.220
SE,1998,JFM,tmin_mean,-6.392,0.362,0.993,7,super,2.220
SE,1998,NDJFM,frost_days,103.857,-4.982,-6.746,7,super,2.220
SE,1998,NDJFM,ice_days,51.143,-2.714,-6.140,7,super,2.220
SE,1998,NDJFM,precip,262.014,27.715,32.122,7,super,2.220
SE,1998,NDJFM,precip_days,50.286,4.449,5.021,7,super,2.220
SE,1998,NDJFM,rain_on_snow_days,6.893,-1.828,2.167,2,super,2.220
SE,1998,NDJFM,snow_cover_days,146.421,11.621,20.044,2,super,2.220
SE,1998,NDJFM,snow_depth,38.191,17.313,11.453,2,super,2.220
SE,1998,NDJFM,snow_max,72.000,23.345,11.668,2,super,2.220
SE,1998,NDJFM,thaw_days,98.143,2.060,5.787,7,super,2.220
SE,1998,NDJFM,tmax_mean,0.833,-0.150,0.284,7,super,2.220
SE,1998,NDJFM,tmean,-2.369,-0.020,0.473,7,super,2.220
SE,1998,NDJFM,tmin_mean,-5.566,0.113,0.665,7,super,2.220
SE,1999,DJF,frost_days,72.000,0.686,-0.563,5,lanina,-1.510
SE,1999,DJF,ice_days,43.200,2.203,-0.285,5,lanina,-1.510
SE,1999,DJF,precip,135.820,13.419,11.240,5,lanina,-1.510
SE,1999,DJF,precip_days,28.600,1.571,1.574,5,lanina,-1.510
SE,1999,DJF,thaw_days,46.000,-2.474,0.242,5,lanina,-1.510
SE,1999,DJF,tmax_mean,-1.901,-1.076,-0.535,5,lanina,-1.510
SE,1999,DJF,tmean,-5.180,-1.048,-0.419,5,lanina,-1.510
SE,1999,DJF,tmin_mean,-8.466,-1.038,-0.317,5,lanina,-1.510
SE,1999,JFM,frost_days,72.153,-1.356,-2.287,6,lanina,-1.510
SE,1999,JFM,ice_days,43.059,4.746,2.632,6,lanina,-1.510
SE,1999,JFM,precip,133.283,26.089,26.236,6,lanina,-1.510
SE,1999,JFM,precip_days,29.000,5.354,5.662,6,lanina,-1.510
SE,1999,JFM,rain_on_snow_days,4.333,0.764,1.155,3,lanina,-1.510
SE,1999,JFM,snow_cover_days,90.000,5.120,5.104,3,lanina,-1.510
SE,1999,JFM,snow_depth,36.652,6.499,3.969,3,lanina,-1.510
SE,1999,JFM,snow_max,58.667,9.072,5.737,3,lanina,-1.510
SE,1999,JFM,thaw_days,46.441,-4.718,-2.406,6,lanina,-1.510
SE,1999,JFM,tmax_mean,-1.603,-1.563,-1.074,6,lanina,-1.510
SE,1999,JFM,tmean,-5.104,-1.228,-0.678,6,lanina,-1.510
SE,1999,JFM,tmin_mean,-8.576,-0.874,-0.261,6,lanina,-1.510
SE,1999,NDJFM,frost_days,116.400,5.141,3.628,5,lanina,-1.510
SE,1999,NDJFM,ice_days,65.200,9.857,6.853,5,lanina,-1.510
SE,1999,NDJFM,precip,210.900,4.259,2.854,5,lanina,-1.510
SE,1999,NDJFM,precip_days,45.200,0.873,1.250,5,lanina,-1.510
SE,1999,NDJFM,thaw_days,84.200,-10.405,-7.091,5,lanina,-1.510
SE,1999,NDJFM,tmax_mean,-0.789,-1.588,-1.208,5,lanina,-1.510
SE,1999,NDJFM,tmean,-3.924,-1.311,-0.864,5,lanina,-1.510
SE,1999,NDJFM,tmin_mean,-7.062,-1.039,-0.524,5,lanina,-1.510
SE,2000,DJF,frost_days,68.429,-1.371,-2.382,7,lanina,-1.470
SE,2000,DJF,ice_days,35.125,-4.740,-7.126,7,lanina,-1.470
SE,2000,DJF,precip,172.900,31.587,32.942,7,lanina,-1.470
SE,2000,DJF,precip_days,29.143,1.019,1.178,7,lanina,-1.470
SE,2000,DJF,rain_on_snow_days,2.058,-0.784,-0.551,2,lanina,-1.470
SE,2000,DJF,snow_cover_days,91.000,7.912,7.322,2,lanina,-1.470
SE,2000,DJF,snow_depth,30.477,6.285,4.426,2,lanina,-1.470
SE,2000,DJF,snow_max,48.000,1.315,-1.005,2,lanina,-1.470
SE,2000,DJF,thaw_days,54.873,5.281,7.830,7,lanina,-1.470
SE,2000,DJF,tmax_mean,0.075,0.689,1.210,7,lanina,-1.470
SE,2000,DJF,tmean,-3.552,0.301,0.882,7,lanina,-1.470
SE,2000,DJF,tmin_mean,-7.201,-0.117,0.527,7,lanina,-1.470
SE,2000,JFM,frost_days,67.857,-1.844,-2.699,7,lanina,-1.470
SE,2000,JFM,ice_days,24.679,-9.984,-11.859,7,lanina,-1.470
SE,2000,JFM,precip,111.500,-7.959,-6.567,7,lanina,-1.470
SE,2000,JFM,precip_days,22.143,-2.316,-2.070,7,lanina,-1.470
SE,2000,JFM,rain_on_snow_days,2.761,-0.809,-0.444,3,lanina,-1.470
SE,2000,JFM,snow_cover_days,87.000,2.120,2.208,3,lanina,-1.470
SE,2000,JFM,snow_depth,24.682,-5.471,-7.844,3,lanina,-1.470
SE,2000,JFM,snow_max,44.667,-4.928,-8.104,3,lanina,-1.470
SE,2000,JFM,thaw_days,65.462,10.627,12.669,7,lanina,-1.470
SE,2000,JFM,tmax_mean,2.200,1.629,2.059,7,lanina,-1.470
SE,2000,JFM,tmean,-1.793,1.304,1.773,7,lanina,-1.470
SE,2000,JFM,tmin_mean,-5.811,0.943,1.455,7,lanina,-1.470
SE,2000,NDJFM,frost_days,105.429,-3.410,-4.679,7,lanina,-1.470
SE,2000,NDJFM,ice_days,42.959,-10.898,-13.828,7,lanina,-1.470
SE,2000,NDJFM,precip,243.414,9.115,12.398,7,lanina,-1.470
SE,2000,NDJFM,precip_days,44.857,-0.980,-0.536,7,lanina,-1.470
SE,2000,NDJFM,thaw_days,107.754,11.671,14.844,7,lanina,-1.470
SE,2000,NDJFM,tmax_mean,2.015,1.033,1.396,7,lanina,-1.470
SE,2000,NDJFM,tmean,-1.570,0.779,1.188,7,lanina,-1.470
SE,2000,NDJFM,tmin_mean,-5.171,0.508,0.962,7,lanina,-1.470
SE,2001,DJF,frost_days,66.143,-3.656,-4.527,7,lanina,-0.760
SE,2001,DJF,ice_days,38.143,-1.723,-3.932,7,lanina,-0.760
SE,2001,DJF,precip,152.514,11.201,12.030,7,lanina,-0.760
SE,2001,DJF,precip_days,30.429,2.304,2.403,7,lanina,-0.760
SE,2001,DJF,rain_on_snow_days,1.000,-0.345,0.006,2,lanina,-0.760
SE,2001,DJF,snow_cover_days,81.000,-13.690,-7.550,2,lanina,-0.760
SE,2001,DJF,snow_depth,31.546,-5.182,-7.864,2,lanina,-0.760
SE,2001,DJF,snow_max,51.500,-9.552,-11.966,2,lanina,-0.760
SE,2001,DJF,thaw_days,50.571,0.979,3.334,7,lanina,-0.760
SE,2001,DJF,tmax_mean,-0.398,0.216,0.700,7,lanina,-0.760
SE,2001,DJF,tmean,-3.372,0.482,1.017,7,lanina,-0.760
SE,2001,DJF,tmin_mean,-6.344,0.741,1.331,7,lanina,-0.760
SE,2001,JFM,frost_days,72.571,2.870,2.198,7,lanina,-0.760
SE,2001,JFM,ice_days,38.000,3.337,1.660,7,lanina,-0.760
SE,2001,JFM,precip,109.986,-9.473,-8.584,7,lanina,-0.760
SE,2001,JFM,precip_days,26.143,1.684,1.879,7,lanina,-0.760
SE,2001,JFM,rain_on_snow_days,3.139,0.615,0.954,4,lanina,-0.760
SE,2001,JFM,snow_cover_days,90.000,5.120,5.312,4,lanina,-0.760
SE,2001,JFM,snow_depth,31.024,-4.936,-7.151,4,lanina,-0.760
SE,2001,JFM,snow_max,44.000,-10.928,-13.944,4,lanina,-0.760
SE,2001,JFM,thaw_days,50.143,-4.692,-2.868,7,lanina,-0.760
SE,2001,JFM,tmax_mean,-0.588,-1.158,-0.770,7,lanina,-0.760
SE,2001,JFM,tmean,-4.386,-1.289,-0.870,7,lanina,-0.760
SE,2001,JFM,tmin_mean,-8.186,-1.431,-0.979,7,lanina,-0.760
SE,2001,NDJFM,frost_days,98.286,-10.553,-11.574,7,lanina,-0.760
SE,2001,NDJFM,ice_days,52.286,-1.571,-4.255,7,lanina,-0.760
SE,2001,NDJFM,precip,292.943,58.644,61.365,7,lanina,-0.760
SE,2001,NDJFM,precip_days,55.857,10.020,10.399,7,lanina,-0.760
SE,2001,NDJFM,rain_on_snow_days,5.104,0.172,2.638,2,lanina,-0.760
SE,2001,NDJFM,snow_cover_days,132.500,-18.379,-8.594,2,lanina,-0.760
SE,2001,NDJFM,snow_depth,31.193,-2.098,-5.831,2,lanina,-0.760
SE,2001,NDJFM,snow_max,58.000,-3.655,-10.429,2,lanina,-0.760
SE,2001,NDJFM,thaw_days,96.714,0.631,3.527,7,lanina,-0.760
SE,2001,NDJFM,tmax_mean,1.025,0.043,0.371,7,lanina,-0.760
SE,2001,NDJFM,tmean,-2.061,0.288,0.655,7,lanina,-0.760
SE,2001,NDJFM,tmin_mean,-5.147,0.532,0.937,7,lanina,-0.760
SE,2002,DJF,frost_days,64.571,-5.228,-5.958,7,neutral,-0.150
SE,2002,DJF,ice_days,33.536,-6.330,-8.362,7,neutral,-0.150
SE,2002,DJF,precip,172.029,30.716,31.018,7,neutral,-0.150
SE,2002,DJF,precip_days,32.143,4.019,4.056,7,neutral,-0.150
SE,2002,DJF,rain_on_snow_days,4.011,2.658,2.188,3,neutral,-0.150
SE,2002,DJF,snow_cover_days,87.667,3.412,1.885,3,neutral,-0.150
SE,2002,DJF,snow_depth,24.000,-6.337,-8.617,3,neutral,-0.150
SE,2002,DJF,snow_max,52.667,1.815,-2.575,3,neutral,-0.150
SE,2002,DJF,thaw_days,55.462,5.870,8.031,7,neutral,-0.150
SE,2002,DJF,tmax_mean,-0.170,0.445,0.892,7,neutral,-0.150
SE,2002,DJF,tmean,-3.554,0.300,0.791,7,neutral,-0.150
SE,2002,DJF,tmin_mean,-6.951,0.134,0.670,7,neutral,-0.150
SE,2002,JFM,frost_days,61.286,-8.416,-8.905,7,neutral,-0.150
SE,2002,JFM,ice_days,25.857,-8.806,-10.284,7,neutral,-0.150
SE,2002,JFM,precip,171.371,51.913,52.298,7,neutral,-0.150
SE,2002,JFM,precip_days,30.000,5.541,5.686,7,neutral,-0.150
SE,2002,JFM,rain_on_snow_days,6.008,4.097,4.409,4,neutral,-0.150
SE,2002,JFM,snow_cover_days,90.000,5.120,5.416,4,neutral,-0.150
SE,2002,JFM,snow_depth,31.717,-3.786,-5.843,4,neutral,-0.150
SE,2002,JFM,snow_max,54.750,0.738,-2.118,4,neutral,-0.150
SE,2002,JFM,thaw_days,63.429,8.594,10.199,7,neutral,-0.150
SE,2002,JFM,tmax_mean,1.890,1.319,1.667,7,neutral,-0.150
SE,2002,JFM,tmean,-1.951,1.146,1.515,7,neutral,-0.150
SE,2002,JFM,tmin_mean,-5.788,0.966,1.358,7,neutral,-0.150
SE,2002,NDJFM,frost_days,103.857,-4.982,-5.755,7,neutral,-0.150
SE,2002,NDJFM,ice_days,44.390,-9.467,-11.903,7,neutral,-0.150
SE,2002,NDJFM,precip,244.686,10.387,12.546,7,neutral,-0.150
SE,2002,NDJFM,precip_days,47.714,1.877,2.192,7,neutral,-0.150
SE,2002,NDJFM,rain_on_snow_days,10.007,8.172,6.537,3,neutral,-0.150
SE,2002,NDJFM,snow_cover_days,143.000,8.621,12.114,3,neutral,-0.150
SE,2002,NDJFM,snow_depth,25.064,-8.641,-4.957,3,neutral,-0.150
SE,2002,NDJFM,snow_max,61.000,7.345,2.174,3,neutral,-0.150
SE,2002,NDJFM,thaw_days,105.181,9.098,11.717,7,neutral,-0.150
SE,2002,NDJFM,tmax_mean,1.507,0.524,0.818,7,neutral,-0.150
SE,2002,NDJFM,tmean,-2.101,0.248,0.573,7,neutral,-0.150
SE,2002,NDJFM,tmin_mean,-5.718,-0.039,0.317,7,neutral,-0.150
SE,2003,DJF,frost_days,79.857,10.058,9.469,7,elnino,0.900
SE,2003,DJF,ice_days,50.429,10.563,8.707,7,elnino,0.900
SE,2003,DJF,precip,82.371,-58.941,-59.165,7,elnino,0.900
SE,2003,DJF,precip_days,19.143,-8.981,-9.005,7,elnino,0.900
SE,2003,DJF,rain_on_snow_days,1.750,0.158,-0.476,4,elnino,0.900
SE,2003,DJF,snow_cover_days,90.000,6.912,5.423,4,elnino,0.900
SE,2003,DJF,snow_depth,29.211,4.063,-1.700,4,elnino,0.900
SE,2003,DJF,snow_max,49.500,-1.685,-4.983,4,elnino,0.900
SE,2003,DJF,thaw_days,38.571,-11.021,-9.054,7,elnino,0.900
SE,2003,DJF,tmax_mean,-2.773,-2.158,-1.747,7,elnino,0.900
SE,2003,DJF,tmean,-6.550,-2.696,-2.250,7,elnino,0.900
SE,2003,DJF,tmin_mean,-10.325,-3.240,-2.758,7,elnino,0.900
SE,2003,JFM,frost_days,72.286,2.584,2.277,7,elnino,0.900
SE,2003,JFM,ice_days,34.286,-0.377,-1.657,7,elnino,0.900
SE,2003,JFM,precip,69.971,-49.487,-49.605,7,elnino,0.900
SE,2003,JFM,precip_days,16.857,-7.602,-7.508,7,elnino,0.900
SE,2003,JFM,rain_on_snow_days,2.750,0.097,0.382,4,elnino,0.900
SE,2003,JFM,snow_cover_days,84.250,-2.547,-2.147,4,elnino,0.900
SE,2003,JFM,snow_depth,31.347,-1.175,-3.075,4,elnino,0.900
SE,2003,JFM,snow_max,49.500,-1.262,-3.959,4,elnino,0.900
SE,2003,JFM,thaw_days,55.143,0.308,1.695,7,elnino,0.900
SE,2003,JFM,tmax_mean,0.567,-0.004,0.303,7,elnino,0.900
SE,2003,JFM,tmean,-3.650,-0.553,-0.234,7,elnino,0.900
SE,2003,JFM,tmin_mean,-7.863,-1.109,-0.777,7,elnino,0.900
SE,2003,NDJFM,frost_days,122.000,13.161,12.636,7,elnino,0.900
SE,2003,NDJFM,ice_days,69.857,16.000,13.812,7,elnino,0.900
SE,2003,NDJFM,precip,142.900,-91.399,-89.801,7,elnino,0.900
SE,2003,NDJFM,precip_days,31.143,-14.694,-14.443,7,elnino,0.900
SE,2003,NDJFM,rain_on_snow_days,3.542,-1.828,-0.525,4,elnino,0.900
SE,2003,NDJFM,snow_cover_days,143.479,3.621,15.903,4,elnino,0.900
SE,2003,NDJFM,snow_depth,24.018,-0.442,-4.135,4,elnino,0.900
SE,2003,NDJFM,snow_max,49.500,0.345,-8.655,4,elnino,0.900
SE,2003,NDJFM,thaw_days,80.000,-16.083,-13.741,7,elnino,0.900
SE,2003,NDJFM,tmax_mean,-0.565,-1.547,-1.288,7,elnino,0.900
SE,2003,NDJFM,tmean,-4.159,-1.810,-1.527,7,elnino,0.900
SE,2003,NDJFM,tmin_mean,-7.752,-2.073,-1.766,7,elnino,0.900
SE,2004,DJF,frost_days,76.000,6.201,5.753,7,neutral,0.340
SE,2004,DJF,ice_days,41.000,1.134,-0.545,7,neutral,0.340
SE,2004,DJF,precip,131.300,-10.013,-10.763,7,neutral,0.340
SE,2004,DJF,precip_days,25.286,-2.839,-2.923,7,neutral,0.340
SE,2004,DJF,rain_on_snow_days,0.816,-1.746,-1.429,4,neutral,0.340
SE,2004,DJF,snow_cover_days,85.876,1.412,1.350,4,neutral,0.340
SE,2004,DJF,snow_depth,22.592,-1.335,-8.249,4,neutral,0.340
SE,2004,DJF,snow_max,43.250,-1.685,-11.237,4,neutral,0.340
SE,2004,DJF,thaw_days,49.143,-0.449,1.324,7,neutral,0.340
SE,2004,DJF,tmax_mean,-0.686,-0.071,0.303,7,neutral,0.340
SE,2004,DJF,tmean,-4.198,-0.345,0.056,7,neutral,0.340
SE,2004,DJF,tmin_mean,-7.715,-0.630,-0.202,7,neutral,0.340
SE,2004,JFM,frost_days,78.571,8.870,8.745,7,neutral,0.340
SE,2004,JFM,ice_days,38.857,4.194,3.114,7,neutral,0.340
SE,2004,JFM,precip,119.300,-0.159,-0.779,7,neutral,0.340
SE,2004,JFM,precip_days,23.571,-0.887,-0.844,7,neutral,0.340
SE,2004,JFM,rain_on_snow_days,2.750,0.097,0.356,4,neutral,0.340
SE,2004,JFM,snow_cover_days,90.500,5.453,5.957,4,neutral,0.340
SE,2004,JFM,snow_depth,30.733,-4.559,-6.302,4,neutral,0.340
SE,2004,JFM,snow_max,43.750,-11.262,-13.799,4,neutral,0.340
SE,2004,JFM,thaw_days,51.571,-3.263,-2.094,7,neutral,0.340
SE,2004,JFM,tmax_mean,0.204,-0.367,-0.102,7,neutral,0.340
SE,2004,JFM,tmean,-3.592,-0.495,-0.227,7,neutral,0.340
SE,2004,JFM,tmin_mean,-7.392,-0.638,-0.365,7,neutral,0.340
SE,2004,NDJFM,frost_days,114.286,5.447,5.169,7,neutral,0.340
SE,2004,NDJFM,ice_days,53.857,0.000,-1.941,7,neutral,0.340
SE,2004,NDJFM,precip,228.457,-5.842,-4.806,7,neutral,0.340
SE,2004,NDJFM,precip_days,43.286,-2.551,-2.365,7,neutral,0.340
SE,2004,NDJFM,rain_on_snow_days,2.048,-2.828,-0.485,2,neutral,0.340
SE,2004,NDJFM,snow_cover_days,135.000,-14.379,-5.564,2,neutral,0.340
SE,2004,NDJFM,snow_depth,28.015,-4.611,-8.723,2,neutral,0.340
SE,2004,NDJFM,snow_max,56.000,-7.655,-12.578,2,neutral,0.340
SE,2004,NDJFM,thaw_days,97.143,1.060,3.125,7,neutral,0.340
SE,2004,NDJFM,tmax_mean,1.059,0.077,0.301,7,neutral,0.340
SE,2004,NDJFM,tmean,-2.429,-0.080,0.161,7,neutral,0.340
SE,2004,NDJFM,tmin_mean,-5.918,-0.239,0.019,7,neutral,0.340
SE,2005,DJF,frost_days,70.567,0.767,0.461,7,elnino,0.620
SE,2005,DJF,ice_days,34.403,-5.463,-6.965,7,elnino,0.620
SE,2005,DJF,precip,125.571,-15.741,-17.017,7,elnino,0.620
SE,2005,DJF,precip_days,26.714,-1.410,-1.555,7,elnino,0.620
SE,2005,DJF,rain_on_snow_days,0.500,-1.345,-0.546,2,elnino,0.620
SE,2005,DJF,snow_cover_days,85.500,-4.690,-2.948,2,elnino,0.620
SE,2005,DJF,snow_depth,31.904,-10.815,-7.376,2,elnino,0.620
SE,2005,DJF,snow_max,57.500,-4.552,-6.555,2,elnino,0.620
SE,2005,DJF,thaw_days,54.738,5.146,6.726,7,elnino,0.620
SE,2005,DJF,tmax_mean,0.725,1.340,1.678,7,elnino,0.620
SE,2005,DJF,tmean,-2.524,1.330,1.686,7,elnino,0.620
SE,2005,DJF,tmin_mean,-5.793,1.292,1.666,7,elnino,0.620
SE,2005,JFM,frost_days,75.711,6.009,6.068,7,elnino,0.620
SE,2005,JFM,ice_days,38.286,3.623,2.741,7,elnino,0.620
SE,2005,JFM,precip,107.500,-11.959,-13.083,7,elnino,0.620
SE,2005,JFM,precip_days,22.714,-1.745,-1.752,7,elnino,0.620
SE,2005,JFM,rain_on_snow_days,1.006,-1.300,-1.089,2,elnino,0.620
SE,2005,JFM,snow_cover_days,90.000,0.267,0.412,2,elnino,0.620
SE,2005,JFM,snow_depth,43.626,-7.975,-10.327,2,elnino,0.620
SE,2005,JFM,snow_max,57.500,-8.733,-12.117,2,elnino,0.620
SE,2005,JFM,thaw_days,51.000,-3.835,-2.884,7,elnino,0.620
SE,2005,JFM,tmax_mean,0.708,0.138,0.362,7,elnino,0.620
SE,2005,JFM,tmean,-3.195,-0.098,0.120,7,elnino,0.620
SE,2005,JFM,tmin_mean,-7.109,-0.355,-0.142,7,elnino,0.620
SE,2005,NDJFM,frost_days,116.990,8.151,8.121,7,elnino,0.620
SE,2005,NDJFM,ice_days,56.395,2.538,0.844,7,elnino,0.620
SE,2005,NDJFM,precip,183.257,-51.042,-50.568,7,elnino,0.620
SE,2005,NDJFM,precip_days,40.286,-5.551,-5.429,7,elnino,0.620
SE,2005,NDJFM,rain_on_snow_days,1.006,-3.828,-1.550,2,elnino,0.620
SE,2005,NDJFM,snow_cover_days,137.000,-9.379,-3.387,2,elnino,0.620
SE,2005,NDJFM,snow_depth,30.930,-7.601,-5.713,2,elnino,0.620
SE,2005,NDJFM,snow_max,57.500,-8.655,-11.128,2,elnino,0.620
SE,2005,NDJFM,thaw_days,93.175,-2.908,-1.119,7,elnino,0.620
SE,2005,NDJFM,tmax_mean,1.184,0.202,0.391,7,elnino,0.620
SE,2005,NDJFM,tmean,-2.501,-0.152,0.047,7,elnino,0.620
SE,2005,NDJFM,tmin_mean,-6.201,-0.522,-0.313,7,elnino,0.620
SE,2006,DJF,frost_days,78.000,9.619,9.454,6,lanina,-0.860
SE,2006,DJF,ice_days,44.667,5.553,4.169,6,lanina,-0.860
SE,2006,DJF,precip,111.800,-35.899,-36.919,6,lanina,-0.860
SE,2006,DJF,precip_days,25.333,-3.332,-3.437,6,lanina,-0.860
SE,2006,DJF,rain_on_snow_days,1.023,-1.345,-0.844,3,lanina,-0.860
SE,2006,DJF,snow_cover_days,90.000,4.310,4.095,3,lanina,-0.860
SE,2006,DJF,snow_depth,31.234,1.740,-3.493,3,lanina,-0.860
SE,2006,DJF,snow_max,47.333,-2.552,-12.721,3,lanina,-0.860
SE,2006,DJF,thaw_days,44.833,-5.547,-4.105,6,lanina,-0.860
SE,2006,DJF,tmax_mean,-1.510,-0.905,-0.595,6,lanina,-0.860
SE,2006,DJF,tmean,-4.690,-0.822,-0.516,6,lanina,-0.860
SE,2006,DJF,tmin_mean,-7.877,-0.755,-0.453,6,lanina,-0.860
SE,2006,JFM,frost_days,82.667,14.296,14.498,6,lanina,-0.860
SE,2006,JFM,ice_days,45.833,11.203,10.530,6,lanina,-0.860
SE,2006,JFM,precip,87.650,-36.613,-37.705,6,lanina,-0.860
SE,2006,JFM,precip_days,18.667,-6.292,-6.234,6,lanina,-0.860
SE,2006,JFM,rain_on_snow_days,2.250,-2.309,-0.698,4,lanina,-0.860
SE,2006,JFM,snow_cover_days,87.500,2.592,20.976,4,lanina,-0.860
SE,2006,JFM,snow_depth,22.347,-4.238,0.209,4,lanina,-0.860
SE,2006,JFM,snow_max,41.750,-3.218,2.185,4,lanina,-0.860
SE,2006,JFM,thaw_days,43.333,-11.543,-10.811,6,lanina,-0.860
SE,2006,JFM,tmax_mean,-1.514,-2.030,-1.839,6,lanina,-0.860
SE,2006,JFM,tmean,-5.433,-2.268,-2.107,6,lanina,-0.860
SE,2006,JFM,tmin_mean,-9.355,-2.522,-2.389,6,lanina,-0.860
SE,2006,NDJFM,frost_days,123.167,16.642,16.761,6,lanina,-0.860
SE,2006,NDJFM,ice_days,66.333,12.799,11.263,6,lanina,-0.860
SE,2006,NDJFM,precip,191.767,-51.883,-50.797,6,lanina,-0.860
SE,2006,NDJFM,precip_days,42.833,-3.877,-3.672,6,lanina,-0.860
SE,2006,NDJFM,thaw_days,83.500,-12.976,-11.354,6,lanina,-0.860
SE,2006,NDJFM,tmax_mean,-0.126,-1.101,-0.932,6,lanina,-0.860
SE,2006,NDJFM,tmean,-3.615,-1.234,-1.078,6,lanina,-0.860
SE,2006,NDJFM,tmin_mean,-7.108,-1.373,-1.229,6,lanina,-0.860
SE,2007,DJF,frost_days,62.143,-7.656,-7.682,7,elnino,0.620
SE,2007,DJF,ice_days,35.700,-4.166,-5.315,7,elnino,0.620
SE,2007,DJF,precip,181.986,40.673,38.344,7,elnino,0.620
SE,2007,DJF,precip_days,34.714,6.590,6.323,7,elnino,0.620
SE,2007,DJF,rain_on_snow_days,0.500,-1.345,-0.573,2,elnino,0.620
SE,2007,DJF,snow_cover_days,80.000,-15.690,-8.396,2,elnino,0.620
SE,2007,DJF,snow_depth,36.916,-18.238,-2.300,2,elnino,0.620
SE,2007,DJF,snow_max,58.500,-20.552,-5.850,2,elnino,0.620
SE,2007,DJF,thaw_days,53.443,3.851,5.042,7,elnino,0.620
SE,2007,DJF,tmax_mean,0.464,1.078,1.343,7,elnino,0.620
SE,2007,DJF,tmean,-2.901,0.953,1.219,7,elnino,0.620
SE,2007,DJF,tmin_mean,-6.272,0.813,1.079,7,elnino,0.620
SE,2007,JFM,frost_days,64.714,-4.987,-4.564,7,elnino,0.620
SE,2007,JFM,ice_days,32.571,-2.092,-2.576,7,elnino,0.620
SE,2007,JFM,precip,148.957,29.499,27.368,7,elnino,0.620
SE,2007,JFM,precip_days,29.571,5.113,5.003,7,elnino,0.620
SE,2007,JFM,rain_on_snow_days,2.111,-0.143,0.103,3,elnino,0.620
SE,2007,JFM,snow_cover_days,88.926,0.980,0.886,3,elnino,0.620
SE,2007,JFM,snow_depth,40.020,-10.384,-12.775,3,elnino,0.620
SE,2007,JFM,snow_max,56.333,-11.719,-14.976,3,elnino,0.620
SE,2007,JFM,thaw_days,56.571,1.737,2.251,7,elnino,0.620
SE,2007,JFM,tmax_mean,1.242,0.672,0.814,7,elnino,0.620
SE,2007,JFM,tmean,-2.638,0.458,0.576,7,elnino,0.620
SE,2007,JFM,tmin_mean,-6.519,0.235,0.329,7,elnino,0.620
SE,2007,NDJFM,frost_days,93.143,-15.696,-15.230,7,elnino,0.620
SE,2007,NDJFM,ice_days,42.816,-11.041,-12.240,7,elnino,0.620
SE,2007,NDJFM,precip,311.071,76.772,76.123,7,elnino,0.620
SE,2007,NDJFM,precip_days,55.143,9.306,9.300,7,elnino,0.620
SE,2007,NDJFM,rain_on_snow_days,7.520,7.172,4.918,2,elnino,0.620
SE,2007,NDJFM,snow_cover_days,138.500,-6.379,-1.533,2,elnino,0.620
SE,2007,NDJFM,snow_depth,35.751,-12.509,-0.701,2,elnino,0.620
SE,2007,NDJFM,snow_max,59.000,-24.655,-9.726,2,elnino,0.620
SE,2007,NDJFM,thaw_days,107.184,11.101,12.336,7,elnino,0.620
SE,2007,NDJFM,tmax_mean,2.627,1.645,1.764,7,elnino,0.620
SE,2007,NDJFM,tmean,-0.829,1.520,1.635,7,elnino,0.620
SE,2007,NDJFM,tmin_mean,-4.294,1.385,1.497,7,elnino,0.620
SE,2008,DJF,frost_days,55.429,-14.371,-14.255,7,lanina,-1.760
SE,2008,DJF,ice_days,23.571,-16.294,-17.267,7,lanina,-1.760
SE,2008,DJF,precip,187.129,45.816,42.961,7,lanina,-1.760
SE,2008,DJF,precip_days,33.143,5.019,4.690,7,lanina,-1.760
SE,2008,DJF,rain_on_snow_days,3.500,3.655,2.413,2,lanina,-1.760
SE,2008,DJF,snow_cover_days,87.500,-1.690,-0.871,2,lanina,-1.760
SE,2008,DJF,snow_depth,29.615,-13.941,-9.568,2,lanina,-1.760
SE,2008,DJF,snow_max,53.000,-22.552,-11.497,2,lanina,-1.760
SE,2008,DJF,thaw_days,66.714,17.122,18.120,7,lanina,-1.760
SE,2008,DJF,tmax_mean,2.201,2.816,3.044,7,lanina,-1.760
SE,2008,DJF,tmean,-0.600,3.253,3.474,7,lanina,-1.760
SE,2008,DJF,tmin_mean,-3.399,3.686,3.898,7,lanina,-1.760
SE,2008,JFM,frost_days,58.000,-11.702,-11.096,7,lanina,-1.760
SE,2008,JFM,ice_days,24.000,-10.663,-10.948,7,lanina,-1.760
SE,2008,JFM,precip,182.314,62.856,60.222,7,lanina,-1.760
SE,2008,JFM,precip_days,37.143,12.684,12.524,7,lanina,-1.760
SE,2008,JFM,rain_on_snow_days,5.333,3.691,3.907,3,lanina,-1.760
SE,2008,JFM,snow_cover_days,83.333,-7.909,-7.952,3,lanina,-1.760
SE,2008,JFM,snow_depth,29.927,-18.285,-20.531,3,lanina,-1.760
SE,2008,JFM,snow_max,46.000,-26.218,-29.352,3,lanina,-1.760
SE,2008,JFM,thaw_days,66.286,11.451,11.747,7,lanina,-1.760
SE,2008,JFM,tmax_mean,2.308,1.737,1.839,7,lanina,-1.760
SE,2008,JFM,tmean,-0.835,2.262,2.329,7,lanina,-1.760
SE,2008,JFM,tmin_mean,-3.977,2.777,2.810,7,lanina,-1.760
SE,2008,NDJFM,frost_days,98.286,-10.553,-9.839,7,lanina,-1.760
SE,2008,NDJFM,ice_days,38.429,-15.428,-16.380,7,lanina,-1.760
SE,2008,NDJFM,precip,301.800,67.501,66.290,7,lanina,-1.760
SE,2008,NDJFM,precip_days,58.571,12.735,12.664,7,lanina,-1.760
SE,2008,NDJFM,rain_on_snow_days,5.020,3.172,2.396,2,lanina,-1.760
SE,2008,NDJFM,snow_cover_days,145.000,5.621,5.143,2,lanina,-1.760
SE,2008,NDJFM,snow_depth,32.715,-8.486,-3.641,2,lanina,-1.760
SE,2008,NDJFM,snow_max,63.000,-14.655,-5.776,2,lanina,-1.760
SE,2008,NDJFM,thaw_days,111.857,15.774,16.732,7,lanina,-1.760
SE,2008,NDJFM,tmax_mean,2.305,1.323,1.407,7,lanina,-1.760
SE,2008,NDJFM,tmean,-0.718,1.632,1.705,7,lanina,-1.760
SE,2008,NDJFM,tmin_mean,-3.739,1.941,2.003,7,lanina,-1.760
SE,2009,DJF,frost_days,70.000,3.523,3.813,6,lanina,-0.890
SE,2009,DJF,ice_days,38.833,5.038,4.281,6,lanina,-0.890
SE,2009,DJF,precip,132.650,-17.082,-21.291,6,lanina,-0.890
SE,2009,DJF,precip_days,25.500,-3.013,-3.504,6,lanina,-0.890
SE,2009,DJF,rain_on_snow_days,2.000,-1.342,-1.049,3,lanina,-0.890
SE,2009,DJF,snow_cover_days,88.667,4.912,6.338,3,lanina,-0.890
SE,2009,DJF,snow_depth,24.070,3.246,-0.986,3,lanina,-0.890
SE,2009,DJF,snow_max,50.667,6.815,1.532,3,lanina,-0.890
SE,2009,DJF,thaw_days,50.500,-5.132,-4.355,6,lanina,-0.890
SE,2009,DJF,tmax_mean,-0.136,-0.772,-0.606,6,lanina,-0.890
SE,2009,DJF,tmean,-2.752,-0.528,-0.378,6,lanina,-0.890
SE,2009,DJF,tmin_mean,-5.370,-0.287,-0.152,6,lanina,-0.890
SE,2009,JFM,frost_days,71.000,4.641,5.550,6,lanina,-0.890
SE,2009,JFM,ice_days,36.500,7.740,7.622,6,lanina,-0.890
SE,2009,JFM,precip,107.717,-18.421,-22.386,6,lanina,-0.890
SE,2009,JFM,precip_days,21.833,-2.857,-3.200,6,lanina,-0.890
SE,2009,JFM,rain_on_snow_days,0.667,-2.903,-2.776,3,lanina,-0.890
SE,2009,JFM,snow_cover_days,89.333,4.453,5.476,3,lanina,-0.890
SE,2009,JFM,snow_depth,32.329,2.177,1.223,3,lanina,-0.890
SE,2009,JFM,snow_max,52.000,2.405,0.665,3,lanina,-0.890
SE,2009,JFM,thaw_days,52.667,-8.050,-7.956,6,lanina,-0.890
SE,2009,JFM,tmax_mean,0.411,-1.282,-1.252,6,lanina,-0.890
SE,2009,JFM,tmean,-2.475,-0.907,-0.909,6,lanina,-0.890
SE,2009,JFM,tmin_mean,-5.363,-0.535,-0.570,6,lanina,-0.890
SE,2009,NDJFM,frost_days,109.500,7.412,8.493,6,lanina,-0.890
SE,2009,NDJFM,ice_days,49.500,6.203,5.342,6,lanina,-0.890
SE,2009,NDJFM,precip,228.117,-20.568,-22.934,6,lanina,-0.890
SE,2009,NDJFM,precip_days,44.333,-2.143,-2.389,6,lanina,-0.890
SE,2009,NDJFM,rain_on_snow_days,3.257,-2.828,-1.994,3,lanina,-0.890
SE,2009,NDJFM,snow_cover_days,140.706,-3.379,21.253,3,lanina,-0.890
SE,2009,NDJFM,snow_depth,24.964,6.405,2.884,3,lanina,-0.890
SE,2009,NDJFM,snow_max,52.000,4.345,-0.035,3,lanina,-0.890
SE,2009,NDJFM,thaw_days,99.833,-6.804,-5.971,6,lanina,-0.890
SE,2009,NDJFM,tmax_mean,1.445,-0.697,-0.664,6,lanina,-0.890
SE,2009,NDJFM,tmean,-1.332,-0.508,-0.490,6,lanina,-0.890
SE,2009,NDJFM,tmin_mean,-4.109,-0.320,-0.317,6,lanina,-0.890
SE,2010,DJF,frost_days,82.286,12.487,12.884,7,elnino,1.470
SE,2010,DJF,ice_days,66.562,26.696,26.077,7,elnino,1.470
SE,2010,DJF,precip,123.929,-17.384,-21.291,7,elnino,1.470
SE,2010,DJF,precip_days,28.000,-0.124,-0.575,7,elnino,1.470
SE,2010,DJF,rain_on_snow_days,0.361,-2.300,-1.584,3,elnino,1.470
SE,2010,DJF,snow_cover_days,89.277,5.827,3.835,3,elnino,1.470
SE,2010,DJF,snow_depth,38.439,11.756,6.303,3,elnino,1.470
SE,2010,DJF,snow_max,68.000,21.315,12.425,3,elnino,1.470
SE,2010,DJF,thaw_days,22.865,-26.727,-26.117,7,elnino,1.470
SE,2010,DJF,tmax_mean,-4.757,-4.143,-3.987,7,elnino,1.470
SE,2010,DJF,tmean,-8.016,-4.162,-4.032,7,elnino,1.470
SE,2010,DJF,tmin_mean,-11.291,-4.207,-4.102,7,elnino,1.470
SE,2010,JFM,frost_days,84.000,14.298,15.269,7,elnino,1.470
SE,2010,JFM,ice_days,61.000,26.337,26.450,7,elnino,1.470
SE,2010,JFM,precip,107.257,-12.201,-15.841,7,elnino,1.470
SE,2010,JFM,precip_days,23.571,-0.887,-1.149,7,elnino,1.470
SE,2010,JFM,rain_on_snow_days,1.400,-2.903,-1.834,5,elnino,1.470
SE,2010,JFM,snow_cover_days,89.600,5.120,11.082,5,elnino,1.470
SE,2010,JFM,snow_depth,48.598,23.462,21.445,5,elnino,1.470
SE,2010,JFM,snow_max,72.400,31.738,28.247,5,elnino,1.470
SE,2010,JFM,thaw_days,28.429,-26.406,-26.547,7,elnino,1.470
SE,2010,JFM,tmax_mean,-3.379,-3.950,-3.931,7,elnino,1.470
SE,2010,JFM,tmean,-7.181,-4.084,-4.117,7,elnino,1.470
SE,2010,JFM,tmin_mean,-10.980,-4.226,-4.312,7,elnino,1.470
SE,2010,NDJFM,frost_days,117.714,8.876,10.085,7,elnino,1.470
SE,2010,NDJFM,ice_days,81.267,27.410,26.952,7,elnino,1.470
SE,2010,NDJFM,precip,253.657,19.358,17.024,7,elnino,1.470
SE,2010,NDJFM,precip_days,49.143,3.306,3.107,7,elnino,1.470
SE,2010,NDJFM,rain_on_snow_days,0.500,-3.828,-2.169,2,elnino,1.470
SE,2010,NDJFM,snow_cover_days,140.000,-3.379,0.497,2,elnino,1.470
SE,2010,NDJFM,snow_depth,39.822,12.518,3.655,2,elnino,1.470
SE,2010,NDJFM,snow_max,81.000,34.345,12.125,2,elnino,1.470
SE,2010,NDJFM,thaw_days,68.875,-27.208,-26.804,7,elnino,1.470
SE,2010,NDJFM,tmax_mean,-1.515,-2.497,-2.483,7,elnino,1.470
SE,2010,NDJFM,tmean,-4.735,-2.386,-2.397,7,elnino,1.470
SE,2010,NDJFM,tmin_mean,-7.967,-2.287,-2.324,7,elnino,1.470
SE,2011,DJF,frost_days,84.000,17.523,18.139,6,lanina,-1.290
SE,2011,DJF,ice_days,60.500,26.704,26.349,6,lanina,-1.290
SE,2011,DJF,precip,131.714,-9.599,-14.032,7,lanina,-1.290
SE,2011,DJF,precip_days,26.714,-1.410,-1.921,7,lanina,-1.290
SE,2011,DJF,rain_on_snow_days,1.200,-2.842,-1.761,5,lanina,-1.290
SE,2011,DJF,snow_cover_days,83.200,6.912,16.403,5,lanina,-1.290
SE,2011,DJF,snow_depth,43.264,23.474,25.178,5,lanina,-1.290
SE,2011,DJF,snow_max,70.800,24.815,33.595,5,lanina,-1.290
SE,2011,DJF,thaw_days,29.333,-26.298,-25.961,6,lanina,-1.290
SE,2011,DJF,tmax_mean,-3.318,-3.954,-3.861,6,lanina,-1.290
SE,2011,DJF,tmean,-6.696,-4.473,-4.411,6,lanina,-1.290
SE,2011,DJF,tmin_mean,-10.072,-4.989,-4.959,6,lanina,-1.290
SE,2011,JFM,frost_days,76.333,9.975,11.307,6,lanina,-1.290
SE,2011,JFM,ice_days,35.333,6.573,6.893,6,lanina,-1.290
SE,2011,JFM,precip,98.014,-21.444,-25.588,7,lanina,-1.290
SE,2011,JFM,precip_days,20.000,-4.459,-4.771,7,lanina,-1.290
SE,2011,JFM,rain_on_snow_days,1.400,-3.236,-1.812,5,lanina,-1.290
SE,2011,JFM,snow_cover_days,76.200,5.120,8.518,5,lanina,-1.290
SE,2011,JFM,snow_depth,45.647,35.492,23.940,5,lanina,-1.290
SE,2011,JFM,snow_max,69.400,42.072,30.609,5,lanina,-1.290
SE,2011,JFM,thaw_days,54.000,-6.717,-7.101,6,lanina,-1.290
SE,2011,JFM,tmax_mean,0.188,-1.505,-1.560,6,lanina,-1.290
SE,2011,JFM,tmean,-3.316,-1.747,-1.853,6,lanina,-1.290
SE,2011,JFM,tmin_mean,-6.817,-1.989,-2.144,6,lanina,-1.290
SE,2011,NDJFM,frost_days,128.167,26.078,27.731,6,lanina,-1.290
SE,2011,NDJFM,ice_days,74.833,31.536,31.216,6,lanina,-1.290
SE,2011,NDJFM,precip,210.600,-23.699,-26.595,7,lanina,-1.290
SE,2011,NDJFM,precip_days,42.143,-3.694,-3.958,7,lanina,-1.290
SE,2011,NDJFM,rain_on_snow_days,1.250,-4.828,-3.296,4,lanina,-1.290
SE,2011,NDJFM,snow_cover_days,123.250,13.621,27.525,4,lanina,-1.290
SE,2011,NDJFM,snow_depth,37.912,18.379,21.192,4,lanina,-1.290
SE,2011,NDJFM,snow_max,77.250,15.345,35.002,4,lanina,-1.290
SE,2011,NDJFM,thaw_days,75.167,-31.471,-31.241,6,lanina,-1.290
SE,2011,NDJFM,tmax_mean,-0.930,-3.072,-3.109,6,lanina,-1.290
SE,2011,NDJFM,tmean,-4.250,-3.426,-3.491,6,lanina,-1.290
SE,2011,NDJFM,tmin_mean,-7.571,-3.782,-3.874,6,lanina,-1.290
SE,2012,DJF,frost_days,70.571,0.772,1.452,7,lanina,-0.710
SE,2012,DJF,ice_days,41.286,1.420,1.154,7,lanina,-0.710
SE,2012,DJF,precip,184.657,43.344,38.385,7,lanina,-0.710
SE,2012,DJF,precip_days,33.286,5.161,4.589,7,lanina,-0.710
SE,2012,DJF,rain_on_snow_days,1.400,-0.342,-0.945,5,lanina,-0.710
SE,2012,DJF,snow_cover_days,66.800,-2.088,-5.649,5,lanina,-0.710
SE,2012,DJF,snow_depth,20.470,2.077,-4.320,5,lanina,-0.710
SE,2012,DJF,snow_max,40.000,0.315,-6.338,5,lanina,-0.710
SE,2012,DJF,thaw_days,48.286,-1.306,-1.085,7,lanina,-0.710
SE,2012,DJF,tmax_mean,-0.391,0.224,0.306,7,lanina,-0.710
SE,2012,DJF,tmean,-3.442,0.411,0.452,7,lanina,-0.710
SE,2012,DJF,tmin_mean,-6.492,0.592,0.589,7,lanina,-0.710
SE,2012,JFM,frost_days,69.000,-0.702,0.634,7,lanina,-0.710
SE,2012,JFM,ice_days,36.714,2.051,2.561,7,lanina,-0.710
SE,2012,JFM,precip,110.357,-9.101,-13.748,7,lanina,-0.710
SE,2012,JFM,precip_days,21.000,-3.459,-3.821,7,lanina,-0.710
SE,2012,JFM,rain_on_snow_days,1.200,-1.903,-1.547,5,lanina,-0.710
SE,2012,JFM,snow_cover_days,69.200,-4.547,-5.142,5,lanina,-0.710
SE,2012,JFM,snow_depth,25.722,-2.845,-2.978,5,lanina,-0.710
SE,2012,JFM,snow_max,40.000,-5.595,-7.223,5,lanina,-0.710
SE,2012,JFM,thaw_days,52.857,-1.978,-2.555,7,lanina,-0.710
SE,2012,JFM,tmax_mean,1.038,0.467,0.405,7,lanina,-0.710
SE,2012,JFM,tmean,-2.558,0.539,0.405,7,lanina,-0.710
SE,2012,JFM,tmin_mean,-6.155,0.599,0.394,7,lanina,-0.710
SE,2012,NDJFM,frost_days,99.714,-9.124,-7.419,7,lanina,-0.710
SE,2012,NDJFM,ice_days,45.857,-8.000,-7.962,7,lanina,-0.710
SE,2012,NDJFM,precip,218.543,-15.756,-19.214,7,lanina,-0.710
SE,2012,NDJFM,precip_days,42.429,-3.408,-3.737,7,lanina,-0.710
SE,2012,NDJFM,rain_on_snow_days,2.600,2.172,-1.265,5,lanina,-0.710
SE,2012,NDJFM,snow_cover_days,87.865,-15.379,-17.761,5,lanina,-0.710
SE,2012,NDJFM,snow_depth,17.186,8.639,-4.851,5,lanina,-0.710
SE,2012,NDJFM,snow_max,40.000,15.345,-8.733,5,lanina,-0.710
SE,2012,NDJFM,thaw_days,104.429,8.346,8.196,7,lanina,-0.710
SE,2012,NDJFM,tmax_mean,2.367,1.385,1.329,7,lanina,-0.710
SE,2012,NDJFM,tmean,-0.826,1.523,1.428,7,lanina,-0.710
SE,2012,NDJFM,tmin_mean,-4.021,1.658,1.524,7,lanina,-0.710
SE,2013,DJF,frost_days,79.143,9.344,10.165,7,neutral,-0.240
SE,2013,DJF,ice_days,58.571,18.706,18.616,7,neutral,-0.240
SE,2013,DJF,precip,139.314,-1.999,-7.484,7,neutral,-0.240
SE,2013,DJF,precip_days,32.286,4.161,3.528,7,neutral,-0.240
SE,2013,DJF,rain_on_snow_days,2.667,-0.342,0.140,6,neutral,-0.240
SE,2013,DJF,snow_cover_days,85.667,6.912,15.241,6,neutral,-0.240
SE,2013,DJF,snow_depth,37.669,13.341,14.882,6,neutral,-0.240
SE,2013,DJF,snow_max,62.333,11.315,19.528,6,neutral,-0.240
SE,2013,DJF,thaw_days,30.571,-19.021,-18.993,7,neutral,-0.240
SE,2013,DJF,tmax_mean,-2.859,-2.244,-2.198,7,neutral,-0.240
SE,2013,DJF,tmean,-5.945,-2.092,-2.097,7,neutral,-0.240
SE,2013,DJF,tmin_mean,-9.034,-1.950,-2.007,7,neutral,-0.240
SE,2013,JFM,frost_days,81.857,12.156,13.674,7,neutral,-0.240
SE,2013,JFM,ice_days,48.571,13.908,14.618,7,neutral,-0.240
SE,2013,JFM,precip,68.271,-51.187,-56.337,7,neutral,-0.240
SE,2013,JFM,precip_days,17.714,-6.745,-7.158,7,neutral,-0.240
SE,2013,JFM,rain_on_snow_days,1.333,-2.570,-1.632,6,neutral,-0.240
SE,2013,JFM,snow_cover_days,83.167,5.120,14.525,6,neutral,-0.240
SE,2013,JFM,snow_depth,40.026,19.058,12.673,6,neutral,-0.240
SE,2013,JFM,snow_max,57.000,18.738,11.293,6,neutral,-0.240
SE,2013,JFM,thaw_days,41.286,-13.549,-14.344,7,neutral,-0.240
SE,2013,JFM,tmax_mean,-1.150,-1.721,-1.825,7,neutral,-0.240
SE,2013,JFM,tmean,-5.097,-2.000,-2.184,7,neutral,-0.240
SE,2013,JFM,tmin_mean,-9.049,-2.295,-2.560,7,neutral,-0.240
SE,2013,NDJFM,frost_days,121.714,12.876,14.829,7,neutral,-0.240
SE,2013,NDJFM,ice_days,75.571,21.714,21.999,7,neutral,-0.240
SE,2013,NDJFM,precip,202.057,-32.242,-36.261,7,neutral,-0.240
SE,2013,NDJFM,precip_days,45.429,-0.408,-0.801,7,neutral,-0.240
SE,2013,NDJFM,rain_on_snow_days,2.604,-2.828,-1.274,5,neutral,-0.240
SE,2013,NDJFM,snow_cover_days,118.200,-8.379,12.814,5,neutral,-0.240
SE,2013,NDJFM,snow_depth,33.921,16.041,11.971,5,neutral,-0.240
SE,2013,NDJFM,snow_max,66.400,23.345,17.747,5,neutral,-0.240
SE,2013,NDJFM,thaw_days,74.429,-21.654,-22.081,7,neutral,-0.240
SE,2013,NDJFM,tmax_mean,-0.731,-1.713,-1.803,7,neutral,-0.240
SE,2013,NDJFM,tmean,-4.150,-1.800,-1.937,7,neutral,-0.240
SE,2013,NDJFM,tmin_mean,-7.572,-1.892,-2.076,7,neutral,-0.240
SE,2014,DJF,frost_days,60.667,-12.801,-12.218,6,neutral,-0.240
SE,2014,DJF,ice_days,33.833,-9.986,-10.081,6,neutral,-0.240
SE,2014,DJF,precip,174.357,33.044,27.033,7,neutral,-0.240
SE,2014,DJF,precip_days,36.286,8.161,7.467,7,neutral,-0.240
SE,2014,DJF,rain_on_snow_days,4.409,3.658,2.043,5,neutral,-0.240
SE,2014,DJF,snow_cover_days,61.800,-13.088,-10.425,5,neutral,-0.240
SE,2014,DJF,snow_depth,16.690,-15.903,-7.975,5,neutral,-0.240
SE,2014,DJF,snow_max,38.000,-15.185,-8.292,5,neutral,-0.240
SE,2014,DJF,thaw_days,55.167,9.542,9.580,6,neutral,-0.240
SE,2014,DJF,tmax_mean,-0.245,1.042,1.103,6,neutral,-0.240
SE,2014,DJF,tmean,-2.700,1.981,1.984,6,neutral,-0.240
SE,2014,DJF,tmin_mean,-5.154,2.914,2.855,6,neutral,-0.240
SE,2014,JFM,frost_days,47.000,-19.358,-17.390,6,neutral,-0.240
SE,2014,JFM,ice_days,21.500,-7.260,-6.284,6,neutral,-0.240
SE,2014,JFM,precip,132.329,12.870,7.217,7,neutral,-0.240
SE,2014,JFM,precip_days,30.000,5.541,5.077,7,neutral,-0.240
SE,2014,JFM,rain_on_snow_days,5.500,3.430,2.426,4,neutral,-0.240
SE,2014,JFM,snow_cover_days,56.000,-17.213,-12.530,4,neutral,-0.240
SE,2014,JFM,snow_depth,7.559,-20.705,-15.762,4,neutral,-0.240
SE,2014,JFM,snow_max,27.750,-18.262,-13.402,4,neutral,-0.240
SE,2014,JFM,thaw_days,68.167,7.450,6.347,6,neutral,-0.240
SE,2014,JFM,tmax_mean,3.113,1.420,1.236,6,neutral,-0.240
SE,2014,JFM,tmean,0.667,2.236,1.976,6,neutral,-0.240
SE,2014,JFM,tmin_mean,-1.778,3.050,2.715,6,neutral,-0.240
SE,2014,NDJFM,frost_days,95.667,-19.681,-17.978,6,neutral,-0.240
SE,2014,NDJFM,ice_days,44.734,-15.140,-14.707,6,neutral,-0.240
SE,2014,NDJFM,precip,255.157,20.858,16.277,7,neutral,-0.240
SE,2014,NDJFM,precip_days,52.286,6.449,5.992,7,neutral,-0.240
SE,2014,NDJFM,rain_on_snow_days,5.861,4.172,1.971,5,neutral,-0.240
SE,2014,NDJFM,snow_cover_days,85.600,-14.379,-19.546,5,neutral,-0.240
SE,2014,NDJFM,snow_depth,14.275,-19.317,-7.588,5,neutral,-0.240
SE,2014,NDJFM,snow_max,38.000,-21.655,-10.573,5,neutral,-0.240
SE,2014,NDJFM,thaw_days,105.213,15.212,14.619,6,neutral,-0.240
SE,2014,NDJFM,tmax_mean,1.670,1.317,1.233,6,neutral,-0.240
SE,2014,NDJFM,tmean,-1.250,1.872,1.732,6,neutral,-0.240
SE,2014,NDJFM,tmin_mean,-4.184,2.411,2.214,6,neutral,-0.240
SE,2015,DJF,frost_days,57.167,-9.310,-8.041,6,elnino,0.730
SE,2015,DJF,ice_days,22.500,-11.296,-10.848,6,elnino,0.730
SE,2015,DJF,precip,175.286,33.973,27.435,7,elnino,0.730
SE,2015,DJF,precip_days,31.429,3.304,2.549,7,elnino,0.730
SE,2015,DJF,rain_on_snow_days,3.000,-0.342,0.093,4,elnino,0.730
SE,2015,DJF,snow_cover_days,53.250,-15.088,-14.382,4,elnino,0.730
SE,2015,DJF,snow_depth,17.028,-0.576,-1.903,4,elnino,0.730
SE,2015,DJF,snow_max,43.000,16.315,3.349,4,elnino,0.730
SE,2015,DJF,thaw_days,66.667,11.035,10.493,6,elnino,0.730
SE,2015,DJF,tmax_mean,1.866,1.230,1.177,6,elnino,0.730
SE,2015,DJF,tmean,-0.677,1.546,1.429,6,elnino,0.730
SE,2015,DJF,tmin_mean,-3.219,1.863,1.683,6,elnino,0.730
SE,2015,JFM,frost_days,58.571,-11.130,-9.247,7,elnino,0.730
SE,2015,JFM,ice_days,19.711,-14.952,-13.846,7,elnino,0.730
SE,2015,JFM,precip,168.700,49.241,43.085,7,elnino,0.730
SE,2015,JFM,precip_days,29.286,4.827,4.312,7,elnino,0.730
SE,2015,JFM,rain_on_snow_days,4.620,3.097,2.413,5,elnino,0.730
SE,2015,JFM,snow_cover_days,66.800,-5.547,-7.349,5,elnino,0.730
SE,2015,JFM,snow_depth,26.499,-4.490,-3.924,5,elnino,0.730
SE,2015,JFM,snow_max,48.400,7.072,2.009,5,elnino,0.730
SE,2015,JFM,thaw_days,69.718,14.883,13.651,7,elnino,0.730
SE,2015,JFM,tmax_mean,2.389,1.818,1.632,7,elnino,0.730
SE,2015,JFM,tmean,-0.832,2.265,1.980,7,elnino,0.730
SE,2015,JFM,tmin_mean,-4.050,2.705,2.320,7,elnino,0.730
SE,2015,NDJFM,frost_days,82.167,-19.922,-17.126,6,elnino,0.730
SE,2015,NDJFM,ice_days,37.830,-16.027,-15.247,7,elnino,0.730
SE,2015,NDJFM,precip,274.829,40.529,35.387,7,elnino,0.730
SE,2015,NDJFM,precip_days,48.000,2.163,1.642,7,elnino,0.730
SE,2015,NDJFM,rain_on_snow_days,4.620,2.172,0.718,5,elnino,0.730
SE,2015,NDJFM,snow_cover_days,87.600,-26.379,-17.306,5,elnino,0.730
SE,2015,NDJFM,snow_depth,17.838,-1.932,-3.939,5,elnino,0.730
SE,2015,NDJFM,snow_max,48.400,26.345,-0.093,5,elnino,0.730
SE,2015,NDJFM,thaw_days,112.297,16.214,15.234,7,elnino,0.730
SE,2015,NDJFM,tmax_mean,2.342,1.359,1.199,7,elnino,0.730
SE,2015,NDJFM,tmean,0.932,1.755,1.524,6,elnino,0.730
SE,2015,NDJFM,tmin_mean,-1.721,2.068,1.783,6,elnino,0.730
SE,2016,DJF,frost_days,67.571,-2.228,-0.984,7,super,2.500
SE,2016,DJF,ice_days,39.714,-0.151,0.289,7,super,2.500
SE,2016,DJF,precip,134.100,-7.213,-14.277,7,super,2.500
SE,2016,DJF,precip_days,30.714,2.590,1.774,7,super,2.500
SE,2016,DJF,rain_on_snow_days,3.000,1.658,0.614,5,super,2.500
SE,2016,DJF,snow_cover_days,63.200,-8.588,-8.800,5,super,2.500
SE,2016,DJF,snow_depth,20.325,-9.384,-4.214,5,super,2.500
SE,2016,DJF,snow_max,44.400,-5.185,-1.847,5,super,2.500
SE,2016,DJF,thaw_days,50.857,1.265,0.711,7,super,2.500
SE,2016,DJF,tmax_mean,-0.267,0.348,0.284,7,super,2.500
SE,2016,DJF,tmean,-3.466,0.388,0.248,7,super,2.500
SE,2016,DJF,tmin_mean,-6.667,0.418,0.199,7,super,2.500
SE,2016,JFM,frost_days,64.667,-1.692,0.700,6,super,2.500
SE,2016,JFM,ice_days,30.000,1.240,2.653,6,super,2.500
SE,2016,JFM,precip,110.914,-8.544,-15.204,7,super,2.500
SE,2016,JFM,precip_days,26.571,2.113,1.547,7,super,2.500
SE,2016,JFM,rain_on_snow_days,3.750,1.097,0.650,4,super,2.500
SE,2016,JFM,snow_cover_days,67.500,0.120,-0.668,4,super,2.500
SE,2016,JFM,snow_depth,15.629,-9.504,-7.432,4,super,2.500
SE,2016,JFM,snow_max,31.750,-9.928,-9.080,4,super,2.500
SE,2016,JFM,thaw_days,60.833,0.117,-1.465,6,super,2.500
SE,2016,JFM,tmax_mean,1.440,-0.253,-0.522,6,super,2.500
SE,2016,JFM,tmean,-1.647,-0.078,-0.441,6,super,2.500
SE,2016,JFM,tmin_mean,-4.736,0.091,-0.364,6,super,2.500
SE,2016,NDJFM,frost_days,101.551,-7.287,-4.591,7,super,2.500
SE,2016,NDJFM,ice_days,50.337,-3.520,-2.493,7,super,2.500
SE,2016,NDJFM,precip,236.700,2.401,-3.303,7,super,2.500
SE,2016,NDJFM,precip_days,48.714,2.877,2.292,7,super,2.500
SE,2016,NDJFM,rain_on_snow_days,3.800,0.172,-0.115,5,super,2.500
SE,2016,NDJFM,snow_cover_days,93.115,-1.379,-11.550,5,super,2.500
SE,2016,NDJFM,snow_depth,18.482,-5.559,-3.207,5,super,2.500
SE,2016,NDJFM,snow_max,44.400,-2.655,-4.013,5,super,2.500
SE,2016,NDJFM,thaw_days,100.926,4.843,3.586,7,super,2.500
SE,2016,NDJFM,tmax_mean,1.807,0.825,0.630,7,super,2.500
SE,2016,NDJFM,tmean,-1.359,0.990,0.727,7,super,2.500
SE,2016,NDJFM,tmin_mean,-4.518,1.161,0.831,7,super,2.500
SE,2017,DJF,frost_days,69.571,-0.228,1.157,7,neutral,-0.080
SE,2017,DJF,ice_days,23.667,-10.129,-9.280,6,neutral,-0.080
SE,2017,DJF,precip,101.729,-39.584,-47.174,7,neutral,-0.080
SE,2017,DJF,precip_days,20.857,-7.267,-8.145,7,neutral,-0.080
SE,2017,DJF,rain_on_snow_days,2.400,1.158,0.004,5,neutral,-0.080
SE,2017,DJF,snow_cover_days,66.000,0.412,-5.888,5,neutral,-0.080
SE,2017,DJF,snow_depth,15.217,-14.159,-9.260,5,neutral,-0.080
SE,2017,DJF,snow_max,36.400,-17.185,-9.825,5,neutral,-0.080
SE,2017,DJF,thaw_days,64.833,9.202,8.220,6,neutral,-0.080
SE,2017,DJF,tmax_mean,2.258,1.623,1.497,6,neutral,-0.080
SE,2017,DJF,tmean,-0.719,1.505,1.299,6,neutral,-0.080
SE,2017,DJF,tmin_mean,-5.602,1.482,1.209,7,neutral,-0.080
SE,2017,JFM,frost_days,68.143,-1.559,0.689,7,neutral,-0.080
SE,2017,JFM,ice_days,22.667,-6.093,-4.462,6,neutral,-0.080
SE,2017,JFM,precip,110.386,-9.073,-16.235,7,neutral,-0.080
SE,2017,JFM,precip_days,22.571,-1.887,-2.503,7,neutral,-0.080
SE,2017,JFM,rain_on_snow_days,3.200,1.764,0.887,5,neutral,-0.080
SE,2017,JFM,snow_cover_days,70.400,-3.213,-2.487,5,neutral,-0.080
SE,2017,JFM,snow_depth,19.675,-19.412,-14.359,5,neutral,-0.080
SE,2017,JFM,snow_max,38.600,-21.262,-11.919,5,neutral,-0.080
SE,2017,JFM,thaw_days,66.333,5.617,3.795,6,neutral,-0.080
SE,2017,JFM,tmax_mean,2.953,1.261,0.949,6,neutral,-0.080
SE,2017,JFM,tmean,-0.264,1.304,0.890,6,neutral,-0.080
SE,2017,JFM,tmin_mean,-5.339,1.415,0.911,7,neutral,-0.080
SE,2017,NDJFM,frost_days,109.286,0.447,3.392,7,neutral,-0.080
SE,2017,NDJFM,ice_days,44.921,-8.936,-7.662,7,neutral,-0.080
SE,2017,NDJFM,precip,222.757,-11.542,-17.808,7,neutral,-0.080
SE,2017,NDJFM,precip_days,42.143,-3.694,-4.344,7,neutral,-0.080
SE,2017,NDJFM,rain_on_snow_days,5.800,3.172,1.872,5,neutral,-0.080
SE,2017,NDJFM,snow_cover_days,102.762,7.621,-1.664,5,neutral,-0.080
SE,2017,NDJFM,snow_depth,15.122,-13.780,-6.480,5,neutral,-0.080
SE,2017,NDJFM,snow_max,42.800,-19.655,-5.533,5,neutral,-0.080
SE,2017,NDJFM,thaw_days,103.773,7.690,6.156,7,neutral,-0.080
SE,2017,NDJFM,tmax_mean,2.099,1.116,0.886,7,neutral,-0.080
SE,2017,NDJFM,tmean,-1.271,1.079,0.774,7,neutral,-0.080
SE,2017,NDJFM,tmin_mean,-4.653,1.027,0.647,7,neutral,-0.080
SE,2018,DJF,frost_days,76.333,3.278,4.702,6,lanina,-0.710
SE,2018,DJF,ice_days,49.833,5.910,6.648,6,lanina,-0.710
SE,2018,DJF,precip,188.300,46.987,38.871,7,lanina,-0.710
SE,2018,DJF,precip_days,34.143,6.019,5.080,7,lanina,-0.710
SE,2018,DJF,rain_on_snow_days,2.200,0.158,-0.206,5,lanina,-0.710
SE,2018,DJF,snow_cover_days,73.000,6.912,1.224,5,lanina,-0.710
SE,2018,DJF,snow_depth,40.758,19.807,16.343,5,lanina,-0.710
SE,2018,DJF,snow_max,65.200,25.815,18.998,5,lanina,-0.710
SE,2018,DJF,thaw_days,40.000,-5.437,-6.318,6,lanina,-0.710
SE,2018,DJF,tmax_mean,-2.389,-1.075,-1.203,6,lanina,-0.710
SE,2018,DJF,tmean,-5.571,-0.912,-1.137,6,lanina,-0.710
SE,2018,DJF,tmin_mean,-8.753,-0.758,-1.084,6,lanina,-0.710
SE,2018,JFM,frost_days,82.000,9.327,11.662,6,lanina,-0.710
SE,2018,JFM,ice_days,52.249,13.852,15.652,6,lanina,-0.710
SE,2018,JFM,precip,132.471,13.013,5.347,7,lanina,-0.710
SE,2018,JFM,precip_days,27.286,2.827,2.160,7,lanina,-0.710
SE,2018,JFM,rain_on_snow_days,1.200,-1.570,-1.626,5,lanina,-0.710
SE,2018,JFM,snow_cover_days,74.000,5.120,2.194,5,lanina,-0.710
SE,2018,JFM,snow_depth,54.742,33.529,25.049,5,lanina,-0.710
SE,2018,JFM,snow_max,72.400,36.405,26.492,5,lanina,-0.710
SE,2018,JFM,thaw_days,37.251,-13.774,-15.729,6,lanina,-0.710
SE,2018,JFM,tmax_mean,-2.408,-2.294,-2.591,6,lanina,-0.710
SE,2018,JFM,tmean,-6.061,-2.196,-2.636,6,lanina,-0.710
SE,2018,JFM,tmin_mean,-9.700,-2.096,-2.681,6,lanina,-0.710
SE,2018,NDJFM,frost_days,124.667,10.243,13.241,6,lanina,-0.710
SE,2018,NDJFM,ice_days,73.395,13.373,14.988,6,lanina,-0.710
SE,2018,NDJFM,precip,297.071,62.772,55.945,7,lanina,-0.710
SE,2018,NDJFM,precip_days,54.857,9.020,8.306,7,lanina,-0.710
SE,2018,NDJFM,rain_on_snow_days,3.200,-0.828,-0.741,5,lanina,-0.710
SE,2018,NDJFM,snow_cover_days,111.192,7.621,7.006,5,lanina,-0.710
SE,2018,NDJFM,snow_depth,38.532,17.558,17.017,5,lanina,-0.710
SE,2018,NDJFM,snow_max,72.400,24.345,24.147,5,lanina,-0.710
SE,2018,NDJFM,thaw_days,76.939,-12.811,-14.725,6,lanina,-0.710
SE,2018,NDJFM,tmax_mean,-0.998,-1.292,-1.550,6,lanina,-0.710
SE,2018,NDJFM,tmean,-4.391,-1.282,-1.629,6,lanina,-0.710
SE,2018,NDJFM,tmin_mean,-7.778,-1.269,-1.706,6,lanina,-0.710
SE,2019,DJF,frost_days,66.857,-2.942,-1.276,7,elnino,0.990
SE,2019,DJF,ice_days,35.833,-4.033,-3.063,7,elnino,0.990
SE,2019,DJF,precip,152.282,10.969,2.327,7,elnino,0.990
SE,2019,DJF,precip_days,29.196,1.072,0.072,7,elnino,0.990
SE,2019,DJF,rain_on_snow_days,1.614,0.192,-0.802,5,elnino,0.990
SE,2019,DJF,snow_cover_days,68.373,2.344,-3.290,5,elnino,0.990
SE,2019,DJF,snow_depth,21.386,5.001,-2.966,5,elnino,0.990
SE,2019,DJF,snow_max,51.200,17.315,5.021,5,elnino,0.990
SE,2019,DJF,thaw_days,53.596,4.004,2.868,7,elnino,0.990
SE,2019,DJF,tmax_mean,-0.330,0.285,0.113,7,elnino,0.990
SE,2019,DJF,tmean,-3.530,0.324,0.049,7,elnino,0.990
SE,2019,DJF,tmin_mean,-6.753,0.332,-0.049,7,elnino,0.990
SE,2019,JFM,frost_days,64.714,-4.987,-2.374,7,elnino,0.990
SE,2019,JFM,ice_days,31.103,-3.560,-1.658,7,elnino,0.990
SE,2019,JFM,precip,161.683,42.224,34.055,7,elnino,0.990
SE,2019,JFM,precip_days,29.621,5.162,4.445,7,elnino,0.990
SE,2019,JFM,rain_on_snow_days,1.818,-0.539,-0.867,5,elnino,0.990
SE,2019,JFM,snow_cover_days,72.786,4.097,0.858,5,elnino,0.990
SE,2019,JFM,snow_depth,29.879,6.321,4.764,5,elnino,0.990
SE,2019,JFM,snow_max,56.400,19.738,13.902,5,elnino,0.990
SE,2019,JFM,thaw_days,58.326,3.491,1.386,7,elnino,0.990
SE,2019,JFM,tmax_mean,1.121,0.551,0.201,7,elnino,0.990
SE,2019,JFM,tmean,-2.618,0.479,-0.007,7,elnino,0.990
SE,2019,JFM,tmin_mean,-6.376,0.378,-0.245,7,elnino,0.990
SE,2019,NDJFM,frost_days,100.039,-8.799,-5.359,7,elnino,0.990
SE,2019,NDJFM,ice_days,46.548,-7.309,-5.539,7,elnino,0.990
SE,2019,NDJFM,precip,249.718,15.419,8.029,7,elnino,0.990
SE,2019,NDJFM,precip_days,47.333,1.497,0.718,7,elnino,0.990
SE,2019,NDJFM,rain_on_snow_days,2.211,0.172,-1.742,5,elnino,0.990
SE,2019,NDJFM,snow_cover_days,95.674,-14.379,-8.271,5,elnino,0.990
SE,2019,NDJFM,snow_depth,19.698,8.432,-1.730,5,elnino,0.990
SE,2019,NDJFM,snow_max,56.400,25.345,8.227,5,elnino,0.990
SE,2019,NDJFM,thaw_days,103.302,7.219,5.131,7,elnino,0.990
SE,2019,NDJFM,tmax_mean,1.599,0.616,0.316,7,elnino,0.990
SE,2019,NDJFM,tmean,-1.637,0.712,0.324,7,elnino,0.990
SE,2019,NDJFM,tmin_mean,-4.888,0.791,0.313,7,elnino,0.990
SE,2020,DJF,frost_days,44.500,-21.977,-19.893,6,elnino,0.710
SE,2020,DJF,ice_days,12.000,-21.796,-20.344,6,elnino,0.710
SE,2020,DJF,precip,184.157,42.844,33.676,7,elnino,0.710
SE,2020,DJF,precip_days,34.143,6.019,4.958,7,elnino,0.710
SE,2020,DJF,rain_on_snow_days,3.800,0.658,0.734,5,elnino,0.710
SE,2020,DJF,snow_cover_days,33.000,-32.088,-32.451,5,elnino,0.710
SE,2020,DJF,snow_depth,3.894,-15.632,-13.434,5,elnino,0.710
SE,2020,DJF,snow_max,15.000,-15.685,-21.094,5,elnino,0.710
SE,2020,DJF,thaw_days,78.333,22.702,21.061,6,elnino,0.710
SE,2020,DJF,tmax_mean,4.160,3.524,3.289,6,elnino,0.710
SE,2020,DJF,tmean,1.628,3.851,3.511,6,elnino,0.710
SE,2020,DJF,tmin_mean,-0.906,4.177,3.732,6,elnino,0.710
SE,2020,JFM,frost_days,45.333,-21.025,-17.786,6,elnino,0.710
SE,2020,JFM,ice_days,7.500,-21.260,-18.972,6,elnino,0.710
SE,2020,JFM,precip,148.329,28.870,20.198,7,elnino,0.710
SE,2020,JFM,precip_days,27.857,3.398,2.630,7,elnino,0.710
SE,2020,JFM,rain_on_snow_days,3.200,1.430,-0.100,5,elnino,0.710
SE,2020,JFM,snow_cover_days,29.400,-36.880,-36.451,5,elnino,0.710
SE,2020,JFM,snow_depth,5.464,-21.065,-15.306,5,elnino,0.710
SE,2020,JFM,snow_max,17.600,-20.928,-19.915,5,elnino,0.710
SE,2020,JFM,thaw_days,83.000,22.283,19.743,6,elnino,0.710
SE,2020,JFM,tmax_mean,5.087,3.394,2.954,6,elnino,0.710
SE,2020,JFM,tmean,2.077,3.645,3.077,6,elnino,0.710
SE,2020,JFM,tmin_mean,-0.935,3.893,3.196,6,elnino,0.710
SE,2020,NDJFM,frost_days,73.833,-28.255,-24.030,6,elnino,0.710
SE,2020,NDJFM,ice_days,19.333,-23.964,-21.854,6,elnino,0.710
SE,2020,NDJFM,precip,280.443,46.144,38.192,7,elnino,0.710
SE,2020,NDJFM,precip_days,53.571,7.735,6.892,7,elnino,0.710
SE,2020,NDJFM,rain_on_snow_days,6.600,5.172,2.826,5,elnino,0.710
SE,2020,NDJFM,snow_cover_days,53.200,9.621,-30.103,5,elnino,0.710
SE,2020,NDJFM,snow_depth,4.166,-10.177,-10.701,5,elnino,0.710
SE,2020,NDJFM,snow_max,18.800,-8.655,-18.482,5,elnino,0.710
SE,2020,NDJFM,thaw_days,131.833,25.196,22.710,6,elnino,0.710
SE,2020,NDJFM,tmax_mean,4.455,2.313,1.959,6,elnino,0.710
SE,2020,NDJFM,tmean,1.806,2.629,2.190,6,elnino,0.710
SE,2020,NDJFM,tmin_mean,-0.842,2.947,2.422,6,elnino,0.710
SE,2021,DJF,frost_days,61.857,-7.942,-5.994,7,lanina,-0.990
SE,2021,DJF,ice_days,40.143,0.277,1.600,7,lanina,-0.990
SE,2021,DJF,precip,200.971,59.659,49.964,7,lanina,-0.990
SE,2021,DJF,precip_days,31.000,2.876,1.754,7,lanina,-0.990
SE,2021,DJF,rain_on_snow_days,3.202,0.265,0.590,6,lanina,-0.990
SE,2021,DJF,snow_cover_days,58.905,-16.874,-10.506,6,lanina,-0.990
SE,2021,DJF,snow_depth,19.226,3.144,-3.104,6,lanina,-0.990
SE,2021,DJF,snow_max,46.500,19.815,4.048,6,lanina,-0.990
SE,2021,DJF,thaw_days,49.571,-0.021,-1.544,7,lanina,-0.990
SE,2021,DJF,tmax_mean,-0.377,0.237,-0.009,7,lanina,-0.990
SE,2021,DJF,tmean,-3.122,0.732,0.367,7,lanina,-0.990
SE,2021,DJF,tmin_mean,-5.869,1.216,0.727,7,lanina,-0.990
SE,2021,JFM,frost_days,68.857,-0.844,2.134,7,lanina,-0.990
SE,2021,JFM,ice_days,39.236,4.573,6.873,7,lanina,-0.990
SE,2021,JFM,precip,137.014,17.556,8.380,7,lanina,-0.990
SE,2021,JFM,precip_days,20.571,-3.887,-4.706,7,lanina,-0.990
SE,2021,JFM,rain_on_snow_days,2.881,-0.808,0.147,6,lanina,-0.990
SE,2021,JFM,snow_cover_days,64.417,-8.713,-6.347,6,lanina,-0.990
SE,2021,JFM,snow_depth,25.957,0.325,-0.938,6,lanina,-0.990
SE,2021,JFM,snow_max,46.500,4.072,2.427,6,lanina,-0.990
SE,2021,JFM,thaw_days,50.336,-4.499,-7.041,7,lanina,-0.990
SE,2021,JFM,tmax_mean,0.405,-0.166,-0.598,7,lanina,-0.990
SE,2021,JFM,tmean,-3.113,-0.016,-0.603,7,lanina,-0.990
SE,2021,JFM,tmin_mean,-6.634,0.121,-0.622,7,lanina,-0.990
SE,2021,NDJFM,frost_days,92.394,-16.445,-12.509,7,lanina,-0.990
SE,2021,NDJFM,ice_days,47.172,-6.685,-4.421,7,lanina,-0.990
SE,2021,NDJFM,precip,270.829,36.529,28.017,7,lanina,-0.990
SE,2021,NDJFM,precip_days,45.571,-0.265,-1.172,7,lanina,-0.990
SE,2021,NDJFM,rain_on_snow_days,4.045,-0.828,0.276,6,lanina,-0.990
SE,2021,NDJFM,snow_cover_days,78.158,-9.379,-18.076,6,lanina,-0.990
SE,2021,NDJFM,snow_depth,16.220,16.094,-2.484,6,lanina,-0.990
SE,2021,NDJFM,snow_max,46.500,50.345,2.987,6,lanina,-0.990
SE,2021,NDJFM,thaw_days,103.400,7.317,4.675,7,lanina,-0.990
SE,2021,NDJFM,tmax_mean,2.231,1.248,0.879,7,lanina,-0.990
SE,2021,NDJFM,tmean,-0.747,1.602,1.130,7,lanina,-0.990
SE,2021,NDJFM,tmin_mean,-3.731,1.948,1.372,7,lanina,-0.990
SE,2022,DJF,frost_days,65.667,-0.810,1.600,6,lanina,-0.760
SE,2022,DJF,ice_days,30.500,-3.296,-1.443,6,lanina,-0.760
SE,2022,DJF,precip,151.467,1.735,-9.414,6,lanina,-0.760
SE,2022,DJF,precip_days,28.667,0.154,-1.056,6,lanina,-0.760
SE,2022,DJF,rain_on_snow_days,3.065,0.821,-0.024,5,lanina,-0.760
SE,2022,DJF,snow_cover_days,66.181,5.865,1.029,5,lanina,-0.760
SE,2022,DJF,snow_depth,14.065,-1.758,-3.095,5,lanina,-0.760
SE,2022,DJF,snow_max,31.000,-4.185,-4.848,5,lanina,-0.760
SE,2022,DJF,thaw_days,59.000,3.368,1.287,6,lanina,-0.760
SE,2022,DJF,tmax_mean,1.292,0.657,0.348,6,lanina,-0.760
SE,2022,DJF,tmean,-1.688,0.536,0.106,6,lanina,-0.760
SE,2022,DJF,tmin_mean,-4.674,0.409,-0.141,6,lanina,-0.760
SE,2022,JFM,frost_days,63.833,-2.525,1.138,6,lanina,-0.760
SE,2022,JFM,ice_days,16.833,-11.927,-9.201,6,lanina,-0.760
SE,2022,JFM,precip,116.833,-9.304,-19.969,6,lanina,-0.760
SE,2022,JFM,precip_days,21.167,-3.524,-4.454,6,lanina,-0.760
SE,2022,JFM,rain_on_snow_days,2.665,-0.461,-0.655,5,lanina,-0.760
SE,2022,JFM,snow_cover_days,55.986,-2.903,-9.458,5,lanina,-0.760
SE,2022,JFM,snow_depth,15.672,-4.425,-4.889,5,lanina,-0.760
SE,2022,JFM,snow_max,30.600,-1.928,-6.632,5,lanina,-0.760
SE,2022,JFM,thaw_days,72.833,12.117,9.098,6,lanina,-0.760
SE,2022,JFM,tmax_mean,4.134,2.442,1.915,6,lanina,-0.760
SE,2022,JFM,tmean,0.400,1.968,1.297,6,lanina,-0.760
SE,2022,JFM,tmin_mean,-3.335,1.494,0.676,6,lanina,-0.760
SE,2022,NDJFM,frost_days,101.833,-0.255,4.541,6,lanina,-0.760
SE,2022,NDJFM,ice_days,36.833,-6.464,-3.814,6,lanina,-0.760
SE,2022,NDJFM,precip,203.067,-45.618,-55.046,6,lanina,-0.760
SE,2022,NDJFM,precip_days,38.167,-8.310,-9.226,6,lanina,-0.760
SE,2022,NDJFM,rain_on_snow_days,3.438,-3.828,-1.655,5,lanina,-0.760
SE,2022,NDJFM,snow_cover_days,84.128,-3.379,0.279,5,lanina,-0.760
SE,2022,NDJFM,snow_depth,11.474,3.644,-1.575,5,lanina,-0.760
SE,2022,NDJFM,snow_max,31.000,5.345,-3.700,5,lanina,-0.760
SE,2022,NDJFM,thaw_days,113.500,6.862,3.774,6,lanina,-0.760
SE,2022,NDJFM,tmax_mean,3.279,1.137,0.712,6,lanina,-0.760
SE,2022,NDJFM,tmean,-0.019,0.805,0.282,6,lanina,-0.760
SE,2022,NDJFM,tmin_mean,-3.319,0.470,-0.151,6,lanina,-0.760
SE,2023,DJF,frost_days,62.157,-4.320,-1.746,6,lanina,-0.550
SE,2023,DJF,ice_days,27.833,-5.962,-3.909,6,lanina,-0.550
SE,2023,DJF,precip,192.733,43.001,31.319,6,lanina,-0.550
SE,2023,DJF,precip_days,32.000,3.487,2.222,6,lanina,-0.550
SE,2023,DJF,rain_on_snow_days,3.600,1.158,0.499,5,lanina,-0.550
SE,2023,DJF,snow_cover_days,57.400,-1.588,-7.603,5,lanina,-0.550
SE,2023,DJF,snow_depth,14.038,-2.542,-3.038,5,lanina,-0.550
SE,2023,DJF,snow_max,26.000,-10.185,-9.724,5,lanina,-0.550
SE,2023,DJF,thaw_days,61.333,5.702,3.401,6,lanina,-0.550
SE,2023,DJF,tmax_mean,1.452,0.816,0.470,6,lanina,-0.550
SE,2023,DJF,tmean,-1.354,0.869,0.395,6,lanina,-0.550
SE,2023,DJF,tmin_mean,-4.159,0.924,0.322,6,lanina,-0.550
SE,2023,JFM,frost_days,61.667,-4.692,-0.817,6,lanina,-0.550
SE,2023,JFM,ice_days,21.000,-7.760,-4.816,6,lanina,-0.550
SE,2023,JFM,precip,191.017,64.879,53.700,6,lanina,-0.550
SE,2023,JFM,precip_days,31.333,6.643,5.668,6,lanina,-0.550
SE,2023,JFM,rain_on_snow_days,3.400,1.097,0.070,5,lanina,-0.550
SE,2023,JFM,snow_cover_days,59.400,0.120,-5.841,5,lanina,-0.550
SE,2023,JFM,snow_depth,18.231,-0.731,-2.226,5,lanina,-0.550
SE,2023,JFM,snow_max,33.000,-4.595,-4.090,5,lanina,-0.550
SE,2023,JFM,thaw_days,68.500,7.783,4.525,6,lanina,-0.550
SE,2023,JFM,tmax_mean,2.852,1.160,0.591,6,lanina,-0.550
SE,2023,JFM,tmean,-0.417,1.151,0.428,6,lanina,-0.550
SE,2023,JFM,tmin_mean,-3.687,1.141,0.264,6,lanina,-0.550
SE,2023,NDJFM,frost_days,95.487,-6.602,-1.520,6,lanina,-0.550
SE,2023,NDJFM,ice_days,39.167,-4.130,-1.211,6,lanina,-0.550
SE,2023,NDJFM,precip,300.233,51.549,41.578,6,lanina,-0.550
SE,2023,NDJFM,precip_days,52.833,6.357,5.389,6,lanina,-0.550
SE,2023,NDJFM,rain_on_snow_days,5.200,-3.828,0.534,5,lanina,-0.550
SE,2023,NDJFM,snow_cover_days,85.800,-2.379,-0.395,5,lanina,-0.550
SE,2023,NDJFM,snow_depth,13.052,7.465,-0.029,5,lanina,-0.550
SE,2023,NDJFM,snow_max,33.400,15.345,-6.060,5,lanina,-0.550
SE,2023,NDJFM,thaw_days,110.667,4.029,0.639,6,lanina,-0.550
SE,2023,NDJFM,tmax_mean,2.699,0.557,0.097,6,lanina,-0.550
SE,2023,NDJFM,tmean,-0.156,0.668,0.103,6,lanina,-0.550
SE,2023,NDJFM,tmin_mean,-3.011,0.778,0.109,6,lanina,-0.550
SE,2024,DJF,frost_days,68.167,1.690,4.426,6,elnino,1.840
SE,2024,DJF,ice_days,39.167,5.371,7.626,6,elnino,1.840
SE,2024,DJF,precip,165.943,24.630,13.357,7,elnino,1.840
SE,2024,DJF,precip_days,32.286,4.161,2.857,7,elnino,1.840
SE,2024,DJF,rain_on_snow_days,4.437,1.158,1.325,5,elnino,1.840
SE,2024,DJF,snow_cover_days,72.676,7.912,7.822,5,elnino,1.840
SE,2024,DJF,snow_depth,26.402,14.011,9.411,5,elnino,1.840
SE,2024,DJF,snow_max,44.200,8.815,8.600,5,elnino,1.840
SE,2024,DJF,thaw_days,50.667,-4.965,-7.486,6,elnino,1.840
SE,2024,DJF,tmax_mean,-0.454,-1.089,-1.471,6,elnino,1.840
SE,2024,DJF,tmean,-3.329,-1.105,-1.624,6,elnino,1.840
SE,2024,DJF,tmin_mean,-6.200,-1.117,-1.772,6,elnino,1.840
SE,2024,JFM,frost_days,59.500,-6.858,-2.771,6,elnino,1.840
SE,2024,JFM,ice_days,25.833,-2.927,0.236,6,elnino,1.840
SE,2024,JFM,precip,151.500,32.041,21.356,7,elnino,1.840
SE,2024,JFM,precip_days,28.429,3.970,2.999,7,elnino,1.840
SE,2024,JFM,rain_on_snow_days,3.409,0.430,0.070,5,elnino,1.840
SE,2024,JFM,snow_cover_days,60.184,-2.547,-4.853,5,elnino,1.840
SE,2024,JFM,snow_depth,25.417,10.576,5.063,5,elnino,1.840
SE,2024,JFM,snow_max,46.200,16.405,9.252,5,elnino,1.840
SE,2024,JFM,thaw_days,64.500,3.783,0.286,6,elnino,1.840
SE,2024,JFM,tmax_mean,1.548,-0.144,-0.757,6,elnino,1.840
SE,2024,JFM,tmean,-1.490,0.078,-0.697,6,elnino,1.840
SE,2024,JFM,tmin_mean,-4.524,0.304,-0.634,6,elnino,1.840
SE,2024,NDJFM,frost_days,102.333,0.245,5.612,6,elnino,1.840
SE,2024,NDJFM,ice_days,54.333,11.036,14.226,6,elnino,1.840
SE,2024,NDJFM,precip,293.043,58.744,48.546,7,elnino,1.840
SE,2024,NDJFM,precip_days,52.429,6.592,5.491,7,elnino,1.840
SE,2024,NDJFM,rain_on_snow_days,6.040,-0.828,1.070,5,elnino,1.840
SE,2024,NDJFM,snow_cover_days,101.869,19.621,18.427,5,elnino,1.840
SE,2024,NDJFM,snow_depth,21.079,20.060,9.904,5,elnino,1.840
SE,2024,NDJFM,snow_max,46.200,25.345,12.831,5,elnino,1.840
SE,2024,NDJFM,thaw_days,96.000,-10.638,-14.329,6,elnino,1.840
SE,2024,NDJFM,tmax_mean,1.122,-1.021,-1.515,6,elnino,1.840
SE,2024,NDJFM,tmean,-1.652,-0.828,-1.434,6,elnino,1.840
SE,2024,NDJFM,tmin_mean,-4.421,-0.632,-1.349,6,elnino,1.840
SE,2025,DJF,frost_days,60.200,-7.733,-4.941,5,neutral,-0.460
SE,2025,DJF,ice_days,23.800,-11.075,-8.754,5,neutral,-0.460
SE,2025,DJF,precip,146.200,-10.795,-25.677,5,neutral,-0.460
SE,2025,DJF,precip_days,26.200,-2.622,-4.167,5,neutral,-0.460
SE,2025,DJF,rain_on_snow_days,1.250,-2.842,-1.768,4,neutral,-0.460
SE,2025,DJF,snow_cover_days,64.477,4.365,-1.785,4,neutral,-0.460
SE,2025,DJF,snow_depth,10.474,-12.739,-7.478,4,neutral,-0.460
SE,2025,DJF,snow_max,27.500,-11.685,-10.988,4,neutral,-0.460
SE,2025,DJF,thaw_days,64.600,10.035,7.412,5,neutral,-0.460
SE,2025,DJF,tmax_mean,2.128,1.674,1.271,5,neutral,-0.460
SE,2025,DJF,tmean,-0.888,1.690,1.120,5,neutral,-0.460
SE,2025,DJF,tmin_mean,-3.905,1.706,0.968,5,neutral,-0.460
SE,2025,JFM,frost_days,55.809,-10.549,-6.250,6,neutral,-0.460
SE,2025,JFM,ice_days,17.869,-10.891,-7.509,6,neutral,-0.460
SE,2025,JFM,precip,91.467,-32.292,-44.189,6,neutral,-0.460
SE,2025,JFM,precip_days,18.833,-5.841,-6.900,6,neutral,-0.460
SE,2025,JFM,rain_on_snow_days,2.250,-1.236,-0.969,4,neutral,-0.460
SE,2025,JFM,snow_cover_days,58.232,-8.904,-8.306,4,neutral,-0.460
SE,2025,JFM,snow_depth,9.766,-17.176,-12.127,4,neutral,-0.460
SE,2025,JFM,snow_max,24.500,-18.262,-14.884,4,neutral,-0.460
SE,2025,JFM,thaw_days,70.798,10.081,6.343,6,neutral,-0.460
SE,2025,JFM,tmax_mean,3.790,2.098,1.443,6,neutral,-0.460
SE,2025,JFM,tmean,0.526,2.094,1.268,6,neutral,-0.460
SE,2025,JFM,tmin_mean,-2.717,2.111,1.113,6,neutral,-0.460
SE,2025,NDJFM,frost_days,92.400,-13.026,-7.609,5,neutral,-0.460
SE,2025,NDJFM,ice_days,29.400,-15.836,-12.600,5,neutral,-0.460
SE,2025,NDJFM,precip,194.900,-65.718,-77.910,5,neutral,-0.460
SE,2025,NDJFM,precip_days,36.800,-10.072,-11.218,5,neutral,-0.460
SE,2025,NDJFM,rain_on_snow_days,2.750,-2.828,-1.995,4,neutral,-0.460
SE,2025,NDJFM,snow_cover_days,84.410,0.621,-8.013,4,neutral,-0.460
SE,2025,NDJFM,snow_depth,7.397,-14.641,-7.999,4,neutral,-0.460
SE,2025,NDJFM,snow_max,29.750,-21.655,-10.529,4,neutral,-0.460
SE,2025,NDJFM,thaw_days,119.600,14.902,11.091,5,neutral,-0.460
SE,2025,NDJFM,tmax_mean,4.024,2.036,1.523,5,neutral,-0.460
SE,2025,NDJFM,tmean,0.720,1.867,1.214,5,neutral,-0.460
SE,2025,NDJFM,tmin_mean,-2.584,1.696,0.904,5,neutral,-0.460
SE,2026,DJF,frost_days,69.200,1.267,4.209,5,neutral,-0.390
SE,2026,DJF,ice_days,45.200,10.325,12.840,5,neutral,-0.390
SE,2026,DJF,precip,134.267,-11.695,-25.731,6,neutral,-0.390
SE,2026,DJF,precip_days,26.167,-2.151,-3.728,6,neutral,-0.390
SE,2026,DJF,rain_on_snow_days,2.000,-0.342,-1.030,4,neutral,-0.390
SE,2026,DJF,snow_cover_days,62.000,-8.088,-4.125,4,neutral,-0.390
SE,2026,DJF,snow_depth,14.600,-6.481,-3.254,4,neutral,-0.390
SE,2026,DJF,snow_max,32.000,-10.185,-6.372,4,neutral,-0.390
SE,2026,DJF,thaw_days,44.000,-10.565,-13.403,5,neutral,-0.390
SE,2026,DJF,tmax_mean,-0.877,-1.332,-1.772,5,neutral,-0.390
SE,2026,DJF,tmean,-3.627,-1.049,-1.665,5,neutral,-0.390
SE,2026,DJF,tmin_mean,-6.375,-0.763,-1.556,5,neutral,-0.390
SE,2026,JFM,frost_days,67.000,-0.884,3.197,5,neutral,-0.390
SE,2026,JFM,ice_days,41.600,11.968,15.225,5,neutral,-0.390
SE,2026,JFM,precip,97.833,-25.925,-38.387,6,neutral,-0.390
SE,2026,JFM,precip_days,20.500,-4.174,-5.290,6,neutral,-0.390
SE,2026,JFM,rain_on_snow_days,1.500,-1.903,-1.732,4,neutral,-0.390
SE,2026,JFM,snow_cover_days,64.750,-9.880,-1.608,4,neutral,-0.390
SE,2026,JFM,snow_depth,16.086,-9.582,-5.677,4,neutral,-0.390
SE,2026,JFM,snow_max,32.250,-9.928,-6.973,4,neutral,-0.390
SE,2026,JFM,thaw_days,47.600,-12.273,-15.912,5,neutral,-0.390
SE,2026,JFM,tmax_mean,0.472,-1.094,-1.752,5,neutral,-0.390
SE,2026,JFM,tmean,-2.878,-0.999,-1.861,5,neutral,-0.390
SE,2026,JFM,tmin_mean,-6.229,-0.905,-1.971,5,neutral,-0.390
SE,2026,NDJFM,frost_days,97.600,-7.826,-2.149,5,neutral,-0.390
SE,2026,NDJFM,ice_days,51.800,6.564,10.058,5,neutral,-0.390
SE,2026,NDJFM,precip,204.217,-37.629,-49.932,6,neutral,-0.390
SE,2026,NDJFM,precip_days,40.000,-6.060,-7.376,6,neutral,-0.390
SE,2026,NDJFM,rain_on_snow_days,2.750,-1.828,-2.009,4,neutral,-0.390
SE,2026,NDJFM,snow_cover_days,82.750,-1.379,-9.438,4,neutral,-0.390
SE,2026,NDJFM,snow_depth,10.671,-11.416,-4.631,4,neutral,-0.390
SE,2026,NDJFM,snow_max,32.750,-21.655,-7.388,4,neutral,-0.390
SE,2026,NDJFM,thaw_days,98.200,-6.498,-10.601,5,neutral,-0.390
SE,2026,NDJFM,tmax_mean,2.005,0.018,-0.531,5,neutral,-0.390
SE,2026,NDJFM,tmean,-0.985,0.162,-0.533,5,neutral,-0.390
SE,2026,NDJFM,tmin_mean,-3.973,0.307,-0.534,5,neutral,-0.390
SE-ERA5,1950,DJF,frost_days,57.667,6.733,-8.475,3,lanina,-1.320
SE-ERA5,1950,DJF,ice_days,24.667,2.656,-10.124,3,lanina,-1.320
SE-ERA5,1950,DJF,precip,205.800,55.777,60.520,3,lanina,-1.320
SE-ERA5,1950,DJF,precip_days,40.667,9.922,8.930,3,lanina,-1.320
SE-ERA5,1950,DJF,thaw_days,65.000,-2.544,10.362,3,lanina,-1.320
SE-ERA5,1950,DJF,tmax_mean,1.853,-0.593,1.446,3,lanina,-1.320
SE-ERA5,1950,DJF,tmean,-0.147,-0.706,1.547,3,lanina,-1.320
SE-ERA5,1950,DJF,tmin_mean,-2.329,-0.678,1.820,3,lanina,-1.320
SE-ERA5,1950,JFM,frost_days,62.000,9.645,-8.282,3,lanina,-1.320
SE-ERA5,1950,JFM,ice_days,25.000,6.467,-7.356,3,lanina,-1.320
SE-ERA5,1950,JFM,precip,141.333,7.689,17.835,3,lanina,-1.320
SE-ERA5,1950,JFM,precip_days,30.333,1.844,1.830,3,lanina,-1.320
SE-ERA5,1950,JFM,thaw_days,64.667,-6.444,7.439,3,lanina,-1.320
SE-ERA5,1950,JFM,tmax_mean,2.245,-0.898,1.478,3,lanina,-1.320
SE-ERA5,1950,JFM,tmean,-0.132,-0.957,1.608,3,lanina,-1.320
SE-ERA5,1950,JFM,tmin_mean,-2.673,-0.946,1.814,3,lanina,-1.320
SE-ERA5,1950,NDJFM,frost_days,75.000,-0.522,-23.715,3,lanina,-1.320
SE-ERA5,1950,NDJFM,ice_days,27.667,1.944,-14.208,3,lanina,-1.320
SE-ERA5,1950,NDJFM,precip,294.900,49.590,50.258,3,lanina,-1.320
SE-ERA5,1950,NDJFM,precip_days,61.000,10.144,8.300,3,lanina,-1.320
SE-ERA5,1950,NDJFM,thaw_days,123.000,-1.666,14.761,3,lanina,-1.320
SE-ERA5,1950,NDJFM,tmax_mean,3.487,-0.250,1.653,3,lanina,-1.320
SE-ERA5,1950,NDJFM,tmean,1.428,-0.223,1.830,3,lanina,-1.320
SE-ERA5,1950,NDJFM,tmin_mean,-0.800,-0.099,2.096,3,lanina,-1.320
SE-ERA5,1951,DJF,frost_days,64.667,13.733,-1.207,3,lanina,-0.660
SE-ERA5,1951,DJF,ice_days,26.333,4.322,-8.247,3,lanina,-0.660
SE-ERA5,1951,DJF,precip,178.067,28.043,32.643,3,lanina,-0.660
SE-ERA5,1951,DJF,precip_days,40.667,9.922,8.933,3,lanina,-0.660
SE-ERA5,1951,DJF,thaw_days,62.000,-5.544,7.151,3,lanina,-0.660
SE-ERA5,1951,DJF,tmax_mean,0.797,-1.649,0.357,3,lanina,-0.660
SE-ERA5,1951,DJF,tmean,-0.825,-1.384,0.832,3,lanina,-0.660
SE-ERA5,1951,DJF,tmin_mean,-2.648,-0.997,1.460,3,lanina,-0.660
SE-ERA5,1951,JFM,frost_days,72.000,19.645,2.043,3,lanina,-0.660
SE-ERA5,1951,JFM,ice_days,29.333,10.800,-2.788,3,lanina,-0.660
SE-ERA5,1951,JFM,precip,195.867,62.222,72.105,3,lanina,-0.660
SE-ERA5,1951,JFM,precip_days,39.667,11.178,11.151,3,lanina,-0.660
SE-ERA5,1951,JFM,thaw_days,59.333,-11.778,1.872,3,lanina,-0.660
SE-ERA5,1951,JFM,tmax_mean,0.816,-2.328,0.006,3,lanina,-0.660
SE-ERA5,1951,JFM,tmean,-1.076,-1.900,0.620,3,lanina,-0.660
SE-ERA5,1951,JFM,tmin_mean,-3.224,-1.497,1.215,3,lanina,-0.660
SE-ERA5,1951,NDJFM,frost_days,100.000,24.478,1.703,3,lanina,-0.660
SE-ERA5,1951,NDJFM,ice_days,37.667,11.944,-3.941,3,lanina,-0.660
SE-ERA5,1951,NDJFM,precip,335.567,90.257,90.818,3,lanina,-0.660
SE-ERA5,1951,NDJFM,precip_days,68.667,17.811,15.980,3,lanina,-0.660
SE-ERA5,1951,NDJFM,thaw_days,111.667,-13.000,3.157,3,lanina,-0.660
SE-ERA5,1951,NDJFM,tmax_mean,1.596,-2.141,-0.271,3,lanina,-0.660
SE-ERA5,1951,NDJFM,tmean,-0.187,-1.838,0.179,3,lanina,-0.660
SE-ERA5,1951,NDJFM,tmin_mean,-2.156,-1.454,0.702,3,lanina,-0.660
SE-ERA5,1952,DJF,frost_days,49.333,-1.600,-16.273,3,elnino,0.520
SE-ERA5,1952,DJF,ice_days,15.333,-6.678,-19.037,3,elnino,0.520
SE-ERA5,1952,DJF,precip,135.267,-14.757,-10.301,3,elnino,0.520
SE-ERA5,1952,DJF,precip_days,32.667,1.922,0.936,3,elnino,0.520
SE-ERA5,1952,DJF,thaw_days,75.667,8.122,20.606,3,elnino,0.520
SE-ERA5,1952,DJF,tmax_mean,3.222,0.776,2.747,3,elnino,0.520
SE-ERA5,1952,DJF,tmean,1.303,0.744,2.922,3,elnino,0.520
SE-ERA5,1952,DJF,tmin_mean,-1.057,0.594,3.008,3,elnino,0.520
SE-ERA5,1952,JFM,frost_days,69.667,17.311,0.035,3,elnino,0.520
SE-ERA5,1952,JFM,ice_days,21.333,2.800,-10.554,3,elnino,0.520
SE-ERA5,1952,JFM,precip,95.833,-37.811,-28.192,3,elnino,0.520
SE-ERA5,1952,JFM,precip_days,25.667,-2.822,-2.861,3,elnino,0.520
SE-ERA5,1952,JFM,thaw_days,69.667,-1.444,11.970,3,elnino,0.520
SE-ERA5,1952,JFM,tmax_mean,2.008,-1.136,1.158,3,elnino,0.520
SE-ERA5,1952,JFM,tmean,-0.408,-1.232,1.244,3,elnino,0.520
SE-ERA5,1952,JFM,tmin_mean,-3.145,-1.419,1.246,3,elnino,0.520
SE-ERA5,1952,NDJFM,frost_days,79.667,4.145,-18.212,3,elnino,0.520
SE-ERA5,1952,NDJFM,ice_days,22.000,-3.722,-19.340,3,elnino,0.520
SE-ERA5,1952,NDJFM,precip,212.233,-33.077,-32.622,3,elnino,0.520
SE-ERA5,1952,NDJFM,precip_days,52.333,1.478,-0.340,3,elnino,0.520
SE-ERA5,1952,NDJFM,thaw_days,130.000,5.334,21.220,3,elnino,0.520
SE-ERA5,1952,NDJFM,tmax_mean,3.696,-0.041,1.794,3,elnino,0.520
SE-ERA5,1952,NDJFM,tmean,1.600,-0.050,1.931,3,elnino,0.520
SE-ERA5,1952,NDJFM,tmin_mean,-0.772,-0.071,2.047,3,elnino,0.520
SE-ERA5,1953,DJF,frost_days,64.667,13.733,-0.671,3,neutral,0.250
SE-ERA5,1953,DJF,ice_days,26.667,4.656,-7.494,3,neutral,0.250
SE-ERA5,1953,DJF,precip,145.467,-4.557,-0.244,3,neutral,0.250
SE-ERA5,1953,DJF,precip_days,32.000,1.256,0.272,3,neutral,0.250
SE-ERA5,1953,DJF,thaw_days,63.333,-4.211,8.061,3,neutral,0.250
SE-ERA5,1953,DJF,tmax_mean,1.151,-1.295,0.643,3,neutral,0.250
SE-ERA5,1953,DJF,tmean,-1.046,-1.606,0.534,3,neutral,0.250
SE-ERA5,1953,DJF,tmin_mean,-3.575,-1.924,0.449,3,neutral,0.250
SE-ERA5,1953,JFM,frost_days,60.667,8.311,-8.640,3,neutral,0.250
SE-ERA5,1953,JFM,ice_days,21.667,3.133,-9.986,3,neutral,0.250
SE-ERA5,1953,JFM,precip,107.833,-25.811,-16.456,3,neutral,0.250
SE-ERA5,1953,JFM,precip_days,22.000,-6.489,-6.540,3,neutral,0.250
SE-ERA5,1953,JFM,thaw_days,68.333,-2.778,10.403,3,neutral,0.250
SE-ERA5,1953,JFM,tmax_mean,2.984,-0.160,2.093,3,neutral,0.250
SE-ERA5,1953,JFM,tmean,0.114,-0.711,1.721,3,neutral,0.250
SE-ERA5,1953,JFM,tmin_mean,-2.834,-1.107,1.510,3,neutral,0.250
SE-ERA5,1953,NDJFM,frost_days,95.667,20.145,-1.794,3,neutral,0.250
SE-ERA5,1953,NDJFM,ice_days,29.000,3.278,-12.074,3,neutral,0.250
SE-ERA5,1953,NDJFM,precip,211.000,-34.310,-33.962,3,neutral,0.250
SE-ERA5,1953,NDJFM,precip_days,47.667,-3.189,-4.993,3,neutral,0.250
SE-ERA5,1953,NDJFM,thaw_days,121.333,-3.333,12.283,3,neutral,0.250
SE-ERA5,1953,NDJFM,tmax_mean,2.745,-0.992,0.810,3,neutral,0.250
SE-ERA5,1953,NDJFM,tmean,0.334,-1.316,0.628,3,neutral,0.250
SE-ERA5,1953,NDJFM,tmin_mean,-2.221,-1.519,0.560,3,neutral,0.250
SE-ERA5,1954,DJF,frost_days,65.333,14.400,0.263,3,neutral,0.410
SE-ERA5,1954,DJF,ice_days,40.333,18.322,6.382,3,neutral,0.410
SE-ERA5,1954,DJF,precip,128.533,-21.490,-17.321,3,neutral,0.410
SE-ERA5,1954,DJF,precip_days,28.333,-2.411,-3.392,3,neutral,0.410
SE-ERA5,1954,DJF,thaw_days,48.333,-19.211,-7.150,3,neutral,0.410
SE-ERA5,1954,DJF,tmax_mean,0.319,-2.126,-0.223,3,neutral,0.410
SE-ERA5,1954,DJF,tmean,-1.652,-2.212,-0.110,3,neutral,0.410
SE-ERA5,1954,DJF,tmin_mean,-3.806,-2.156,0.175,3,neutral,0.410
SE-ERA5,1954,JFM,frost_days,76.667,24.311,7.685,3,neutral,0.410
SE-ERA5,1954,JFM,ice_days,39.667,21.133,8.248,3,neutral,0.410
SE-ERA5,1954,JFM,precip,131.967,-1.678,7.413,3,neutral,0.410
SE-ERA5,1954,JFM,precip_days,29.667,1.178,1.115,3,neutral,0.410
SE-ERA5,1954,JFM,thaw_days,50.333,-20.778,-7.831,3,neutral,0.410
SE-ERA5,1954,JFM,tmax_mean,0.323,-2.822,-0.610,3,neutral,0.410
SE-ERA5,1954,JFM,tmean,-2.013,-2.837,-0.450,3,neutral,0.410
SE-ERA5,1954,JFM,tmin_mean,-4.383,-2.657,-0.088,3,neutral,0.410
SE-ERA5,1954,NDJFM,frost_days,93.333,17.811,-3.710,3,neutral,0.410
SE-ERA5,1954,NDJFM,ice_days,42.333,16.611,1.527,3,neutral,0.410
SE-ERA5,1954,NDJFM,precip,214.167,-31.143,-30.902,3,neutral,0.410
SE-ERA5,1954,NDJFM,precip_days,48.667,-2.189,-3.980,3,neutral,0.410
SE-ERA5,1954,NDJFM,thaw_days,107.333,-17.333,-1.988,3,neutral,0.410
SE-ERA5,1954,NDJFM,tmax_mean,2.242,-1.495,0.273,3,neutral,0.410
SE-ERA5,1954,NDJFM,tmean,0.252,-1.398,0.510,3,neutral,0.410
SE-ERA5,1954,NDJFM,tmin_mean,-1.868,-1.167,0.874,3,neutral,0.410
SE-ERA5,1955,DJF,frost_days,59.667,8.733,-5.135,3,neutral,-0.500
SE-ERA5,1955,DJF,ice_days,32.000,9.989,-1.741,3,neutral,-0.500
SE-ERA5,1955,DJF,precip,130.467,-19.557,-15.531,3,neutral,-0.500
SE-ERA5,1955,DJF,precip_days,28.333,-2.411,-3.389,3,neutral,-0.500
SE-ERA5,1955,DJF,thaw_days,57.000,-10.544,1.306,3,neutral,-0.500
SE-ERA5,1955,DJF,tmax_mean,0.947,-1.498,0.371,3,neutral,-0.500
SE-ERA5,1955,DJF,tmean,-1.220,-1.780,0.284,3,neutral,-0.500
SE-ERA5,1955,DJF,tmin_mean,-3.736,-2.085,0.204,3,neutral,-0.500
SE-ERA5,1955,JFM,frost_days,78.333,25.978,9.677,3,neutral,-0.500
SE-ERA5,1955,JFM,ice_days,40.667,22.133,9.483,3,neutral,-0.500
SE-ERA5,1955,JFM,precip,82.300,-51.344,-42.517,3,neutral,-0.500
SE-ERA5,1955,JFM,precip_days,20.333,-8.156,-8.231,3,neutral,-0.500
SE-ERA5,1955,JFM,thaw_days,47.667,-23.444,-10.732,3,neutral,-0.500
SE-ERA5,1955,JFM,tmax_mean,-0.121,-3.265,-1.095,3,neutral,-0.500
SE-ERA5,1955,JFM,tmean,-2.958,-3.782,-1.439,3,neutral,-0.500
SE-ERA5,1955,JFM,tmin_mean,-6.219,-4.492,-1.971,3,neutral,-0.500
SE-ERA5,1955,NDJFM,frost_days,100.333,24.811,3.708,3,neutral,-0.500
SE-ERA5,1955,NDJFM,ice_days,43.000,17.278,2.461,3,neutral,-0.500
SE-ERA5,1955,NDJFM,precip,217.333,-27.977,-27.842,3,neutral,-0.500
SE-ERA5,1955,NDJFM,precip_days,49.333,-1.522,-3.300,3,neutral,-0.500
SE-ERA5,1955,NDJFM,thaw_days,106.333,-18.333,-3.258,3,neutral,-0.500
SE-ERA5,1955,NDJFM,tmax_mean,1.770,-1.967,-0.233,3,neutral,-0.500
SE-ERA5,1955,NDJFM,tmean,-0.555,-2.205,-0.333,3,neutral,-0.500
SE-ERA5,1955,NDJFM,tmin_mean,-3.238,-2.536,-0.534,3,neutral,-0.500
SE-ERA5,1956,DJF,frost_days,73.000,22.067,8.466,3,lanina,-1.170
SE-ERA5,1956,DJF,ice_days,48.333,26.322,14.802,3,lanina,-1.170
SE-ERA5,1956,DJF,precip,163.600,13.577,17.458,3,lanina,-1.170
SE-ERA5,1956,DJF,precip_days,35.333,4.589,3.614,3,lanina,-1.170
SE-ERA5,1956,DJF,thaw_days,41.333,-26.211,-14.572,3,lanina,-1.170
SE-ERA5,1956,DJF,tmax_mean,-1.000,-3.446,-1.611,3,lanina,-1.170
SE-ERA5,1956,DJF,tmean,-3.525,-4.085,-2.058,3,lanina,-1.170
SE-ERA5,1956,DJF,tmin_mean,-6.471,-4.820,-2.574,3,lanina,-1.170
SE-ERA5,1956,JFM,frost_days,81.667,29.311,13.336,3,lanina,-1.170
SE-ERA5,1956,JFM,ice_days,40.667,22.133,9.717,3,lanina,-1.170
SE-ERA5,1956,JFM,precip,96.833,-36.811,-28.248,3,lanina,-1.170
SE-ERA5,1956,JFM,precip_days,24.000,-4.489,-4.576,3,lanina,-1.170
SE-ERA5,1956,JFM,thaw_days,49.000,-22.111,-9.633,3,lanina,-1.170
SE-ERA5,1956,JFM,tmax_mean,-0.408,-3.552,-1.423,3,lanina,-1.170
SE-ERA5,1956,JFM,tmean,-3.434,-4.258,-1.960,3,lanina,-1.170
SE-ERA5,1956,JFM,tmin_mean,-6.636,-4.909,-2.436,3,lanina,-1.170
SE-ERA5,1956,NDJFM,frost_days,113.667,38.145,17.460,3,lanina,-1.170
SE-ERA5,1956,NDJFM,ice_days,52.000,26.278,11.728,3,lanina,-1.170
SE-ERA5,1956,NDJFM,precip,211.000,-34.310,-34.282,3,lanina,-1.170
SE-ERA5,1956,NDJFM,precip_days,45.000,-5.856,-7.620,3,lanina,-1.170
SE-ERA5,1956,NDJFM,thaw_days,98.333,-26.333,-11.529,3,lanina,-1.170
SE-ERA5,1956,NDJFM,tmax_mean,1.375,-2.362,-0.661,3,lanina,-1.170
SE-ERA5,1956,NDJFM,tmean,-1.380,-3.030,-1.194,3,lanina,-1.170
SE-ERA5,1956,NDJFM,tmin_mean,-4.342,-3.640,-1.676,3,lanina,-1.170
SE-ERA5,1957,DJF,frost_days,48.667,-2.267,-15.600,3,neutral,-0.270
SE-ERA5,1957,DJF,ice_days,15.333,-6.678,-17.988,3,neutral,-0.270
SE-ERA5,1957,DJF,precip,149.433,-0.590,3.148,3,neutral,-0.270
SE-ERA5,1957,DJF,precip_days,35.333,4.589,3.617,3,neutral,-0.270
SE-ERA5,1957,DJF,thaw_days,73.333,5.789,17.216,3,neutral,-0.270
SE-ERA5,1957,DJF,tmax_mean,3.075,0.629,2.430,3,neutral,-0.270
SE-ERA5,1957,DJF,tmean,1.342,0.782,2.771,3,neutral,-0.270
SE-ERA5,1957,DJF,tmin_mean,-0.628,1.023,3.227,3,neutral,-0.270
SE-ERA5,1957,JFM,frost_days,54.000,1.645,-14.006,3,neutral,-0.270
SE-ERA5,1957,JFM,ice_days,13.333,-5.200,-17.382,3,neutral,-0.270
SE-ERA5,1957,JFM,precip,137.600,3.956,12.255,3,neutral,-0.270
SE-ERA5,1957,JFM,precip_days,31.000,2.511,2.412,3,neutral,-0.270
SE-ERA5,1957,JFM,thaw_days,76.333,5.222,17.465,3,neutral,-0.270
SE-ERA5,1957,JFM,tmax_mean,3.372,0.228,2.315,3,neutral,-0.270
SE-ERA5,1957,JFM,tmean,0.978,0.153,2.408,3,neutral,-0.270
SE-ERA5,1957,JFM,tmin_mean,-1.560,0.167,2.592,3,neutral,-0.270
SE-ERA5,1957,NDJFM,frost_days,90.667,15.145,-5.122,3,neutral,-0.270
SE-ERA5,1957,NDJFM,ice_days,26.667,0.944,-13.339,3,neutral,-0.270
SE-ERA5,1957,NDJFM,precip,220.267,-25.043,-25.122,3,neutral,-0.270
SE-ERA5,1957,NDJFM,precip_days,49.333,-1.522,-3.273,3,neutral,-0.270
SE-ERA5,1957,NDJFM,thaw_days,123.000,-1.666,12.867,3,neutral,-0.270
SE-ERA5,1957,NDJFM,tmax_mean,3.299,-0.439,1.229,3,neutral,-0.270
SE-ERA5,1957,NDJFM,tmean,1.080,-0.570,1.229,3,neutral,-0.270
SE-ERA5,1957,NDJFM,tmin_mean,-1.286,-0.585,1.341,3,neutral,-0.270
SE-ERA5,1958,DJF,frost_days,66.667,15.733,2.668,3,elnino,1.690
SE-ERA5,1958,DJF,ice_days,31.333,9.322,-1.778,3,elnino,1.690
SE-ERA5,1958,DJF,precip,140.167,-9.857,-6.263,3,elnino,1.690
SE-ERA5,1958,DJF,precip_days,33.333,2.589,1.619,3,elnino,1.690
SE-ERA5,1958,DJF,thaw_days,57.333,-10.211,1.005,3,elnino,1.690
SE-ERA5,1958,DJF,tmax_mean,0.551,-1.894,-0.127,3,elnino,1.690
SE-ERA5,1958,DJF,tmean,-1.813,-2.372,-0.421,3,elnino,1.690
SE-ERA5,1958,DJF,tmin_mean,-4.543,-2.892,-0.730,3,elnino,1.690
SE-ERA5,1958,JFM,frost_days,77.333,24.978,9.653,3,elnino,1.690
SE-ERA5,1958,JFM,ice_days,39.000,20.467,8.519,3,elnino,1.690
SE-ERA5,1958,JFM,precip,132.033,-1.611,6.425,3,elnino,1.690
SE-ERA5,1958,JFM,precip_days,33.000,4.511,4.400,3,elnino,1.690
SE-ERA5,1958,JFM,thaw_days,49.667,-21.444,-9.436,3,elnino,1.690
SE-ERA5,1958,JFM,tmax_mean,-0.406,-3.550,-1.504,3,elnino,1.690
SE-ERA5,1958,JFM,tmean,-3.289,-4.113,-1.903,3,elnino,1.690
SE-ERA5,1958,JFM,tmin_mean,-6.532,-4.806,-2.428,3,elnino,1.690
SE-ERA5,1958,NDJFM,frost_days,105.667,30.145,10.296,3,elnino,1.690
SE-ERA5,1958,NDJFM,ice_days,47.000,21.278,7.262,3,elnino,1.690
SE-ERA5,1958,NDJFM,precip,210.767,-34.543,-34.729,3,elnino,1.690
SE-ERA5,1958,NDJFM,precip_days,48.667,-2.189,-3.927,3,elnino,1.690
SE-ERA5,1958,NDJFM,thaw_days,102.000,-22.666,-8.404,3,elnino,1.690
SE-ERA5,1958,NDJFM,tmax_mean,1.390,-2.347,-0.713,3,elnino,1.690
SE-ERA5,1958,NDJFM,tmean,-1.076,-2.726,-0.962,3,elnino,1.690
SE-ERA5,1958,NDJFM,tmin_mean,-3.885,-3.183,-1.296,3,elnino,1.690
SE-ERA5,1959,DJF,frost_days,59.667,8.733,-4.064,3,neutral,0.600
SE-ERA5,1959,DJF,ice_days,28.000,5.989,-4.901,3,neutral,0.600
SE-ERA5,1959,DJF,precip,149.367,-0.657,2.794,3,neutral,0.600
SE-ERA5,1959,DJF,precip_days,29.333,-1.411,-2.378,3,neutral,0.600
SE-ERA5,1959,DJF,thaw_days,62.000,-5.544,5.460,3,neutral,0.600
SE-ERA5,1959,DJF,tmax_mean,1.653,-0.793,0.940,3,neutral,0.600
SE-ERA5,1959,DJF,tmean,-0.587,-1.146,0.767,3,neutral,0.600
SE-ERA5,1959,DJF,tmin_mean,-2.905,-1.254,0.866,3,neutral,0.600
SE-ERA5,1959,JFM,frost_days,58.333,5.978,-9.022,3,neutral,0.600
SE-ERA5,1959,JFM,ice_days,22.333,3.800,-7.914,3,neutral,0.600
SE-ERA5,1959,JFM,precip,112.267,-21.378,-13.606,3,neutral,0.600
SE-ERA5,1959,JFM,precip_days,21.667,-6.822,-6.945,3,neutral,0.600
SE-ERA5,1959,JFM,thaw_days,67.667,-3.444,8.330,3,neutral,0.600
SE-ERA5,1959,JFM,tmax_mean,3.237,0.093,2.098,3,neutral,0.600
SE-ERA5,1959,JFM,tmean,0.411,-0.414,1.752,3,neutral,0.600
SE-ERA5,1959,JFM,tmin_mean,-2.246,-0.520,1.810,3,neutral,0.600
SE-ERA5,1959,NDJFM,frost_days,76.000,0.478,-18.952,3,neutral,0.600
SE-ERA5,1959,NDJFM,ice_days,28.000,2.278,-11.471,3,neutral,0.600
SE-ERA5,1959,NDJFM,precip,205.467,-39.843,-40.135,3,neutral,0.600
SE-ERA5,1959,NDJFM,precip_days,43.667,-7.189,-8.913,3,neutral,0.600
SE-ERA5,1959,NDJFM,thaw_days,123.000,-1.666,12.325,3,neutral,0.600
SE-ERA5,1959,NDJFM,tmax_mean,3.762,0.025,1.625,3,neutral,0.600
SE-ERA5,1959,NDJFM,tmean,1.358,-0.292,1.435,3,neutral,0.600
SE-ERA5,1959,NDJFM,tmin_mean,-1.035,-0.333,1.516,3,neutral,0.600
SE-ERA5,1960,DJF,frost_days,59.333,8.400,-4.129,3,neutral,0.020
SE-ERA5,1960,DJF,ice_days,39.000,16.989,6.309,3,neutral,0.020
SE-ERA5,1960,DJF,precip,185.633,35.610,38.916,3,neutral,0.020
SE-ERA5,1960,DJF,precip_days,40.333,9.589,8.625,3,neutral,0.020
SE-ERA5,1960,DJF,thaw_days,51.667,-15.878,-5.084,3,neutral,0.020
SE-ERA5,1960,DJF,tmax_mean,0.508,-1.937,-0.238,3,neutral,0.020
SE-ERA5,1960,DJF,tmean,-1.411,-1.970,-0.095,3,neutral,0.020
SE-ERA5,1960,DJF,tmin_mean,-3.776,-2.126,-0.048,3,neutral,0.020
SE-ERA5,1960,JFM,frost_days,69.667,17.311,2.637,3,neutral,0.020
SE-ERA5,1960,JFM,ice_days,33.333,14.800,3.321,3,neutral,0.020
SE-ERA5,1960,JFM,precip,131.933,-1.711,5.797,3,neutral,0.020
SE-ERA5,1960,JFM,precip_days,29.000,0.511,0.376,3,neutral,0.020
SE-ERA5,1960,JFM,thaw_days,57.000,-14.111,-2.571,3,neutral,0.020
SE-ERA5,1960,JFM,tmax_mean,1.191,-1.953,0.011,3,neutral,0.020
SE-ERA5,1960,JFM,tmean,-1.612,-2.436,-0.315,3,neutral,0.020
SE-ERA5,1960,JFM,tmin_mean,-4.562,-2.836,-0.553,3,neutral,0.020
SE-ERA5,1960,NDJFM,frost_days,86.667,11.145,-7.868,3,neutral,0.020
SE-ERA5,1960,NDJFM,ice_days,42.000,16.278,2.796,3,neutral,0.020
SE-ERA5,1960,NDJFM,precip,241.033,-4.277,-4.675,3,neutral,0.020
SE-ERA5,1960,NDJFM,precip_days,55.667,4.811,3.101,3,neutral,0.020
SE-ERA5,1960,NDJFM,thaw_days,109.000,-15.666,-1.946,3,neutral,0.020
SE-ERA5,1960,NDJFM,tmax_mean,2.445,-1.292,0.274,3,neutral,0.020
SE-ERA5,1960,NDJFM,tmean,0.255,-1.394,0.297,3,neutral,0.020
SE-ERA5,1960,NDJFM,tmin_mean,-2.120,-1.419,0.392,3,neutral,0.020
SE-ERA5,1961,DJF,frost_days,42.667,-8.267,-20.528,3,neutral,0.000
SE-ERA5,1961,DJF,ice_days,16.000,-6.011,-16.481,3,neutral,0.000
SE-ERA5,1961,DJF,precip,164.067,14.043,17.206,3,neutral,0.000
SE-ERA5,1961,DJF,precip_days,34.667,3.922,2.960,3,neutral,0.000
SE-ERA5,1961,DJF,thaw_days,73.667,6.122,16.705,3,neutral,0.000
SE-ERA5,1961,DJF,tmax_mean,2.678,0.233,1.898,3,neutral,0.000
SE-ERA5,1961,DJF,tmean,0.903,0.343,2.181,3,neutral,0.000
SE-ERA5,1961,DJF,tmin_mean,-1.139,0.512,2.548,3,neutral,0.000
SE-ERA5,1961,JFM,frost_days,41.000,-11.355,-25.704,3,neutral,0.000
SE-ERA5,1961,JFM,ice_days,12.333,-6.200,-17.445,3,neutral,0.000
SE-ERA5,1961,JFM,precip,108.833,-24.811,-17.567,3,neutral,0.000
SE-ERA5,1961,JFM,precip_days,25.333,-3.156,-3.303,3,neutral,0.000
SE-ERA5,1961,JFM,thaw_days,77.333,6.222,17.528,3,neutral,0.000
SE-ERA5,1961,JFM,tmax_mean,4.413,1.270,3.192,3,neutral,0.000
SE-ERA5,1961,JFM,tmean,1.891,1.066,3.143,3,neutral,0.000
SE-ERA5,1961,JFM,tmin_mean,-0.763,0.963,3.198,3,neutral,0.000
SE-ERA5,1961,NDJFM,frost_days,55.333,-20.189,-38.783,3,neutral,0.000
SE-ERA5,1961,NDJFM,ice_days,16.333,-9.389,-22.604,3,neutral,0.000
SE-ERA5,1961,NDJFM,precip,286.933,41.623,41.118,3,neutral,0.000
SE-ERA5,1961,NDJFM,precip_days,59.333,8.478,6.781,3,neutral,0.000
SE-ERA5,1961,NDJFM,thaw_days,134.333,9.667,23.117,3,neutral,0.000
SE-ERA5,1961,NDJFM,tmax_mean,4.466,0.728,2.261,3,neutral,0.000
SE-ERA5,1961,NDJFM,tmean,2.430,0.779,2.435,3,neutral,0.000
SE-ERA5,1961,NDJFM,tmin_mean,0.238,0.940,2.712,3,neutral,0.000
SE-ERA5,1962,DJF,frost_days,59.667,8.733,-3.260,3,neutral,-0.160
SE-ERA5,1962,DJF,ice_days,28.667,6.656,-3.605,3,neutral,-0.160
SE-ERA5,1962,DJF,precip,184.833,34.810,37.829,3,neutral,-0.160
SE-ERA5,1962,DJF,precip_days,34.667,3.922,2.963,3,neutral,-0.160
SE-ERA5,1962,DJF,thaw_days,60.000,-7.544,2.826,3,neutral,-0.160
SE-ERA5,1962,DJF,tmax_mean,1.447,-0.999,0.632,3,neutral,-0.160
SE-ERA5,1962,DJF,tmean,-0.642,-1.201,0.599,3,neutral,-0.160
SE-ERA5,1962,DJF,tmin_mean,-2.962,-1.312,0.682,3,neutral,-0.160
SE-ERA5,1962,JFM,frost_days,66.000,13.645,-0.379,3,neutral,-0.160
SE-ERA5,1962,JFM,ice_days,25.667,7.133,-3.877,3,neutral,-0.160
SE-ERA5,1962,JFM,precip,184.133,50.489,57.469,3,neutral,-0.160
SE-ERA5,1962,JFM,precip_days,34.000,5.511,5.352,3,neutral,-0.160
SE-ERA5,1962,JFM,thaw_days,63.667,-7.444,3.627,3,neutral,-0.160
SE-ERA5,1962,JFM,tmax_mean,1.577,-1.567,0.314,3,neutral,-0.160
SE-ERA5,1962,JFM,tmean,-1.185,-2.010,0.023,3,neutral,-0.160
SE-ERA5,1962,JFM,tmin_mean,-4.169,-2.442,-0.255,3,neutral,-0.160
SE-ERA5,1962,NDJFM,frost_days,98.667,23.145,4.969,3,neutral,-0.160
SE-ERA5,1962,NDJFM,ice_days,37.667,11.944,-1.004,3,neutral,-0.160
SE-ERA5,1962,NDJFM,precip,265.467,20.157,19.545,3,neutral,-0.160
SE-ERA5,1962,NDJFM,precip_days,51.667,0.811,-0.873,3,neutral,-0.160
SE-ERA5,1962,NDJFM,thaw_days,112.000,-12.666,0.513,3,neutral,-0.160
SE-ERA5,1962,NDJFM,tmax_mean,2.266,-1.471,0.028,3,neutral,-0.160
SE-ERA5,1962,NDJFM,tmean,-0.206,-1.856,-0.236,3,neutral,-0.160
SE-ERA5,1962,NDJFM,tmin_mean,-2.885,-2.183,-0.449,3,neutral,-0.160
SE-ERA5,1963,DJF,frost_days,85.000,34.067,22.341,3,neutral,-0.330
SE-ERA5,1963,DJF,ice_days,65.667,43.656,33.605,3,neutral,-0.330
SE-ERA5,1963,DJF,precip,66.433,-83.590,-80.714,3,neutral,-0.330
SE-ERA5,1963,DJF,precip_days,20.000,-10.744,-11.701,3,neutral,-0.330
SE-ERA5,1963,DJF,thaw_days,23.667,-43.878,-33.718,3,neutral,-0.330
SE-ERA5,1963,DJF,tmax_mean,-3.004,-5.450,-3.853,3,neutral,-0.330
SE-ERA5,1963,DJF,tmean,-5.613,-6.172,-4.410,3,neutral,-0.330
SE-ERA5,1963,DJF,tmin_mean,-8.525,-6.874,-4.922,3,neutral,-0.330
SE-ERA5,1963,JFM,frost_days,86.333,33.978,20.280,3,neutral,-0.330
SE-ERA5,1963,JFM,ice_days,62.667,44.133,33.357,3,neutral,-0.330
SE-ERA5,1963,JFM,precip,60.433,-73.211,-66.495,3,neutral,-0.330
SE-ERA5,1963,JFM,precip_days,18.000,-10.489,-10.660,3,neutral,-0.330
SE-ERA5,1963,JFM,thaw_days,26.333,-44.778,-33.941,3,neutral,-0.330
SE-ERA5,1963,JFM,tmax_mean,-2.596,-5.739,-3.900,3,neutral,-0.330
SE-ERA5,1963,JFM,tmean,-5.558,-6.383,-4.394,3,neutral,-0.330
SE-ERA5,1963,JFM,tmin_mean,-8.800,-7.073,-4.934,3,neutral,-0.330
SE-ERA5,1963,NDJFM,frost_days,123.667,48.145,30.387,3,neutral,-0.330
SE-ERA5,1963,NDJFM,ice_days,79.667,53.944,41.264,3,neutral,-0.330
SE-ERA5,1963,NDJFM,precip,131.700,-113.610,-114.329,3,neutral,-0.330
SE-ERA5,1963,NDJFM,precip_days,35.000,-15.856,-17.526,3,neutral,-0.330
SE-ERA5,1963,NDJFM,thaw_days,70.000,-54.666,-41.757,3,neutral,-0.330
SE-ERA5,1963,NDJFM,tmax_mean,-0.729,-4.467,-3.001,3,neutral,-0.330
SE-ERA5,1963,NDJFM,tmean,-3.253,-4.903,-3.320,3,neutral,-0.330
SE-ERA5,1963,NDJFM,tmin_mean,-6.059,-5.357,-3.662,3,neutral,-0.330
SE-ERA5,1964,DJF,frost_days,73.667,22.733,11.276,3,elnino,0.950
SE-ERA5,1964,DJF,ice_days,30.667,8.656,-1.185,3,elnino,0.950
SE-ERA5,1964,DJF,precip,60.800,-89.223,-86.492,3,elnino,0.950
SE-ERA5,1964,DJF,precip_days,19.333,-11.411,-12.365,3,elnino,0.950
SE-ERA5,1964,DJF,thaw_days,58.667,-8.878,1.071,3,elnino,0.950
SE-ERA5,1964,DJF,tmax_mean,0.784,-1.661,-0.099,3,elnino,0.950
SE-ERA5,1964,DJF,tmean,-1.358,-1.917,-0.193,3,elnino,0.950
SE-ERA5,1964,DJF,tmin_mean,-3.764,-2.114,-0.204,3,elnino,0.950
SE-ERA5,1964,JFM,frost_days,80.000,27.645,14.271,3,elnino,0.950
SE-ERA5,1964,JFM,ice_days,25.000,6.467,-4.075,3,elnino,0.950
SE-ERA5,1964,JFM,precip,50.167,-83.478,-77.026,3,elnino,0.950
SE-ERA5,1964,JFM,precip_days,15.667,-12.822,-13.005,3,elnino,0.950
SE-ERA5,1964,JFM,thaw_days,64.333,-6.778,3.825,3,elnino,0.950
SE-ERA5,1964,JFM,tmax_mean,1.257,-1.887,-0.088,3,elnino,0.950
SE-ERA5,1964,JFM,tmean,-1.370,-2.194,-0.251,3,elnino,0.950
SE-ERA5,1964,JFM,tmin_mean,-3.993,-2.267,-0.176,3,elnino,0.950
SE-ERA5,1964,NDJFM,frost_days,107.667,32.145,14.805,3,elnino,0.950
SE-ERA5,1964,NDJFM,ice_days,36.333,10.611,-1.803,3,elnino,0.950
SE-ERA5,1964,NDJFM,precip,161.833,-83.477,-84.302,3,elnino,0.950
SE-ERA5,1964,NDJFM,precip_days,38.333,-12.522,-14.179,3,elnino,0.950
SE-ERA5,1964,NDJFM,thaw_days,113.667,-11.000,1.639,3,elnino,0.950
SE-ERA5,1964,NDJFM,tmax_mean,2.155,-1.583,-0.152,3,elnino,0.950
SE-ERA5,1964,NDJFM,tmean,-0.127,-1.777,-0.230,3,elnino,0.950
SE-ERA5,1964,NDJFM,tmin_mean,-2.520,-1.819,-0.161,3,elnino,0.950
SE-ERA5,1965,DJF,frost_days,67.667,16.733,5.544,3,lanina,-0.510
SE-ERA5,1965,DJF,ice_days,28.333,6.322,-3.309,3,lanina,-0.510
SE-ERA5,1965,DJF,precip,166.833,16.810,19.398,3,lanina,-0.510
SE-ERA5,1965,DJF,precip_days,31.667,0.922,-0.029,3,lanina,-0.510
SE-ERA5,1965,DJF,thaw_days,60.333,-7.211,2.526,3,lanina,-0.510
SE-ERA5,1965,DJF,tmax_mean,1.169,-1.277,0.252,3,lanina,-0.510
SE-ERA5,1965,DJF,tmean,-1.028,-1.587,0.099,3,lanina,-0.510
SE-ERA5,1965,DJF,tmin_mean,-3.637,-1.986,-0.118,3,lanina,-0.510
SE-ERA5,1965,JFM,frost_days,70.000,17.645,4.597,3,lanina,-0.510
SE-ERA5,1965,JFM,ice_days,29.333,10.800,0.493,3,lanina,-0.510
SE-ERA5,1965,JFM,precip,108.300,-25.344,-19.156,3,lanina,-0.510
SE-ERA5,1965,JFM,precip_days,27.000,-1.489,-1.684,3,lanina,-0.510
SE-ERA5,1965,JFM,thaw_days,59.667,-11.444,-1.076,3,lanina,-0.510
SE-ERA5,1965,JFM,tmax_mean,1.528,-1.616,0.142,3,lanina,-0.510
SE-ERA5,1965,JFM,tmean,-1.289,-2.113,-0.214,3,lanina,-0.510
SE-ERA5,1965,JFM,tmin_mean,-4.455,-2.729,-0.686,3,lanina,-0.510
SE-ERA5,1965,NDJFM,frost_days,98.333,22.811,5.890,3,lanina,-0.510
SE-ERA5,1965,NDJFM,ice_days,36.333,10.611,-1.535,3,lanina,-0.510
SE-ERA5,1965,NDJFM,precip,235.833,-9.477,-10.408,3,lanina,-0.510
SE-ERA5,1965,NDJFM,precip_days,51.000,0.144,-1.499,3,lanina,-0.510
SE-ERA5,1965,NDJFM,thaw_days,113.333,-11.333,1.034,3,lanina,-0.510
SE-ERA5,1965,NDJFM,tmax_mean,2.526,-1.211,0.186,3,lanina,-0.510
SE-ERA5,1965,NDJFM,tmean,0.099,-1.551,-0.040,3,lanina,-0.510
SE-ERA5,1965,NDJFM,tmin_mean,-2.592,-1.890,-0.271,3,lanina,-0.510
SE-ERA5,1966,DJF,frost_days,75.333,24.400,13.478,3,elnino,1.240
SE-ERA5,1966,DJF,ice_days,52.667,30.656,21.235,3,elnino,1.240
SE-ERA5,1966,DJF,precip,203.833,53.810,56.255,3,elnino,1.240
SE-ERA5,1966,DJF,precip_days,38.667,7.922,6.974,3,elnino,1.240
SE-ERA5,1966,DJF,thaw_days,37.000,-30.544,-21.019,3,elnino,1.240
SE-ERA5,1966,DJF,tmax_mean,-1.766,-4.212,-2.717,3,elnino,1.240
SE-ERA5,1966,DJF,tmean,-3.972,-4.532,-2.883,3,elnino,1.240
SE-ERA5,1966,DJF,tmin_mean,-6.619,-4.969,-3.142,3,elnino,1.240
SE-ERA5,1966,JFM,frost_days,70.000,17.645,4.922,3,elnino,1.240
SE-ERA5,1966,JFM,ice_days,45.333,26.800,16.727,3,elnino,1.240
SE-ERA5,1966,JFM,precip,165.233,31.589,37.514,3,elnino,1.240
SE-ERA5,1966,JFM,precip_days,37.333,8.844,8.637,3,elnino,1.240
SE-ERA5,1966,JFM,thaw_days,44.333,-26.778,-16.644,3,elnino,1.240
SE-ERA5,1966,JFM,tmax_mean,-0.623,-3.767,-2.052,3,elnino,1.240
SE-ERA5,1966,JFM,tmean,-2.985,-3.809,-1.955,3,elnino,1.240
SE-ERA5,1966,JFM,tmin_mean,-5.771,-4.044,-2.049,3,elnino,1.240
SE-ERA5,1966,NDJFM,frost_days,112.333,36.811,20.308,3,elnino,1.240
SE-ERA5,1966,NDJFM,ice_days,67.000,41.278,29.398,3,elnino,1.240
SE-ERA5,1966,NDJFM,precip,314.433,69.123,68.085,3,elnino,1.240
SE-ERA5,1966,NDJFM,precip_days,62.667,11.811,10.181,3,elnino,1.240
SE-ERA5,1966,NDJFM,thaw_days,83.333,-41.333,-29.236,3,elnino,1.240
SE-ERA5,1966,NDJFM,tmax_mean,0.109,-3.628,-2.264,3,elnino,1.240
SE-ERA5,1966,NDJFM,tmean,-2.146,-3.796,-2.321,3,elnino,1.240
SE-ERA5,1966,NDJFM,tmin_mean,-4.830,-4.128,-2.548,3,elnino,1.240
SE-ERA5,1967,DJF,frost_days,60.667,9.733,-0.921,3,neutral,-0.460
SE-ERA5,1967,DJF,ice_days,29.000,6.989,-2.222,3,neutral,-0.460
SE-ERA5,1967,DJF,precip,224.400,74.377,76.677,3,neutral,-0.460
SE-ERA5,1967,DJF,precip_days,40.333,9.589,8.644,3,neutral,-0.460
SE-ERA5,1967,DJF,thaw_days,60.333,-7.211,2.104,3,neutral,-0.460
SE-ERA5,1967,DJF,tmax_mean,0.951,-1.495,-0.034,3,neutral,-0.460
SE-ERA5,1967,DJF,tmean,-1.032,-1.591,0.020,3,neutral,-0.460
SE-ERA5,1967,DJF,tmin_mean,-3.386,-1.736,0.048,3,neutral,-0.460
SE-ERA5,1967,JFM,frost_days,49.000,-3.355,-15.753,3,neutral,-0.460
SE-ERA5,1967,JFM,ice_days,21.333,2.800,-7.039,3,neutral,-0.460
SE-ERA5,1967,JFM,precip,171.767,38.122,43.783,3,neutral,-0.460
SE-ERA5,1967,JFM,precip_days,35.000,6.511,6.292,3,neutral,-0.460
SE-ERA5,1967,JFM,thaw_days,68.667,-2.444,7.455,3,neutral,-0.460
SE-ERA5,1967,JFM,tmax_mean,2.688,-0.456,1.218,3,neutral,-0.460
SE-ERA5,1967,JFM,tmean,0.468,-0.356,1.454,3,neutral,-0.460
SE-ERA5,1967,JFM,tmin_mean,-1.985,-0.259,1.689,3,neutral,-0.460
SE-ERA5,1967,NDJFM,frost_days,73.667,-1.855,-17.941,3,neutral,-0.460
SE-ERA5,1967,NDJFM,ice_days,29.000,3.278,-8.335,3,neutral,-0.460
SE-ERA5,1967,NDJFM,precip,341.067,95.757,94.612,3,neutral,-0.460
SE-ERA5,1967,NDJFM,precip_days,64.667,13.811,12.194,3,neutral,-0.460
SE-ERA5,1967,NDJFM,thaw_days,121.333,-3.333,8.493,3,neutral,-0.460
SE-ERA5,1967,NDJFM,tmax_mean,2.904,-0.833,0.497,3,neutral,-0.460
SE-ERA5,1967,NDJFM,tmean,0.881,-0.769,0.670,3,neutral,-0.460
SE-ERA5,1967,NDJFM,tmin_mean,-1.367,-0.666,0.877,3,neutral,-0.460
SE-ERA5,1968,DJF,frost_days,68.667,17.733,7.347,3,neutral,-0.620
SE-ERA5,1968,DJF,ice_days,40.000,17.989,8.988,3,neutral,-0.620
SE-ERA5,1968,DJF,precip,128.433,-21.590,-19.433,3,neutral,-0.620
SE-ERA5,1968,DJF,precip_days,31.000,0.256,-0.687,3,neutral,-0.620
SE-ERA5,1968,DJF,thaw_days,50.000,-17.544,-8.441,3,neutral,-0.620
SE-ERA5,1968,DJF,tmax_mean,-0.198,-2.643,-1.217,3,neutral,-0.620
SE-ERA5,1968,DJF,tmean,-2.572,-3.131,-1.558,3,neutral,-0.620
SE-ERA5,1968,DJF,tmin_mean,-5.380,-3.729,-1.987,3,neutral,-0.620
SE-ERA5,1968,JFM,frost_days,64.000,11.645,-0.427,3,neutral,-0.620
SE-ERA5,1968,JFM,ice_days,30.333,11.800,2.196,3,neutral,-0.620
SE-ERA5,1968,JFM,precip,122.067,-11.578,-6.181,3,neutral,-0.620
SE-ERA5,1968,JFM,precip_days,32.333,3.844,3.613,3,neutral,-0.620
SE-ERA5,1968,JFM,thaw_days,60.000,-11.111,-1.446,3,neutral,-0.620
SE-ERA5,1968,JFM,tmax_mean,1.345,-1.799,-0.166,3,neutral,-0.620
SE-ERA5,1968,JFM,tmean,-1.191,-2.016,-0.250,3,neutral,-0.620
SE-ERA5,1968,JFM,tmin_mean,-4.129,-2.402,-0.502,3,neutral,-0.620
SE-ERA5,1968,NDJFM,frost_days,89.667,14.145,-1.522,3,neutral,-0.620
SE-ERA5,1968,NDJFM,ice_days,43.667,17.944,6.599,3,neutral,-0.620
SE-ERA5,1968,NDJFM,precip,229.867,-15.443,-16.695,3,neutral,-0.620
SE-ERA5,1968,NDJFM,precip_days,53.000,2.144,0.541,3,neutral,-0.620
SE-ERA5,1968,NDJFM,thaw_days,107.333,-17.333,-5.777,3,neutral,-0.620
SE-ERA5,1968,NDJFM,tmax_mean,2.293,-1.444,-0.148,3,neutral,-0.620
SE-ERA5,1968,NDJFM,tmean,-0.041,-1.691,-0.288,3,neutral,-0.620
SE-ERA5,1968,NDJFM,tmin_mean,-2.771,-2.069,-0.565,3,neutral,-0.620
SE-ERA5,1969,DJF,frost_days,72.667,21.733,11.615,3,elnino,0.980
SE-ERA5,1969,DJF,ice_days,45.000,22.989,14.198,3,elnino,0.980
SE-ERA5,1969,DJF,precip,130.133,-19.890,-17.876,3,elnino,0.980
SE-ERA5,1969,DJF,precip_days,36.333,5.589,4.649,3,elnino,0.980
SE-ERA5,1969,DJF,thaw_days,43.333,-24.211,-15.319,3,elnino,0.980
SE-ERA5,1969,DJF,tmax_mean,-0.467,-2.913,-1.520,3,elnino,0.980
SE-ERA5,1969,DJF,tmean,-2.056,-2.615,-1.079,3,elnino,0.980
SE-ERA5,1969,DJF,tmin_mean,-3.980,-2.329,-0.629,3,elnino,0.980
SE-ERA5,1969,JFM,frost_days,78.667,26.311,14.564,3,elnino,0.980
SE-ERA5,1969,JFM,ice_days,42.667,24.133,14.763,3,elnino,0.980
SE-ERA5,1969,JFM,precip,120.833,-12.811,-7.678,3,elnino,0.980
SE-ERA5,1969,JFM,precip_days,32.000,3.511,3.267,3,elnino,0.980
SE-ERA5,1969,JFM,thaw_days,46.000,-25.111,-15.680,3,elnino,0.980
SE-ERA5,1969,JFM,tmax_mean,-0.197,-3.342,-1.750,3,elnino,0.980
SE-ERA5,1969,JFM,tmean,-2.665,-3.490,-1.768,3,elnino,0.980
SE-ERA5,1969,JFM,tmin_mean,-5.353,-3.627,-1.775,3,elnino,0.980
SE-ERA5,1969,NDJFM,frost_days,111.667,36.145,20.895,3,elnino,0.980
SE-ERA5,1969,NDJFM,ice_days,53.667,27.944,16.866,3,elnino,0.980
SE-ERA5,1969,NDJFM,precip,226.100,-19.210,-20.568,3,elnino,0.980
SE-ERA5,1969,NDJFM,precip_days,52.000,1.144,-0.445,3,elnino,0.980
SE-ERA5,1969,NDJFM,thaw_days,94.667,-30.000,-18.715,3,elnino,0.980
SE-ERA5,1969,NDJFM,tmax_mean,0.901,-2.836,-1.573,3,elnino,0.980
SE-ERA5,1969,NDJFM,tmean,-1.164,-2.814,-1.447,3,elnino,0.980
SE-ERA5,1969,NDJFM,tmin_mean,-3.444,-2.743,-1.277,3,elnino,0.980
SE-ERA5,1970,DJF,frost_days,87.000,36.067,26.217,3,neutral,0.460
SE-ERA5,1970,DJF,ice_days,69.000,46.989,38.408,3,neutral,0.460
SE-ERA5,1970,DJF,precip,76.233,-73.790,-71.920,3,neutral,0.460
SE-ERA5,1970,DJF,precip_days,19.333,-11.411,-12.348,3,neutral,0.460
SE-ERA5,1970,DJF,thaw_days,20.000,-47.544,-38.864,3,neutral,0.460
SE-ERA5,1970,DJF,tmax_mean,-3.012,-5.457,-4.099,3,neutral,0.460
SE-ERA5,1970,DJF,tmean,-5.121,-5.680,-4.182,3,neutral,0.460
SE-ERA5,1970,DJF,tmin_mean,-7.820,-6.170,-4.512,3,neutral,0.460
SE-ERA5,1970,JFM,frost_days,84.333,31.978,20.556,3,neutral,0.460
SE-ERA5,1970,JFM,ice_days,53.000,34.467,25.331,3,neutral,0.460
SE-ERA5,1970,JFM,precip,130.633,-3.011,1.858,3,neutral,0.460
SE-ERA5,1970,JFM,precip_days,30.667,2.178,1.922,3,neutral,0.460
SE-ERA5,1970,JFM,thaw_days,36.333,-34.778,-25.581,3,neutral,0.460
SE-ERA5,1970,JFM,tmax_mean,-1.954,-5.098,-3.548,3,neutral,0.460
SE-ERA5,1970,JFM,tmean,-4.293,-5.118,-3.440,3,neutral,0.460
SE-ERA5,1970,JFM,tmin_mean,-7.193,-5.467,-3.663,3,neutral,0.460
SE-ERA5,1970,NDJFM,frost_days,125.667,50.145,35.314,3,neutral,0.460
SE-ERA5,1970,NDJFM,ice_days,77.000,51.278,40.466,3,neutral,0.460
SE-ERA5,1970,NDJFM,precip,247.567,2.257,0.792,3,neutral,0.460
SE-ERA5,1970,NDJFM,precip_days,54.667,3.811,2.235,3,neutral,0.460
SE-ERA5,1970,NDJFM,thaw_days,72.000,-52.666,-41.652,3,neutral,0.460
SE-ERA5,1970,NDJFM,tmax_mean,-0.469,-4.206,-2.977,3,neutral,0.460
SE-ERA5,1970,NDJFM,tmean,-2.608,-4.257,-2.927,3,neutral,0.460
SE-ERA5,1970,NDJFM,tmin_mean,-5.286,-4.584,-3.157,3,neutral,0.460
SE-ERA5,1971,DJF,frost_days,49.000,-1.933,-11.516,3,lanina,-1.290
SE-ERA5,1971,DJF,ice_days,21.333,-0.678,-9.049,3,lanina,-1.290
SE-ERA5,1971,DJF,precip,122.267,-27.757,-26.031,3,lanina,-1.290
SE-ERA5,1971,DJF,precip_days,30.333,-0.411,-1.345,3,lanina,-1.290
SE-ERA5,1971,DJF,thaw_days,68.667,1.122,9.591,3,lanina,-1.290
SE-ERA5,1971,DJF,tmax_mean,2.163,-0.283,1.042,3,lanina,-1.290
SE-ERA5,1971,DJF,tmean,0.343,-0.217,1.244,3,lanina,-1.290
SE-ERA5,1971,DJF,tmin_mean,-1.706,-0.055,1.561,3,lanina,-1.290
SE-ERA5,1971,JFM,frost_days,52.667,0.311,-10.785,3,lanina,-1.290
SE-ERA5,1971,JFM,ice_days,19.667,1.133,-7.768,3,lanina,-1.290
SE-ERA5,1971,JFM,precip,144.200,10.556,15.161,3,lanina,-1.290
SE-ERA5,1971,JFM,precip_days,37.000,8.511,8.244,3,lanina,-1.290
SE-ERA5,1971,JFM,thaw_days,70.333,-0.778,8.184,3,lanina,-1.290
SE-ERA5,1971,JFM,tmax_mean,2.069,-1.075,0.434,3,lanina,-1.290
SE-ERA5,1971,JFM,tmean,-0.117,-0.941,0.692,3,lanina,-1.290
SE-ERA5,1971,JFM,tmin_mean,-2.450,-0.724,1.033,3,lanina,-1.290
SE-ERA5,1971,NDJFM,frost_days,80.000,4.478,-9.935,3,lanina,-1.290
SE-ERA5,1971,NDJFM,ice_days,30.667,4.944,-5.600,3,lanina,-1.290
SE-ERA5,1971,NDJFM,precip,269.867,24.557,22.985,3,lanina,-1.290
SE-ERA5,1971,NDJFM,precip_days,61.333,10.478,8.915,3,lanina,-1.290
SE-ERA5,1971,NDJFM,thaw_days,120.333,-4.333,6.411,3,lanina,-1.290
SE-ERA5,1971,NDJFM,tmax_mean,2.681,-1.056,0.139,3,lanina,-1.290
SE-ERA5,1971,NDJFM,tmean,0.636,-1.015,0.280,3,lanina,-1.290
SE-ERA5,1971,NDJFM,tmin_mean,-1.645,-0.944,0.445,3,lanina,-1.290
SE-ERA5,1972,DJF,frost_days,56.333,5.400,-3.914,3,lanina,-0.570
SE-ERA5,1972,DJF,ice_days,27.333,5.322,-2.839,3,lanina,-0.570
SE-ERA5,1972,DJF,precip,108.900,-41.123,-39.541,3,lanina,-0.570
SE-ERA5,1972,DJF,precip_days,28.000,-2.744,-3.676,3,lanina,-0.570
SE-ERA5,1972,DJF,thaw_days,63.667,-3.878,4.380,3,lanina,-0.570
SE-ERA5,1972,DJF,tmax_mean,1.630,-0.815,0.475,3,lanina,-0.570
SE-ERA5,1972,DJF,tmean,0.072,-0.487,0.935,3,lanina,-0.570
SE-ERA5,1972,DJF,tmin_mean,-1.671,-0.021,1.553,3,lanina,-0.570
SE-ERA5,1972,JFM,frost_days,63.667,11.311,0.540,3,lanina,-0.570
SE-ERA5,1972,JFM,ice_days,28.333,9.800,1.133,3,lanina,-0.570
SE-ERA5,1972,JFM,precip,111.300,-22.344,-18.003,3,lanina,-0.570
SE-ERA5,1972,JFM,precip_days,27.667,-0.822,-1.102,3,lanina,-0.570
SE-ERA5,1972,JFM,thaw_days,62.333,-8.778,-0.051,3,lanina,-0.570
SE-ERA5,1972,JFM,tmax_mean,1.531,-1.612,-0.144,3,lanina,-0.570
SE-ERA5,1972,JFM,tmean,-0.405,-1.230,0.359,3,lanina,-0.570
SE-ERA5,1972,JFM,tmin_mean,-2.431,-0.705,1.004,3,lanina,-0.570
SE-ERA5,1972,NDJFM,frost_days,88.333,12.811,-1.183,3,lanina,-0.570
SE-ERA5,1972,NDJFM,ice_days,35.000,9.278,-1.000,3,lanina,-0.570
SE-ERA5,1972,NDJFM,precip,233.333,-11.977,-13.655,3,lanina,-0.570
SE-ERA5,1972,NDJFM,precip_days,51.333,0.478,-1.072,3,lanina,-0.570
SE-ERA5,1972,NDJFM,thaw_days,116.667,-8.000,2.474,3,lanina,-0.570
SE-ERA5,1972,NDJFM,tmax_mean,2.957,-0.781,0.381,3,lanina,-0.570
SE-ERA5,1972,NDJFM,tmean,1.010,-0.640,0.618,3,lanina,-0.570
SE-ERA5,1972,NDJFM,tmin_mean,-1.195,-0.494,0.857,3,lanina,-0.570
SE-ERA5,1973,DJF,frost_days,37.000,-13.933,-22.980,3,elnino,1.550
SE-ERA5,1973,DJF,ice_days,4.333,-17.678,-25.629,3,elnino,1.550
SE-ERA5,1973,DJF,precip,152.567,2.543,3.982,3,elnino,1.550
SE-ERA5,1973,DJF,precip_days,32.667,1.922,0.993,3,elnino,1.550
SE-ERA5,1973,DJF,thaw_days,85.333,17.789,25.836,3,elnino,1.550
SE-ERA5,1973,DJF,tmax_mean,3.650,1.204,2.460,3,elnino,1.550
SE-ERA5,1973,DJF,tmean,2.119,1.560,2.944,3,elnino,1.550
SE-ERA5,1973,DJF,tmin_mean,0.359,2.010,3.542,3,elnino,1.550
SE-ERA5,1973,JFM,frost_days,41.000,-11.355,-21.801,3,elnino,1.550
SE-ERA5,1973,JFM,ice_days,4.333,-14.200,-22.632,3,elnino,1.550
SE-ERA5,1973,JFM,precip,122.900,-10.744,-6.667,3,elnino,1.550
SE-ERA5,1973,JFM,precip_days,27.667,-0.822,-1.114,3,elnino,1.550
SE-ERA5,1973,JFM,thaw_days,85.333,14.222,22.715,3,elnino,1.550
SE-ERA5,1973,JFM,tmax_mean,4.410,1.266,2.692,3,elnino,1.550
SE-ERA5,1973,JFM,tmean,2.221,1.397,2.941,3,elnino,1.550
SE-ERA5,1973,JFM,tmin_mean,-0.129,1.597,3.258,3,elnino,1.550
SE-ERA5,1973,NDJFM,frost_days,54.000,-21.522,-35.099,3,elnino,1.550
SE-ERA5,1973,NDJFM,ice_days,5.333,-20.389,-30.400,3,elnino,1.550
SE-ERA5,1973,NDJFM,precip,245.567,0.257,-1.528,3,elnino,1.550
SE-ERA5,1973,NDJFM,precip_days,52.000,1.144,-0.392,3,elnino,1.550
SE-ERA5,1973,NDJFM,thaw_days,145.333,20.667,30.870,3,elnino,1.550
SE-ERA5,1973,NDJFM,tmax_mean,4.969,1.232,2.360,3,elnino,1.550
SE-ERA5,1973,NDJFM,tmean,3.050,1.400,2.622,3,elnino,1.550
SE-ERA5,1973,NDJFM,tmin_mean,0.955,1.657,2.969,3,elnino,1.550
SE-ERA5,1974,DJF,frost_days,41.667,-9.267,-18.045,3,lanina,-1.870
SE-ERA5,1974,DJF,ice_days,7.000,-15.011,-22.753,3,lanina,-1.870
SE-ERA5,1974,DJF,precip,169.633,19.610,20.905,3,lanina,-1.870
SE-ERA5,1974,DJF,precip_days,33.000,2.256,1.330,3,lanina,-1.870
SE-ERA5,1974,DJF,thaw_days,82.667,15.122,22.958,3,lanina,-1.870
SE-ERA5,1974,DJF,tmax_mean,3.030,0.585,1.807,3,lanina,-1.870
SE-ERA5,1974,DJF,tmean,1.317,0.757,2.104,3,lanina,-1.870
SE-ERA5,1974,DJF,tmin_mean,-0.776,0.874,2.364,3,lanina,-1.870
SE-ERA5,1974,JFM,frost_days,43.000,-9.355,-19.476,3,lanina,-1.870
SE-ERA5,1974,JFM,ice_days,2.000,-16.533,-24.731,3,lanina,-1.870
SE-ERA5,1974,JFM,precip,137.267,3.622,7.436,3,lanina,-1.870
SE-ERA5,1974,JFM,precip_days,24.333,-4.156,-4.459,3,lanina,-1.870
SE-ERA5,1974,JFM,thaw_days,87.667,16.556,24.814,3,lanina,-1.870
SE-ERA5,1974,JFM,tmax_mean,4.478,1.334,2.719,3,lanina,-1.870
SE-ERA5,1974,JFM,tmean,2.212,1.387,2.887,3,lanina,-1.870
SE-ERA5,1974,JFM,tmin_mean,-0.105,1.622,3.235,3,lanina,-1.870
SE-ERA5,1974,NDJFM,frost_days,77.000,1.478,-11.680,3,lanina,-1.870
SE-ERA5,1974,NDJFM,ice_days,13.667,-12.056,-21.799,3,lanina,-1.870
SE-ERA5,1974,NDJFM,precip,267.733,22.423,20.532,3,lanina,-1.870
SE-ERA5,1974,NDJFM,precip_days,49.333,-1.522,-3.045,3,lanina,-1.870
SE-ERA5,1974,NDJFM,thaw_days,136.667,12.000,21.932,3,lanina,-1.870
SE-ERA5,1974,NDJFM,tmax_mean,3.876,0.139,1.233,3,lanina,-1.870
SE-ERA5,1974,NDJFM,tmean,1.577,-0.073,1.113,3,lanina,-1.870
SE-ERA5,1974,NDJFM,tmin_mean,-0.888,-0.187,1.087,3,lanina,-1.870
SE-ERA5,1975,DJF,frost_days,38.667,-12.267,-20.777,3,lanina,-0.560
SE-ERA5,1975,DJF,ice_days,5.000,-17.011,-24.543,3,lanina,-0.560
SE-ERA5,1975,DJF,precip,175.900,25.877,27.028,3,lanina,-0.560
SE-ERA5,1975,DJF,precip_days,37.000,6.256,5.332,3,lanina,-0.560
SE-ERA5,1975,DJF,thaw_days,85.000,17.456,25.080,3,lanina,-0.560
SE-ERA5,1975,DJF,tmax_mean,4.507,2.062,3.250,3,lanina,-0.560
SE-ERA5,1975,DJF,tmean,2.478,1.919,3.229,3,lanina,-0.560
SE-ERA5,1975,DJF,tmin_mean,0.288,1.938,3.386,3,lanina,-0.560
SE-ERA5,1975,JFM,frost_days,46.667,-5.689,-15.484,3,lanina,-0.560
SE-ERA5,1975,JFM,ice_days,4.333,-14.200,-22.163,3,lanina,-0.560
SE-ERA5,1975,JFM,precip,138.900,5.256,8.805,3,lanina,-0.560
SE-ERA5,1975,JFM,precip_days,29.667,1.178,0.862,3,lanina,-0.560
SE-ERA5,1975,JFM,thaw_days,85.333,14.222,22.246,3,lanina,-0.560
SE-ERA5,1975,JFM,tmax_mean,4.415,1.271,2.615,3,lanina,-0.560
SE-ERA5,1975,JFM,tmean,1.952,1.127,2.583,3,lanina,-0.560
SE-ERA5,1975,JFM,tmin_mean,-0.506,1.221,2.786,3,lanina,-0.560
SE-ERA5,1975,NDJFM,frost_days,62.333,-13.189,-25.929,3,lanina,-0.560
SE-ERA5,1975,NDJFM,ice_days,5.333,-20.389,-29.865,3,lanina,-0.560
SE-ERA5,1975,NDJFM,precip,325.633,80.323,78.325,3,lanina,-0.560
SE-ERA5,1975,NDJFM,precip_days,65.333,14.478,12.968,3,lanina,-0.560
SE-ERA5,1975,NDJFM,thaw_days,145.333,20.667,30.328,3,lanina,-0.560
SE-ERA5,1975,NDJFM,tmax_mean,4.895,1.158,2.218,3,lanina,-0.560
SE-ERA5,1975,NDJFM,tmean,2.797,1.147,2.297,3,lanina,-0.560
SE-ERA5,1975,NDJFM,tmin_mean,0.626,1.327,2.563,3,lanina,-0.560
SE-ERA5,1976,DJF,frost_days,61.333,10.400,2.158,3,lanina,-1.490
SE-ERA5,1976,DJF,ice_days,26.000,3.989,-3.333,3,lanina,-1.490
SE-ERA5,1976,DJF,precip,116.067,-33.957,-32.949,3,lanina,-1.490
SE-ERA5,1976,DJF,precip_days,24.333,-6.411,-7.332,3,lanina,-1.490
SE-ERA5,1976,DJF,thaw_days,64.333,-3.211,4.202,3,lanina,-1.490
SE-ERA5,1976,DJF,tmax_mean,2.255,-0.190,0.964,3,lanina,-1.490
SE-ERA5,1976,DJF,tmean,-0.093,-0.653,0.619,3,lanina,-1.490
SE-ERA5,1976,DJF,tmin_mean,-3.064,-1.413,-0.008,3,lanina,-1.490
SE-ERA5,1976,JFM,frost_days,73.333,20.978,11.508,3,lanina,-1.490
SE-ERA5,1976,JFM,ice_days,33.000,14.467,6.737,3,lanina,-1.490
SE-ERA5,1976,JFM,precip,94.400,-39.244,-35.959,3,lanina,-1.490
SE-ERA5,1976,JFM,precip_days,21.333,-7.156,-7.483,3,lanina,-1.490
SE-ERA5,1976,JFM,thaw_days,57.000,-14.111,-6.322,3,lanina,-1.490
SE-ERA5,1976,JFM,tmax_mean,1.090,-2.054,-0.751,3,lanina,-1.490
SE-ERA5,1976,JFM,tmean,-1.557,-2.382,-0.971,3,lanina,-1.490
SE-ERA5,1976,JFM,tmin_mean,-4.537,-2.811,-1.293,3,lanina,-1.490
SE-ERA5,1976,NDJFM,frost_days,94.000,18.478,6.156,3,lanina,-1.490
SE-ERA5,1976,NDJFM,ice_days,36.333,10.611,1.402,3,lanina,-1.490
SE-ERA5,1976,NDJFM,precip,185.800,-59.510,-61.615,3,lanina,-1.490
SE-ERA5,1976,NDJFM,precip_days,41.000,-9.856,-11.351,3,lanina,-1.490
SE-ERA5,1976,NDJFM,thaw_days,114.667,-10.000,-0.609,3,lanina,-1.490
SE-ERA5,1976,NDJFM,tmax_mean,2.850,-0.887,0.139,3,lanina,-1.490
SE-ERA5,1976,NDJFM,tmean,0.463,-1.187,-0.072,3,lanina,-1.490
SE-ERA5,1976,NDJFM,tmin_mean,-2.352,-1.651,-0.454,3,lanina,-1.490
SE-ERA5,1977,DJF,frost_days,71.000,20.067,12.092,3,elnino,0.710
SE-ERA5,1977,DJF,ice_days,38.000,15.989,8.877,3,elnino,0.710
SE-ERA5,1977,DJF,precip,219.700,69.677,70.541,3,elnino,0.710
SE-ERA5,1977,DJF,precip_days,42.667,11.922,11.005,3,elnino,0.710
SE-ERA5,1977,DJF,thaw_days,51.333,-16.211,-9.009,3,elnino,0.710
SE-ERA5,1977,DJF,tmax_mean,0.047,-2.399,-1.279,3,elnino,0.710
SE-ERA5,1977,DJF,tmean,-1.723,-2.282,-1.049,3,elnino,0.710
SE-ERA5,1977,DJF,tmin_mean,-3.969,-2.319,-0.955,3,elnino,0.710
SE-ERA5,1977,JFM,frost_days,62.667,10.311,1.167,3,elnino,0.710
SE-ERA5,1977,JFM,ice_days,26.000,7.467,-0.028,3,elnino,0.710
SE-ERA5,1977,JFM,precip,184.800,51.156,54.177,3,elnino,0.710
SE-ERA5,1977,JFM,precip_days,39.000,10.511,10.171,3,elnino,0.710
SE-ERA5,1977,JFM,thaw_days,63.667,-7.444,0.111,3,elnino,0.710
SE-ERA5,1977,JFM,tmax_mean,1.528,-1.616,-0.354,3,elnino,0.710
SE-ERA5,1977,JFM,tmean,-0.482,-1.306,0.061,3,elnino,0.710
SE-ERA5,1977,JFM,tmin_mean,-2.820,-1.093,0.377,3,elnino,0.710
SE-ERA5,1977,NDJFM,frost_days,93.333,17.811,5.907,3,elnino,0.710
SE-ERA5,1977,NDJFM,ice_days,39.667,13.944,5.002,3,elnino,0.710
SE-ERA5,1977,NDJFM,precip,331.733,86.423,84.212,3,elnino,0.710
SE-ERA5,1977,NDJFM,precip_days,66.667,15.811,14.329,3,elnino,0.710
SE-ERA5,1977,NDJFM,thaw_days,110.667,-14.000,-4.880,3,elnino,0.710
SE-ERA5,1977,NDJFM,tmax_mean,2.183,-1.554,-0.562,3,elnino,0.710
SE-ERA5,1977,NDJFM,tmean,0.243,-1.407,-0.329,3,elnino,0.710
SE-ERA5,1977,NDJFM,tmin_mean,-2.102,-1.401,-0.242,3,elnino,0.710
SE-ERA5,1978,DJF,frost_days,57.333,6.400,-1.307,3,elnino,0.710
SE-ERA5,1978,DJF,ice_days,25.000,2.989,-3.913,3,elnino,0.710
SE-ERA5,1978,DJF,precip,127.833,-22.190,-21.470,3,elnino,0.710
SE-ERA5,1978,DJF,precip_days,30.667,-0.078,-0.993,3,elnino,0.710
SE-ERA5,1978,DJF,thaw_days,64.000,-3.544,3.446,3,elnino,0.710
SE-ERA5,1978,DJF,tmax_mean,1.270,-1.176,-0.090,3,elnino,0.710
SE-ERA5,1978,DJF,tmean,-0.642,-1.202,-0.006,3,elnino,0.710
SE-ERA5,1978,DJF,tmin_mean,-2.943,-1.292,0.029,3,elnino,0.710
SE-ERA5,1978,JFM,frost_days,55.667,3.311,-5.508,3,elnino,0.710
SE-ERA5,1978,JFM,ice_days,28.667,10.133,2.873,3,elnino,0.710
SE-ERA5,1978,JFM,precip,169.500,35.856,38.614,3,elnino,0.710
SE-ERA5,1978,JFM,precip_days,38.000,9.511,9.159,3,elnino,0.710
SE-ERA5,1978,JFM,thaw_days,60.667,-10.444,-3.124,3,elnino,0.710
SE-ERA5,1978,JFM,tmax_mean,1.189,-1.955,-0.735,3,elnino,0.710
SE-ERA5,1978,JFM,tmean,-0.924,-1.748,-0.426,3,elnino,0.710
SE-ERA5,1978,JFM,tmin_mean,-3.454,-1.727,-0.305,3,elnino,0.710
SE-ERA5,1978,NDJFM,frost_days,82.000,6.478,-5.008,3,elnino,0.710
SE-ERA5,1978,NDJFM,ice_days,33.667,7.944,-0.731,3,elnino,0.710
SE-ERA5,1978,NDJFM,precip,318.467,73.157,70.838,3,elnino,0.710
SE-ERA5,1978,NDJFM,precip_days,64.000,13.144,11.675,3,elnino,0.710
SE-ERA5,1978,NDJFM,thaw_days,116.333,-8.333,0.516,3,elnino,0.710
SE-ERA5,1978,NDJFM,tmax_mean,2.639,-1.098,-0.139,3,elnino,0.710
SE-ERA5,1978,NDJFM,tmean,0.666,-0.984,0.058,3,elnino,0.710
SE-ERA5,1978,NDJFM,tmin_mean,-1.660,-0.959,0.161,3,elnino,0.710
SE-ERA5,1979,DJF,frost_days,85.000,34.067,26.628,3,neutral,0.190
SE-ERA5,1979,DJF,ice_days,61.333,39.322,32.630,3,neutral,0.190
SE-ERA5,1979,DJF,precip,101.733,-48.290,-47.713,3,neutral,0.190
SE-ERA5,1979,DJF,precip_days,25.000,-5.744,-6.656,3,neutral,0.190
SE-ERA5,1979,DJF,thaw_days,27.667,-39.878,-33.098,3,neutral,0.190
SE-ERA5,1979,DJF,tmax_mean,-2.515,-4.961,-3.909,3,neutral,0.190
SE-ERA5,1979,DJF,tmean,-4.683,-5.242,-4.083,3,neutral,0.190
SE-ERA5,1979,DJF,tmin_mean,-7.284,-5.634,-4.354,3,neutral,0.190
SE-ERA5,1979,JFM,frost_days,76.000,23.645,15.150,3,neutral,0.190
SE-ERA5,1979,JFM,ice_days,49.000,30.467,23.441,3,neutral,0.190
SE-ERA5,1979,JFM,precip,132.167,-1.478,1.016,3,neutral,0.190
SE-ERA5,1979,JFM,precip_days,29.333,0.844,0.480,3,neutral,0.190
SE-ERA5,1979,JFM,thaw_days,40.333,-30.778,-23.691,3,neutral,0.190
SE-ERA5,1979,JFM,tmax_mean,-1.113,-4.257,-3.078,3,neutral,0.190
SE-ERA5,1979,JFM,tmean,-3.419,-4.244,-2.966,3,neutral,0.190
SE-ERA5,1979,JFM,tmin_mean,-6.065,-4.339,-2.964,3,neutral,0.190
SE-ERA5,1979,NDJFM,frost_days,109.333,33.811,22.743,3,neutral,0.190
SE-ERA5,1979,NDJFM,ice_days,68.333,42.611,34.203,3,neutral,0.190
SE-ERA5,1979,NDJFM,precip,219.000,-26.310,-28.735,3,neutral,0.190
SE-ERA5,1979,NDJFM,precip_days,49.000,-1.856,-3.311,3,neutral,0.190
SE-ERA5,1979,NDJFM,thaw_days,81.667,-43.000,-34.421,3,neutral,0.190
SE-ERA5,1979,NDJFM,tmax_mean,0.640,-3.097,-2.172,3,neutral,0.190
SE-ERA5,1979,NDJFM,tmean,-1.472,-3.122,-2.117,3,neutral,0.190
SE-ERA5,1979,NDJFM,tmin_mean,-3.933,-3.232,-2.150,3,neutral,0.190
SE-ERA5,1980,DJF,frost_days,74.667,23.733,16.563,3,neutral,0.620
SE-ERA5,1980,DJF,ice_days,50.667,28.656,22.174,3,neutral,0.620
SE-ERA5,1980,DJF,precip,123.333,-26.690,-26.257,3,neutral,0.620
SE-ERA5,1980,DJF,precip_days,24.667,-6.078,-6.987,3,neutral,0.620
SE-ERA5,1980,DJF,thaw_days,39.000,-28.544,-21.976,3,neutral,0.620
SE-ERA5,1980,DJF,tmax_mean,-0.230,-2.676,-1.658,3,neutral,0.620
SE-ERA5,1980,DJF,tmean,-2.238,-2.797,-1.677,3,neutral,0.620
SE-ERA5,1980,DJF,tmin_mean,-4.655,-3.004,-1.767,3,neutral,0.620
SE-ERA5,1980,JFM,frost_days,83.000,30.645,22.476,3,neutral,0.620
SE-ERA5,1980,JFM,ice_days,46.333,27.800,21.008,3,neutral,0.620
SE-ERA5,1980,JFM,precip,67.367,-66.278,-64.047,3,neutral,0.620
SE-ERA5,1980,JFM,precip_days,16.333,-12.156,-12.532,3,neutral,0.620
SE-ERA5,1980,JFM,thaw_days,43.000,-28.111,-21.259,3,neutral,0.620
SE-ERA5,1980,JFM,tmax_mean,-0.323,-3.467,-2.329,3,neutral,0.620
SE-ERA5,1980,JFM,tmean,-2.657,-3.481,-2.247,3,neutral,0.620
SE-ERA5,1980,JFM,tmin_mean,-5.255,-3.529,-2.202,3,neutral,0.620
SE-ERA5,1980,NDJFM,frost_days,105.333,29.811,19.162,3,neutral,0.620
SE-ERA5,1980,NDJFM,ice_days,56.333,30.611,22.470,3,neutral,0.620
SE-ERA5,1980,NDJFM,precip,237.600,-7.710,-10.242,3,neutral,0.620
SE-ERA5,1980,NDJFM,precip_days,45.333,-5.522,-6.965,3,neutral,0.620
SE-ERA5,1980,NDJFM,thaw_days,94.000,-30.666,-22.358,3,neutral,0.620
SE-ERA5,1980,NDJFM,tmax_mean,1.338,-2.399,-1.508,3,neutral,0.620
SE-ERA5,1980,NDJFM,tmean,-0.718,-2.368,-1.398,3,neutral,0.620
SE-ERA5,1980,NDJFM,tmin_mean,-3.085,-2.384,-1.340,3,neutral,0.620
SE-ERA5,1981,DJF,frost_days,61.000,10.067,3.164,3,neutral,-0.270
SE-ERA5,1981,DJF,ice_days,24.000,1.989,-4.283,3,neutral,-0.270
SE-ERA5,1981,DJF,precip,150.433,0.410,0.699,3,neutral,-0.270
SE-ERA5,1981,DJF,precip_days,31.000,0.256,-0.651,3,neutral,-0.270
SE-ERA5,1981,DJF,thaw_days,64.667,-2.878,3.479,3,neutral,-0.270
SE-ERA5,1981,DJF,tmax_mean,1.650,-0.795,0.189,3,neutral,-0.270
SE-ERA5,1981,DJF,tmean,-0.444,-1.004,0.079,3,neutral,-0.270
SE-ERA5,1981,DJF,tmin_mean,-3.060,-1.409,-0.214,3,neutral,-0.270
SE-ERA5,1981,JFM,frost_days,65.333,12.978,5.134,3,neutral,-0.270
SE-ERA5,1981,JFM,ice_days,24.000,5.467,-1.091,3,neutral,-0.270
SE-ERA5,1981,JFM,precip,149.667,16.022,17.989,3,neutral,-0.270
SE-ERA5,1981,JFM,precip_days,31.667,3.178,2.790,3,neutral,-0.270
SE-ERA5,1981,JFM,thaw_days,65.000,-6.111,0.507,3,neutral,-0.270
SE-ERA5,1981,JFM,tmax_mean,1.810,-1.334,-0.237,3,neutral,-0.270
SE-ERA5,1981,JFM,tmean,-0.553,-1.378,-0.188,3,neutral,-0.270
SE-ERA5,1981,JFM,tmin_mean,-3.312,-1.585,-0.307,3,neutral,-0.270
SE-ERA5,1981,NDJFM,frost_days,98.000,22.478,12.246,3,neutral,-0.270
SE-ERA5,1981,NDJFM,ice_days,32.000,6.278,-1.597,3,neutral,-0.270
SE-ERA5,1981,NDJFM,precip,290.567,45.257,42.619,3,neutral,-0.270
SE-ERA5,1981,NDJFM,precip_days,60.333,9.478,8.049,3,neutral,-0.270
SE-ERA5,1981,NDJFM,thaw_days,117.667,-7.000,1.038,3,neutral,-0.270
SE-ERA5,1981,NDJFM,tmax_mean,2.583,-1.154,-0.297,3,neutral,-0.270
SE-ERA5,1981,NDJFM,tmean,0.266,-1.384,-0.450,3,neutral,-0.270
SE-ERA5,1981,NDJFM,tmin_mean,-2.432,-1.730,-0.725,3,neutral,-0.270
SE-ERA5,1982,DJF,frost_days,81.333,30.400,23.765,3,neutral,-0.050
SE-ERA5,1982,DJF,ice_days,54.000,31.989,25.927,3,neutral,-0.050
SE-ERA5,1982,DJF,precip,103.767,-46.257,-46.111,3,neutral,-0.050
SE-ERA5,1982,DJF,precip_days,23.667,-7.078,-7.982,3,neutral,-0.050
SE-ERA5,1982,DJF,thaw_days,34.333,-33.211,-27.065,3,neutral,-0.050
SE-ERA5,1982,DJF,tmax_mean,-2.053,-4.498,-3.549,3,neutral,-0.050
SE-ERA5,1982,DJF,tmean,-4.348,-4.907,-3.862,3,neutral,-0.050
SE-ERA5,1982,DJF,tmin_mean,-7.064,-5.413,-4.260,3,neutral,-0.050
SE-ERA5,1982,JFM,frost_days,66.000,13.645,6.126,3,neutral,-0.050
SE-ERA5,1982,JFM,ice_days,34.000,15.467,9.144,3,neutral,-0.050
SE-ERA5,1982,JFM,precip,116.600,-17.044,-15.342,3,neutral,-0.050
SE-ERA5,1982,JFM,precip_days,25.000,-3.489,-3.889,3,neutral,-0.050
SE-ERA5,1982,JFM,thaw_days,54.667,-16.444,-10.061,3,neutral,-0.050
SE-ERA5,1982,JFM,tmax_mean,0.865,-2.279,-1.224,3,neutral,-0.050
SE-ERA5,1982,JFM,tmean,-1.560,-2.385,-1.240,3,neutral,-0.050
SE-ERA5,1982,JFM,tmin_mean,-4.116,-2.390,-1.159,3,neutral,-0.050
SE-ERA5,1982,NDJFM,frost_days,104.333,28.811,18.998,3,neutral,-0.050
SE-ERA5,1982,NDJFM,ice_days,55.000,29.278,21.670,3,neutral,-0.050
SE-ERA5,1982,NDJFM,precip,255.833,10.523,7.778,3,neutral,-0.050
SE-ERA5,1982,NDJFM,precip_days,50.333,-0.522,-1.938,3,neutral,-0.050
SE-ERA5,1982,NDJFM,thaw_days,94.333,-30.333,-22.566,3,neutral,-0.050
SE-ERA5,1982,NDJFM,tmax_mean,0.981,-2.756,-1.932,3,neutral,-0.050
SE-ERA5,1982,NDJFM,tmean,-1.350,-3.000,-2.102,3,neutral,-0.050
SE-ERA5,1982,NDJFM,tmin_mean,-3.912,-3.211,-2.244,3,neutral,-0.050
SE-ERA5,1983,DJF,frost_days,47.000,-3.933,-10.301,3,super,2.140
SE-ERA5,1983,DJF,ice_days,13.667,-8.344,-14.197,3,super,2.140
SE-ERA5,1983,DJF,precip,167.100,17.077,17.078,3,super,2.140
SE-ERA5,1983,DJF,precip_days,32.333,1.589,0.687,3,super,2.140
SE-ERA5,1983,DJF,thaw_days,76.333,8.789,14.723,3,super,2.140
SE-ERA5,1983,DJF,tmax_mean,3.209,0.764,1.679,3,super,2.140
SE-ERA5,1983,DJF,tmean,1.217,0.657,1.665,3,super,2.140
SE-ERA5,1983,DJF,tmin_mean,-1.067,0.584,1.695,3,super,2.140
SE-ERA5,1983,JFM,frost_days,48.000,-4.355,-11.548,3,super,2.140
SE-ERA5,1983,JFM,ice_days,12.333,-6.200,-12.289,3,super,2.140
SE-ERA5,1983,JFM,precip,172.400,38.756,40.194,3,super,2.140
SE-ERA5,1983,JFM,precip_days,37.333,8.844,8.432,3,super,2.140
SE-ERA5,1983,JFM,thaw_days,77.667,6.556,12.705,3,super,2.140
SE-ERA5,1983,JFM,tmax_mean,3.560,0.416,1.430,3,super,2.140
SE-ERA5,1983,JFM,tmean,1.364,0.540,1.640,3,super,2.140
SE-ERA5,1983,JFM,tmin_mean,-1.117,0.610,1.793,3,super,2.140
SE-ERA5,1983,NDJFM,frost_days,64.000,-11.522,-20.917,3,super,2.140
SE-ERA5,1983,NDJFM,ice_days,14.333,-11.389,-18.729,3,super,2.140
SE-ERA5,1983,NDJFM,precip,313.800,68.490,65.638,3,super,2.140
SE-ERA5,1983,NDJFM,precip_days,63.333,12.478,11.076,3,super,2.140
SE-ERA5,1983,NDJFM,thaw_days,136.667,12.000,19.496,3,super,2.140
SE-ERA5,1983,NDJFM,tmax_mean,4.377,0.640,1.430,3,super,2.140
SE-ERA5,1983,NDJFM,tmean,2.367,0.717,1.579,3,super,2.140
SE-ERA5,1983,NDJFM,tmin_mean,0.105,0.807,1.735,3,super,2.140
SE-ERA5,1984,DJF,frost_days,57.667,6.733,0.634,3,lanina,-0.630
SE-ERA5,1984,DJF,ice_days,20.333,-1.678,-7.320,3,lanina,-0.630
SE-ERA5,1984,DJF,precip,176.200,26.177,26.035,3,lanina,-0.630
SE-ERA5,1984,DJF,precip_days,36.000,5.256,4.357,3,lanina,-0.630
SE-ERA5,1984,DJF,thaw_days,69.667,2.122,7.845,3,lanina,-0.630
SE-ERA5,1984,DJF,tmax_mean,1.670,-0.776,0.106,3,lanina,-0.630
SE-ERA5,1984,DJF,tmean,-0.135,-0.694,0.276,3,lanina,-0.630
SE-ERA5,1984,DJF,tmin_mean,-2.251,-0.601,0.469,3,lanina,-0.630
SE-ERA5,1984,JFM,frost_days,65.333,12.978,6.110,3,lanina,-0.630
SE-ERA5,1984,JFM,ice_days,16.000,-2.533,-8.387,3,lanina,-0.630
SE-ERA5,1984,JFM,precip,138.633,4.989,6.164,3,lanina,-0.630
SE-ERA5,1984,JFM,precip_days,29.000,0.511,0.087,3,lanina,-0.630
SE-ERA5,1984,JFM,thaw_days,74.333,3.222,9.137,3,lanina,-0.630
SE-ERA5,1984,JFM,tmax_mean,1.776,-1.368,-0.396,3,lanina,-0.630
SE-ERA5,1984,JFM,tmean,-0.287,-1.112,-0.056,3,lanina,-0.630
SE-ERA5,1984,JFM,tmin_mean,-2.555,-0.829,0.306,3,lanina,-0.630
SE-ERA5,1984,NDJFM,frost_days,99.000,23.478,14.501,3,lanina,-0.630
SE-ERA5,1984,NDJFM,ice_days,26.333,0.611,-6.462,3,lanina,-0.630
SE-ERA5,1984,NDJFM,precip,229.200,-16.110,-19.068,3,lanina,-0.630
SE-ERA5,1984,NDJFM,precip_days,50.000,-0.856,-2.244,3,lanina,-0.630
SE-ERA5,1984,NDJFM,thaw_days,124.000,-0.666,6.559,3,lanina,-0.630
SE-ERA5,1984,NDJFM,tmax_mean,2.647,-1.090,-0.334,3,lanina,-0.630
SE-ERA5,1984,NDJFM,tmean,0.521,-1.128,-0.303,3,lanina,-0.630
SE-ERA5,1984,NDJFM,tmin_mean,-1.944,-1.242,-0.352,3,lanina,-0.630
SE-ERA5,1985,DJF,frost_days,70.000,19.067,13.235,3,lanina,-1.010
SE-ERA5,1985,DJF,ice_days,51.667,29.656,24.223,3,lanina,-1.010
SE-ERA5,1985,DJF,precip,104.867,-45.157,-45.442,3,lanina,-1.010
SE-ERA5,1985,DJF,precip_days,22.333,-8.411,-9.307,3,lanina,-1.010
SE-ERA5,1985,DJF,thaw_days,36.333,-31.211,-25.699,3,lanina,-1.010
SE-ERA5,1985,DJF,tmax_mean,-2.029,-4.475,-3.627,3,lanina,-1.010
SE-ERA5,1985,DJF,tmean,-4.259,-4.819,-3.887,3,lanina,-1.010
SE-ERA5,1985,DJF,tmin_mean,-6.988,-5.337,-4.310,3,lanina,-1.010
SE-ERA5,1985,JFM,frost_days,79.000,26.645,20.102,3,lanina,-1.010
SE-ERA5,1985,JFM,ice_days,50.667,32.133,26.513,3,lanina,-1.010
SE-ERA5,1985,JFM,precip,122.267,-11.378,-10.467,3,lanina,-1.010
SE-ERA5,1985,JFM,precip_days,27.000,-1.489,-1.925,3,lanina,-1.010
SE-ERA5,1985,JFM,thaw_days,38.333,-32.778,-27.098,3,lanina,-1.010
SE-ERA5,1985,JFM,tmax_mean,-2.415,-5.559,-4.628,3,lanina,-1.010
SE-ERA5,1985,JFM,tmean,-4.918,-5.743,-4.731,3,lanina,-1.010
SE-ERA5,1985,JFM,tmin_mean,-7.854,-6.127,-5.040,3,lanina,-1.010
SE-ERA5,1985,NDJFM,frost_days,93.667,18.145,9.586,3,lanina,-1.010
SE-ERA5,1985,NDJFM,ice_days,55.667,29.944,23.139,3,lanina,-1.010
SE-ERA5,1985,NDJFM,precip,200.233,-45.077,-48.141,3,lanina,-1.010
SE-ERA5,1985,NDJFM,precip_days,44.333,-6.522,-7.897,3,lanina,-1.010
SE-ERA5,1985,NDJFM,thaw_days,93.000,-31.666,-24.712,3,lanina,-1.010
SE-ERA5,1985,NDJFM,tmax_mean,0.532,-3.205,-2.483,3,lanina,-1.010
SE-ERA5,1985,NDJFM,tmean,-1.478,-3.128,-2.339,3,lanina,-1.010
SE-ERA5,1985,NDJFM,tmin_mean,-3.820,-3.119,-2.267,3,lanina,-1.010
SE-ERA5,1986,DJF,frost_days,72.000,21.067,15.503,3,neutral,-0.400
SE-ERA5,1986,DJF,ice_days,49.000,26.989,21.766,3,neutral,-0.400
SE-ERA5,1986,DJF,precip,192.433,42.410,41.981,3,neutral,-0.400
SE-ERA5,1986,DJF,precip_days,33.667,2.922,2.029,3,neutral,-0.400
SE-ERA5,1986,DJF,thaw_days,40.000,-27.544,-22.244,3,neutral,-0.400
SE-ERA5,1986,DJF,tmax_mean,-0.807,-3.253,-2.439,3,neutral,-0.400
SE-ERA5,1986,DJF,tmean,-3.434,-3.994,-3.099,3,neutral,-0.400
SE-ERA5,1986,DJF,tmin_mean,-6.550,-4.899,-3.914,3,neutral,-0.400
SE-ERA5,1986,JFM,frost_days,71.333,18.978,12.761,3,neutral,-0.400
SE-ERA5,1986,JFM,ice_days,42.333,23.800,18.414,3,neutral,-0.400
SE-ERA5,1986,JFM,precip,141.067,7.422,8.069,3,neutral,-0.400
SE-ERA5,1986,JFM,precip_days,27.000,-1.489,-1.937,3,neutral,-0.400
SE-ERA5,1986,JFM,thaw_days,46.667,-24.444,-18.999,3,neutral,-0.400
SE-ERA5,1986,JFM,tmax_mean,-0.174,-3.318,-2.428,3,neutral,-0.400
SE-ERA5,1986,JFM,tmean,-2.813,-3.638,-2.671,3,neutral,-0.400
SE-ERA5,1986,JFM,tmin_mean,-5.692,-3.966,-2.926,3,neutral,-0.400
SE-ERA5,1986,NDJFM,frost_days,109.667,34.145,26.004,3,neutral,-0.400
SE-ERA5,1986,NDJFM,ice_days,56.333,30.611,24.072,3,neutral,-0.400
SE-ERA5,1986,NDJFM,precip,299.600,54.290,51.118,3,neutral,-0.400
SE-ERA5,1986,NDJFM,precip_days,53.667,2.811,1.450,3,neutral,-0.400
SE-ERA5,1986,NDJFM,thaw_days,93.000,-31.666,-24.983,3,neutral,-0.400
SE-ERA5,1986,NDJFM,tmax_mean,0.838,-2.899,-2.210,3,neutral,-0.400
SE-ERA5,1986,NDJFM,tmean,-1.591,-3.242,-2.488,3,neutral,-0.400
SE-ERA5,1986,NDJFM,tmin_mean,-4.352,-3.650,-2.837,3,neutral,-0.400
SE-ERA5,1987,DJF,frost_days,72.000,21.067,15.771,3,elnino,1.180
SE-ERA5,1987,DJF,ice_days,47.000,24.989,19.976,3,elnino,1.180
SE-ERA5,1987,DJF,precip,134.500,-15.523,-16.096,3,elnino,1.180
SE-ERA5,1987,DJF,precip_days,25.000,-5.744,-6.635,3,elnino,1.180
SE-ERA5,1987,DJF,thaw_days,42.333,-25.211,-20.122,3,elnino,1.180
SE-ERA5,1987,DJF,tmax_mean,-1.250,-3.696,-2.916,3,elnino,1.180
SE-ERA5,1987,DJF,tmean,-3.647,-4.207,-3.350,3,elnino,1.180
SE-ERA5,1987,DJF,tmin_mean,-6.524,-4.874,-3.931,3,elnino,1.180
SE-ERA5,1987,JFM,frost_days,80.000,27.645,21.753,3,elnino,1.180
SE-ERA5,1987,JFM,ice_days,49.000,30.467,25.316,3,elnino,1.180
SE-ERA5,1987,JFM,precip,100.633,-33.011,-32.628,3,elnino,1.180
SE-ERA5,1987,JFM,precip_days,20.333,-8.156,-8.616,3,elnino,1.180
SE-ERA5,1987,JFM,thaw_days,39.333,-31.778,-26.566,3,elnino,1.180
SE-ERA5,1987,JFM,tmax_mean,-1.870,-5.014,-4.166,3,elnino,1.180
SE-ERA5,1987,JFM,tmean,-4.925,-5.749,-4.826,3,elnino,1.180
SE-ERA5,1987,JFM,tmin_mean,-8.334,-6.607,-5.615,3,elnino,1.180
SE-ERA5,1987,NDJFM,frost_days,101.333,25.811,18.088,3,elnino,1.180
SE-ERA5,1987,NDJFM,ice_days,58.333,32.611,26.339,3,elnino,1.180
SE-ERA5,1987,NDJFM,precip,241.900,-3.410,-6.688,3,elnino,1.180
SE-ERA5,1987,NDJFM,precip_days,47.333,-3.522,-4.871,3,elnino,1.180
SE-ERA5,1987,NDJFM,thaw_days,91.000,-33.666,-27.253,3,elnino,1.180
SE-ERA5,1987,NDJFM,tmax_mean,0.983,-2.754,-2.099,3,elnino,1.180
SE-ERA5,1987,NDJFM,tmean,-1.560,-3.210,-2.493,3,elnino,1.180
SE-ERA5,1987,NDJFM,tmin_mean,-4.467,-3.765,-2.990,3,elnino,1.180
SE-ERA5,1988,DJF,frost_days,40.667,-10.267,-15.294,3,elnino,0.630
SE-ERA5,1988,DJF,ice_days,11.667,-10.344,-15.147,3,elnino,0.630
SE-ERA5,1988,DJF,precip,212.567,62.543,61.827,3,elnino,0.630
SE-ERA5,1988,DJF,precip_days,42.333,11.589,10.701,3,elnino,0.630
SE-ERA5,1988,DJF,thaw_days,78.667,11.122,16.000,3,elnino,0.630
SE-ERA5,1988,DJF,tmax_mean,3.029,0.584,1.330,3,elnino,0.630
SE-ERA5,1988,DJF,tmean,1.529,0.970,1.788,3,elnino,0.630
SE-ERA5,1988,DJF,tmin_mean,-0.203,1.447,2.348,3,elnino,0.630
SE-ERA5,1988,JFM,frost_days,42.000,-10.355,-15.922,3,elnino,0.630
SE-ERA5,1988,JFM,ice_days,11.333,-7.200,-12.117,3,elnino,0.630
SE-ERA5,1988,JFM,precip,228.633,94.989,95.108,3,elnino,0.630
SE-ERA5,1988,JFM,precip_days,47.000,18.511,18.039,3,elnino,0.630
SE-ERA5,1988,JFM,thaw_days,78.667,7.556,12.533,3,elnino,0.630
SE-ERA5,1988,JFM,tmax_mean,2.801,-0.343,0.464,3,elnino,0.630
SE-ERA5,1988,JFM,tmean,1.166,0.341,1.220,3,elnino,0.630
SE-ERA5,1988,JFM,tmin_mean,-0.820,0.906,1.850,3,elnino,0.630
SE-ERA5,1988,NDJFM,frost_days,66.333,-9.189,-16.494,3,elnino,0.630
SE-ERA5,1988,NDJFM,ice_days,17.000,-8.722,-14.727,3,elnino,0.630
SE-ERA5,1988,NDJFM,precip,320.767,75.457,72.072,3,elnino,0.630
SE-ERA5,1988,NDJFM,precip_days,66.333,15.478,14.143,3,elnino,0.630
SE-ERA5,1988,NDJFM,thaw_days,133.667,9.000,15.143,3,elnino,0.630
SE-ERA5,1988,NDJFM,tmax_mean,3.379,-0.359,0.263,3,elnino,0.630
SE-ERA5,1988,NDJFM,tmean,1.646,-0.004,0.677,3,elnino,0.630
SE-ERA5,1988,NDJFM,tmin_mean,-0.397,0.304,1.041,3,elnino,0.630
SE-ERA5,1989,DJF,frost_days,31.667,-19.267,-24.026,3,lanina,-1.640
SE-ERA5,1989,DJF,ice_days,6.333,-15.678,-20.271,3,lanina,-1.640
SE-ERA5,1989,DJF,precip,120.100,-29.923,-30.783,3,lanina,-1.640
SE-ERA5,1989,DJF,precip_days,28.667,-2.078,-2.963,3,lanina,-1.640
SE-ERA5,1989,DJF,thaw_days,83.667,16.122,20.789,3,lanina,-1.640
SE-ERA5,1989,DJF,tmax_mean,4.974,2.528,3.240,3,lanina,-1.640
SE-ERA5,1989,DJF,tmean,3.059,2.500,3.281,3,lanina,-1.640
SE-ERA5,1989,DJF,tmin_mean,0.779,2.430,3.289,3,lanina,-1.640
SE-ERA5,1989,JFM,frost_days,14.667,-37.689,-42.930,3,lanina,-1.640
SE-ERA5,1989,JFM,ice_days,0.000,-18.533,-23.216,3,lanina,-1.640
SE-ERA5,1989,JFM,precip,131.600,-2.044,-2.189,3,lanina,-1.640
SE-ERA5,1989,JFM,precip_days,30.000,1.511,1.027,3,lanina,-1.640
SE-ERA5,1989,JFM,thaw_days,90.000,18.889,23.631,3,lanina,-1.640
SE-ERA5,1989,JFM,tmax_mean,6.251,3.108,3.873,3,lanina,-1.640
SE-ERA5,1989,JFM,tmean,4.345,3.521,4.355,3,lanina,-1.640
SE-ERA5,1989,JFM,tmin_mean,2.263,3.990,4.886,3,lanina,-1.640
SE-ERA5,1989,NDJFM,frost_days,54.000,-21.522,-28.409,3,lanina,-1.640
SE-ERA5,1989,NDJFM,ice_days,11.000,-14.722,-20.460,3,lanina,-1.640
SE-ERA5,1989,NDJFM,precip,215.600,-29.710,-33.201,3,lanina,-1.640
SE-ERA5,1989,NDJFM,precip_days,47.333,-3.522,-4.844,3,lanina,-1.640
SE-ERA5,1989,NDJFM,thaw_days,139.667,15.000,20.872,3,lanina,-1.640
SE-ERA5,1989,NDJFM,tmax_mean,5.150,1.413,2.001,3,lanina,-1.640
SE-ERA5,1989,NDJFM,tmean,3.017,1.367,2.012,3,lanina,-1.640
SE-ERA5,1989,NDJFM,tmin_mean,0.548,1.249,1.948,3,lanina,-1.640
SE-ERA5,1990,DJF,frost_days,31.667,-19.267,-23.758,3,neutral,0.180
SE-ERA5,1990,DJF,ice_days,9.000,-13.011,-17.394,3,neutral,0.180
SE-ERA5,1990,DJF,precip,210.667,60.643,59.640,3,neutral,0.180
SE-ERA5,1990,DJF,precip_days,41.000,10.256,9.373,3,neutral,0.180
SE-ERA5,1990,DJF,thaw_days,80.667,13.122,17.577,3,neutral,0.180
SE-ERA5,1990,DJF,tmax_mean,4.610,2.164,2.842,3,neutral,0.180
SE-ERA5,1990,DJF,tmean,2.825,2.265,3.009,3,neutral,0.180
SE-ERA5,1990,DJF,tmin_mean,0.666,2.317,3.134,3,neutral,0.180
SE-ERA5,1990,JFM,frost_days,22.333,-30.022,-34.938,3,neutral,0.180
SE-ERA5,1990,JFM,ice_days,2.333,-16.200,-20.648,3,neutral,0.180
SE-ERA5,1990,JFM,precip,199.400,65.756,65.347,3,neutral,0.180
SE-ERA5,1990,JFM,precip_days,39.333,10.844,10.348,3,neutral,0.180
SE-ERA5,1990,JFM,thaw_days,87.333,16.222,20.730,3,neutral,0.180
SE-ERA5,1990,JFM,tmax_mean,6.693,3.549,4.273,3,neutral,0.180
SE-ERA5,1990,JFM,tmean,4.592,3.768,4.558,3,neutral,0.180
SE-ERA5,1990,JFM,tmin_mean,2.295,4.022,4.871,3,neutral,0.180
SE-ERA5,1990,NDJFM,frost_days,53.667,-21.855,-28.324,3,neutral,0.180
SE-ERA5,1990,NDJFM,ice_days,11.333,-14.389,-19.860,3,neutral,0.180
SE-ERA5,1990,NDJFM,precip,279.067,33.757,30.159,3,neutral,0.180
SE-ERA5,1990,NDJFM,precip_days,59.667,8.811,7.503,3,neutral,0.180
SE-ERA5,1990,NDJFM,thaw_days,139.000,14.334,19.935,3,neutral,0.180
SE-ERA5,1990,NDJFM,tmax_mean,5.661,1.924,2.478,3,neutral,0.180
SE-ERA5,1990,NDJFM,tmean,3.512,1.862,2.471,3,neutral,0.180
SE-ERA5,1990,NDJFM,tmin_mean,1.027,1.729,2.389,3,neutral,0.180
SE-ERA5,1991,DJF,frost_days,55.000,4.067,-0.157,3,neutral,0.350
SE-ERA5,1991,DJF,ice_days,21.667,-0.344,-4.517,3,neutral,0.350
SE-ERA5,1991,DJF,precip,128.800,-21.223,-22.371,3,neutral,0.350
SE-ERA5,1991,DJF,precip_days,27.333,-3.411,-4.291,3,neutral,0.350
SE-ERA5,1991,DJF,thaw_days,68.000,0.456,4.700,3,neutral,0.350
SE-ERA5,1991,DJF,tmax_mean,2.169,-0.276,0.367,3,neutral,0.350
SE-ERA5,1991,DJF,tmean,0.407,-0.152,0.553,3,neutral,0.350
SE-ERA5,1991,DJF,tmin_mean,-1.739,-0.088,0.687,3,neutral,0.350
SE-ERA5,1991,JFM,frost_days,52.667,0.311,-4.279,3,neutral,0.350
SE-ERA5,1991,JFM,ice_days,20.333,1.800,-2.414,3,neutral,0.350
SE-ERA5,1991,JFM,precip,110.400,-23.244,-23.917,3,neutral,0.350
SE-ERA5,1991,JFM,precip_days,24.667,-3.822,-4.330,3,neutral,0.350
SE-ERA5,1991,JFM,thaw_days,69.333,-1.778,2.496,3,neutral,0.350
SE-ERA5,1991,JFM,tmax_mean,3.010,-0.134,0.550,3,neutral,0.350
SE-ERA5,1991,JFM,tmean,0.979,0.154,0.900,3,neutral,0.350
SE-ERA5,1991,JFM,tmin_mean,-1.273,0.453,1.254,3,neutral,0.350
SE-ERA5,1991,NDJFM,frost_days,79.667,4.145,-1.906,3,neutral,0.350
SE-ERA5,1991,NDJFM,ice_days,23.333,-2.389,-7.593,3,neutral,0.350
SE-ERA5,1991,NDJFM,precip,197.833,-47.477,-51.181,3,neutral,0.350
SE-ERA5,1991,NDJFM,precip_days,43.333,-7.522,-8.817,3,neutral,0.350
SE-ERA5,1991,NDJFM,thaw_days,127.000,2.334,7.664,3,neutral,0.350
SE-ERA5,1991,NDJFM,tmax_mean,3.453,-0.285,0.236,3,neutral,0.350
SE-ERA5,1991,NDJFM,tmean,1.497,-0.153,0.419,3,neutral,0.350
SE-ERA5,1991,NDJFM,tmin_mean,-0.745,-0.043,0.578,3,neutral,0.350
SE-ERA5,1992,DJF,frost_days,50.000,-0.933,-4.889,3,elnino,1.540
SE-ERA5,1992,DJF,ice_days,7.000,-15.011,-18.974,3,elnino,1.540
SE-ERA5,1992,DJF,precip,106.533,-43.490,-44.781,3,elnino,1.540
SE-ERA5,1992,DJF,precip_days,22.667,-8.078,-8.954,3,elnino,1.540
SE-ERA5,1992,DJF,thaw_days,82.000,14.456,18.488,3,elnino,1.540
SE-ERA5,1992,DJF,tmax_mean,4.198,1.752,2.362,3,elnino,1.540
SE-ERA5,1992,DJF,tmean,1.993,1.434,2.101,3,elnino,1.540
SE-ERA5,1992,DJF,tmin_mean,-0.535,1.116,1.848,3,elnino,1.540
SE-ERA5,1992,JFM,frost_days,44.333,-8.022,-12.288,3,elnino,1.540
SE-ERA5,1992,JFM,ice_days,6.333,-12.200,-16.179,3,elnino,1.540
SE-ERA5,1992,JFM,precip,115.267,-18.378,-19.314,3,elnino,1.540
SE-ERA5,1992,JFM,precip_days,25.667,-2.822,-3.342,3,elnino,1.540
SE-ERA5,1992,JFM,thaw_days,83.333,12.222,16.262,3,elnino,1.540
SE-ERA5,1992,JFM,tmax_mean,4.728,1.584,2.226,3,elnino,1.540
SE-ERA5,1992,JFM,tmean,2.453,1.629,2.330,3,elnino,1.540
SE-ERA5,1992,JFM,tmin_mean,-0.084,1.643,2.396,3,elnino,1.540
SE-ERA5,1992,NDJFM,frost_days,65.667,-9.855,-15.488,3,elnino,1.540
SE-ERA5,1992,NDJFM,ice_days,8.000,-17.722,-22.659,3,elnino,1.540
SE-ERA5,1992,NDJFM,precip,227.167,-18.143,-21.955,3,elnino,1.540
SE-ERA5,1992,NDJFM,precip_days,46.000,-4.856,-6.137,3,elnino,1.540
SE-ERA5,1992,NDJFM,thaw_days,142.000,17.334,22.393,3,elnino,1.540
SE-ERA5,1992,NDJFM,tmax_mean,4.937,1.199,1.686,3,elnino,1.540
SE-ERA5,1992,NDJFM,tmean,2.824,1.174,1.711,3,elnino,1.540
SE-ERA5,1992,NDJFM,tmin_mean,0.443,1.145,1.728,3,elnino,1.540
SE-ERA5,1993,DJF,frost_days,48.667,-2.267,-5.955,3,neutral,0.130
SE-ERA5,1993,DJF,ice_days,15.333,-6.678,-10.431,3,neutral,0.130
SE-ERA5,1993,DJF,precip,127.133,-22.890,-24.325,3,neutral,0.130
SE-ERA5,1993,DJF,precip_days,26.667,-4.078,-4.952,3,neutral,0.130
SE-ERA5,1993,DJF,thaw_days,74.667,7.122,10.944,3,neutral,0.130
SE-ERA5,1993,DJF,tmax_mean,3.169,0.723,1.298,3,neutral,0.130
SE-ERA5,1993,DJF,tmean,1.210,0.650,1.280,3,neutral,0.130
SE-ERA5,1993,DJF,tmin_mean,-1.044,0.607,1.298,3,neutral,0.130
SE-ERA5,1993,JFM,frost_days,53.333,0.978,-2.962,3,neutral,0.130
SE-ERA5,1993,JFM,ice_days,12.000,-6.533,-10.278,3,neutral,0.130
SE-ERA5,1993,JFM,precip,108.567,-25.078,-26.278,3,neutral,0.130
SE-ERA5,1993,JFM,precip_days,26.000,-2.489,-3.021,3,neutral,0.130
SE-ERA5,1993,JFM,thaw_days,78.000,6.889,10.694,3,neutral,0.130
SE-ERA5,1993,JFM,tmax_mean,3.769,0.626,1.227,3,neutral,0.130
SE-ERA5,1993,JFM,tmean,1.395,0.571,1.227,3,neutral,0.130
SE-ERA5,1993,JFM,tmin_mean,-1.189,0.538,1.243,3,neutral,0.130
SE-ERA5,1993,NDJFM,frost_days,76.000,0.478,-4.736,3,neutral,0.130
SE-ERA5,1993,NDJFM,ice_days,17.333,-8.389,-13.059,3,neutral,0.130
SE-ERA5,1993,NDJFM,precip,234.400,-10.910,-14.828,3,neutral,0.130
SE-ERA5,1993,NDJFM,precip_days,49.000,-1.856,-3.123,3,neutral,0.130
SE-ERA5,1993,NDJFM,thaw_days,133.667,9.000,13.789,3,neutral,0.130
SE-ERA5,1993,NDJFM,tmax_mean,4.079,0.341,0.794,3,neutral,0.130
SE-ERA5,1993,NDJFM,tmean,1.951,0.301,0.801,3,neutral,0.130
SE-ERA5,1993,NDJFM,tmin_mean,-0.414,0.287,0.832,3,neutral,0.130
SE-ERA5,1994,DJF,frost_days,56.667,5.733,2.313,3,neutral,0.070
SE-ERA5,1994,DJF,ice_days,29.000,6.989,3.446,3,neutral,0.070
SE-ERA5,1994,DJF,precip,189.800,39.777,38.198,3,neutral,0.070
SE-ERA5,1994,DJF,precip_days,37.333,6.589,5.718,3,neutral,0.070
SE-ERA5,1994,DJF,thaw_days,60.000,-7.544,-3.934,3,neutral,0.070
SE-ERA5,1994,DJF,tmax_mean,1.296,-1.150,-0.608,3,neutral,0.070
SE-ERA5,1994,DJF,tmean,-0.572,-1.132,-0.539,3,neutral,0.070
SE-ERA5,1994,DJF,tmin_mean,-2.774,-1.123,-0.475,3,neutral,0.070
SE-ERA5,1994,JFM,frost_days,55.667,3.311,-0.304,3,neutral,0.070
SE-ERA5,1994,JFM,ice_days,28.667,10.133,6.623,3,neutral,0.070
SE-ERA5,1994,JFM,precip,171.400,37.756,36.292,3,neutral,0.070
SE-ERA5,1994,JFM,precip_days,36.333,7.844,7.300,3,neutral,0.070
SE-ERA5,1994,JFM,thaw_days,61.000,-10.111,-6.541,3,neutral,0.070
SE-ERA5,1994,JFM,tmax_mean,1.938,-1.205,-0.646,3,neutral,0.070
SE-ERA5,1994,JFM,tmean,-0.298,-1.123,-0.511,3,neutral,0.070
SE-ERA5,1994,JFM,tmin_mean,-2.762,-1.035,-0.378,3,neutral,0.070
SE-ERA5,1994,NDJFM,frost_days,86.000,10.478,5.682,3,neutral,0.070
SE-ERA5,1994,NDJFM,ice_days,36.333,10.611,6.208,3,neutral,0.070
SE-ERA5,1994,NDJFM,precip,295.767,50.457,46.432,3,neutral,0.070
SE-ERA5,1994,NDJFM,precip_days,60.333,9.478,8.223,3,neutral,0.070
SE-ERA5,1994,NDJFM,thaw_days,113.667,-11.000,-6.481,3,neutral,0.070
SE-ERA5,1994,NDJFM,tmax_mean,2.339,-1.398,-0.979,3,neutral,0.070
SE-ERA5,1994,NDJFM,tmean,0.437,-1.213,-0.749,3,neutral,0.070
SE-ERA5,1994,NDJFM,tmin_mean,-1.697,-0.996,-0.489,3,neutral,0.070
SE-ERA5,1995,DJF,frost_days,44.667,-6.267,-9.419,3,elnino,0.880
SE-ERA5,1995,DJF,ice_days,12.333,-9.678,-13.011,3,elnino,0.880
SE-ERA5,1995,DJF,precip,225.833,75.810,74.088,3,elnino,0.880
SE-ERA5,1995,DJF,precip_days,41.333,10.589,9.721,3,elnino,0.880
SE-ERA5,1995,DJF,thaw_days,77.667,10.122,13.521,3,elnino,0.880
SE-ERA5,1995,DJF,tmax_mean,3.506,1.060,1.568,3,elnino,0.880
SE-ERA5,1995,DJF,tmean,1.611,1.051,1.606,3,elnino,0.880
SE-ERA5,1995,DJF,tmin_mean,-0.650,1.001,1.607,3,elnino,0.880
SE-ERA5,1995,JFM,frost_days,46.000,-6.355,-9.645,3,elnino,0.880
SE-ERA5,1995,JFM,ice_days,10.667,-7.867,-11.143,3,elnino,0.880
SE-ERA5,1995,JFM,precip,204.233,70.589,68.861,3,elnino,0.880
SE-ERA5,1995,JFM,precip_days,39.000,10.511,9.955,3,elnino,0.880
SE-ERA5,1995,JFM,thaw_days,79.333,8.222,11.558,3,elnino,0.880
SE-ERA5,1995,JFM,tmax_mean,3.535,0.391,0.909,3,elnino,0.880
SE-ERA5,1995,JFM,tmean,1.412,0.588,1.155,3,elnino,0.880
SE-ERA5,1995,JFM,tmin_mean,-0.941,0.785,1.395,3,elnino,0.880
SE-ERA5,1995,NDJFM,frost_days,65.000,-10.522,-14.900,3,elnino,0.880
SE-ERA5,1995,NDJFM,ice_days,13.333,-12.389,-16.525,3,elnino,0.880
SE-ERA5,1995,NDJFM,precip,311.500,66.190,62.059,3,elnino,0.880
SE-ERA5,1995,NDJFM,precip_days,59.000,8.144,6.903,3,elnino,0.880
SE-ERA5,1995,NDJFM,thaw_days,137.667,13.000,17.248,3,elnino,0.880
SE-ERA5,1995,NDJFM,tmax_mean,4.443,0.706,1.091,3,elnino,0.880
SE-ERA5,1995,NDJFM,tmean,2.455,0.805,1.233,3,elnino,0.880
SE-ERA5,1995,NDJFM,tmin_mean,0.177,0.878,1.347,3,elnino,0.880
SE-ERA5,1996,DJF,frost_days,81.000,30.067,27.182,3,lanina,-0.880
SE-ERA5,1996,DJF,ice_days,53.667,31.656,28.532,3,lanina,-0.880
SE-ERA5,1996,DJF,precip,50.200,-99.823,-101.689,3,lanina,-0.880
SE-ERA5,1996,DJF,precip_days,13.667,-17.078,-17.944,3,lanina,-0.880
SE-ERA5,1996,DJF,thaw_days,36.333,-31.211,-28.024,3,lanina,-0.880
SE-ERA5,1996,DJF,tmax_mean,-1.525,-3.970,-3.497,3,lanina,-0.880
SE-ERA5,1996,DJF,tmean,-3.533,-4.092,-3.575,3,lanina,-0.880
SE-ERA5,1996,DJF,tmin_mean,-5.893,-4.242,-3.677,3,lanina,-0.880
SE-ERA5,1996,JFM,frost_days,80.667,28.311,25.347,3,lanina,-0.880
SE-ERA5,1996,JFM,ice_days,38.667,20.133,17.091,3,lanina,-0.880
SE-ERA5,1996,JFM,precip,55.900,-77.744,-79.736,3,lanina,-0.880
SE-ERA5,1996,JFM,precip_days,15.000,-13.489,-14.057,3,lanina,-0.880
SE-ERA5,1996,JFM,thaw_days,52.333,-18.778,-15.676,3,lanina,-0.880
SE-ERA5,1996,JFM,tmax_mean,-0.091,-3.235,-2.758,3,lanina,-0.880
SE-ERA5,1996,JFM,tmean,-2.422,-3.246,-2.722,3,lanina,-0.880
SE-ERA5,1996,JFM,tmin_mean,-4.862,-3.136,-2.574,3,lanina,-0.880
SE-ERA5,1996,NDJFM,frost_days,128.667,53.145,49.185,3,lanina,-0.880
SE-ERA5,1996,NDJFM,ice_days,58.667,32.944,29.076,3,lanina,-0.880
SE-ERA5,1996,NDJFM,precip,115.300,-130.010,-134.248,3,lanina,-0.880
SE-ERA5,1996,NDJFM,precip_days,26.667,-24.189,-25.416,3,lanina,-0.880
SE-ERA5,1996,NDJFM,thaw_days,92.333,-32.333,-28.356,3,lanina,-0.880
SE-ERA5,1996,NDJFM,tmax_mean,0.454,-3.282,-2.931,3,lanina,-0.880
SE-ERA5,1996,NDJFM,tmean,-1.819,-3.469,-3.076,3,lanina,-0.880
SE-ERA5,1996,NDJFM,tmin_mean,-4.333,-3.632,-3.202,3,lanina,-0.880
SE-ERA5,1997,DJF,frost_days,58.000,7.067,4.450,3,neutral,-0.410
SE-ERA5,1997,DJF,ice_days,29.000,6.989,4.076,3,neutral,-0.410
SE-ERA5,1997,DJF,precip,117.333,-32.690,-34.700,3,neutral,-0.410
SE-ERA5,1997,DJF,precip_days,23.667,-7.078,-7.941,3,neutral,-0.410
SE-ERA5,1997,DJF,thaw_days,60.333,-7.211,-4.235,3,neutral,-0.410
SE-ERA5,1997,DJF,tmax_mean,1.199,-1.247,-0.807,3,neutral,-0.410
SE-ERA5,1997,DJF,tmean,-0.967,-1.526,-1.047,3,neutral,-0.410
SE-ERA5,1997,DJF,tmin_mean,-3.446,-1.796,-1.273,3,neutral,-0.410
SE-ERA5,1997,JFM,frost_days,53.667,1.311,-1.328,3,neutral,-0.410
SE-ERA5,1997,JFM,ice_days,16.333,-2.200,-5.008,3,neutral,-0.410
SE-ERA5,1997,JFM,precip,101.367,-32.278,-34.533,3,neutral,-0.410
SE-ERA5,1997,JFM,precip_days,19.000,-9.489,-10.069,3,neutral,-0.410
SE-ERA5,1997,JFM,thaw_days,72.667,1.556,4.423,3,neutral,-0.410
SE-ERA5,1997,JFM,tmax_mean,3.326,0.182,0.618,3,neutral,-0.410
SE-ERA5,1997,JFM,tmean,0.768,-0.057,0.422,3,neutral,-0.410
SE-ERA5,1997,JFM,tmin_mean,-2.043,-0.316,0.198,3,neutral,-0.410
SE-ERA5,1997,NDJFM,frost_days,83.333,7.811,4.269,3,neutral,-0.410
SE-ERA5,1997,NDJFM,ice_days,29.667,3.944,0.343,3,neutral,-0.410
SE-ERA5,1997,NDJFM,precip,227.400,-17.910,-22.255,3,neutral,-0.410
SE-ERA5,1997,NDJFM,precip_days,44.667,-6.189,-7.403,3,neutral,-0.410
SE-ERA5,1997,NDJFM,thaw_days,120.333,-4.333,-0.626,3,neutral,-0.410
SE-ERA5,1997,NDJFM,tmax_mean,3.178,-0.559,-0.242,3,neutral,-0.410
SE-ERA5,1997,NDJFM,tmean,0.894,-0.756,-0.400,3,neutral,-0.410
SE-ERA5,1997,NDJFM,tmin_mean,-1.688,-0.987,-0.595,3,neutral,-0.410
SE-ERA5,1998,DJF,frost_days,40.000,-10.933,-13.282,3,super,2.220
SE-ERA5,1998,DJF,ice_days,14.000,-8.011,-10.715,3,super,2.220
SE-ERA5,1998,DJF,precip,158.200,8.177,6.023,3,super,2.220
SE-ERA5,1998,DJF,precip_days,36.333,5.589,4.729,3,super,2.220
SE-ERA5,1998,DJF,thaw_days,75.333,7.789,10.554,3,super,2.220
SE-ERA5,1998,DJF,tmax_mean,3.603,1.157,1.562,3,super,2.220
SE-ERA5,1998,DJF,tmean,1.938,1.378,1.819,3,super,2.220
SE-ERA5,1998,DJF,tmin_mean,-0.195,1.455,1.936,3,super,2.220
SE-ERA5,1998,JFM,frost_days,45.333,-7.022,-9.336,3,super,2.220
SE-ERA5,1998,JFM,ice_days,9.000,-9.533,-12.107,3,super,2.220
SE-ERA5,1998,JFM,precip,145.933,12.289,9.770,3,super,2.220
SE-ERA5,1998,JFM,precip_days,34.333,5.844,5.252,3,super,2.220
SE-ERA5,1998,JFM,thaw_days,80.333,9.222,11.855,3,super,2.220
SE-ERA5,1998,JFM,tmax_mean,4.470,1.326,1.720,3,super,2.220
SE-ERA5,1998,JFM,tmean,2.208,1.383,1.818,3,super,2.220
SE-ERA5,1998,JFM,tmin_mean,-0.526,1.200,1.667,3,super,2.220
SE-ERA5,1998,NDJFM,frost_days,69.333,-6.189,-9.313,3,super,2.220
SE-ERA5,1998,NDJFM,ice_days,16.667,-9.056,-12.390,3,super,2.220
SE-ERA5,1998,NDJFM,precip,239.833,-5.477,-9.928,3,super,2.220
SE-ERA5,1998,NDJFM,precip_days,54.667,3.811,2.610,3,super,2.220
SE-ERA5,1998,NDJFM,thaw_days,133.333,8.667,12.103,3,super,2.220
SE-ERA5,1998,NDJFM,tmax_mean,4.118,0.381,0.665,3,super,2.220
SE-ERA5,1998,NDJFM,tmean,2.187,0.536,0.857,3,super,2.220
SE-ERA5,1998,NDJFM,tmin_mean,-0.145,0.556,0.910,3,super,2.220
SE-ERA5,1999,DJF,frost_days,54.000,3.067,0.986,3,lanina,-1.510
SE-ERA5,1999,DJF,ice_days,22.667,0.656,-1.838,3,lanina,-1.510
SE-ERA5,1999,DJF,precip,173.867,23.843,21.546,3,lanina,-1.510
SE-ERA5,1999,DJF,precip_days,34.667,3.922,3.065,3,lanina,-1.510
SE-ERA5,1999,DJF,thaw_days,67.000,-0.544,2.009,3,lanina,-1.510
SE-ERA5,1999,DJF,tmax_mean,2.062,-0.383,-0.012,3,lanina,-1.510
SE-ERA5,1999,DJF,tmean,0.077,-0.483,-0.079,3,lanina,-1.510
SE-ERA5,1999,DJF,tmin_mean,-2.245,-0.594,-0.156,3,lanina,-1.510
SE-ERA5,1999,JFM,frost_days,46.000,-6.355,-8.344,3,lanina,-1.510
SE-ERA5,1999,JFM,ice_days,16.667,-1.867,-4.206,3,lanina,-1.510
SE-ERA5,1999,JFM,precip,179.867,46.222,43.439,3,lanina,-1.510
SE-ERA5,1999,JFM,precip_days,40.000,11.511,10.907,3,lanina,-1.510
SE-ERA5,1999,JFM,thaw_days,73.000,1.889,4.287,3,lanina,-1.510
SE-ERA5,1999,JFM,tmax_mean,2.950,-0.194,0.159,3,lanina,-1.510
SE-ERA5,1999,JFM,tmean,0.765,-0.059,0.331,3,lanina,-1.510
SE-ERA5,1999,JFM,tmin_mean,-1.604,0.122,0.541,3,lanina,-1.510
SE-ERA5,1999,NDJFM,frost_days,82.000,6.478,3.773,3,lanina,-1.510
SE-ERA5,1999,NDJFM,ice_days,30.333,4.611,1.544,3,lanina,-1.510
SE-ERA5,1999,NDJFM,precip,268.500,23.190,18.632,3,lanina,-1.510
SE-ERA5,1999,NDJFM,precip_days,56.333,5.478,4.290,3,lanina,-1.510
SE-ERA5,1999,NDJFM,thaw_days,120.000,-4.666,-1.501,3,lanina,-1.510
SE-ERA5,1999,NDJFM,tmax_mean,2.609,-1.128,-0.877,3,lanina,-1.510
SE-ERA5,1999,NDJFM,tmean,0.662,-0.988,-0.704,3,lanina,-1.510
SE-ERA5,1999,NDJFM,tmin_mean,-1.546,-0.844,-0.529,3,lanina,-1.510
SE-ERA5,2000,DJF,frost_days,46.000,-4.933,-6.746,3,lanina,-1.470
SE-ERA5,2000,DJF,ice_days,12.667,-9.344,-11.628,3,lanina,-1.470
SE-ERA5,2000,DJF,precip,214.233,64.210,61.769,3,lanina,-1.470
SE-ERA5,2000,DJF,precip_days,36.333,5.589,4.734,3,lanina,-1.470
SE-ERA5,2000,DJF,thaw_days,77.667,10.122,12.465,3,lanina,-1.470
SE-ERA5,2000,DJF,tmax_mean,3.463,1.017,1.354,3,lanina,-1.470
SE-ERA5,2000,DJF,tmean,1.446,0.886,1.252,3,lanina,-1.470
SE-ERA5,2000,DJF,tmin_mean,-0.969,0.682,1.078,3,lanina,-1.470
SE-ERA5,2000,JFM,frost_days,47.333,-5.022,-6.686,3,lanina,-1.470
SE-ERA5,2000,JFM,ice_days,7.333,-11.200,-13.304,3,lanina,-1.470
SE-ERA5,2000,JFM,precip,149.000,15.356,12.308,3,lanina,-1.470
SE-ERA5,2000,JFM,precip_days,28.667,0.178,-0.439,3,lanina,-1.470
SE-ERA5,2000,JFM,thaw_days,83.333,12.222,14.386,3,lanina,-1.470
SE-ERA5,2000,JFM,tmax_mean,4.532,1.388,1.700,3,lanina,-1.470
SE-ERA5,2000,JFM,tmean,2.087,1.262,1.608,3,lanina,-1.470
SE-ERA5,2000,JFM,tmin_mean,-0.626,1.101,1.471,3,lanina,-1.470
SE-ERA5,2000,NDJFM,frost_days,73.000,-2.522,-4.809,3,lanina,-1.470
SE-ERA5,2000,NDJFM,ice_days,13.667,-12.056,-14.856,3,lanina,-1.470
SE-ERA5,2000,NDJFM,precip,283.733,38.423,33.758,3,lanina,-1.470
SE-ERA5,2000,NDJFM,precip_days,51.333,0.478,-0.696,3,lanina,-1.470
SE-ERA5,2000,NDJFM,thaw_days,137.667,13.000,15.895,3,lanina,-1.470
SE-ERA5,2000,NDJFM,tmax_mean,4.644,0.907,1.124,3,lanina,-1.470
SE-ERA5,2000,NDJFM,tmean,2.407,0.757,1.005,3,lanina,-1.470
SE-ERA5,2000,NDJFM,tmin_mean,-0.165,0.536,0.813,3,lanina,-1.470
SE-ERA5,2001,DJF,frost_days,50.667,-0.267,-1.812,3,lanina,-0.760
SE-ERA5,2001,DJF,ice_days,20.000,-2.011,-4.085,3,lanina,-0.760
SE-ERA5,2001,DJF,precip,146.500,-3.523,-6.108,3,lanina,-0.760
SE-ERA5,2001,DJF,precip_days,31.000,0.256,-0.596,3,lanina,-0.760
SE-ERA5,2001,DJF,thaw_days,69.000,1.456,3.586,3,lanina,-0.760
SE-ERA5,2001,DJF,tmax_mean,2.709,0.264,0.567,3,lanina,-0.760
SE-ERA5,2001,DJF,tmean,0.969,0.410,0.738,3,lanina,-0.760
SE-ERA5,2001,DJF,tmin_mean,-1.067,0.584,0.939,3,lanina,-0.760
SE-ERA5,2001,JFM,frost_days,59.333,6.978,5.640,3,lanina,-0.760
SE-ERA5,2001,JFM,ice_days,19.333,0.800,-1.070,3,lanina,-0.760
SE-ERA5,2001,JFM,precip,109.167,-24.478,-27.789,3,lanina,-0.760
SE-ERA5,2001,JFM,precip_days,26.667,-1.822,-2.451,3,lanina,-0.760
SE-ERA5,2001,JFM,thaw_days,68.667,-2.444,-0.515,3,lanina,-0.760
SE-ERA5,2001,JFM,tmax_mean,2.196,-0.948,-0.678,3,lanina,-0.760
SE-ERA5,2001,JFM,tmean,-0.131,-0.956,-0.654,3,lanina,-0.760
SE-ERA5,2001,JFM,tmin_mean,-2.795,-1.069,-0.746,3,lanina,-0.760
SE-ERA5,2001,NDJFM,frost_days,72.667,-2.855,-4.725,3,lanina,-0.760
SE-ERA5,2001,NDJFM,ice_days,25.000,-0.722,-3.256,3,lanina,-0.760
SE-ERA5,2001,NDJFM,precip,263.767,18.457,13.685,3,lanina,-0.760
SE-ERA5,2001,NDJFM,precip_days,57.333,6.478,5.317,3,lanina,-0.760
SE-ERA5,2001,NDJFM,thaw_days,124.000,-0.666,1.958,3,lanina,-0.760
SE-ERA5,2001,NDJFM,tmax_mean,3.888,0.151,0.334,3,lanina,-0.760
SE-ERA5,2001,NDJFM,tmean,1.995,0.344,0.556,3,lanina,-0.760
SE-ERA5,2001,NDJFM,tmin_mean,-0.176,0.526,0.764,3,lanina,-0.760
SE-ERA5,2002,DJF,frost_days,43.000,-7.933,-9.210,3,neutral,-0.150
SE-ERA5,2002,DJF,ice_days,13.667,-8.344,-10.208,3,neutral,-0.150
SE-ERA5,2002,DJF,precip,200.900,50.877,48.149,3,neutral,-0.150
SE-ERA5,2002,DJF,precip_days,35.333,4.589,3.740,3,neutral,-0.150
SE-ERA5,2002,DJF,thaw_days,75.667,8.122,10.042,3,neutral,-0.150
SE-ERA5,2002,DJF,tmax_mean,3.048,0.602,0.871,3,neutral,-0.150
SE-ERA5,2002,DJF,tmean,1.029,0.470,0.760,3,neutral,-0.150
SE-ERA5,2002,DJF,tmin_mean,-1.392,0.259,0.572,3,neutral,-0.150
SE-ERA5,2002,JFM,frost_days,37.667,-14.689,-15.702,3,neutral,-0.150
SE-ERA5,2002,JFM,ice_days,6.667,-11.867,-13.503,3,neutral,-0.150
SE-ERA5,2002,JFM,precip,204.300,70.656,67.081,3,neutral,-0.150
SE-ERA5,2002,JFM,precip_days,37.000,8.511,7.871,3,neutral,-0.150
SE-ERA5,2002,JFM,thaw_days,83.333,12.222,13.918,3,neutral,-0.150
SE-ERA5,2002,JFM,tmax_mean,4.865,1.721,1.950,3,neutral,-0.150
SE-ERA5,2002,JFM,tmean,2.491,1.667,1.924,3,neutral,-0.150
SE-ERA5,2002,JFM,tmin_mean,-0.090,1.637,1.912,3,neutral,-0.150
SE-ERA5,2002,NDJFM,frost_days,66.333,-9.189,-10.640,3,neutral,-0.150
SE-ERA5,2002,NDJFM,ice_days,14.667,-11.056,-13.322,3,neutral,-0.150
SE-ERA5,2002,NDJFM,precip,278.767,33.457,28.579,3,neutral,-0.150
SE-ERA5,2002,NDJFM,precip_days,53.000,2.144,0.997,3,neutral,-0.150
SE-ERA5,2002,NDJFM,thaw_days,135.667,11.000,13.354,3,neutral,-0.150
SE-ERA5,2002,NDJFM,tmax_mean,4.339,0.602,0.751,3,neutral,-0.150
SE-ERA5,2002,NDJFM,tmean,2.052,0.403,0.578,3,neutral,-0.150
SE-ERA5,2002,NDJFM,tmin_mean,-0.549,0.153,0.353,3,neutral,-0.150
SE-ERA5,2003,DJF,frost_days,70.333,19.400,18.391,3,elnino,0.900
SE-ERA5,2003,DJF,ice_days,40.667,18.656,17.002,3,elnino,0.900
SE-ERA5,2003,DJF,precip,71.333,-78.690,-81.562,3,elnino,0.900
SE-ERA5,2003,DJF,precip_days,16.333,-14.411,-15.258,3,elnino,0.900
SE-ERA5,2003,DJF,thaw_days,47.667,-19.878,-18.169,3,elnino,0.900
SE-ERA5,2003,DJF,tmax_mean,0.134,-2.311,-2.076,3,elnino,0.900
SE-ERA5,2003,DJF,tmean,-2.120,-2.679,-2.426,3,elnino,0.900
SE-ERA5,2003,DJF,tmin_mean,-4.897,-3.246,-2.976,3,elnino,0.900
SE-ERA5,2003,JFM,frost_days,64.333,11.978,11.290,3,elnino,0.900
SE-ERA5,2003,JFM,ice_days,28.333,9.800,8.399,3,elnino,0.900
SE-ERA5,2003,JFM,precip,62.967,-70.678,-74.517,3,elnino,0.900
SE-ERA5,2003,JFM,precip_days,17.000,-11.489,-12.141,3,elnino,0.900
SE-ERA5,2003,JFM,thaw_days,60.667,-10.444,-8.984,3,elnino,0.900
SE-ERA5,2003,JFM,tmax_mean,2.389,-0.755,-0.567,3,elnino,0.900
SE-ERA5,2003,JFM,tmean,-0.564,-1.388,-1.176,3,elnino,0.900
SE-ERA5,2003,JFM,tmin_mean,-3.776,-2.049,-1.822,3,elnino,0.900
SE-ERA5,2003,NDJFM,frost_days,102.333,26.811,25.778,3,elnino,0.900
SE-ERA5,2003,NDJFM,ice_days,46.000,20.278,18.278,3,elnino,0.900
SE-ERA5,2003,NDJFM,precip,133.667,-111.643,-116.628,3,elnino,0.900
SE-ERA5,2003,NDJFM,precip_days,31.333,-19.522,-20.656,3,elnino,0.900
SE-ERA5,2003,NDJFM,thaw_days,103.333,-21.333,-19.250,3,elnino,0.900
SE-ERA5,2003,NDJFM,tmax_mean,2.199,-1.538,-1.422,3,elnino,0.900
SE-ERA5,2003,NDJFM,tmean,-0.253,-1.903,-1.763,3,elnino,0.900
SE-ERA5,2003,NDJFM,tmin_mean,-2.974,-2.273,-2.111,3,elnino,0.900
SE-ERA5,2004,DJF,frost_days,60.333,9.400,8.659,3,neutral,0.340
SE-ERA5,2004,DJF,ice_days,22.333,0.322,-1.122,3,neutral,0.340
SE-ERA5,2004,DJF,precip,158.367,8.343,5.328,3,neutral,0.340
SE-ERA5,2004,DJF,precip_days,32.333,1.589,0.745,3,neutral,0.340
SE-ERA5,2004,DJF,thaw_days,67.333,-0.211,1.286,3,neutral,0.340
SE-ERA5,2004,DJF,tmax_mean,2.296,-0.149,0.052,3,neutral,0.340
SE-ERA5,2004,DJF,tmean,0.213,-0.347,-0.132,3,neutral,0.340
SE-ERA5,2004,DJF,tmin_mean,-2.401,-0.750,-0.522,3,neutral,0.340
SE-ERA5,2004,JFM,frost_days,68.000,15.645,15.282,3,neutral,0.340
SE-ERA5,2004,JFM,ice_days,20.667,2.133,0.966,3,neutral,0.340
SE-ERA5,2004,JFM,precip,127.767,-5.878,-9.980,3,neutral,0.340
SE-ERA5,2004,JFM,precip_days,27.667,-0.822,-1.487,3,neutral,0.340
SE-ERA5,2004,JFM,thaw_days,69.000,-2.111,-0.885,3,neutral,0.340
SE-ERA5,2004,JFM,tmax_mean,2.587,-0.557,-0.410,3,neutral,0.340
SE-ERA5,2004,JFM,tmean,0.071,-0.754,-0.586,3,neutral,0.340
SE-ERA5,2004,JFM,tmin_mean,-2.738,-1.011,-0.832,3,neutral,0.340
SE-ERA5,2004,NDJFM,frost_days,80.667,5.145,4.530,3,neutral,0.340
SE-ERA5,2004,NDJFM,ice_days,23.333,-2.389,-4.121,3,neutral,0.340
SE-ERA5,2004,NDJFM,precip,249.333,4.023,-1.068,3,neutral,0.340
SE-ERA5,2004,NDJFM,precip_days,52.333,1.478,0.357,3,neutral,0.340
SE-ERA5,2004,NDJFM,thaw_days,127.333,2.667,4.479,3,neutral,0.340
SE-ERA5,2004,NDJFM,tmax_mean,3.929,0.192,0.273,3,neutral,0.340
SE-ERA5,2004,NDJFM,tmean,1.700,0.050,0.153,3,neutral,0.340
SE-ERA5,2004,NDJFM,tmin_mean,-0.873,-0.172,-0.049,3,neutral,0.340
SE-ERA5,2005,DJF,frost_days,46.667,-4.267,-4.740,3,elnino,0.620
SE-ERA5,2005,DJF,ice_days,15.000,-7.011,-8.245,3,elnino,0.620
SE-ERA5,2005,DJF,precip,148.033,-1.990,-5.149,3,elnino,0.620
SE-ERA5,2005,DJF,precip_days,28.667,-2.078,-2.919,3,elnino,0.620
SE-ERA5,2005,DJF,thaw_days,74.000,6.456,7.741,3,elnino,0.620
SE-ERA5,2005,DJF,tmax_mean,3.315,0.870,1.037,3,elnino,0.620
SE-ERA5,2005,DJF,tmean,1.504,0.945,1.122,3,elnino,0.620
SE-ERA5,2005,DJF,tmin_mean,-0.500,1.151,1.337,3,elnino,0.620
SE-ERA5,2005,JFM,frost_days,60.667,8.311,8.274,3,elnino,0.620
SE-ERA5,2005,JFM,ice_days,21.667,3.133,2.200,3,elnino,0.620
SE-ERA5,2005,JFM,precip,125.000,-8.644,-13.011,3,elnino,0.620
SE-ERA5,2005,JFM,precip_days,23.000,-5.489,-6.166,3,elnino,0.620
SE-ERA5,2005,JFM,thaw_days,67.667,-3.444,-2.452,3,elnino,0.620
SE-ERA5,2005,JFM,tmax_mean,2.775,-0.369,-0.263,3,elnino,0.620
SE-ERA5,2005,JFM,tmean,0.260,-0.564,-0.440,3,elnino,0.620
SE-ERA5,2005,JFM,tmin_mean,-2.495,-0.768,-0.637,3,elnino,0.620
SE-ERA5,2005,NDJFM,frost_days,83.000,7.478,7.281,3,elnino,0.620
SE-ERA5,2005,NDJFM,ice_days,26.667,0.944,-0.521,3,elnino,0.620
SE-ERA5,2005,NDJFM,precip,226.967,-18.343,-23.542,3,elnino,0.620
SE-ERA5,2005,NDJFM,precip_days,45.333,-5.522,-6.629,3,elnino,0.620
SE-ERA5,2005,NDJFM,thaw_days,123.000,-1.666,-0.125,3,elnino,0.620
SE-ERA5,2005,NDJFM,tmax_mean,3.790,0.052,0.100,3,elnino,0.620
SE-ERA5,2005,NDJFM,tmean,1.401,-0.249,-0.182,3,elnino,0.620
SE-ERA5,2005,NDJFM,tmin_mean,-1.238,-0.537,-0.452,3,elnino,0.620
SE-ERA5,2006,DJF,frost_days,69.667,18.733,18.528,3,lanina,-0.860
SE-ERA5,2006,DJF,ice_days,31.333,9.322,8.298,3,lanina,-0.860
SE-ERA5,2006,DJF,precip,103.867,-46.157,-49.459,3,lanina,-0.860
SE-ERA5,2006,DJF,precip_days,24.000,-6.744,-7.583,3,lanina,-0.860
SE-ERA5,2006,DJF,thaw_days,57.667,-9.878,-8.803,3,lanina,-0.860
SE-ERA5,2006,DJF,tmax_mean,1.006,-1.440,-1.307,3,lanina,-0.860
SE-ERA5,2006,DJF,tmean,-0.881,-1.440,-1.301,3,lanina,-0.860
SE-ERA5,2006,DJF,tmin_mean,-3.157,-1.507,-1.362,3,lanina,-0.860
SE-ERA5,2006,JFM,frost_days,78.000,25.645,25.933,3,lanina,-0.860
SE-ERA5,2006,JFM,ice_days,35.667,17.133,16.435,3,lanina,-0.860
SE-ERA5,2006,JFM,precip,96.433,-37.211,-41.842,3,lanina,-0.860
SE-ERA5,2006,JFM,precip_days,21.000,-7.489,-8.178,3,lanina,-0.860
SE-ERA5,2006,JFM,thaw_days,52.667,-18.444,-17.687,3,lanina,-0.860
SE-ERA5,2006,JFM,tmax_mean,0.405,-2.739,-2.675,3,lanina,-0.860
SE-ERA5,2006,JFM,tmean,-2.099,-2.924,-2.844,3,lanina,-0.860
SE-ERA5,2006,JFM,tmin_mean,-5.019,-3.293,-3.209,3,lanina,-0.860
SE-ERA5,2006,NDJFM,frost_days,107.667,32.145,32.366,3,lanina,-0.860
SE-ERA5,2006,NDJFM,ice_days,42.333,16.611,15.413,3,lanina,-0.860
SE-ERA5,2006,NDJFM,precip,189.833,-55.477,-60.781,3,lanina,-0.860
SE-ERA5,2006,NDJFM,precip_days,42.333,-8.522,-9.616,3,lanina,-0.860
SE-ERA5,2006,NDJFM,thaw_days,106.333,-18.333,-17.062,3,lanina,-0.860
SE-ERA5,2006,NDJFM,tmax_mean,2.209,-1.528,-1.514,3,lanina,-0.860
SE-ERA5,2006,NDJFM,tmean,-0.031,-1.681,-1.650,3,lanina,-0.860
SE-ERA5,2006,NDJFM,tmin_mean,-2.616,-1.915,-1.868,3,lanina,-0.860
SE-ERA5,2007,DJF,frost_days,34.000,-16.933,-16.871,3,elnino,0.620
SE-ERA5,2007,DJF,ice_days,14.667,-7.344,-8.159,3,elnino,0.620
SE-ERA5,2007,DJF,precip,230.700,80.677,77.230,3,elnino,0.620
SE-ERA5,2007,DJF,precip_days,41.667,10.922,10.087,3,elnino,0.620
SE-ERA5,2007,DJF,thaw_days,75.333,7.789,8.652,3,elnino,0.620
SE-ERA5,2007,DJF,tmax_mean,4.645,2.199,2.298,3,elnino,0.620
SE-ERA5,2007,DJF,tmean,2.865,2.305,2.407,3,elnino,0.620
SE-ERA5,2007,DJF,tmin_mean,0.805,2.455,2.558,3,elnino,0.620
SE-ERA5,2007,JFM,frost_days,35.333,-17.022,-16.409,3,elnino,0.620
SE-ERA5,2007,JFM,ice_days,14.333,-4.200,-4.664,3,elnino,0.620
SE-ERA5,2007,JFM,precip,192.300,58.656,53.761,3,elnino,0.620
SE-ERA5,2007,JFM,precip_days,38.000,9.511,8.810,3,elnino,0.620
SE-ERA5,2007,JFM,thaw_days,75.667,4.556,5.079,3,elnino,0.620
SE-ERA5,2007,JFM,tmax_mean,5.071,1.927,1.949,3,elnino,0.620
SE-ERA5,2007,JFM,tmean,2.652,1.828,1.863,3,elnino,0.620
SE-ERA5,2007,JFM,tmin_mean,0.146,1.872,1.908,3,elnino,0.620
SE-ERA5,2007,NDJFM,frost_days,45.000,-30.522,-29.883,3,elnino,0.620
SE-ERA5,2007,NDJFM,ice_days,15.000,-10.722,-11.654,3,elnino,0.620
SE-ERA5,2007,NDJFM,precip,349.500,104.190,98.779,3,elnino,0.620
SE-ERA5,2007,NDJFM,precip_days,65.667,14.811,13.731,3,elnino,0.620
SE-ERA5,2007,NDJFM,thaw_days,136.000,11.334,12.334,3,elnino,0.620
SE-ERA5,2007,NDJFM,tmax_mean,6.202,2.465,2.445,3,elnino,0.620
SE-ERA5,2007,NDJFM,tmean,4.056,2.406,2.401,3,elnino,0.620
SE-ERA5,2007,NDJFM,tmin_mean,1.772,2.473,2.482,3,elnino,0.620
SE-ERA5,2008,DJF,frost_days,27.000,-23.933,-23.603,3,lanina,-1.760
SE-ERA5,2008,DJF,ice_days,6.000,-16.011,-16.616,3,lanina,-1.760
SE-ERA5,2008,DJF,precip,174.300,24.277,20.687,3,lanina,-1.760
SE-ERA5,2008,DJF,precip_days,35.000,4.256,3.423,3,lanina,-1.760
SE-ERA5,2008,DJF,thaw_days,85.000,17.456,18.108,3,lanina,-1.760
SE-ERA5,2008,DJF,tmax_mean,4.748,2.302,2.367,3,lanina,-1.760
SE-ERA5,2008,DJF,tmean,3.247,2.688,2.752,3,lanina,-1.760
SE-ERA5,2008,DJF,tmin_mean,1.506,3.157,3.217,3,lanina,-1.760
SE-ERA5,2008,JFM,frost_days,31.333,-21.022,-20.084,3,lanina,-1.760
SE-ERA5,2008,JFM,ice_days,4.333,-14.200,-14.430,3,lanina,-1.760
SE-ERA5,2008,JFM,precip,194.967,61.322,56.164,3,lanina,-1.760
SE-ERA5,2008,JFM,precip_days,43.000,14.511,13.798,3,lanina,-1.760
SE-ERA5,2008,JFM,thaw_days,86.667,15.556,15.844,3,lanina,-1.760
SE-ERA5,2008,JFM,tmax_mean,4.954,1.810,1.792,3,lanina,-1.760
SE-ERA5,2008,JFM,tmean,3.107,2.283,2.273,3,lanina,-1.760
SE-ERA5,2008,JFM,tmin_mean,0.955,2.682,2.670,3,lanina,-1.760
SE-ERA5,2008,NDJFM,frost_days,54.333,-21.189,-20.131,3,lanina,-1.760
SE-ERA5,2008,NDJFM,ice_days,8.000,-17.722,-18.387,3,lanina,-1.760
SE-ERA5,2008,NDJFM,precip,292.867,47.557,42.039,3,lanina,-1.760
SE-ERA5,2008,NDJFM,precip_days,62.333,11.478,10.411,3,lanina,-1.760
SE-ERA5,2008,NDJFM,thaw_days,144.000,19.334,20.063,3,lanina,-1.760
SE-ERA5,2008,NDJFM,tmax_mean,4.895,1.158,1.104,3,lanina,-1.760
SE-ERA5,2008,NDJFM,tmean,3.123,1.473,1.432,3,lanina,-1.760
SE-ERA5,2008,NDJFM,tmin_mean,0.999,1.699,1.670,3,lanina,-1.760
SE-ERA5,2009,DJF,frost_days,52.333,1.400,1.998,3,lanina,-0.890
SE-ERA5,2009,DJF,ice_days,21.667,-0.344,-0.739,3,lanina,-0.890
SE-ERA5,2009,DJF,precip,101.467,-48.557,-52.290,3,lanina,-0.890
SE-ERA5,2009,DJF,precip_days,23.667,-7.078,-7.908,3,lanina,-0.890
SE-ERA5,2009,DJF,thaw_days,67.333,-0.211,0.230,3,lanina,-0.890
SE-ERA5,2009,DJF,tmax_mean,1.838,-0.607,-0.576,3,lanina,-0.890
SE-ERA5,2009,DJF,tmean,0.181,-0.378,-0.352,3,lanina,-0.890
SE-ERA5,2009,DJF,tmin_mean,-1.783,-0.132,-0.114,3,lanina,-0.890
SE-ERA5,2009,JFM,frost_days,53.667,1.311,2.575,3,lanina,-0.890
SE-ERA5,2009,JFM,ice_days,18.667,0.133,0.138,3,lanina,-0.890
SE-ERA5,2009,JFM,precip,102.467,-31.178,-36.600,3,lanina,-0.890
SE-ERA5,2009,JFM,precip_days,26.667,-1.822,-2.547,3,lanina,-0.890
SE-ERA5,2009,JFM,thaw_days,71.000,-0.111,-0.056,3,lanina,-0.890
SE-ERA5,2009,JFM,tmax_mean,2.290,-0.854,-0.914,3,lanina,-0.890
SE-ERA5,2009,JFM,tmean,0.296,-0.529,-0.583,3,lanina,-0.890
SE-ERA5,2009,JFM,tmin_mean,-2.012,-0.285,-0.345,3,lanina,-0.890
SE-ERA5,2009,NDJFM,frost_days,76.667,1.145,2.620,3,lanina,-0.890
SE-ERA5,2009,NDJFM,ice_days,24.333,-1.389,-1.786,3,lanina,-0.890
SE-ERA5,2009,NDJFM,precip,207.033,-38.277,-43.901,3,lanina,-0.890
SE-ERA5,2009,NDJFM,precip_days,47.000,-3.856,-4.909,3,lanina,-0.890
SE-ERA5,2009,NDJFM,thaw_days,125.667,1.000,1.459,3,lanina,-0.890
SE-ERA5,2009,NDJFM,tmax_mean,3.302,-0.435,-0.522,3,lanina,-0.890
SE-ERA5,2009,NDJFM,tmean,1.438,-0.212,-0.288,3,lanina,-0.890
SE-ERA5,2009,NDJFM,tmin_mean,-0.752,-0.051,-0.120,3,lanina,-0.890
SE-ERA5,2010,DJF,frost_days,75.333,24.400,25.266,3,elnino,1.470
SE-ERA5,2010,DJF,ice_days,59.000,36.989,36.804,3,elnino,1.470
SE-ERA5,2010,DJF,precip,109.933,-40.090,-43.968,3,elnino,1.470
SE-ERA5,2010,DJF,precip_days,25.333,-5.411,-6.238,3,elnino,1.470
SE-ERA5,2010,DJF,thaw_days,30.333,-37.211,-36.981,3,elnino,1.470
SE-ERA5,2010,DJF,tmax_mean,-1.486,-3.932,-3.935,3,elnino,1.470
SE-ERA5,2010,DJF,tmean,-3.475,-4.034,-4.046,3,elnino,1.470
SE-ERA5,2010,DJF,tmin_mean,-5.851,-4.200,-4.224,3,elnino,1.470
SE-ERA5,2010,JFM,frost_days,75.000,22.645,24.234,3,elnino,1.470
SE-ERA5,2010,JFM,ice_days,53.000,34.467,34.706,3,elnino,1.470
SE-ERA5,2010,JFM,precip,94.167,-39.478,-45.164,3,elnino,1.470
SE-ERA5,2010,JFM,precip_days,21.000,-7.489,-8.225,3,elnino,1.470
SE-ERA5,2010,JFM,thaw_days,36.000,-35.111,-35.291,3,elnino,1.470
SE-ERA5,2010,JFM,tmax_mean,-0.546,-3.691,-3.792,3,elnino,1.470
SE-ERA5,2010,JFM,tmean,-3.030,-3.854,-3.952,3,elnino,1.470
SE-ERA5,2010,JFM,tmin_mean,-5.888,-4.162,-4.269,3,elnino,1.470
SE-ERA5,2010,NDJFM,frost_days,94.667,19.145,21.038,3,elnino,1.470
SE-ERA5,2010,NDJFM,ice_days,63.667,37.944,37.814,3,elnino,1.470
SE-ERA5,2010,NDJFM,precip,222.667,-22.643,-28.375,3,elnino,1.470
SE-ERA5,2010,NDJFM,precip_days,50.333,-0.522,-1.562,3,elnino,1.470
SE-ERA5,2010,NDJFM,thaw_days,86.333,-38.333,-38.145,3,elnino,1.470
SE-ERA5,2010,NDJFM,tmax_mean,1.412,-2.325,-2.446,3,elnino,1.470
SE-ERA5,2010,NDJFM,tmean,-0.664,-2.314,-2.427,3,elnino,1.470
SE-ERA5,2010,NDJFM,tmin_mean,-3.071,-2.369,-2.476,3,elnino,1.470
SE-ERA5,2011,DJF,frost_days,77.333,26.400,27.534,3,lanina,-1.290
SE-ERA5,2011,DJF,ice_days,50.000,27.989,28.014,3,lanina,-1.290
SE-ERA5,2011,DJF,precip,123.167,-26.857,-30.878,3,lanina,-1.290
SE-ERA5,2011,DJF,precip_days,27.333,-3.411,-4.236,3,lanina,-1.290
SE-ERA5,2011,DJF,thaw_days,39.000,-28.544,-28.526,3,lanina,-1.290
SE-ERA5,2011,DJF,tmax_mean,-1.031,-3.477,-3.515,3,lanina,-1.290
SE-ERA5,2011,DJF,tmean,-3.356,-3.915,-3.964,3,lanina,-1.290
SE-ERA5,2011,DJF,tmin_mean,-6.002,-4.351,-4.417,3,lanina,-1.290
SE-ERA5,2011,JFM,frost_days,66.333,13.978,15.892,3,lanina,-1.290
SE-ERA5,2011,JFM,ice_days,27.000,8.467,8.940,3,lanina,-1.290
SE-ERA5,2011,JFM,precip,109.133,-24.511,-30.461,3,lanina,-1.290
SE-ERA5,2011,JFM,precip_days,23.667,-4.822,-5.571,3,lanina,-1.290
SE-ERA5,2011,JFM,thaw_days,62.333,-8.778,-9.192,3,lanina,-1.290
SE-ERA5,2011,JFM,tmax_mean,1.737,-1.407,-1.550,3,lanina,-1.290
SE-ERA5,2011,JFM,tmean,-0.684,-1.508,-1.650,3,lanina,-1.290
SE-ERA5,2011,JFM,tmin_mean,-3.316,-1.589,-1.744,3,lanina,-1.290
SE-ERA5,2011,NDJFM,frost_days,112.000,36.478,38.790,3,lanina,-1.290
SE-ERA5,2011,NDJFM,ice_days,58.000,32.278,32.414,3,lanina,-1.290
SE-ERA5,2011,NDJFM,precip,242.267,-3.043,-8.881,3,lanina,-1.290
SE-ERA5,2011,NDJFM,precip_days,49.000,-1.856,-2.882,3,lanina,-1.290
SE-ERA5,2011,NDJFM,thaw_days,92.000,-32.666,-32.749,3,lanina,-1.290
SE-ERA5,2011,NDJFM,tmax_mean,1.011,-2.726,-2.881,3,lanina,-1.290
SE-ERA5,2011,NDJFM,tmean,-1.318,-2.968,-3.117,3,lanina,-1.290
SE-ERA5,2011,NDJFM,tmin_mean,-3.915,-3.214,-3.359,3,lanina,-1.290
SE-ERA5,2012,DJF,frost_days,49.333,-1.600,-0.198,3,lanina,-0.710
SE-ERA5,2012,DJF,ice_days,22.000,-0.011,0.224,3,lanina,-0.710
SE-ERA5,2012,DJF,precip,177.967,27.943,23.779,3,lanina,-0.710
SE-ERA5,2012,DJF,precip_days,35.333,4.589,3.767,3,lanina,-0.710
SE-ERA5,2012,DJF,thaw_days,68.667,1.122,0.929,3,lanina,-0.710
SE-ERA5,2012,DJF,tmax_mean,2.663,0.217,0.146,3,lanina,-0.710
SE-ERA5,2012,DJF,tmean,0.622,0.063,-0.024,3,lanina,-0.710
SE-ERA5,2012,DJF,tmin_mean,-1.745,-0.094,-0.202,3,lanina,-0.710
SE-ERA5,2012,JFM,frost_days,50.000,-2.355,-0.116,3,lanina,-0.710
SE-ERA5,2012,JFM,ice_days,21.667,3.133,3.841,3,lanina,-0.710
SE-ERA5,2012,JFM,precip,115.600,-18.044,-24.258,3,lanina,-0.710
SE-ERA5,2012,JFM,precip_days,23.667,-4.822,-5.583,3,lanina,-0.710
SE-ERA5,2012,JFM,thaw_days,69.000,-2.111,-2.760,3,lanina,-0.710
SE-ERA5,2012,JFM,tmax_mean,3.752,0.608,0.424,3,lanina,-0.710
SE-ERA5,2012,JFM,tmean,1.023,0.199,0.012,3,lanina,-0.710
SE-ERA5,2012,JFM,tmin_mean,-1.861,-0.134,-0.337,3,lanina,-0.710
SE-ERA5,2012,NDJFM,frost_days,59.667,-15.855,-13.125,3,lanina,-0.710
SE-ERA5,2012,NDJFM,ice_days,22.000,-3.722,-3.318,3,lanina,-0.710
SE-ERA5,2012,NDJFM,precip,204.000,-41.310,-47.255,3,lanina,-0.710
SE-ERA5,2012,NDJFM,precip_days,43.000,-7.856,-8.868,3,lanina,-0.710
SE-ERA5,2012,NDJFM,thaw_days,129.667,5.000,4.647,3,lanina,-0.710
SE-ERA5,2012,NDJFM,tmax_mean,4.877,1.140,0.951,3,lanina,-0.710
SE-ERA5,2012,NDJFM,tmean,2.596,0.946,0.761,3,lanina,-0.710
SE-ERA5,2012,NDJFM,tmin_mean,0.146,0.847,0.663,3,lanina,-0.710
SE-ERA5,2013,DJF,frost_days,70.333,19.400,21.070,3,neutral,-0.240
SE-ERA5,2013,DJF,ice_days,44.000,21.989,22.434,3,neutral,-0.240
SE-ERA5,2013,DJF,precip,128.100,-21.923,-26.232,3,neutral,-0.240
SE-ERA5,2013,DJF,precip_days,27.667,-3.078,-3.897,3,neutral,-0.240
SE-ERA5,2013,DJF,thaw_days,45.000,-22.544,-22.948,3,neutral,-0.240
SE-ERA5,2013,DJF,tmax_mean,0.124,-2.322,-2.427,3,neutral,-0.240
SE-ERA5,2013,DJF,tmean,-1.733,-2.292,-2.417,3,neutral,-0.240
SE-ERA5,2013,DJF,tmin_mean,-3.845,-2.194,-2.345,3,neutral,-0.240
SE-ERA5,2013,JFM,frost_days,77.000,24.645,27.210,3,neutral,-0.240
SE-ERA5,2013,JFM,ice_days,36.000,17.467,18.409,3,neutral,-0.240
SE-ERA5,2013,JFM,precip,65.067,-68.578,-75.055,3,neutral,-0.240
SE-ERA5,2013,JFM,precip_days,15.667,-12.822,-13.595,3,neutral,-0.240
SE-ERA5,2013,JFM,thaw_days,52.667,-18.444,-19.327,3,neutral,-0.240
SE-ERA5,2013,JFM,tmax_mean,0.824,-2.320,-2.544,3,neutral,-0.240
SE-ERA5,2013,JFM,tmean,-1.757,-2.582,-2.813,3,neutral,-0.240
SE-ERA5,2013,JFM,tmin_mean,-4.540,-2.813,-3.064,3,neutral,-0.240
SE-ERA5,2013,NDJFM,frost_days,104.000,28.478,31.626,3,neutral,-0.240
SE-ERA5,2013,NDJFM,ice_days,52.667,26.944,27.615,3,neutral,-0.240
SE-ERA5,2013,NDJFM,precip,192.400,-52.910,-58.961,3,neutral,-0.240
SE-ERA5,2013,NDJFM,precip_days,40.000,-10.856,-11.855,3,neutral,-0.240
SE-ERA5,2013,NDJFM,thaw_days,97.000,-27.666,-28.290,3,neutral,-0.240
SE-ERA5,2013,NDJFM,tmax_mean,1.830,-1.907,-2.129,3,neutral,-0.240
SE-ERA5,2013,NDJFM,tmean,-0.349,-1.999,-2.220,3,neutral,-0.240
SE-ERA5,2013,NDJFM,tmin_mean,-2.788,-2.087,-2.309,3,neutral,-0.240
SE-ERA5,2014,DJF,frost_days,27.000,-23.933,-21.996,3,neutral,-0.240
SE-ERA5,2014,DJF,ice_days,16.333,-5.678,-5.023,3,neutral,-0.240
SE-ERA5,2014,DJF,precip,208.833,58.810,54.358,3,neutral,-0.240
SE-ERA5,2014,DJF,precip_days,44.667,13.922,13.106,3,neutral,-0.240
SE-ERA5,2014,DJF,thaw_days,73.333,5.789,5.173,3,neutral,-0.240
SE-ERA5,2014,DJF,tmax_mean,3.871,1.425,1.286,3,neutral,-0.240
SE-ERA5,2014,DJF,tmean,2.473,1.914,1.752,3,neutral,-0.240
SE-ERA5,2014,DJF,tmin_mean,0.899,2.550,2.358,3,neutral,-0.240
SE-ERA5,2014,JFM,frost_days,27.667,-24.689,-21.798,3,neutral,-0.240
SE-ERA5,2014,JFM,ice_days,15.333,-3.200,-2.023,3,neutral,-0.240
SE-ERA5,2014,JFM,precip,168.433,34.789,28.047,3,neutral,-0.240
SE-ERA5,2014,JFM,precip_days,39.000,10.511,9.726,3,neutral,-0.240
SE-ERA5,2014,JFM,thaw_days,74.333,3.222,2.105,3,neutral,-0.240
SE-ERA5,2014,JFM,tmax_mean,4.638,1.493,1.227,3,neutral,-0.240
SE-ERA5,2014,JFM,tmean,2.687,1.863,1.587,3,neutral,-0.240
SE-ERA5,2014,JFM,tmin_mean,0.755,2.482,2.183,3,neutral,-0.240
SE-ERA5,2014,NDJFM,frost_days,40.333,-35.189,-31.622,3,neutral,-0.240
SE-ERA5,2014,NDJFM,ice_days,16.333,-9.389,-8.451,3,neutral,-0.240
SE-ERA5,2014,NDJFM,precip,304.533,59.223,53.066,3,neutral,-0.240
SE-ERA5,2014,NDJFM,precip_days,66.667,15.811,14.825,3,neutral,-0.240
SE-ERA5,2014,NDJFM,thaw_days,134.333,9.667,8.772,3,neutral,-0.240
SE-ERA5,2014,NDJFM,tmax_mean,5.382,1.645,1.389,3,neutral,-0.240
SE-ERA5,2014,NDJFM,tmean,3.520,1.870,1.612,3,neutral,-0.240
SE-ERA5,2014,NDJFM,tmin_mean,1.513,2.214,1.955,3,neutral,-0.240
SE-ERA5,2015,DJF,frost_days,31.000,-19.933,-17.728,3,elnino,0.730
SE-ERA5,2015,DJF,ice_days,7.667,-14.344,-13.480,3,elnino,0.730
SE-ERA5,2015,DJF,precip,185.333,35.310,30.714,3,elnino,0.730
SE-ERA5,2015,DJF,precip_days,36.333,5.589,4.775,3,elnino,0.730
SE-ERA5,2015,DJF,thaw_days,82.000,14.456,13.629,3,elnino,0.730
SE-ERA5,2015,DJF,tmax_mean,3.501,1.055,0.882,3,elnino,0.730
SE-ERA5,2015,DJF,tmean,1.902,1.342,1.142,3,elnino,0.730
SE-ERA5,2015,DJF,tmin_mean,0.121,1.772,1.538,3,elnino,0.730
SE-ERA5,2015,JFM,frost_days,30.000,-22.355,-19.140,3,elnino,0.730
SE-ERA5,2015,JFM,ice_days,4.000,-14.533,-13.123,3,elnino,0.730
SE-ERA5,2015,JFM,precip,168.700,35.056,28.050,3,elnino,0.730
SE-ERA5,2015,JFM,precip_days,32.333,3.844,3.047,3,elnino,0.730
SE-ERA5,2015,JFM,thaw_days,85.667,14.556,13.204,3,elnino,0.730
SE-ERA5,2015,JFM,tmax_mean,4.674,1.531,1.223,3,elnino,0.730
SE-ERA5,2015,JFM,tmean,2.650,1.825,1.506,3,elnino,0.730
SE-ERA5,2015,JFM,tmin_mean,0.523,2.250,1.903,3,elnino,0.730
SE-ERA5,2015,NDJFM,frost_days,41.333,-34.189,-30.204,3,elnino,0.730
SE-ERA5,2015,NDJFM,ice_days,7.667,-18.056,-16.851,3,elnino,0.730
SE-ERA5,2015,NDJFM,precip,281.900,36.590,30.326,3,elnino,0.730
SE-ERA5,2015,NDJFM,precip_days,56.000,5.144,4.172,3,elnino,0.730
SE-ERA5,2015,NDJFM,thaw_days,143.000,18.334,17.168,3,elnino,0.730
SE-ERA5,2015,NDJFM,tmax_mean,5.084,1.347,1.057,3,elnino,0.730
SE-ERA5,2015,NDJFM,tmean,3.288,1.638,1.345,3,elnino,0.730
SE-ERA5,2015,NDJFM,tmin_mean,1.346,2.047,1.749,3,elnino,0.730
SE-ERA5,2016,DJF,frost_days,46.333,-4.600,-2.126,3,super,2.500
SE-ERA5,2016,DJF,ice_days,17.333,-4.678,-3.603,3,super,2.500
SE-ERA5,2016,DJF,precip,153.933,3.910,-0.829,3,super,2.500
SE-ERA5,2016,DJF,precip_days,33.333,2.589,1.778,3,super,2.500
SE-ERA5,2016,DJF,thaw_days,73.000,5.456,4.418,3,super,2.500
SE-ERA5,2016,DJF,tmax_mean,3.328,0.882,0.675,3,super,2.500
SE-ERA5,2016,DJF,tmean,1.364,0.804,0.567,3,super,2.500
SE-ERA5,2016,DJF,tmin_mean,-0.783,0.868,0.591,3,super,2.500
SE-ERA5,2016,JFM,frost_days,49.333,-3.022,0.519,3,super,2.500
SE-ERA5,2016,JFM,ice_days,16.333,-2.200,-0.555,3,super,2.500
SE-ERA5,2016,JFM,precip,121.700,-11.944,-19.214,3,super,2.500
SE-ERA5,2016,JFM,precip_days,29.667,1.178,0.369,3,super,2.500
SE-ERA5,2016,JFM,thaw_days,74.000,2.889,1.303,3,super,2.500
SE-ERA5,2016,JFM,tmax_mean,3.113,-0.030,-0.379,3,super,2.500
SE-ERA5,2016,JFM,tmean,0.744,-0.081,-0.445,3,super,2.500
SE-ERA5,2016,JFM,tmin_mean,-1.605,0.121,-0.273,3,super,2.500
SE-ERA5,2016,NDJFM,frost_days,60.667,-14.855,-10.453,3,super,2.500
SE-ERA5,2016,NDJFM,ice_days,19.000,-6.722,-5.251,3,super,2.500
SE-ERA5,2016,NDJFM,precip,290.100,44.790,38.419,3,super,2.500
SE-ERA5,2016,NDJFM,precip_days,59.333,8.478,7.518,3,super,2.500
SE-ERA5,2016,NDJFM,thaw_days,132.333,7.667,6.231,3,super,2.500
SE-ERA5,2016,NDJFM,tmax_mean,4.868,1.131,0.807,3,super,2.500
SE-ERA5,2016,NDJFM,tmean,2.747,1.097,0.767,3,super,2.500
SE-ERA5,2016,NDJFM,tmin_mean,0.472,1.173,0.836,3,super,2.500
SE-ERA5,2017,DJF,frost_days,48.000,-2.933,-0.192,3,neutral,-0.080
SE-ERA5,2017,DJF,ice_days,10.667,-11.344,-10.060,3,neutral,-0.080
SE-ERA5,2017,DJF,precip,86.567,-63.457,-68.340,3,neutral,-0.080
SE-ERA5,2017,DJF,precip_days,20.667,-10.078,-10.886,3,neutral,-0.080
SE-ERA5,2017,DJF,thaw_days,78.333,10.789,9.540,3,neutral,-0.080
SE-ERA5,2017,DJF,tmax_mean,3.624,1.178,0.936,3,neutral,-0.080
SE-ERA5,2017,DJF,tmean,1.628,1.068,0.792,3,neutral,-0.080
SE-ERA5,2017,DJF,tmin_mean,-0.637,1.014,0.696,3,neutral,-0.080
SE-ERA5,2017,JFM,frost_days,49.000,-3.355,0.511,3,neutral,-0.080
SE-ERA5,2017,JFM,ice_days,11.333,-7.200,-5.320,3,neutral,-0.080
SE-ERA5,2017,JFM,precip,112.133,-21.511,-29.044,3,neutral,-0.080
SE-ERA5,2017,JFM,precip_days,24.333,-4.156,-4.977,3,neutral,-0.080
SE-ERA5,2017,JFM,thaw_days,77.333,6.222,4.401,3,neutral,-0.080
SE-ERA5,2017,JFM,tmax_mean,4.044,0.900,0.510,3,neutral,-0.080
SE-ERA5,2017,JFM,tmean,1.733,0.909,0.500,3,neutral,-0.080
SE-ERA5,2017,JFM,tmin_mean,-0.728,0.999,0.557,3,neutral,-0.080
SE-ERA5,2017,NDJFM,frost_days,72.333,-3.189,1.632,3,neutral,-0.080
SE-ERA5,2017,NDJFM,ice_days,15.333,-10.389,-8.650,3,neutral,-0.080
SE-ERA5,2017,NDJFM,precip,199.267,-46.043,-52.521,3,neutral,-0.080
SE-ERA5,2017,NDJFM,precip_days,43.000,-7.856,-8.801,3,neutral,-0.080
SE-ERA5,2017,NDJFM,thaw_days,134.333,9.667,7.960,3,neutral,-0.080
SE-ERA5,2017,NDJFM,tmax_mean,4.538,0.801,0.444,3,neutral,-0.080
SE-ERA5,2017,NDJFM,tmean,2.387,0.737,0.372,3,neutral,-0.080
SE-ERA5,2017,NDJFM,tmin_mean,0.048,0.749,0.374,3,neutral,-0.080
SE-ERA5,2018,DJF,frost_days,49.667,-1.267,1.743,3,lanina,-0.710
SE-ERA5,2018,DJF,ice_days,17.667,-4.344,-2.850,3,lanina,-0.710
SE-ERA5,2018,DJF,precip,159.600,9.577,4.550,3,lanina,-0.710
SE-ERA5,2018,DJF,precip_days,33.333,2.589,1.784,3,lanina,-0.710
SE-ERA5,2018,DJF,thaw_days,71.667,4.122,2.662,3,lanina,-0.710
SE-ERA5,2018,DJF,tmax_mean,2.338,-0.107,-0.383,3,lanina,-0.710
SE-ERA5,2018,DJF,tmean,0.793,0.234,-0.080,3,lanina,-0.710
SE-ERA5,2018,DJF,tmin_mean,-1.064,0.586,0.226,3,lanina,-0.710
SE-ERA5,2018,JFM,frost_days,64.667,12.311,16.503,3,lanina,-0.710
SE-ERA5,2018,JFM,ice_days,26.000,7.467,9.580,3,lanina,-0.710
SE-ERA5,2018,JFM,precip,134.800,1.156,-6.642,3,lanina,-0.710
SE-ERA5,2018,JFM,precip_days,28.667,0.178,-0.656,3,lanina,-0.710
SE-ERA5,2018,JFM,thaw_days,63.333,-7.778,-9.833,3,lanina,-0.710
SE-ERA5,2018,JFM,tmax_mean,1.375,-1.770,-2.201,3,lanina,-0.710
SE-ERA5,2018,JFM,tmean,-0.555,-1.380,-1.833,3,lanina,-0.710
SE-ERA5,2018,JFM,tmin_mean,-2.800,-1.073,-1.563,3,lanina,-0.710
SE-ERA5,2018,NDJFM,frost_days,84.333,8.811,14.050,3,lanina,-0.710
SE-ERA5,2018,NDJFM,ice_days,28.333,2.611,4.617,3,lanina,-0.710
SE-ERA5,2018,NDJFM,precip,257.000,11.690,5.106,3,lanina,-0.710
SE-ERA5,2018,NDJFM,precip_days,56.667,5.811,4.879,3,lanina,-0.710
SE-ERA5,2018,NDJFM,thaw_days,122.000,-2.666,-4.644,3,lanina,-0.710
SE-ERA5,2018,NDJFM,tmax_mean,3.040,-0.698,-1.088,3,lanina,-0.710
SE-ERA5,2018,NDJFM,tmean,1.160,-0.489,-0.891,3,lanina,-0.710
SE-ERA5,2018,NDJFM,tmin_mean,-1.057,-0.355,-0.769,3,lanina,-0.710
SE-ERA5,2019,DJF,frost_days,45.000,-5.933,-2.656,3,elnino,0.990
SE-ERA5,2019,DJF,ice_days,11.333,-10.678,-8.973,3,elnino,0.990
SE-ERA5,2019,DJF,precip,135.500,-14.523,-19.694,3,elnino,0.990
SE-ERA5,2019,DJF,precip_days,30.333,-0.411,-1.214,3,elnino,0.990
SE-ERA5,2019,DJF,thaw_days,77.667,10.122,8.451,3,elnino,0.990
SE-ERA5,2019,DJF,tmax_mean,3.737,1.291,0.982,3,elnino,0.990
SE-ERA5,2019,DJF,tmean,1.806,1.247,0.896,3,elnino,0.990
SE-ERA5,2019,DJF,tmin_mean,-0.286,1.365,0.962,3,elnino,0.990
SE-ERA5,2019,JFM,frost_days,42.667,-9.689,-5.172,3,elnino,0.990
SE-ERA5,2019,JFM,ice_days,9.667,-8.867,-6.518,3,elnino,0.990
SE-ERA5,2019,JFM,precip,181.433,47.789,39.728,3,elnino,0.990
SE-ERA5,2019,JFM,precip_days,33.333,4.844,3.999,3,elnino,0.990
SE-ERA5,2019,JFM,thaw_days,79.667,8.556,6.266,3,elnino,0.990
SE-ERA5,2019,JFM,tmax_mean,4.720,1.577,1.104,3,elnino,0.990
SE-ERA5,2019,JFM,tmean,2.360,1.536,1.038,3,elnino,0.990
SE-ERA5,2019,JFM,tmin_mean,-0.194,1.532,0.995,3,elnino,0.990
SE-ERA5,2019,NDJFM,frost_days,61.333,-14.189,-8.532,3,elnino,0.990
SE-ERA5,2019,NDJFM,ice_days,14.000,-11.722,-9.449,3,elnino,0.990
SE-ERA5,2019,NDJFM,precip,252.700,7.390,0.699,3,elnino,0.990
SE-ERA5,2019,NDJFM,precip_days,50.667,-0.189,-1.108,3,elnino,0.990
SE-ERA5,2019,NDJFM,thaw_days,136.000,11.334,9.086,3,elnino,0.990
SE-ERA5,2019,NDJFM,tmax_mean,4.933,1.196,0.771,3,elnino,0.990
SE-ERA5,2019,NDJFM,tmean,2.922,1.272,0.834,3,elnino,0.990
SE-ERA5,2019,NDJFM,tmin_mean,0.786,1.487,1.035,3,elnino,0.990
SE-ERA5,2020,DJF,frost_days,20.667,-30.267,-26.721,3,elnino,0.710
SE-ERA5,2020,DJF,ice_days,1.667,-20.344,-18.430,3,elnino,0.710
SE-ERA5,2020,DJF,precip,204.367,54.343,49.029,3,elnino,0.710
SE-ERA5,2020,DJF,precip_days,40.000,9.256,8.456,3,elnino,0.710
SE-ERA5,2020,DJF,thaw_days,89.333,21.789,19.906,3,elnino,0.710
SE-ERA5,2020,DJF,tmax_mean,5.823,3.377,3.034,3,elnino,0.710
SE-ERA5,2020,DJF,tmean,4.140,3.580,3.191,3,elnino,0.710
SE-ERA5,2020,DJF,tmin_mean,2.045,3.696,3.252,3,elnino,0.710
SE-ERA5,2020,JFM,frost_days,25.667,-26.689,-21.847,3,elnino,0.710
SE-ERA5,2020,JFM,ice_days,0.000,-18.533,-15.951,3,elnino,0.710
SE-ERA5,2020,JFM,precip,180.867,47.222,38.898,3,elnino,0.710
SE-ERA5,2020,JFM,precip_days,34.667,6.178,5.321,3,elnino,0.710
SE-ERA5,2020,JFM,thaw_days,91.000,19.889,17.365,3,elnino,0.710
SE-ERA5,2020,JFM,tmax_mean,6.288,3.144,2.630,3,elnino,0.710
SE-ERA5,2020,JFM,tmean,4.132,3.308,2.766,3,elnino,0.710
SE-ERA5,2020,JFM,tmin_mean,1.590,3.317,2.732,3,elnino,0.710
SE-ERA5,2020,NDJFM,frost_days,37.667,-37.855,-31.780,3,elnino,0.710
SE-ERA5,2020,NDJFM,ice_days,2.000,-23.722,-21.182,3,elnino,0.710
SE-ERA5,2020,NDJFM,precip,319.300,73.990,67.192,3,elnino,0.710
SE-ERA5,2020,NDJFM,precip_days,63.000,12.144,11.239,3,elnino,0.710
SE-ERA5,2020,NDJFM,thaw_days,150.000,25.334,22.815,3,elnino,0.710
SE-ERA5,2020,NDJFM,tmax_mean,6.131,2.394,1.935,3,elnino,0.710
SE-ERA5,2020,NDJFM,tmean,4.239,2.588,2.115,3,elnino,0.710
SE-ERA5,2020,NDJFM,tmin_mean,2.002,2.704,2.213,3,elnino,0.710
SE-ERA5,2021,DJF,frost_days,42.000,-8.933,-5.120,3,lanina,-0.990
SE-ERA5,2021,DJF,ice_days,21.667,-0.344,1.780,3,lanina,-0.990
SE-ERA5,2021,DJF,precip,151.733,1.710,-3.748,3,lanina,-0.990
SE-ERA5,2021,DJF,precip_days,32.333,1.589,0.792,3,lanina,-0.990
SE-ERA5,2021,DJF,thaw_days,68.333,0.789,-1.305,3,lanina,-0.990
SE-ERA5,2021,DJF,tmax_mean,2.611,0.166,-0.212,3,lanina,-0.990
SE-ERA5,2021,DJF,tmean,0.812,0.252,-0.175,3,lanina,-0.990
SE-ERA5,2021,DJF,tmin_mean,-1.081,0.569,0.083,3,lanina,-0.990
SE-ERA5,2021,JFM,frost_days,53.667,1.311,6.479,3,lanina,-0.990
SE-ERA5,2021,JFM,ice_days,22.000,3.467,6.284,3,lanina,-0.990
SE-ERA5,2021,JFM,precip,120.200,-13.444,-22.033,3,lanina,-0.990
SE-ERA5,2021,JFM,precip_days,23.667,-4.822,-5.691,3,lanina,-0.990
SE-ERA5,2021,JFM,thaw_days,68.000,-3.111,-5.870,3,lanina,-0.990
SE-ERA5,2021,JFM,tmax_mean,3.090,-0.054,-0.610,3,lanina,-0.990
SE-ERA5,2021,JFM,tmean,0.610,-0.214,-0.801,3,lanina,-0.990
SE-ERA5,2021,JFM,tmin_mean,-1.924,-0.197,-0.830,3,lanina,-0.990
SE-ERA5,2021,NDJFM,frost_days,60.333,-15.189,-8.696,3,lanina,-0.990
SE-ERA5,2021,NDJFM,ice_days,22.333,-3.389,-0.582,3,lanina,-0.990
SE-ERA5,2021,NDJFM,precip,229.167,-16.143,-23.048,3,lanina,-0.990
SE-ERA5,2021,NDJFM,precip_days,49.333,-1.522,-2.414,3,lanina,-0.990
SE-ERA5,2021,NDJFM,thaw_days,128.667,4.000,1.211,3,lanina,-0.990
SE-ERA5,2021,NDJFM,tmax_mean,4.720,0.983,0.490,3,lanina,-0.990
SE-ERA5,2021,NDJFM,tmean,2.689,1.039,0.529,3,lanina,-0.990
SE-ERA5,2021,NDJFM,tmin_mean,0.525,1.226,0.697,3,lanina,-0.990
SE-ERA5,2022,DJF,frost_days,46.000,-4.933,-0.852,3,lanina,-0.760
SE-ERA5,2022,DJF,ice_days,13.000,-9.011,-6.677,3,lanina,-0.760
SE-ERA5,2022,DJF,precip,184.733,34.710,29.108,3,lanina,-0.760
SE-ERA5,2022,DJF,precip_days,35.000,4.256,3.461,3,lanina,-0.760
SE-ERA5,2022,DJF,thaw_days,76.667,9.122,6.817,3,lanina,-0.760
SE-ERA5,2022,DJF,tmax_mean,3.437,0.991,0.579,3,lanina,-0.760
SE-ERA5,2022,DJF,tmean,1.508,0.948,0.484,3,lanina,-0.760
SE-ERA5,2022,DJF,tmin_mean,-0.683,0.967,0.439,3,lanina,-0.760
SE-ERA5,2022,JFM,frost_days,48.333,-4.022,1.470,3,lanina,-0.760
SE-ERA5,2022,JFM,ice_days,3.333,-15.200,-12.149,3,lanina,-0.760
SE-ERA5,2022,JFM,precip,144.600,10.956,2.103,3,lanina,-0.760
SE-ERA5,2022,JFM,precip_days,27.333,-1.156,-2.037,3,lanina,-0.760
SE-ERA5,2022,JFM,thaw_days,86.667,15.556,12.563,3,lanina,-0.760
SE-ERA5,2022,JFM,tmax_mean,5.638,2.494,1.898,3,lanina,-0.760
SE-ERA5,2022,JFM,tmean,2.686,1.862,1.231,3,lanina,-0.760
SE-ERA5,2022,JFM,tmin_mean,-0.281,1.446,0.765,3,lanina,-0.760
SE-ERA5,2022,NDJFM,frost_days,73.667,-1.855,5.056,3,lanina,-0.760
SE-ERA5,2022,NDJFM,ice_days,15.000,-10.722,-7.648,3,lanina,-0.760
SE-ERA5,2022,NDJFM,precip,235.033,-10.277,-17.288,3,lanina,-0.760
SE-ERA5,2022,NDJFM,precip_days,45.333,-5.522,-6.401,3,lanina,-0.760
SE-ERA5,2022,NDJFM,thaw_days,135.667,11.000,7.940,3,lanina,-0.760
SE-ERA5,2022,NDJFM,tmax_mean,5.133,1.396,0.871,3,lanina,-0.760
SE-ERA5,2022,NDJFM,tmean,2.629,0.979,0.433,3,lanina,-0.760
SE-ERA5,2022,NDJFM,tmin_mean,-0.029,0.672,0.106,3,lanina,-0.760
SE-ERA5,2023,DJF,frost_days,45.000,-5.933,-1.584,3,lanina,-0.550
SE-ERA5,2023,DJF,ice_days,15.333,-6.678,-4.134,3,lanina,-0.550
SE-ERA5,2023,DJF,precip,188.667,38.643,32.898,3,lanina,-0.550
SE-ERA5,2023,DJF,precip_days,38.000,7.256,6.464,3,lanina,-0.550
SE-ERA5,2023,DJF,thaw_days,73.667,6.122,3.605,3,lanina,-0.550
SE-ERA5,2023,DJF,tmax_mean,3.261,0.815,0.370,3,lanina,-0.550
SE-ERA5,2023,DJF,tmean,1.355,0.796,0.294,3,lanina,-0.550
SE-ERA5,2023,DJF,tmin_mean,-0.853,0.797,0.227,3,lanina,-0.550
SE-ERA5,2023,JFM,frost_days,45.333,-7.022,-1.204,3,lanina,-0.550
SE-ERA5,2023,JFM,ice_days,9.000,-9.533,-6.248,3,lanina,-0.550
SE-ERA5,2023,JFM,precip,218.400,84.756,75.639,3,lanina,-0.550
SE-ERA5,2023,JFM,precip_days,42.000,13.511,12.618,3,lanina,-0.550
SE-ERA5,2023,JFM,thaw_days,80.000,8.889,5.662,3,lanina,-0.550
SE-ERA5,2023,JFM,tmax_mean,4.349,1.205,0.567,3,lanina,-0.550
SE-ERA5,2023,JFM,tmean,2.089,1.264,0.589,3,lanina,-0.550
SE-ERA5,2023,JFM,tmin_mean,-0.518,1.208,0.480,3,lanina,-0.550
SE-ERA5,2023,NDJFM,frost_days,67.333,-8.189,-0.859,3,lanina,-0.550
SE-ERA5,2023,NDJFM,ice_days,19.333,-6.389,-3.048,3,lanina,-0.550
SE-ERA5,2023,NDJFM,precip,311.100,65.790,58.672,3,lanina,-0.550
SE-ERA5,2023,NDJFM,precip_days,63.333,12.478,11.612,3,lanina,-0.550
SE-ERA5,2023,NDJFM,thaw_days,130.667,6.000,2.670,3,lanina,-0.550
SE-ERA5,2023,NDJFM,tmax_mean,4.464,0.727,0.167,3,lanina,-0.550
SE-ERA5,2023,NDJFM,tmean,2.515,0.865,0.283,3,lanina,-0.550
SE-ERA5,2023,NDJFM,tmin_mean,0.253,0.954,0.349,3,lanina,-0.550
SE-ERA5,2024,DJF,frost_days,49.000,-1.933,2.684,3,elnino,1.840
SE-ERA5,2024,DJF,ice_days,23.667,1.656,4.409,3,elnino,1.840
SE-ERA5,2024,DJF,precip,220.700,70.677,64.788,3,elnino,1.840
SE-ERA5,2024,DJF,precip_days,44.000,13.256,12.467,3,elnino,1.840
SE-ERA5,2024,DJF,thaw_days,66.333,-1.211,-3.939,3,elnino,1.840
SE-ERA5,2024,DJF,tmax_mean,2.229,-0.217,-0.696,3,elnino,1.840
SE-ERA5,2024,DJF,tmean,0.419,-0.140,-0.680,3,elnino,1.840
SE-ERA5,2024,DJF,tmin_mean,-1.698,-0.047,-0.660,3,elnino,1.840
SE-ERA5,2024,JFM,frost_days,43.000,-9.355,-3.212,3,elnino,1.840
SE-ERA5,2024,JFM,ice_days,15.333,-3.200,0.320,3,elnino,1.840
SE-ERA5,2024,JFM,precip,180.100,46.456,37.075,3,elnino,1.840
SE-ERA5,2024,JFM,precip_days,37.667,9.178,8.273,3,elnino,1.840
SE-ERA5,2024,JFM,thaw_days,75.333,4.222,0.761,3,elnino,1.840
SE-ERA5,2024,JFM,tmax_mean,3.744,0.600,-0.079,3,elnino,1.840
SE-ERA5,2024,JFM,tmean,1.567,0.742,0.023,3,elnino,1.840
SE-ERA5,2024,JFM,tmin_mean,-0.748,0.978,0.202,3,elnino,1.840
SE-ERA5,2024,NDJFM,frost_days,73.000,-2.522,5.225,3,elnino,1.840
SE-ERA5,2024,NDJFM,ice_days,29.333,3.611,7.219,3,elnino,1.840
SE-ERA5,2024,NDJFM,precip,330.233,84.923,77.699,3,elnino,1.840
SE-ERA5,2024,NDJFM,precip_days,68.000,17.144,16.292,3,elnino,1.840
SE-ERA5,2024,NDJFM,thaw_days,121.333,-3.333,-6.934,3,elnino,1.840
SE-ERA5,2024,NDJFM,tmax_mean,3.587,-0.150,-0.743,3,elnino,1.840
SE-ERA5,2024,NDJFM,tmean,1.616,-0.034,-0.652,3,elnino,1.840
SE-ERA5,2024,NDJFM,tmin_mean,-0.546,0.156,-0.488,3,elnino,1.840
SE-ERA5,2025,DJF,frost_days,42.000,-8.933,-4.048,3,neutral,-0.460
SE-ERA5,2025,DJF,ice_days,11.333,-10.678,-7.714,3,neutral,-0.460
SE-ERA5,2025,DJF,precip,135.567,-14.457,-20.490,3,neutral,-0.460
SE-ERA5,2025,DJF,precip_days,29.000,-1.744,-2.530,3,neutral,-0.460
SE-ERA5,2025,DJF,thaw_days,78.000,10.456,7.516,3,neutral,-0.460
SE-ERA5,2025,DJF,tmax_mean,3.867,1.421,0.907,3,neutral,-0.460
SE-ERA5,2025,DJF,tmean,1.877,1.317,0.740,3,neutral,-0.460
SE-ERA5,2025,DJF,tmin_mean,-0.327,1.323,0.669,3,neutral,-0.460
SE-ERA5,2025,JFM,frost_days,42.667,-9.689,-3.221,3,neutral,-0.460
SE-ERA5,2025,JFM,ice_days,9.000,-9.533,-5.779,3,neutral,-0.460
SE-ERA5,2025,JFM,precip,102.933,-30.711,-40.355,3,neutral,-0.460
SE-ERA5,2025,JFM,precip_days,21.000,-7.489,-8.406,3,neutral,-0.460
SE-ERA5,2025,JFM,thaw_days,80.333,9.222,5.527,3,neutral,-0.460
SE-ERA5,2025,JFM,tmax_mean,4.939,1.795,1.075,3,neutral,-0.460
SE-ERA5,2025,JFM,tmean,2.342,1.517,0.753,3,neutral,-0.460
SE-ERA5,2025,JFM,tmin_mean,-0.370,1.356,0.532,3,neutral,-0.460
SE-ERA5,2025,NDJFM,frost_days,60.667,-14.855,-6.690,3,neutral,-0.460
SE-ERA5,2025,NDJFM,ice_days,13.000,-12.722,-8.847,3,neutral,-0.460
SE-ERA5,2025,NDJFM,precip,184.600,-60.710,-68.041,3,neutral,-0.460
SE-ERA5,2025,NDJFM,precip_days,39.667,-11.189,-12.027,3,neutral,-0.460
SE-ERA5,2025,NDJFM,thaw_days,137.333,12.667,8.795,3,neutral,-0.460
SE-ERA5,2025,NDJFM,tmax_mean,5.463,1.725,1.098,3,neutral,-0.460
SE-ERA5,2025,NDJFM,tmean,3.102,1.452,0.798,3,neutral,-0.460
SE-ERA5,2025,NDJFM,tmin_mean,0.532,1.234,0.552,3,neutral,-0.460
SE-ERA5,2026,DJF,frost_days,58.333,7.400,12.553,3,neutral,-0.390
SE-ERA5,2026,DJF,ice_days,34.333,12.322,15.496,3,neutral,-0.390
SE-ERA5,2026,DJF,precip,116.500,-33.523,-39.700,3,neutral,-0.390
SE-ERA5,2026,DJF,precip_days,28.333,-2.411,-3.194,3,neutral,-0.390
SE-ERA5,2026,DJF,thaw_days,53.667,-13.878,-17.029,3,neutral,-0.390
SE-ERA5,2026,DJF,tmax_mean,1.657,-0.789,-1.337,3,neutral,-0.390
SE-ERA5,2026,DJF,tmean,0.038,-0.521,-1.137,3,neutral,-0.390
SE-ERA5,2026,DJF,tmin_mean,-1.942,-0.292,-0.988,3,neutral,-0.390
SE-ERA5,2026,JFM,frost_days,55.000,2.645,9.438,3,neutral,-0.390
SE-ERA5,2026,JFM,ice_days,33.333,14.800,18.789,3,neutral,-0.390
SE-ERA5,2026,JFM,precip,113.967,-19.678,-29.586,3,neutral,-0.390
SE-ERA5,2026,JFM,precip_days,26.000,-2.489,-3.418,3,neutral,-0.390
SE-ERA5,2026,JFM,thaw_days,54.667,-16.444,-20.375,3,neutral,-0.390
SE-ERA5,2026,JFM,tmax_mean,2.597,-0.547,-1.309,3,neutral,-0.390
SE-ERA5,2026,JFM,tmean,0.179,-0.646,-1.454,3,neutral,-0.390
SE-ERA5,2026,JFM,tmin_mean,-2.383,-0.656,-1.528,3,neutral,-0.390
SE-ERA5,2026,NDJFM,frost_days,74.000,-1.522,7.062,3,neutral,-0.390
SE-ERA5,2026,NDJFM,ice_days,36.667,10.944,15.087,3,neutral,-0.390
SE-ERA5,2026,NDJFM,precip,204.233,-41.077,-48.514,3,neutral,-0.390
SE-ERA5,2026,NDJFM,precip_days,47.000,-3.856,-4.681,3,neutral,-0.390
SE-ERA5,2026,NDJFM,thaw_days,112.000,-12.666,-16.809,3,neutral,-0.390
SE-ERA5,2026,NDJFM,tmax_mean,4.046,0.308,-0.352,3,neutral,-0.390
SE-ERA5,2026,NDJFM,tmean,1.979,0.329,-0.361,3,neutral,-0.390
SE-ERA5,2026,NDJFM,tmin_mean,-0.288,0.414,-0.307,3,neutral,-0.390
NORDIC,1950,DJF,frost_days,67.904,2.544,-5.629,18,lanina,-1.320
NORDIC,1950,DJF,ice_days,37.119,3.213,-7.494,18,lanina,-1.320
NORDIC,1950,DJF,precip,161.177,-5.592,16.239,14,lanina,-1.320
NORDIC,1950,DJF,precip_days,31.917,-0.644,1.877,14,lanina,-1.320
NORDIC,1950,DJF,rain_on_snow_days,3.406,-0.827,-0.495,9,lanina,-1.320
NORDIC,1950,DJF,snow_cover_days,70.591,3.558,-10.517,9,lanina,-1.320
NORDIC,1950,DJF,snow_depth,22.451,-0.625,-7.183,9,lanina,-1.320
NORDIC,1950,DJF,snow_max,51.500,3.684,-3.478,9,lanina,-1.320
NORDIC,1950,DJF,thaw_days,51.264,-4.196,6.797,18,lanina,-1.320
NORDIC,1950,DJF,tmax_mean,-0.541,-0.936,1.001,18,lanina,-1.320
NORDIC,1950,DJF,tmean,-4.898,-1.262,0.938,16,lanina,-1.320
NORDIC,1950,DJF,tmin_mean,-6.679,-1.238,1.181,18,lanina,-1.320
NORDIC,1950,JFM,frost_days,68.021,2.706,-6.454,18,lanina,-1.320
NORDIC,1950,JFM,ice_days,31.762,2.568,-8.997,19,lanina,-1.320
NORDIC,1950,JFM,precip,122.940,-28.345,-0.860,14,lanina,-1.320
NORDIC,1950,JFM,precip_days,25.125,-3.929,-1.078,14,lanina,-1.320
NORDIC,1950,JFM,rain_on_snow_days,4.487,-0.870,0.376,9,lanina,-1.320
NORDIC,1950,JFM,snow_cover_days,75.966,3.922,-9.341,9,lanina,-1.320
NORDIC,1950,JFM,snow_depth,30.766,-0.428,-8.104,9,lanina,-1.320
NORDIC,1950,JFM,snow_max,55.444,2.974,-6.483,9,lanina,-1.320
NORDIC,1950,JFM,thaw_days,57.068,-3.224,8.701,19,lanina,-1.320
NORDIC,1950,JFM,tmax_mean,0.582,-0.759,1.279,19,lanina,-1.320
NORDIC,1950,JFM,tmean,-4.032,-1.144,1.031,17,lanina,-1.320
NORDIC,1950,JFM,tmin_mean,-6.658,-1.407,1.050,18,lanina,-1.320
NORDIC,1950,NDJFM,frost_days,99.784,-1.984,-15.050,18,lanina,-1.320
NORDIC,1950,NDJFM,ice_days,47.115,-0.170,-15.577,18,lanina,-1.320
NORDIC,1950,NDJFM,precip,253.213,-25.240,8.662,14,lanina,-1.320
NORDIC,1950,NDJFM,precip_days,50.438,-1.284,1.391,14,lanina,-1.320
NORDIC,1950,NDJFM,rain_on_snow_days,6.712,-0.753,-0.254,9,lanina,-1.320
NORDIC,1950,NDJFM,snow_cover_days,102.232,-0.742,-21.112,9,lanina,-1.320
NORDIC,1950,NDJFM,snow_depth,20.842,-3.403,-7.090,9,lanina,-1.320
NORDIC,1950,NDJFM,snow_max,55.444,-3.008,-6.372,9,lanina,-1.320
NORDIC,1950,NDJFM,thaw_days,101.835,-0.786,15.127,18,lanina,-1.320
NORDIC,1950,NDJFM,tmax_mean,1.313,-0.302,1.439,18,lanina,-1.320
NORDIC,1950,NDJFM,tmean,-2.887,-0.410,1.510,16,lanina,-1.320
NORDIC,1950,NDJFM,tmin_mean,-4.756,-0.418,1.696,18,lanina,-1.320
NORDIC,1951,DJF,frost_days,75.952,10.575,1.855,17,lanina,-0.660
NORDIC,1951,DJF,ice_days,40.986,8.386,-2.501,18,lanina,-0.660
NORDIC,1951,DJF,precip,174.845,-9.490,7.864,16,lanina,-0.660
NORDIC,1951,DJF,precip_days,35.384,-0.123,3.387,16,lanina,-0.660
NORDIC,1951,DJF,rain_on_snow_days,4.083,-0.751,0.164,9,lanina,-0.660
NORDIC,1951,DJF,snow_cover_days,80.194,11.432,-0.731,9,lanina,-0.660
NORDIC,1951,DJF,snow_depth,25.550,1.446,-4.011,9,lanina,-0.660
NORDIC,1951,DJF,snow_max,50.611,1.295,-4.278,9,lanina,-0.660
NORDIC,1951,DJF,thaw_days,46.847,-10.400,1.257,18,lanina,-0.660
NORDIC,1951,DJF,tmax_mean,-1.385,-2.070,-0.005,18,lanina,-0.660
NORDIC,1951,DJF,tmean,-4.126,-1.858,0.252,18,lanina,-0.660
NORDIC,1951,DJF,tmin_mean,-7.365,-1.811,0.554,17,lanina,-0.660
NORDIC,1951,JFM,frost_days,80.925,16.094,6.096,17,lanina,-0.660
NORDIC,1951,JFM,ice_days,43.831,14.502,2.718,18,lanina,-0.660
NORDIC,1951,JFM,precip,157.655,2.955,15.426,17,lanina,-0.660
NORDIC,1951,JFM,precip_days,29.883,-0.699,2.010,17,lanina,-0.660
NORDIC,1951,JFM,rain_on_snow_days,2.811,-3.390,-1.450,10,lanina,-0.660
NORDIC,1951,JFM,snow_cover_days,84.311,10.634,-0.764,10,lanina,-0.660
NORDIC,1951,JFM,snow_depth,35.641,5.286,-1.935,10,lanina,-0.660
NORDIC,1951,JFM,snow_max,59.500,6.862,-0.955,10,lanina,-0.660
NORDIC,1951,JFM,thaw_days,43.993,-16.553,-4.019,18,lanina,-0.660
NORDIC,1951,JFM,tmax_mean,-1.241,-2.581,-0.504,18,lanina,-0.660
NORDIC,1951,JFM,tmean,-4.357,-2.496,-0.338,18,lanina,-0.660
NORDIC,1951,JFM,tmin_mean,-7.971,-2.624,-0.227,17,lanina,-0.660
NORDIC,1951,NDJFM,frost_days,123.507,21.463,7.880,17,lanina,-0.660
NORDIC,1951,NDJFM,ice_days,63.379,18.048,2.337,18,lanina,-0.660
NORDIC,1951,NDJFM,precip,280.163,5.735,35.110,14,lanina,-0.660
NORDIC,1951,NDJFM,precip_days,54.208,0.987,5.110,14,lanina,-0.660
NORDIC,1951,NDJFM,rain_on_snow_days,6.139,-1.530,-0.847,9,lanina,-0.660
NORDIC,1951,NDJFM,snow_cover_days,118.472,14.647,-4.549,9,lanina,-0.660
NORDIC,1951,NDJFM,snow_depth,25.137,-0.502,-2.720,9,lanina,-0.660
NORDIC,1951,NDJFM,snow_max,60.556,-0.230,-1.131,9,lanina,-0.660
NORDIC,1951,NDJFM,thaw_days,84.293,-20.757,-4.075,18,lanina,-0.660
NORDIC,1951,NDJFM,tmax_mean,-0.306,-2.153,-0.333,18,lanina,-0.660
NORDIC,1951,NDJFM,tmean,-3.156,-1.994,-0.150,18,lanina,-0.660
NORDIC,1951,NDJFM,tmin_mean,-6.449,-1.992,0.052,17,lanina,-0.660
NORDIC,1952,DJF,frost_days,69.025,4.431,-4.219,18,elnino,0.520
NORDIC,1952,DJF,ice_days,36.890,3.355,-7.412,18,elnino,0.520
NORDIC,1952,DJF,precip,197.617,5.135,34.140,17,elnino,0.520
NORDIC,1952,DJF,precip_days,38.367,4.064,6.847,17,elnino,0.520
NORDIC,1952,DJF,rain_on_snow_days,3.600,-1.464,-0.321,11,elnino,0.520
NORDIC,1952,DJF,snow_cover_days,69.733,-0.818,-11.453,11,elnino,0.520
NORDIC,1952,DJF,snow_depth,25.615,0.243,-4.914,11,elnino,0.520
NORDIC,1952,DJF,snow_max,51.317,0.214,-4.626,11,elnino,0.520
NORDIC,1952,DJF,thaw_days,52.905,-3.013,8.119,18,elnino,0.520
NORDIC,1952,DJF,tmax_mean,0.443,-0.034,1.924,18,elnino,0.520
NORDIC,1952,DJF,tmean,-2.186,-0.000,2.081,19,elnino,0.520
NORDIC,1952,DJF,tmin_mean,-5.430,-0.028,2.354,18,elnino,0.520
NORDIC,1952,JFM,frost_days,78.018,13.320,3.889,18,elnino,0.520
NORDIC,1952,JFM,ice_days,42.039,12.097,0.229,18,elnino,0.520
NORDIC,1952,JFM,precip,154.715,-15.657,11.765,17,elnino,0.520
NORDIC,1952,JFM,precip_days,31.143,0.208,3.179,17,elnino,0.520
NORDIC,1952,JFM,rain_on_snow_days,2.467,-3.083,-1.679,11,elnino,0.520
NORDIC,1952,JFM,snow_cover_days,78.050,4.316,-7.262,11,elnino,0.520
NORDIC,1952,JFM,snow_depth,35.725,2.610,-3.814,11,elnino,0.520
NORDIC,1952,JFM,snow_max,59.517,4.735,-3.045,11,elnino,0.520
NORDIC,1952,JFM,thaw_days,47.475,-12.071,0.152,18,elnino,0.520
NORDIC,1952,JFM,tmax_mean,-0.218,-1.361,0.605,18,elnino,0.520
NORDIC,1952,JFM,tmean,-3.067,-1.234,0.853,19,elnino,0.520
NORDIC,1952,JFM,tmin_mean,-6.519,-1.289,1.107,18,elnino,0.520
NORDIC,1952,NDJFM,frost_days,111.633,10.498,-2.719,18,elnino,0.520
NORDIC,1952,NDJFM,ice_days,57.435,10.915,-4.781,18,elnino,0.520
NORDIC,1952,NDJFM,precip,305.101,7.611,26.354,17,elnino,0.520
NORDIC,1952,NDJFM,precip_days,58.371,4.117,6.341,17,elnino,0.520
NORDIC,1952,NDJFM,rain_on_snow_days,5.667,-1.966,-1.289,11,elnino,0.520
NORDIC,1952,NDJFM,snow_cover_days,109.217,8.932,-13.016,11,elnino,0.520
NORDIC,1952,NDJFM,snow_depth,25.249,0.923,-3.771,11,elnino,0.520
NORDIC,1952,NDJFM,snow_max,59.517,0.325,-4.028,11,elnino,0.520
NORDIC,1952,NDJFM,thaw_days,92.627,-10.880,5.426,18,elnino,0.520
NORDIC,1952,NDJFM,tmax_mean,0.839,-0.781,0.909,18,elnino,0.520
NORDIC,1952,NDJFM,tmean,-1.862,-0.896,1.047,19,elnino,0.520
NORDIC,1952,NDJFM,tmin_mean,-5.201,-0.889,1.181,18,elnino,0.520
NORDIC,1953,DJF,frost_days,69.838,6.224,-2.181,19,neutral,0.250
NORDIC,1953,DJF,ice_days,39.322,6.539,-3.318,19,neutral,0.250
NORDIC,1953,DJF,precip,175.232,-21.121,11.153,17,neutral,0.250
NORDIC,1953,DJF,precip_days,34.335,-0.309,2.757,17,neutral,0.250
NORDIC,1953,DJF,rain_on_snow_days,5.100,0.203,1.163,11,neutral,0.250
NORDIC,1953,DJF,snow_cover_days,84.933,13.015,3.914,11,neutral,0.250
NORDIC,1953,DJF,snow_depth,37.219,14.483,6.771,11,neutral,0.250
NORDIC,1953,DJF,snow_max,65.783,19.214,9.949,11,neutral,0.250
NORDIC,1953,DJF,thaw_days,49.581,-7.082,3.128,19,neutral,0.250
NORDIC,1953,DJF,tmax_mean,-1.273,-1.942,-0.029,19,neutral,0.250
NORDIC,1953,DJF,tmean,-3.959,-1.792,0.276,19,neutral,0.250
NORDIC,1953,DJF,tmin_mean,-7.331,-2.174,0.171,19,neutral,0.250
NORDIC,1953,JFM,frost_days,64.570,1.284,-8.387,19,neutral,0.250
NORDIC,1953,JFM,ice_days,31.245,1.543,-8.957,19,neutral,0.250
NORDIC,1953,JFM,precip,175.309,-20.885,30.944,18,neutral,0.250
NORDIC,1953,JFM,precip_days,31.819,-3.440,3.726,18,neutral,0.250
NORDIC,1953,JFM,rain_on_snow_days,4.038,-0.771,0.127,12,neutral,0.250
NORDIC,1953,JFM,snow_cover_days,73.477,4.055,-7.787,12,neutral,0.250
NORDIC,1953,JFM,snow_depth,38.815,11.418,2.145,12,neutral,0.250
NORDIC,1953,JFM,snow_max,62.300,16.104,3.817,12,neutral,0.250
NORDIC,1953,JFM,thaw_days,57.955,-1.878,9.016,19,neutral,0.250
NORDIC,1953,JFM,tmax_mean,1.031,-0.395,1.628,19,neutral,0.250
NORDIC,1953,JFM,tmean,-2.369,-0.542,1.514,19,neutral,0.250
NORDIC,1953,JFM,tmin_mean,-6.031,-1.058,1.328,19,neutral,0.250
NORDIC,1953,NDJFM,frost_days,107.850,9.097,-4.280,19,neutral,0.250
NORDIC,1953,NDJFM,ice_days,52.763,7.306,-6.914,19,neutral,0.250
NORDIC,1953,NDJFM,precip,293.683,-29.897,10.666,16,neutral,0.250
NORDIC,1953,NDJFM,precip_days,55.661,-1.638,3.232,16,neutral,0.250
NORDIC,1953,NDJFM,rain_on_snow_days,8.253,-0.383,1.612,11,neutral,0.250
NORDIC,1953,NDJFM,snow_cover_days,126.256,20.932,5.405,11,neutral,0.250
NORDIC,1953,NDJFM,snow_depth,31.690,12.697,3.796,11,neutral,0.250
NORDIC,1953,NDJFM,snow_max,66.367,17.908,4.376,11,neutral,0.250
NORDIC,1953,NDJFM,thaw_days,96.593,-7.995,6.823,19,neutral,0.250
NORDIC,1953,NDJFM,tmax_mean,0.578,-1.286,0.422,19,neutral,0.250
NORDIC,1953,NDJFM,tmean,-2.283,-1.141,0.596,19,neutral,0.250
NORDIC,1953,NDJFM,tmin_mean,-5.614,-1.546,0.503,19,neutral,0.250
NORDIC,1954,DJF,frost_days,66.381,2.917,-5.486,19,neutral,0.410
NORDIC,1954,DJF,ice_days,39.678,6.943,-2.808,19,neutral,0.410
NORDIC,1954,DJF,precip,170.019,-51.473,3.431,18,neutral,0.410
NORDIC,1954,DJF,precip_days,27.933,-11.444,-3.867,18,neutral,0.410
NORDIC,1954,DJF,rain_on_snow_days,2.167,-2.339,-1.528,12,neutral,0.410
NORDIC,1954,DJF,snow_cover_days,63.167,-8.903,-14.259,12,neutral,0.410
NORDIC,1954,DJF,snow_depth,15.960,-8.375,-12.365,12,neutral,0.410
NORDIC,1954,DJF,snow_max,37.567,-9.708,-14.870,12,neutral,0.410
NORDIC,1954,DJF,thaw_days,49.118,-7.527,2.507,19,neutral,0.410
NORDIC,1954,DJF,tmax_mean,0.052,-0.611,1.266,19,neutral,0.410
NORDIC,1954,DJF,tmean,-2.875,-0.279,1.327,19,neutral,0.410
NORDIC,1954,DJF,tmin_mean,-5.903,-0.776,1.561,19,neutral,0.410
NORDIC,1954,JFM,frost_days,74.399,10.846,1.623,19,neutral,0.410
NORDIC,1954,JFM,ice_days,41.193,11.641,1.175,19,neutral,0.410
NORDIC,1954,JFM,precip,157.361,-21.329,12.231,18,neutral,0.410
NORDIC,1954,JFM,precip_days,26.760,-7.097,-1.428,18,neutral,0.410
NORDIC,1954,JFM,rain_on_snow_days,3.433,-1.534,-0.496,12,neutral,0.410
NORDIC,1954,JFM,snow_cover_days,77.800,5.437,-3.263,12,neutral,0.410
NORDIC,1954,JFM,snow_depth,25.834,-4.929,-10.723,12,neutral,0.410
NORDIC,1954,JFM,snow_max,48.267,-1.218,-10.063,12,neutral,0.410
NORDIC,1954,JFM,thaw_days,47.794,-12.243,-1.336,19,neutral,0.410
NORDIC,1954,JFM,tmax_mean,-0.347,-1.678,0.217,19,neutral,0.410
NORDIC,1954,JFM,tmean,-3.475,-1.626,0.372,19,neutral,0.410
NORDIC,1954,JFM,tmin_mean,-6.751,-1.760,0.566,19,neutral,0.410
NORDIC,1954,NDJFM,frost_days,102.453,3.567,-9.426,19,neutral,0.410
NORDIC,1954,NDJFM,ice_days,50.326,4.742,-9.117,19,neutral,0.410
NORDIC,1954,NDJFM,precip,309.347,-50.946,24.349,18,neutral,0.410
NORDIC,1954,NDJFM,precip_days,48.607,-13.616,-4.023,18,neutral,0.410
NORDIC,1954,NDJFM,rain_on_snow_days,4.867,-3.190,-1.635,12,neutral,0.410
NORDIC,1954,NDJFM,snow_cover_days,94.800,-14.754,-22.489,12,neutral,0.410
NORDIC,1954,NDJFM,snow_depth,16.510,-8.103,-10.355,12,neutral,0.410
NORDIC,1954,NDJFM,snow_max,48.267,-9.284,-10.083,12,neutral,0.410
NORDIC,1954,NDJFM,thaw_days,98.818,-5.681,8.807,19,neutral,0.410
NORDIC,1954,NDJFM,tmax_mean,1.485,-0.330,1.301,19,neutral,0.410
NORDIC,1954,NDJFM,tmean,-1.346,0.058,1.503,19,neutral,0.410
NORDIC,1954,NDJFM,tmin_mean,-4.302,-0.234,1.780,19,neutral,0.410
NORDIC,1955,DJF,frost_days,69.491,6.561,-1.809,18,neutral,-0.500
NORDIC,1955,DJF,ice_days,39.224,6.672,-2.104,18,neutral,-0.500
NORDIC,1955,DJF,precip,175.584,-6.158,8.343,18,neutral,-0.500
NORDIC,1955,DJF,precip_days,33.180,-0.594,1.318,18,neutral,-0.500
NORDIC,1955,DJF,rain_on_snow_days,3.967,-0.205,0.258,12,neutral,-0.500
NORDIC,1955,DJF,snow_cover_days,72.433,4.763,-4.819,12,neutral,-0.500
NORDIC,1955,DJF,snow_depth,25.722,3.282,-2.528,12,neutral,-0.500
NORDIC,1955,DJF,snow_max,50.333,4.559,-1.999,12,neutral,-0.500
NORDIC,1955,DJF,thaw_days,49.519,-7.265,1.780,18,neutral,-0.500
NORDIC,1955,DJF,tmax_mean,-0.656,-1.465,0.250,18,neutral,-0.500
NORDIC,1955,DJF,tmean,-3.488,-1.553,0.315,18,neutral,-0.500
NORDIC,1955,DJF,tmin_mean,-6.492,-1.705,0.476,18,neutral,-0.500
NORDIC,1955,JFM,frost_days,79.085,16.467,6.840,18,neutral,-0.500
NORDIC,1955,JFM,ice_days,44.151,14.438,5.322,18,neutral,-0.500
NORDIC,1955,JFM,precip,126.442,-35.810,-19.452,18,neutral,-0.500
NORDIC,1955,JFM,precip_days,26.673,-4.039,-1.609,18,neutral,-0.500
NORDIC,1955,JFM,rain_on_snow_days,3.633,-1.156,-0.314,12,neutral,-0.500
NORDIC,1955,JFM,snow_cover_days,81.400,9.193,0.540,12,neutral,-0.500
NORDIC,1955,JFM,snow_depth,35.594,5.912,-0.850,12,neutral,-0.500
NORDIC,1955,JFM,snow_max,56.233,5.838,-1.943,12,neutral,-0.500
NORDIC,1955,JFM,thaw_days,44.316,-15.414,-5.985,18,neutral,-0.500
NORDIC,1955,JFM,tmax_mean,-1.230,-2.684,-0.931,18,neutral,-0.500
NORDIC,1955,JFM,tmean,-4.599,-3.042,-1.111,18,neutral,-0.500
NORDIC,1955,JFM,tmin_mean,-8.139,-3.501,-1.280,18,neutral,-0.500
NORDIC,1955,NDJFM,frost_days,112.591,14.931,1.931,18,neutral,-0.500
NORDIC,1955,NDJFM,ice_days,56.869,12.132,-0.383,18,neutral,-0.500
NORDIC,1955,NDJFM,precip,293.515,-20.599,7.632,18,neutral,-0.500
NORDIC,1955,NDJFM,precip_days,55.033,-2.166,2.312,18,neutral,-0.500
NORDIC,1955,NDJFM,rain_on_snow_days,5.567,-2.623,-0.667,12,neutral,-0.500
NORDIC,1955,NDJFM,snow_cover_days,115.000,13.979,0.031,12,neutral,-0.500
NORDIC,1955,NDJFM,snow_depth,25.556,7.448,-0.705,12,neutral,-0.500
NORDIC,1955,NDJFM,snow_max,56.233,10.216,-1.273,12,neutral,-0.500
NORDIC,1955,NDJFM,thaw_days,91.775,-13.462,-0.405,18,neutral,-0.500
NORDIC,1955,NDJFM,tmax_mean,0.365,-1.604,-0.102,18,neutral,-0.500
NORDIC,1955,NDJFM,tmean,-2.512,-1.620,-0.034,18,neutral,-0.500
NORDIC,1955,NDJFM,tmin_mean,-5.567,-1.867,0.051,18,neutral,-0.500
NORDIC,1956,DJF,frost_days,75.995,13.856,5.055,20,lanina,-1.170
NORDIC,1956,DJF,ice_days,52.246,20.087,11.017,20,lanina,-1.170
NORDIC,1956,DJF,precip,190.850,-8.675,16.881,19,lanina,-1.170
NORDIC,1956,DJF,precip_days,36.533,2.422,4.183,19,lanina,-1.170
NORDIC,1956,DJF,rain_on_snow_days,3.600,-1.339,-0.123,12,lanina,-1.170
NORDIC,1956,DJF,snow_cover_days,84.400,14.830,7.321,12,lanina,-1.170
NORDIC,1956,DJF,snow_depth,37.163,16.005,8.990,12,lanina,-1.170
NORDIC,1956,DJF,snow_max,64.400,19.525,12.172,12,lanina,-1.170
NORDIC,1956,DJF,thaw_days,37.528,-19.658,-10.342,20,lanina,-1.170
NORDIC,1956,DJF,tmax_mean,-3.061,-3.793,-2.043,20,lanina,-1.170
NORDIC,1956,DJF,tmean,-6.200,-4.331,-2.214,20,lanina,-1.170
NORDIC,1956,DJF,tmin_mean,-9.578,-4.596,-2.358,20,lanina,-1.170
NORDIC,1956,JFM,frost_days,74.121,12.116,2.282,20,lanina,-1.170
NORDIC,1956,JFM,ice_days,43.067,14.149,4.326,20,lanina,-1.170
NORDIC,1956,JFM,precip,147.363,-35.400,-4.147,19,lanina,-1.170
NORDIC,1956,JFM,precip_days,28.867,-3.772,0.134,19,lanina,-1.170
NORDIC,1956,JFM,rain_on_snow_days,2.367,-2.801,-1.599,12,lanina,-1.170
NORDIC,1956,JFM,snow_cover_days,84.533,12.571,3.875,12,lanina,-1.170
NORDIC,1956,JFM,snow_depth,46.090,19.753,9.759,12,lanina,-1.170
NORDIC,1956,JFM,snow_max,69.433,22.660,11.411,12,lanina,-1.170
NORDIC,1956,JFM,thaw_days,46.895,-13.661,-3.523,20,lanina,-1.170
NORDIC,1956,JFM,tmax_mean,-1.003,-2.405,-0.633,20,lanina,-1.170
NORDIC,1956,JFM,tmean,-4.460,-2.705,-0.827,20,lanina,-1.170
NORDIC,1956,JFM,tmin_mean,-8.122,-3.320,-1.047,20,lanina,-1.170
NORDIC,1956,NDJFM,frost_days,114.550,17.819,4.339,20,lanina,-1.170
NORDIC,1956,NDJFM,ice_days,66.160,21.654,8.626,20,lanina,-1.170
NORDIC,1956,NDJFM,precip,284.043,-45.970,-14.140,19,lanina,-1.170
NORDIC,1956,NDJFM,precip_days,53.800,-1.999,0.230,19,lanina,-1.170
NORDIC,1956,NDJFM,rain_on_snow_days,5.300,-3.090,-1.317,12,lanina,-1.170
NORDIC,1956,NDJFM,snow_cover_days,127.033,24.612,10.867,12,lanina,-1.170
NORDIC,1956,NDJFM,snow_depth,34.167,14.251,8.599,12,lanina,-1.170
NORDIC,1956,NDJFM,snow_max,69.500,17.816,12.388,12,lanina,-1.170
NORDIC,1956,NDJFM,thaw_days,83.950,-21.536,-7.999,20,lanina,-1.170
NORDIC,1956,NDJFM,tmax_mean,-0.563,-2.454,-0.931,20,lanina,-1.170
NORDIC,1956,NDJFM,tmean,-3.823,-2.950,-1.172,20,lanina,-1.170
NORDIC,1956,NDJFM,tmin_mean,-7.289,-3.376,-1.430,20,lanina,-1.170
NORDIC,1957,DJF,frost_days,64.357,0.650,-7.147,19,neutral,-0.270
NORDIC,1957,DJF,ice_days,32.201,0.481,-8.874,20,neutral,-0.270
NORDIC,1957,DJF,precip,180.160,-23.309,5.464,19,neutral,-0.270
NORDIC,1957,DJF,precip_days,35.167,-0.603,2.753,19,neutral,-0.270
NORDIC,1957,DJF,rain_on_snow_days,5.567,1.061,1.829,12,neutral,-0.270
NORDIC,1957,DJF,snow_cover_days,67.033,1.697,-9.872,12,neutral,-0.270
NORDIC,1957,DJF,snow_depth,17.815,-2.905,-10.282,12,neutral,-0.270
NORDIC,1957,DJF,snow_max,39.500,-2.075,-12.623,12,neutral,-0.270
NORDIC,1957,DJF,thaw_days,56.766,-0.778,8.738,20,neutral,-0.270
NORDIC,1957,DJF,tmax_mean,0.884,0.175,1.872,20,neutral,-0.270
NORDIC,1957,DJF,tmean,-1.782,0.335,2.250,19,neutral,-0.270
NORDIC,1957,DJF,tmin_mean,-4.605,0.477,2.673,19,neutral,-0.270
NORDIC,1957,JFM,frost_days,67.332,4.127,-4.869,19,neutral,-0.270
NORDIC,1957,JFM,ice_days,30.897,2.050,-7.660,20,neutral,-0.270
NORDIC,1957,JFM,precip,163.527,-5.069,11.200,19,neutral,-0.270
NORDIC,1957,JFM,precip_days,30.400,-0.930,1.571,19,neutral,-0.270
NORDIC,1957,JFM,rain_on_snow_days,5.078,0.488,0.936,13,neutral,-0.270
NORDIC,1957,JFM,snow_cover_days,69.222,4.548,-9.462,13,neutral,-0.270
NORDIC,1957,JFM,snow_depth,24.738,-3.258,-9.841,13,neutral,-0.270
NORDIC,1957,JFM,snow_max,45.522,-1.285,-10.555,13,neutral,-0.270
NORDIC,1957,JFM,thaw_days,57.986,-2.761,7.379,20,neutral,-0.270
NORDIC,1957,JFM,tmax_mean,1.177,-0.203,1.514,20,neutral,-0.270
NORDIC,1957,JFM,tmean,-1.902,-0.085,1.759,19,neutral,-0.270
NORDIC,1957,JFM,tmin_mean,-5.105,-0.168,2.007,19,neutral,-0.270
NORDIC,1957,NDJFM,frost_days,105.978,7.405,-5.034,19,neutral,-0.270
NORDIC,1957,NDJFM,ice_days,51.301,7.205,-6.002,20,neutral,-0.270
NORDIC,1957,NDJFM,precip,294.473,-50.895,-4.702,19,neutral,-0.270
NORDIC,1957,NDJFM,precip_days,53.467,-5.507,-0.195,19,neutral,-0.270
NORDIC,1957,NDJFM,rain_on_snow_days,7.733,-0.257,1.084,12,neutral,-0.270
NORDIC,1957,NDJFM,snow_cover_days,108.467,13.379,-6.330,12,neutral,-0.270
NORDIC,1957,NDJFM,snow_depth,18.747,3.962,-7.309,12,neutral,-0.270
NORDIC,1957,NDJFM,snow_max,45.733,5.316,-11.468,12,neutral,-0.270
NORDIC,1957,NDJFM,thaw_days,97.914,-7.949,5.727,20,neutral,-0.270
NORDIC,1957,NDJFM,tmax_mean,1.296,-0.566,0.901,20,neutral,-0.270
NORDIC,1957,NDJFM,tmean,-1.640,-0.692,1.048,19,neutral,-0.270
NORDIC,1957,NDJFM,tmin_mean,-4.703,-0.705,1.204,19,neutral,-0.270
NORDIC,1958,DJF,frost_days,73.569,11.164,2.941,20,elnino,1.690
NORDIC,1958,DJF,ice_days,43.391,11.111,2.469,20,elnino,1.690
NORDIC,1958,DJF,precip,175.903,-17.516,0.480,19,elnino,1.690
NORDIC,1958,DJF,precip_days,33.100,-3.419,0.623,19,elnino,1.690
NORDIC,1958,DJF,rain_on_snow_days,2.522,-2.005,-1.465,13,elnino,1.690
NORDIC,1958,DJF,snow_cover_days,71.656,4.363,-3.723,13,elnino,1.690
NORDIC,1958,DJF,snow_depth,21.041,-1.235,-5.835,13,elnino,1.690
NORDIC,1958,DJF,snow_max,45.100,1.625,-5.613,13,elnino,1.690
NORDIC,1958,DJF,thaw_days,45.442,-11.774,-2.743,20,elnino,1.690
NORDIC,1958,DJF,tmax_mean,-1.585,-2.262,-0.627,20,elnino,1.690
NORDIC,1958,DJF,tmean,-5.899,-2.737,-0.807,18,elnino,1.690
NORDIC,1958,DJF,tmin_mean,-7.960,-2.913,-0.818,20,elnino,1.690
NORDIC,1958,JFM,frost_days,80.033,17.428,8.566,20,elnino,1.690
NORDIC,1958,JFM,ice_days,46.646,17.551,8.273,20,elnino,1.690
NORDIC,1958,JFM,precip,139.420,-25.612,-13.723,19,elnino,1.690
NORDIC,1958,JFM,precip_days,28.333,-3.689,-0.592,19,elnino,1.690
NORDIC,1958,JFM,rain_on_snow_days,2.178,-2.945,-1.981,13,elnino,1.690
NORDIC,1958,JFM,snow_cover_days,80.289,10.237,1.804,13,elnino,1.690
NORDIC,1958,JFM,snow_depth,32.663,5.372,-1.810,13,elnino,1.690
NORDIC,1958,JFM,snow_max,54.833,9.815,-1.090,13,elnino,1.690
NORDIC,1958,JFM,thaw_days,42.199,-18.439,-8.597,20,elnino,1.690
NORDIC,1958,JFM,tmax_mean,-1.828,-3.150,-1.524,20,elnino,1.690
NORDIC,1958,JFM,tmean,-5.257,-3.497,-1.697,20,elnino,1.690
NORDIC,1958,JFM,tmin_mean,-8.947,-4.033,-1.955,20,elnino,1.690
NORDIC,1958,NDJFM,frost_days,115.579,18.415,5.879,20,elnino,1.690
NORDIC,1958,NDJFM,ice_days,61.485,16.644,4.412,20,elnino,1.690
NORDIC,1958,NDJFM,precip,256.370,-57.926,-43.797,19,elnino,1.690
NORDIC,1958,NDJFM,precip_days,48.867,-8.657,-4.887,19,elnino,1.690
NORDIC,1958,NDJFM,rain_on_snow_days,3.633,-3.990,-3.052,13,elnino,1.690
NORDIC,1958,NDJFM,snow_cover_days,106.567,3.579,-6.407,13,elnino,1.690
NORDIC,1958,NDJFM,snow_depth,22.049,1.818,-2.914,13,elnino,1.690
NORDIC,1958,NDJFM,snow_max,54.944,11.750,-0.543,13,elnino,1.690
NORDIC,1958,NDJFM,thaw_days,87.795,-17.628,-4.632,20,elnino,1.690
NORDIC,1958,NDJFM,tmax_mean,-0.150,-1.995,-0.573,20,elnino,1.690
NORDIC,1958,NDJFM,tmean,-4.336,-2.304,-0.635,18,elnino,1.690
NORDIC,1958,NDJFM,tmin_mean,-6.644,-2.675,-0.856,20,elnino,1.690
NORDIC,1959,DJF,frost_days,69.302,7.464,-0.737,19,neutral,0.600
NORDIC,1959,DJF,ice_days,38.908,8.255,-0.834,19,neutral,0.600
NORDIC,1959,DJF,precip,189.593,-7.306,11.538,18,neutral,0.600
NORDIC,1959,DJF,precip_days,34.100,-2.058,1.386,18,neutral,0.600
NORDIC,1959,DJF,rain_on_snow_days,5.389,0.628,1.394,13,neutral,0.600
NORDIC,1959,DJF,snow_cover_days,76.522,10.563,1.331,13,neutral,0.600
NORDIC,1959,DJF,snow_depth,29.080,7.285,2.278,13,neutral,0.600
NORDIC,1959,DJF,snow_max,58.367,10.825,7.769,13,neutral,0.600
NORDIC,1959,DJF,thaw_days,50.342,-8.477,1.006,19,neutral,0.600
NORDIC,1959,DJF,tmax_mean,0.055,-0.947,0.705,19,neutral,0.600
NORDIC,1959,DJF,tmean,-2.852,-1.197,0.670,19,neutral,0.600
NORDIC,1959,DJF,tmin_mean,-5.988,-1.425,0.660,19,neutral,0.600
NORDIC,1959,JFM,frost_days,60.938,-0.701,-9.971,19,neutral,0.600
NORDIC,1959,JFM,ice_days,27.710,0.280,-9.459,19,neutral,0.600
NORDIC,1959,JFM,precip,177.767,-7.271,22.341,18,neutral,0.600
NORDIC,1959,JFM,precip_days,29.980,-3.576,0.830,18,neutral,0.600
NORDIC,1959,JFM,rain_on_snow_days,6.833,2.288,2.658,13,neutral,0.600
NORDIC,1959,JFM,snow_cover_days,75.111,7.371,-3.174,13,neutral,0.600
NORDIC,1959,JFM,snow_depth,33.034,6.760,-1.334,13,neutral,0.600
NORDIC,1959,JFM,snow_max,61.033,14.371,5.264,13,neutral,0.600
NORDIC,1959,JFM,thaw_days,61.730,-0.379,9.744,19,neutral,0.600
NORDIC,1959,JFM,tmax_mean,2.181,0.527,2.219,19,neutral,0.600
NORDIC,1959,JFM,tmean,-0.923,0.465,2.277,19,neutral,0.600
NORDIC,1959,JFM,tmin_mean,-4.189,0.220,2.345,19,neutral,0.600
NORDIC,1959,NDJFM,frost_days,92.570,-3.368,-15.877,19,neutral,0.600
NORDIC,1959,NDJFM,ice_days,42.030,0.245,-12.832,19,neutral,0.600
NORDIC,1959,NDJFM,precip,328.052,-25.772,23.533,18,neutral,0.600
NORDIC,1959,NDJFM,precip_days,54.173,-6.342,0.037,18,neutral,0.600
NORDIC,1959,NDJFM,rain_on_snow_days,8.633,1.010,1.771,13,neutral,0.600
NORDIC,1959,NDJFM,snow_cover_days,103.167,0.712,-9.448,13,neutral,0.600
NORDIC,1959,NDJFM,snow_depth,22.414,-0.641,-2.005,13,neutral,0.600
NORDIC,1959,NDJFM,snow_max,61.033,4.416,6.244,13,neutral,0.600
NORDIC,1959,NDJFM,thaw_days,108.007,-0.264,13.390,19,neutral,0.600
NORDIC,1959,NDJFM,tmax_mean,2.416,0.267,1.711,19,neutral,0.600
NORDIC,1959,NDJFM,tmean,-0.454,0.295,1.767,19,neutral,0.600
NORDIC,1959,NDJFM,tmin_mean,-3.487,0.016,1.837,19,neutral,0.600
NORDIC,1960,DJF,frost_days,69.554,6.273,-1.346,29,neutral,0.020
NORDIC,1960,DJF,ice_days,43.520,11.203,2.223,29,neutral,0.020
NORDIC,1960,DJF,precip,178.308,-9.566,5.727,28,neutral,0.020
NORDIC,1960,DJF,precip_days,33.141,-1.550,1.049,28,neutral,0.020
NORDIC,1960,DJF,rain_on_snow_days,2.440,-1.900,-1.438,22,neutral,0.020
NORDIC,1960,DJF,snow_cover_days,68.773,0.712,-7.530,22,neutral,0.020
NORDIC,1960,DJF,snow_depth,18.692,-2.049,-7.599,22,neutral,0.020
NORDIC,1960,DJF,snow_max,43.233,1.748,-6.614,22,neutral,0.020
NORDIC,1960,DJF,thaw_days,46.680,-10.497,-1.123,29,neutral,0.020
NORDIC,1960,DJF,tmax_mean,-1.192,-1.955,-0.263,29,neutral,0.020
NORDIC,1960,DJF,tmean,-5.142,-2.113,-0.057,27,neutral,0.020
NORDIC,1960,DJF,tmin_mean,-6.946,-2.069,0.169,29,neutral,0.020
NORDIC,1960,JFM,frost_days,71.141,7.642,-0.238,29,neutral,0.020
NORDIC,1960,JFM,ice_days,38.427,9.665,0.356,29,neutral,0.020
NORDIC,1960,JFM,precip,133.102,-37.116,-18.282,28,neutral,0.020
NORDIC,1960,JFM,precip_days,26.888,-6.437,-1.879,28,neutral,0.020
NORDIC,1960,JFM,rain_on_snow_days,2.755,-2.134,-1.346,22,neutral,0.020
NORDIC,1960,JFM,snow_cover_days,74.144,3.341,-4.496,22,neutral,0.020
NORDIC,1960,JFM,snow_depth,26.256,-0.852,-7.395,22,neutral,0.020
NORDIC,1960,JFM,snow_max,45.355,-1.620,-8.812,22,neutral,0.020
NORDIC,1960,JFM,thaw_days,51.757,-9.123,0.687,29,neutral,0.020
NORDIC,1960,JFM,tmax_mean,-0.078,-1.493,0.152,29,neutral,0.020
NORDIC,1960,JFM,tmean,-3.392,-1.767,0.116,29,neutral,0.020
NORDIC,1960,JFM,tmin_mean,-6.883,-2.096,0.056,29,neutral,0.020
NORDIC,1960,NDJFM,frost_days,103.105,4.686,-6.920,29,neutral,0.020
NORDIC,1960,NDJFM,ice_days,55.442,11.368,-1.671,29,neutral,0.020
NORDIC,1960,NDJFM,precip,270.049,-47.407,-26.380,28,neutral,0.020
NORDIC,1960,NDJFM,precip_days,50.641,-7.234,-2.839,28,neutral,0.020
NORDIC,1960,NDJFM,rain_on_snow_days,3.960,-3.279,-2.774,22,neutral,0.020
NORDIC,1960,NDJFM,snow_cover_days,99.144,1.378,-14.472,22,neutral,0.020
NORDIC,1960,NDJFM,snow_depth,17.382,-0.654,-7.190,22,neutral,0.020
NORDIC,1960,NDJFM,snow_max,45.355,2.371,-9.770,22,neutral,0.020
NORDIC,1960,NDJFM,thaw_days,95.304,-10.710,2.957,29,neutral,0.020
NORDIC,1960,NDJFM,tmax_mean,0.781,-1.139,0.304,29,neutral,0.020
NORDIC,1960,NDJFM,tmean,-2.046,-1.180,0.499,29,neutral,0.020
NORDIC,1960,NDJFM,tmin_mean,-5.014,-1.195,0.707,29,neutral,0.020
NORDIC,1961,DJF,frost_days,60.487,-2.929,-10.256,29,neutral,0.000
NORDIC,1961,DJF,ice_days,30.402,-0.861,-10.725,29,neutral,0.000
NORDIC,1961,DJF,precip,187.678,-15.254,14.277,28,neutral,0.000
NORDIC,1961,DJF,precip_days,35.756,-0.028,3.589,28,neutral,0.000
NORDIC,1961,DJF,rain_on_snow_days,4.035,-0.589,0.297,20,neutral,0.000
NORDIC,1961,DJF,snow_cover_days,73.215,1.601,-6.588,20,neutral,0.000
NORDIC,1961,DJF,snow_depth,28.809,8.029,-0.192,20,neutral,0.000
NORDIC,1961,DJF,snow_max,48.864,3.303,-4.538,20,neutral,0.000
NORDIC,1961,DJF,thaw_days,58.522,0.466,10.544,29,neutral,0.000
NORDIC,1961,DJF,tmax_mean,1.000,0.164,1.897,29,neutral,0.000
NORDIC,1961,DJF,tmean,-1.639,0.397,2.228,29,neutral,0.000
NORDIC,1961,DJF,tmin_mean,-4.453,0.421,2.620,29,neutral,0.000
NORDIC,1961,JFM,frost_days,58.333,-4.932,-12.866,29,neutral,0.000
NORDIC,1961,JFM,ice_days,25.522,-2.808,-12.359,29,neutral,0.000
NORDIC,1961,JFM,precip,167.277,-10.802,18.126,29,neutral,0.000
NORDIC,1961,JFM,precip_days,33.087,0.017,4.526,29,neutral,0.000
NORDIC,1961,JFM,rain_on_snow_days,4.456,-0.336,0.671,19,neutral,0.000
NORDIC,1961,JFM,snow_cover_days,75.285,0.124,-7.160,19,neutral,0.000
NORDIC,1961,JFM,snow_depth,35.445,4.900,-3.289,19,neutral,0.000
NORDIC,1961,JFM,snow_max,59.646,7.672,-0.288,19,neutral,0.000
NORDIC,1961,JFM,thaw_days,63.524,2.332,12.257,29,neutral,0.000
NORDIC,1961,JFM,tmax_mean,2.219,0.672,2.414,29,neutral,0.000
NORDIC,1961,JFM,tmean,-0.753,0.852,2.717,29,neutral,0.000
NORDIC,1961,JFM,tmin_mean,-3.891,0.864,3.003,29,neutral,0.000
NORDIC,1961,NDJFM,frost_days,92.239,-5.730,-17.532,29,neutral,0.000
NORDIC,1961,NDJFM,ice_days,43.355,0.116,-13.506,29,neutral,0.000
NORDIC,1961,NDJFM,precip,332.140,6.526,34.586,28,neutral,0.000
NORDIC,1961,NDJFM,precip_days,61.875,3.014,8.289,28,neutral,0.000
NORDIC,1961,NDJFM,rain_on_snow_days,7.964,-0.801,1.289,20,neutral,0.000
NORDIC,1961,NDJFM,snow_cover_days,111.245,9.889,-10.212,20,neutral,0.000
NORDIC,1961,NDJFM,snow_depth,24.412,12.789,-2.589,20,neutral,0.000
NORDIC,1961,NDJFM,snow_max,54.753,15.683,-4.079,20,neutral,0.000
NORDIC,1961,NDJFM,thaw_days,106.094,-0.532,13.486,29,neutral,0.000
NORDIC,1961,NDJFM,tmax_mean,2.160,0.136,1.653,29,neutral,0.000
NORDIC,1961,NDJFM,tmean,-0.528,0.312,1.984,29,neutral,0.000
NORDIC,1961,NDJFM,tmin_mean,-3.371,0.424,2.312,29,neutral,0.000
NORDIC,1962,DJF,frost_days,66.489,3.991,-3.545,30,neutral,-0.160
NORDIC,1962,DJF,ice_days,36.677,5.112,-3.523,30,neutral,-0.160
NORDIC,1962,DJF,precip,201.685,1.180,29.895,30,neutral,-0.160
NORDIC,1962,DJF,precip_days,34.761,0.474,3.004,30,neutral,-0.160
NORDIC,1962,DJF,rain_on_snow_days,5.249,0.273,1.524,19,neutral,-0.160
NORDIC,1962,DJF,snow_cover_days,82.449,9.850,2.607,19,neutral,-0.160
NORDIC,1962,DJF,snow_depth,27.893,5.142,-1.108,19,neutral,-0.160
NORDIC,1962,DJF,snow_max,52.359,6.936,-0.542,19,neutral,-0.160
NORDIC,1962,DJF,thaw_days,52.334,-5.489,3.420,30,neutral,-0.160
NORDIC,1962,DJF,tmax_mean,0.058,-0.841,0.785,30,neutral,-0.160
NORDIC,1962,DJF,tmean,-2.953,-1.254,0.698,30,neutral,-0.160
NORDIC,1962,DJF,tmin_mean,-6.149,-1.469,0.659,30,neutral,-0.160
NORDIC,1962,JFM,frost_days,70.002,7.831,-0.473,30,neutral,-0.160
NORDIC,1962,JFM,ice_days,36.713,8.363,-0.231,30,neutral,-0.160
NORDIC,1962,JFM,precip,165.311,-1.162,14.185,30,neutral,-0.160
NORDIC,1962,JFM,precip_days,30.534,1.261,1.729,30,neutral,-0.160
NORDIC,1962,JFM,rain_on_snow_days,4.853,-0.679,0.724,21,neutral,-0.160
NORDIC,1962,JFM,snow_cover_days,82.661,7.852,1.722,21,neutral,-0.160
NORDIC,1962,JFM,snow_depth,36.654,9.785,1.442,21,neutral,-0.160
NORDIC,1962,JFM,snow_max,57.295,11.913,1.451,21,neutral,-0.160
NORDIC,1962,JFM,thaw_days,52.227,-8.914,0.005,30,neutral,-0.160
NORDIC,1962,JFM,tmax_mean,0.187,-1.348,0.230,30,neutral,-0.160
NORDIC,1962,JFM,tmean,-3.327,-1.792,-0.060,30,neutral,-0.160
NORDIC,1962,JFM,tmin_mean,-7.039,-2.456,-0.400,30,neutral,-0.160
NORDIC,1962,NDJFM,frost_days,107.863,11.079,-0.648,30,neutral,-0.160
NORDIC,1962,NDJFM,ice_days,55.704,12.265,0.325,30,neutral,-0.160
NORDIC,1962,NDJFM,precip,301.410,-16.646,5.043,30,neutral,-0.160
NORDIC,1962,NDJFM,precip_days,53.351,-1.359,0.043,30,neutral,-0.160
NORDIC,1962,NDJFM,rain_on_snow_days,9.098,-0.771,0.991,17,neutral,-0.160
NORDIC,1962,NDJFM,snow_cover_days,116.212,12.773,-1.341,17,neutral,-0.160
NORDIC,1962,NDJFM,snow_depth,27.176,6.201,0.719,17,neutral,-0.160
NORDIC,1962,NDJFM,snow_max,63.318,15.018,4.923,17,neutral,-0.160
NORDIC,1962,NDJFM,thaw_days,94.019,-12.519,-0.094,30,neutral,-0.160
NORDIC,1962,NDJFM,tmax_mean,0.895,-1.140,0.236,30,neutral,-0.160
NORDIC,1962,NDJFM,tmean,-2.317,-1.688,0.002,30,neutral,-0.160
NORDIC,1962,NDJFM,tmin_mean,-5.690,-2.048,-0.244,30,neutral,-0.160
NORDIC,1963,DJF,frost_days,77.960,15.057,8.040,31,neutral,-0.330
NORDIC,1963,DJF,ice_days,56.040,23.470,15.831,31,neutral,-0.330
NORDIC,1963,DJF,precip,125.349,-60.876,-46.853,31,neutral,-0.330
NORDIC,1963,DJF,precip_days,24.398,-9.531,-7.353,31,neutral,-0.330
NORDIC,1963,DJF,rain_on_snow_days,2.556,-2.228,-1.225,22,neutral,-0.330
NORDIC,1963,DJF,snow_cover_days,84.904,10.779,6.508,22,neutral,-0.330
NORDIC,1963,DJF,snow_depth,30.800,7.515,2.856,22,neutral,-0.330
NORDIC,1963,DJF,snow_max,54.528,8.012,2.780,22,neutral,-0.330
NORDIC,1963,DJF,thaw_days,32.907,-24.008,-16.011,31,neutral,-0.330
NORDIC,1963,DJF,tmax_mean,-2.464,-3.194,-1.708,31,neutral,-0.330
NORDIC,1963,DJF,tmean,-5.886,-3.680,-2.182,31,neutral,-0.330
NORDIC,1963,DJF,tmin_mean,-9.501,-4.650,-2.624,31,neutral,-0.330
NORDIC,1963,JFM,frost_days,77.176,14.270,6.853,31,neutral,-0.330
NORDIC,1963,JFM,ice_days,52.146,23.169,15.166,31,neutral,-0.330
NORDIC,1963,JFM,precip,109.260,-57.325,-42.467,31,neutral,-0.330
NORDIC,1963,JFM,precip_days,22.060,-8.703,-6.781,31,neutral,-0.330
NORDIC,1963,JFM,rain_on_snow_days,2.056,-3.075,-2.033,22,neutral,-0.330
NORDIC,1963,JFM,snow_cover_days,86.583,9.540,5.798,22,neutral,-0.330
NORDIC,1963,JFM,snow_depth,38.247,9.018,2.681,22,neutral,-0.330
NORDIC,1963,JFM,snow_max,55.611,5.899,-0.543,22,neutral,-0.330
NORDIC,1963,JFM,thaw_days,36.599,-23.801,-15.598,31,neutral,-0.330
NORDIC,1963,JFM,tmax_mean,-1.754,-3.202,-1.690,31,neutral,-0.330
NORDIC,1963,JFM,tmean,-5.479,-3.855,-2.173,31,neutral,-0.330
NORDIC,1963,JFM,tmin_mean,-9.363,-4.640,-2.670,31,neutral,-0.330
NORDIC,1963,NDJFM,frost_days,117.235,19.691,8.809,31,neutral,-0.330
NORDIC,1963,NDJFM,ice_days,73.581,29.343,18.002,31,neutral,-0.330
NORDIC,1963,NDJFM,precip,226.210,-88.079,-70.412,31,neutral,-0.330
NORDIC,1963,NDJFM,precip_days,42.076,-14.170,-11.182,31,neutral,-0.330
NORDIC,1963,NDJFM,rain_on_snow_days,4.754,-3.099,-1.717,20,neutral,-0.330
NORDIC,1963,NDJFM,snow_cover_days,131.033,13.221,9.308,20,neutral,-0.330
NORDIC,1963,NDJFM,snow_depth,27.409,5.550,-0.030,20,neutral,-0.330
NORDIC,1963,NDJFM,snow_max,54.611,3.436,-3.779,20,neutral,-0.330
NORDIC,1963,NDJFM,thaw_days,75.533,-30.183,-18.397,31,neutral,-0.330
NORDIC,1963,NDJFM,tmax_mean,-0.632,-2.582,-1.258,31,neutral,-0.330
NORDIC,1963,NDJFM,tmean,-3.934,-2.851,-1.560,31,neutral,-0.330
NORDIC,1963,NDJFM,tmin_mean,-7.363,-3.593,-1.845,31,neutral,-0.330
NORDIC,1964,DJF,frost_days,65.355,2.503,-4.404,31,elnino,0.950
NORDIC,1964,DJF,ice_days,30.958,-1.117,-9.082,31,elnino,0.950
NORDIC,1964,DJF,precip,143.408,-59.367,-29.688,31,elnino,0.950
NORDIC,1964,DJF,precip_days,25.186,-10.885,-6.654,31,elnino,0.950
NORDIC,1964,DJF,rain_on_snow_days,4.167,-0.428,0.432,21,elnino,0.950
NORDIC,1964,DJF,snow_cover_days,74.472,1.846,-4.970,21,elnino,0.950
NORDIC,1964,DJF,snow_depth,20.665,0.487,-8.493,21,elnino,0.950
NORDIC,1964,DJF,snow_max,43.167,0.369,-10.221,21,elnino,0.950
NORDIC,1964,DJF,thaw_days,59.313,2.020,10.222,31,elnino,0.950
NORDIC,1964,DJF,tmax_mean,0.897,0.168,1.621,31,elnino,0.950
NORDIC,1964,DJF,tmean,-2.081,0.152,1.588,31,elnino,0.950
NORDIC,1964,DJF,tmin_mean,-5.232,-0.455,1.604,31,elnino,0.950
NORDIC,1964,JFM,frost_days,64.937,2.147,-5.203,31,elnino,0.950
NORDIC,1964,JFM,ice_days,26.048,-2.479,-10.744,31,elnino,0.950
NORDIC,1964,JFM,precip,127.739,-60.717,-24.945,31,elnino,0.950
NORDIC,1964,JFM,precip_days,21.536,-12.796,-7.415,31,elnino,0.950
NORDIC,1964,JFM,rain_on_snow_days,3.167,-1.720,-0.792,21,elnino,0.950
NORDIC,1964,JFM,snow_cover_days,72.583,-2.948,-9.087,21,elnino,0.950
NORDIC,1964,JFM,snow_depth,23.271,-5.478,-14.190,21,elnino,0.950
NORDIC,1964,JFM,snow_max,41.861,-7.120,-16.460,21,elnino,0.950
NORDIC,1964,JFM,thaw_days,64.302,3.309,11.912,31,elnino,0.950
NORDIC,1964,JFM,tmax_mean,1.793,0.333,1.822,31,elnino,0.950
NORDIC,1964,JFM,tmean,-1.537,0.121,1.730,31,elnino,0.950
NORDIC,1964,JFM,tmin_mean,-4.998,-0.348,1.651,31,elnino,0.950
NORDIC,1964,NDJFM,frost_days,104.765,7.354,-3.401,31,elnino,0.950
NORDIC,1964,NDJFM,ice_days,45.102,0.925,-10.228,31,elnino,0.950
NORDIC,1964,NDJFM,precip,256.278,-69.457,-41.516,31,elnino,0.950
NORDIC,1964,NDJFM,precip_days,42.760,-14.970,-10.611,31,elnino,0.950
NORDIC,1964,NDJFM,rain_on_snow_days,5.417,-2.613,-1.214,21,elnino,0.950
NORDIC,1964,NDJFM,snow_cover_days,116.704,8.421,-4.430,21,elnino,0.950
NORDIC,1964,NDJFM,snow_depth,19.969,4.967,-7.189,21,elnino,0.950
NORDIC,1964,NDJFM,snow_max,44.917,4.217,-13.884,21,elnino,0.950
NORDIC,1964,NDJFM,thaw_days,105.752,-0.065,11.565,31,elnino,0.950
NORDIC,1964,NDJFM,tmax_mean,1.792,-0.150,1.136,31,elnino,0.950
NORDIC,1964,NDJFM,tmean,-1.251,-0.215,1.091,31,elnino,0.950
NORDIC,1964,NDJFM,tmin_mean,-4.424,-0.693,1.056,31,elnino,0.950
NORDIC,1965,DJF,frost_days,69.646,7.310,0.047,31,lanina,-0.510
NORDIC,1965,DJF,ice_days,34.898,3.168,-4.973,31,lanina,-0.510
NORDIC,1965,DJF,precip,184.782,0.562,10.793,31,lanina,-0.510
NORDIC,1965,DJF,precip_days,36.033,2.272,4.105,31,lanina,-0.510
NORDIC,1965,DJF,rain_on_snow_days,5.917,0.667,2.166,21,lanina,-0.510
NORDIC,1965,DJF,snow_cover_days,79.667,7.094,0.375,21,lanina,-0.510
NORDIC,1965,DJF,snow_depth,27.651,7.469,-1.392,21,lanina,-0.510
NORDIC,1965,DJF,snow_max,48.861,7.221,-4.381,21,lanina,-0.510
NORDIC,1965,DJF,thaw_days,53.764,-3.800,4.500,31,lanina,-0.510
NORDIC,1965,DJF,tmax_mean,0.385,-0.439,1.077,31,lanina,-0.510
NORDIC,1965,DJF,tmean,-2.575,-0.623,1.058,31,lanina,-0.510
NORDIC,1965,DJF,tmin_mean,-5.698,-0.940,1.096,31,lanina,-0.510
NORDIC,1965,JFM,frost_days,70.336,7.996,0.380,31,lanina,-0.510
NORDIC,1965,JFM,ice_days,34.170,5.392,-2.434,31,lanina,-0.510
NORDIC,1965,JFM,precip,136.613,-22.558,-17.028,31,lanina,-0.510
NORDIC,1965,JFM,precip_days,29.455,0.012,0.393,31,lanina,-0.510
NORDIC,1965,JFM,rain_on_snow_days,5.759,0.572,1.622,22,lanina,-0.510
NORDIC,1965,JFM,snow_cover_days,81.380,7.309,0.929,22,lanina,-0.510
NORDIC,1965,JFM,snow_depth,35.014,8.095,-0.266,22,lanina,-0.510
NORDIC,1965,JFM,snow_max,54.083,9.518,-1.740,22,lanina,-0.510
NORDIC,1965,JFM,thaw_days,54.465,-6.170,1.881,31,lanina,-0.510
NORDIC,1965,JFM,tmax_mean,0.697,-0.761,0.691,31,lanina,-0.510
NORDIC,1965,JFM,tmean,-2.690,-1.053,0.539,31,lanina,-0.510
NORDIC,1965,JFM,tmin_mean,-6.237,-1.563,0.368,31,lanina,-0.510
NORDIC,1965,NDJFM,frost_days,109.243,12.382,1.336,31,lanina,-0.510
NORDIC,1965,NDJFM,ice_days,51.799,7.800,-3.284,31,lanina,-0.510
NORDIC,1965,NDJFM,precip,290.918,-14.314,-8.048,31,lanina,-0.510
NORDIC,1965,NDJFM,precip_days,55.712,1.163,2.229,31,lanina,-0.510
NORDIC,1965,NDJFM,rain_on_snow_days,10.708,1.937,2.712,18,lanina,-0.510
NORDIC,1965,NDJFM,snow_cover_days,119.083,15.135,1.721,18,lanina,-0.510
NORDIC,1965,NDJFM,snow_depth,28.557,7.755,1.685,18,lanina,-0.510
NORDIC,1965,NDJFM,snow_max,62.667,16.010,4.088,18,lanina,-0.510
NORDIC,1965,NDJFM,thaw_days,97.394,-8.514,2.951,31,lanina,-0.510
NORDIC,1965,NDJFM,tmax_mean,1.346,-0.634,0.660,31,lanina,-0.510
NORDIC,1965,NDJFM,tmean,-1.754,-0.972,0.555,31,lanina,-0.510
NORDIC,1965,NDJFM,tmin_mean,-5.006,-1.269,0.436,31,lanina,-0.510
NORDIC,1966,DJF,frost_days,80.026,17.757,10.588,31,elnino,1.240
NORDIC,1966,DJF,ice_days,58.608,26.645,18.905,31,elnino,1.240
NORDIC,1966,DJF,precip,164.132,-19.285,-10.751,31,elnino,1.240
NORDIC,1966,DJF,precip_days,29.536,-2.660,-2.481,31,elnino,1.240
NORDIC,1966,DJF,rain_on_snow_days,1.917,-3.595,-1.910,22,elnino,1.240
NORDIC,1966,DJF,snow_cover_days,86.000,11.875,8.091,22,elnino,1.240
NORDIC,1966,DJF,snow_depth,42.882,18.859,15.261,22,elnino,1.240
NORDIC,1966,DJF,snow_max,71.833,25.993,20.531,22,elnino,1.240
NORDIC,1966,DJF,thaw_days,30.637,-26.760,-18.800,31,elnino,1.240
NORDIC,1966,DJF,tmax_mean,-4.197,-5.105,-3.538,31,elnino,1.240
NORDIC,1966,DJF,tmean,-8.847,-5.906,-4.097,29,elnino,1.240
NORDIC,1966,DJF,tmin_mean,-10.513,-5.627,-3.761,31,elnino,1.240
NORDIC,1966,JFM,frost_days,74.219,11.945,4.445,31,elnino,1.240
NORDIC,1966,JFM,ice_days,52.212,23.849,15.795,31,elnino,1.240
NORDIC,1966,JFM,precip,163.213,-10.596,8.616,31,elnino,1.240
NORDIC,1966,JFM,precip_days,29.531,-1.542,0.359,31,elnino,1.240
NORDIC,1966,JFM,rain_on_snow_days,2.944,-2.885,-1.218,22,elnino,1.240
NORDIC,1966,JFM,snow_cover_days,83.889,8.074,3.606,22,elnino,1.240
NORDIC,1966,JFM,snow_depth,52.997,26.628,17.859,22,elnino,1.240
NORDIC,1966,JFM,snow_max,80.389,36.528,24.731,22,elnino,1.240
NORDIC,1966,JFM,thaw_days,37.112,-23.987,-15.665,31,elnino,1.240
NORDIC,1966,JFM,tmax_mean,-3.117,-4.719,-3.157,31,elnino,1.240
NORDIC,1966,JFM,tmean,-7.974,-5.444,-3.755,29,elnino,1.240
NORDIC,1966,JFM,tmin_mean,-9.907,-5.170,-3.345,31,elnino,1.240
NORDIC,1966,NDJFM,frost_days,122.684,25.806,15.037,31,elnino,1.240
NORDIC,1966,NDJFM,ice_days,80.786,36.668,25.952,31,elnino,1.240
NORDIC,1966,NDJFM,precip,285.084,-20.742,-15.054,31,elnino,1.240
NORDIC,1966,NDJFM,precip_days,50.612,-2.702,-2.983,31,elnino,1.240
NORDIC,1966,NDJFM,rain_on_snow_days,5.152,-4.365,-2.755,22,elnino,1.240
NORDIC,1966,NDJFM,snow_cover_days,133.188,12.506,11.993,22,elnino,1.240
NORDIC,1966,NDJFM,snow_depth,39.973,15.642,15.988,22,elnino,1.240
NORDIC,1966,NDJFM,snow_max,80.944,30.198,28.091,22,elnino,1.240
NORDIC,1966,NDJFM,thaw_days,68.882,-36.914,-25.817,31,elnino,1.240
NORDIC,1966,NDJFM,tmax_mean,-2.251,-4.320,-2.966,31,elnino,1.240
NORDIC,1966,NDJFM,tmean,-6.762,-4.938,-3.401,29,elnino,1.240
NORDIC,1966,NDJFM,tmin_mean,-8.520,-4.712,-3.116,31,elnino,1.240
NORDIC,1967,DJF,frost_days,67.320,4.684,-1.957,31,neutral,-0.460
NORDIC,1967,DJF,ice_days,37.515,6.225,-2.019,31,neutral,-0.460
NORDIC,1967,DJF,precip,193.797,3.722,18.021,31,neutral,-0.460
NORDIC,1967,DJF,precip_days,34.083,0.304,1.979,31,neutral,-0.460
NORDIC,1967,DJF,rain_on_snow_days,3.819,-1.899,0.036,21,neutral,-0.460
NORDIC,1967,DJF,snow_cover_days,79.271,5.003,0.281,21,neutral,-0.460
NORDIC,1967,DJF,snow_depth,33.161,6.883,4.348,21,neutral,-0.460
NORDIC,1967,DJF,snow_max,57.333,6.769,4.381,21,neutral,-0.460
NORDIC,1967,DJF,thaw_days,51.630,-6.281,2.020,31,neutral,-0.460
NORDIC,1967,DJF,tmax_mean,-0.617,-1.488,0.010,31,neutral,-0.460
NORDIC,1967,DJF,tmean,-3.393,-1.725,0.167,31,neutral,-0.460
NORDIC,1967,DJF,tmin_mean,-6.340,-1.568,0.370,31,neutral,-0.460
NORDIC,1967,JFM,frost_days,61.474,-0.849,-8.116,31,neutral,-0.460
NORDIC,1967,JFM,ice_days,31.485,3.342,-4.743,31,neutral,-0.460
NORDIC,1967,JFM,precip,173.426,-1.943,17.872,31,neutral,-0.460
NORDIC,1967,JFM,precip_days,33.648,2.940,4.366,31,neutral,-0.460
NORDIC,1967,JFM,rain_on_snow_days,7.217,1.706,3.177,21,neutral,-0.460
NORDIC,1967,JFM,snow_cover_days,80.077,4.906,-1.140,21,neutral,-0.460
NORDIC,1967,JFM,snow_depth,39.389,8.702,2.396,21,neutral,-0.460
NORDIC,1967,JFM,snow_max,60.389,9.620,2.587,21,neutral,-0.460
NORDIC,1967,JFM,thaw_days,57.748,-3.562,4.778,31,neutral,-0.460
NORDIC,1967,JFM,tmax_mean,0.593,-0.947,0.517,31,neutral,-0.460
NORDIC,1967,JFM,tmean,-2.357,-0.781,0.795,31,neutral,-0.460
NORDIC,1967,JFM,tmin_mean,-5.474,-0.779,1.045,31,neutral,-0.460
NORDIC,1967,NDJFM,frost_days,99.215,2.471,-8.173,31,neutral,-0.460
NORDIC,1967,NDJFM,ice_days,47.390,4.134,-7.196,31,neutral,-0.460
NORDIC,1967,NDJFM,precip,332.636,16.777,31.326,31,neutral,-0.460
NORDIC,1967,NDJFM,precip_days,60.138,5.052,6.431,31,neutral,-0.460
NORDIC,1967,NDJFM,rain_on_snow_days,10.833,0.837,2.796,18,neutral,-0.460
NORDIC,1967,NDJFM,snow_cover_days,110.917,6.592,-5.862,18,neutral,-0.460
NORDIC,1967,NDJFM,snow_depth,22.061,-0.284,-4.594,18,neutral,-0.460
NORDIC,1967,NDJFM,snow_max,51.750,-0.904,-6.477,18,neutral,-0.460
NORDIC,1967,NDJFM,thaw_days,102.181,-4.390,7.226,31,neutral,-0.460
NORDIC,1967,NDJFM,tmax_mean,1.114,-0.926,0.369,31,neutral,-0.460
NORDIC,1967,NDJFM,tmean,-1.616,-0.953,0.629,31,neutral,-0.460
NORDIC,1967,NDJFM,tmin_mean,-4.490,-0.752,0.876,31,neutral,-0.460
NORDIC,1968,DJF,frost_days,75.554,13.335,6.437,31,neutral,-0.620
NORDIC,1968,DJF,ice_days,47.139,15.182,7.773,31,neutral,-0.620
NORDIC,1968,DJF,precip,191.095,-16.172,14.425,31,neutral,-0.620
NORDIC,1968,DJF,precip_days,34.133,-1.267,1.940,31,neutral,-0.620
NORDIC,1968,DJF,rain_on_snow_days,3.069,-2.305,-0.727,21,neutral,-0.620
NORDIC,1968,DJF,snow_cover_days,84.889,9.103,7.498,21,neutral,-0.620
NORDIC,1968,DJF,snow_depth,31.705,8.950,3.964,21,neutral,-0.620
NORDIC,1968,DJF,snow_max,58.444,10.004,6.990,21,neutral,-0.620
NORDIC,1968,DJF,thaw_days,42.792,-14.734,-6.990,31,neutral,-0.620
NORDIC,1968,DJF,tmax_mean,-2.532,-3.324,-1.937,31,neutral,-0.620
NORDIC,1968,DJF,tmean,-5.889,-4.520,-2.364,31,neutral,-0.620
NORDIC,1968,DJF,tmin_mean,-9.372,-4.565,-2.704,31,neutral,-0.620
NORDIC,1968,JFM,frost_days,72.095,10.068,2.688,31,neutral,-0.620
NORDIC,1968,JFM,ice_days,39.656,11.170,3.615,31,neutral,-0.620
NORDIC,1968,JFM,precip,162.589,-13.698,6.078,31,neutral,-0.620
NORDIC,1968,JFM,precip_days,33.717,2.194,4.325,31,neutral,-0.620
NORDIC,1968,JFM,rain_on_snow_days,5.784,-0.040,1.572,22,neutral,-0.620
NORDIC,1968,JFM,snow_cover_days,85.374,8.779,5.426,22,neutral,-0.620
NORDIC,1968,JFM,snow_depth,40.467,12.995,5.614,22,neutral,-0.620
NORDIC,1968,JFM,snow_max,62.139,13.820,6.812,22,neutral,-0.620
NORDIC,1968,JFM,thaw_days,50.236,-10.748,-2.928,31,neutral,-0.620
NORDIC,1968,JFM,tmax_mean,-0.869,-2.394,-0.979,31,neutral,-0.620
NORDIC,1968,JFM,tmean,-4.270,-2.702,-1.157,31,neutral,-0.620
NORDIC,1968,JFM,tmin_mean,-7.862,-3.159,-1.387,31,neutral,-0.620
NORDIC,1968,NDJFM,frost_days,108.033,11.551,0.905,31,neutral,-0.620
NORDIC,1968,NDJFM,ice_days,58.138,14.151,3.800,31,neutral,-0.620
NORDIC,1968,NDJFM,precip,319.520,-9.896,17.038,31,neutral,-0.620
NORDIC,1968,NDJFM,precip_days,58.762,2.427,4.942,31,neutral,-0.620
NORDIC,1968,NDJFM,rain_on_snow_days,8.833,-0.720,0.775,18,neutral,-0.620
NORDIC,1968,NDJFM,snow_cover_days,117.292,12.292,0.804,18,neutral,-0.620
NORDIC,1968,NDJFM,snow_depth,28.535,6.745,1.988,18,neutral,-0.620
NORDIC,1968,NDJFM,snow_max,66.917,14.996,8.865,18,neutral,-0.620
NORDIC,1968,NDJFM,thaw_days,92.085,-13.920,-3.127,31,neutral,-0.620
NORDIC,1968,NDJFM,tmax_mean,0.104,-1.893,-0.670,31,neutral,-0.620
NORDIC,1968,NDJFM,tmean,-3.069,-2.594,-0.857,31,neutral,-0.620
NORDIC,1968,NDJFM,tmin_mean,-6.377,-2.631,-1.048,31,neutral,-0.620
NORDIC,1969,DJF,frost_days,73.313,10.727,4.357,31,elnino,0.980
NORDIC,1969,DJF,ice_days,46.718,15.885,7.521,31,elnino,0.980
NORDIC,1969,DJF,precip,150.766,-46.134,-26.797,31,elnino,0.980
NORDIC,1969,DJF,precip_days,29.514,-4.924,-2.768,31,elnino,0.980
NORDIC,1969,DJF,rain_on_snow_days,1.389,-2.919,-2.428,21,elnino,0.980
NORDIC,1969,DJF,snow_cover_days,79.722,6.884,1.034,21,elnino,0.980
NORDIC,1969,DJF,snow_depth,34.783,12.258,6.200,21,elnino,0.980
NORDIC,1969,DJF,snow_max,60.806,13.279,8.144,21,elnino,0.980
NORDIC,1969,DJF,thaw_days,41.955,-16.515,-8.000,31,elnino,0.980
NORDIC,1969,DJF,tmax_mean,-1.671,-2.529,-1.109,31,elnino,0.980
NORDIC,1969,DJF,tmean,-4.465,-2.549,-0.976,31,elnino,0.980
NORDIC,1969,DJF,tmin_mean,-7.436,-2.626,-0.809,31,elnino,0.980
NORDIC,1969,JFM,frost_days,77.901,15.728,8.678,31,elnino,0.980
NORDIC,1969,JFM,ice_days,45.148,17.423,9.295,31,elnino,0.980
NORDIC,1969,JFM,precip,137.254,-46.565,-20.213,31,elnino,0.980
NORDIC,1969,JFM,precip_days,26.636,-6.128,-2.866,31,elnino,0.980
NORDIC,1969,JFM,rain_on_snow_days,2.556,-3.145,-1.677,23,elnino,0.980
NORDIC,1969,JFM,snow_cover_days,85.649,10.474,8.665,23,elnino,0.980
NORDIC,1969,JFM,snow_depth,39.197,16.390,6.294,23,elnino,0.980
NORDIC,1969,JFM,snow_max,58.356,16.080,5.223,23,elnino,0.980
NORDIC,1969,JFM,thaw_days,43.711,-17.867,-9.646,31,elnino,0.980
NORDIC,1969,JFM,tmax_mean,-1.599,-3.072,-1.743,31,elnino,0.980
NORDIC,1969,JFM,tmean,-5.112,-3.573,-2.037,31,elnino,0.980
NORDIC,1969,JFM,tmin_mean,-8.778,-4.093,-2.346,31,elnino,0.980
NORDIC,1969,NDJFM,frost_days,116.692,19.515,9.824,31,elnino,0.980
NORDIC,1969,NDJFM,ice_days,65.024,22.376,10.934,31,elnino,0.980
NORDIC,1969,NDJFM,precip,268.871,-78.021,-34.783,31,elnino,0.980
NORDIC,1969,NDJFM,precip_days,47.629,-10.298,-6.303,31,elnino,0.980
NORDIC,1969,NDJFM,rain_on_snow_days,4.417,-3.699,-2.332,21,elnino,0.980
NORDIC,1969,NDJFM,snow_cover_days,133.806,20.230,13.963,21,elnino,0.980
NORDIC,1969,NDJFM,snow_depth,35.060,13.175,8.465,21,elnino,0.980
NORDIC,1969,NDJFM,snow_max,65.667,9.083,7.706,21,elnino,0.980
NORDIC,1969,NDJFM,thaw_days,84.239,-23.024,-11.230,31,elnino,0.980
NORDIC,1969,NDJFM,tmax_mean,-0.288,-2.307,-1.092,31,elnino,0.980
NORDIC,1969,NDJFM,tmean,-3.339,-2.542,-1.159,31,elnino,0.980
NORDIC,1969,NDJFM,tmin_mean,-6.529,-2.776,-1.238,31,elnino,0.980
NORDIC,1970,DJF,frost_days,82.196,19.626,13.400,31,neutral,0.460
NORDIC,1970,DJF,ice_days,58.625,28.002,19.596,31,neutral,0.460
NORDIC,1970,DJF,precip,141.361,-78.066,-37.095,31,neutral,0.460
NORDIC,1970,DJF,precip_days,25.429,-11.831,-6.942,31,neutral,0.460
NORDIC,1970,DJF,rain_on_snow_days,2.060,-3.100,-1.939,24,neutral,0.460
NORDIC,1970,DJF,snow_cover_days,86.333,12.551,11.740,24,neutral,0.460
NORDIC,1970,DJF,snow_depth,32.418,13.269,7.809,24,neutral,0.460
NORDIC,1970,DJF,snow_max,52.556,10.655,4.402,24,neutral,0.460
NORDIC,1970,DJF,thaw_days,30.270,-28.434,-19.857,31,neutral,0.460
NORDIC,1970,DJF,tmax_mean,-3.203,-4.137,-2.673,31,neutral,0.460
NORDIC,1970,DJF,tmean,-7.262,-4.321,-2.660,29,neutral,0.460
NORDIC,1970,DJF,tmin_mean,-9.680,-4.883,-3.096,31,neutral,0.460
NORDIC,1970,JFM,frost_days,81.876,19.602,12.836,31,neutral,0.460
NORDIC,1970,JFM,ice_days,51.976,23.764,16.312,31,neutral,0.460
NORDIC,1970,JFM,precip,155.911,-38.180,-2.513,31,neutral,0.460
NORDIC,1970,JFM,precip_days,28.419,-4.603,-1.194,31,neutral,0.460
NORDIC,1970,JFM,rain_on_snow_days,2.778,-3.307,-1.743,24,neutral,0.460
NORDIC,1970,JFM,snow_cover_days,87.944,11.007,11.145,24,neutral,0.460
NORDIC,1970,JFM,snow_depth,42.032,16.486,10.655,24,neutral,0.460
NORDIC,1970,JFM,snow_max,59.667,14.293,7.846,24,neutral,0.460
NORDIC,1970,JFM,thaw_days,36.934,-24.234,-16.616,31,neutral,0.460
NORDIC,1970,JFM,tmax_mean,-2.335,-3.880,-2.514,31,neutral,0.460
NORDIC,1970,JFM,tmean,-5.512,-4.034,-2.475,31,neutral,0.460
NORDIC,1970,JFM,tmin_mean,-8.872,-4.177,-2.484,31,neutral,0.460
NORDIC,1970,NDJFM,frost_days,129.035,32.174,22.426,31,neutral,0.460
NORDIC,1970,NDJFM,ice_days,78.452,35.414,24.610,31,neutral,0.460
NORDIC,1970,NDJFM,precip,294.355,-38.383,-10.471,31,neutral,0.460
NORDIC,1970,NDJFM,precip_days,52.443,-4.741,-1.601,31,neutral,0.460
NORDIC,1970,NDJFM,rain_on_snow_days,5.604,-2.975,-1.167,21,neutral,0.460
NORDIC,1970,NDJFM,snow_cover_days,139.361,25.059,19.777,21,neutral,0.460
NORDIC,1970,NDJFM,snow_depth,34.716,16.171,8.233,21,neutral,0.460
NORDIC,1970,NDJFM,snow_max,64.611,16.074,6.818,21,neutral,0.460
NORDIC,1970,NDJFM,thaw_days,70.757,-36.011,-24.967,31,neutral,0.460
NORDIC,1970,NDJFM,tmax_mean,-1.304,-3.361,-2.138,31,neutral,0.460
NORDIC,1970,NDJFM,tmean,-4.325,-3.466,-2.177,31,neutral,0.460
NORDIC,1970,NDJFM,tmin_mean,-7.537,-3.782,-2.284,31,neutral,0.460
NORDIC,1971,DJF,frost_days,61.634,-0.752,-7.001,31,lanina,-1.290
NORDIC,1971,DJF,ice_days,33.848,2.728,-5.013,31,lanina,-1.290
NORDIC,1971,DJF,precip,164.923,-33.412,-14.427,31,lanina,-1.290
NORDIC,1971,DJF,precip_days,31.621,-2.814,-0.837,31,lanina,-1.290
NORDIC,1971,DJF,rain_on_snow_days,5.250,0.343,0.555,18,lanina,-1.290
NORDIC,1971,DJF,snow_cover_days,68.708,2.513,-6.525,18,lanina,-1.290
NORDIC,1971,DJF,snow_depth,26.437,5.631,-1.314,18,lanina,-1.290
NORDIC,1971,DJF,snow_max,53.042,9.210,1.171,18,lanina,-1.290
NORDIC,1971,DJF,thaw_days,55.274,-2.803,4.974,31,lanina,-1.290
NORDIC,1971,DJF,tmax_mean,0.544,-0.316,1.042,31,lanina,-1.290
NORDIC,1971,DJF,tmean,-2.306,-0.495,1.111,31,lanina,-1.290
NORDIC,1971,DJF,tmin_mean,-5.316,-0.535,1.227,31,lanina,-1.290
NORDIC,1971,JFM,frost_days,64.964,2.784,-3.487,32,lanina,-1.290
NORDIC,1971,JFM,ice_days,36.353,8.236,0.872,32,lanina,-1.290
NORDIC,1971,JFM,precip,165.702,-11.736,6.320,31,lanina,-1.290
NORDIC,1971,JFM,precip_days,32.674,0.997,2.951,31,lanina,-1.290
NORDIC,1971,JFM,rain_on_snow_days,4.261,-0.403,0.259,20,lanina,-1.290
NORDIC,1971,JFM,snow_cover_days,76.990,2.183,-4.127,20,lanina,-1.290
NORDIC,1971,JFM,snow_depth,31.196,1.501,-6.519,20,lanina,-1.290
NORDIC,1971,JFM,snow_max,58.944,8.471,0.151,20,lanina,-1.290
NORDIC,1971,JFM,thaw_days,52.791,-8.623,-0.944,32,lanina,-1.290
NORDIC,1971,JFM,tmax_mean,0.098,-1.375,-0.057,32,lanina,-1.290
NORDIC,1971,JFM,tmean,-3.060,-1.478,-0.054,32,lanina,-1.290
NORDIC,1971,JFM,tmin_mean,-6.358,-1.714,-0.058,32,lanina,-1.290
NORDIC,1971,NDJFM,frost_days,102.468,5.557,-3.881,31,lanina,-1.290
NORDIC,1971,NDJFM,ice_days,54.904,11.562,1.309,31,lanina,-1.290
NORDIC,1971,NDJFM,precip,304.301,-10.471,-1.697,31,lanina,-1.290
NORDIC,1971,NDJFM,precip_days,55.919,0.802,1.762,31,lanina,-1.290
NORDIC,1971,NDJFM,rain_on_snow_days,8.792,0.694,0.672,18,lanina,-1.290
NORDIC,1971,NDJFM,snow_cover_days,117.458,15.449,1.846,18,lanina,-1.290
NORDIC,1971,NDJFM,snow_depth,28.538,8.383,2.316,18,lanina,-1.290
NORDIC,1971,NDJFM,snow_max,68.583,19.467,11.059,18,lanina,-1.290
NORDIC,1971,NDJFM,thaw_days,94.566,-11.932,-1.415,31,lanina,-1.290
NORDIC,1971,NDJFM,tmax_mean,0.923,-1.077,0.060,31,lanina,-1.290
NORDIC,1971,NDJFM,tmean,-2.076,-1.419,0.040,31,lanina,-1.290
NORDIC,1971,NDJFM,tmin_mean,-5.203,-1.474,0.012,31,lanina,-1.290
NORDIC,1972,DJF,frost_days,64.338,2.309,-3.720,32,lanina,-0.570
NORDIC,1972,DJF,ice_days,35.463,4.429,-3.059,32,lanina,-0.570
NORDIC,1972,DJF,precip,160.520,-71.004,-19.723,31,lanina,-0.570
NORDIC,1972,DJF,precip_days,28.012,-10.146,-4.535,31,lanina,-0.570
NORDIC,1972,DJF,rain_on_snow_days,3.278,-1.029,-0.471,20,lanina,-0.570
NORDIC,1972,DJF,snow_cover_days,76.667,5.360,-1.914,20,lanina,-0.570
NORDIC,1972,DJF,snow_depth,24.136,2.599,-5.248,20,lanina,-0.570
NORDIC,1972,DJF,snow_max,42.250,-4.634,-11.590,20,lanina,-0.570
NORDIC,1972,DJF,thaw_days,54.290,-4.159,3.627,32,lanina,-0.570
NORDIC,1972,DJF,tmax_mean,0.486,-0.427,0.975,32,lanina,-0.570
NORDIC,1972,DJF,tmean,-2.165,-0.308,1.209,32,lanina,-0.570
NORDIC,1972,DJF,tmin_mean,-4.971,-0.244,1.480,32,lanina,-0.570
NORDIC,1972,JFM,frost_days,64.813,2.666,-3.459,32,lanina,-0.570
NORDIC,1972,JFM,ice_days,33.844,6.005,-1.450,32,lanina,-0.570
NORDIC,1972,JFM,precip,139.454,-69.396,-20.884,31,lanina,-0.570
NORDIC,1972,JFM,precip_days,24.419,-11.046,-5.414,31,lanina,-0.570
NORDIC,1972,JFM,rain_on_snow_days,2.512,-2.638,-1.799,22,lanina,-0.570
NORDIC,1972,JFM,snow_cover_days,76.580,3.272,-2.700,22,lanina,-0.570
NORDIC,1972,JFM,snow_depth,25.040,-3.710,-9.241,22,lanina,-0.570
NORDIC,1972,JFM,snow_max,43.583,-5.526,-11.082,22,lanina,-0.570
NORDIC,1972,JFM,thaw_days,56.114,-5.680,2.185,32,lanina,-0.570
NORDIC,1972,JFM,tmax_mean,0.774,-0.794,0.583,32,lanina,-0.570
NORDIC,1972,JFM,tmean,-2.045,-0.522,0.923,32,lanina,-0.570
NORDIC,1972,JFM,tmin_mean,-5.012,-0.409,1.245,32,lanina,-0.570
NORDIC,1972,NDJFM,frost_days,103.336,7.326,-1.932,32,lanina,-0.570
NORDIC,1972,NDJFM,ice_days,51.404,8.370,-1.836,32,lanina,-0.570
NORDIC,1972,NDJFM,precip,303.465,-63.033,-3.705,31,lanina,-0.570
NORDIC,1972,NDJFM,precip_days,52.052,-9.555,-2.217,31,lanina,-0.570
NORDIC,1972,NDJFM,rain_on_snow_days,5.576,-1.804,-1.142,20,lanina,-0.570
NORDIC,1972,NDJFM,snow_cover_days,124.723,13.173,4.432,20,lanina,-0.570
NORDIC,1972,NDJFM,snow_depth,22.639,1.852,-4.667,20,lanina,-0.570
NORDIC,1972,NDJFM,snow_max,46.194,-4.945,-13.100,20,lanina,-0.570
NORDIC,1972,NDJFM,thaw_days,98.792,-8.271,2.438,32,lanina,-0.570
NORDIC,1972,NDJFM,tmax_mean,1.396,-0.669,0.543,32,lanina,-0.570
NORDIC,1972,NDJFM,tmean,-1.492,-0.728,0.587,32,lanina,-0.570
NORDIC,1972,NDJFM,tmin_mean,-4.525,-0.853,0.609,32,lanina,-0.570
NORDIC,1973,DJF,frost_days,55.316,-6.896,-12.580,32,elnino,1.550
NORDIC,1973,DJF,ice_days,20.713,-10.400,-17.640,32,elnino,1.550
NORDIC,1973,DJF,precip,204.621,-30.146,23.485,31,elnino,1.550
NORDIC,1973,DJF,precip_days,34.483,-3.717,1.848,31,elnino,1.550
NORDIC,1973,DJF,rain_on_snow_days,5.750,0.543,1.030,18,elnino,1.550
NORDIC,1973,DJF,snow_cover_days,54.708,-11.358,-20.135,18,elnino,1.550
NORDIC,1973,DJF,snow_depth,16.355,-4.009,-11.169,18,elnino,1.550
NORDIC,1973,DJF,snow_max,38.583,-4.661,-12.963,18,elnino,1.550
NORDIC,1973,DJF,thaw_days,68.452,10.168,17.615,32,elnino,1.550
NORDIC,1973,DJF,tmax_mean,2.223,1.357,2.679,32,elnino,1.550
NORDIC,1973,DJF,tmean,-0.302,1.533,3.036,32,elnino,1.550
NORDIC,1973,DJF,tmin_mean,-2.954,1.786,3.456,32,elnino,1.550
NORDIC,1973,JFM,frost_days,56.634,-5.546,-11.459,32,elnino,1.550
NORDIC,1973,JFM,ice_days,22.079,-5.850,-13.027,32,elnino,1.550
NORDIC,1973,JFM,precip,179.417,-22.735,18.122,31,elnino,1.550
NORDIC,1973,JFM,precip_days,33.238,-1.738,3.295,31,elnino,1.550
NORDIC,1973,JFM,rain_on_snow_days,5.500,0.091,0.441,18,elnino,1.550
NORDIC,1973,JFM,snow_cover_days,66.167,-2.421,-10.496,18,elnino,1.550
NORDIC,1973,JFM,snow_depth,23.965,-3.315,-11.731,18,elnino,1.550
NORDIC,1973,JFM,snow_max,47.292,0.280,-9.314,18,elnino,1.550
NORDIC,1973,JFM,thaw_days,67.223,5.688,13.101,32,elnino,1.550
NORDIC,1973,JFM,tmax_mean,2.574,1.044,2.348,32,elnino,1.550
NORDIC,1973,JFM,tmean,-0.422,1.164,2.554,33,elnino,1.550
NORDIC,1973,JFM,tmin_mean,-3.499,1.139,2.714,32,elnino,1.550
NORDIC,1973,NDJFM,frost_days,87.542,-8.668,-17.468,32,elnino,1.550
NORDIC,1973,NDJFM,ice_days,33.160,-9.926,-19.831,32,elnino,1.550
NORDIC,1973,NDJFM,precip,345.841,-26.891,37.499,31,elnino,1.550
NORDIC,1973,NDJFM,precip_days,58.355,-1.637,3.973,31,elnino,1.550
NORDIC,1973,NDJFM,rain_on_snow_days,10.333,1.723,2.173,18,elnino,1.550
NORDIC,1973,NDJFM,snow_cover_days,97.083,-5.165,-17.946,18,elnino,1.550
NORDIC,1973,NDJFM,snow_depth,18.702,-0.843,-7.304,18,elnino,1.550
NORDIC,1973,NDJFM,snow_max,48.292,0.681,-8.881,18,elnino,1.550
NORDIC,1973,NDJFM,thaw_days,116.540,9.565,19.928,32,elnino,1.550
NORDIC,1973,NDJFM,tmax_mean,2.959,0.914,2.076,32,elnino,1.550
NORDIC,1973,NDJFM,tmean,0.270,1.044,2.317,32,elnino,1.550
NORDIC,1973,NDJFM,tmin_mean,-2.523,1.147,2.573,32,elnino,1.550
NORDIC,1974,DJF,frost_days,60.622,-1.491,-7.113,32,lanina,-1.870
NORDIC,1974,DJF,ice_days,29.630,-1.399,-8.554,32,lanina,-1.870
NORDIC,1974,DJF,precip,208.264,-5.271,26.897,32,lanina,-1.870
NORDIC,1974,DJF,precip_days,36.411,0.561,3.462,32,lanina,-1.870
NORDIC,1974,DJF,rain_on_snow_days,5.083,0.724,1.186,21,lanina,-1.870
NORDIC,1974,DJF,snow_cover_days,80.056,7.841,2.121,21,lanina,-1.870
NORDIC,1974,DJF,snow_depth,36.697,13.569,8.690,21,lanina,-1.870
NORDIC,1974,DJF,snow_max,63.000,16.379,11.063,21,lanina,-1.870
NORDIC,1974,DJF,thaw_days,59.465,1.098,8.455,32,lanina,-1.870
NORDIC,1974,DJF,tmax_mean,0.636,-0.212,1.060,32,lanina,-1.870
NORDIC,1974,DJF,tmean,-2.037,-0.137,1.337,33,lanina,-1.870
NORDIC,1974,DJF,tmin_mean,-4.918,-0.181,1.450,32,lanina,-1.870
NORDIC,1974,JFM,frost_days,55.790,-6.524,-12.126,32,lanina,-1.870
NORDIC,1974,JFM,ice_days,19.319,-8.493,-15.600,32,lanina,-1.870
NORDIC,1974,JFM,precip,180.571,-29.872,19.249,32,lanina,-1.870
NORDIC,1974,JFM,precip_days,29.386,-4.785,-0.713,32,lanina,-1.870
NORDIC,1974,JFM,rain_on_snow_days,4.426,-0.077,0.196,21,lanina,-1.870
NORDIC,1974,JFM,snow_cover_days,74.306,0.336,-5.850,21,lanina,-1.870
NORDIC,1974,JFM,snow_depth,40.464,11.350,4.562,21,lanina,-1.870
NORDIC,1974,JFM,snow_max,59.083,10.541,2.494,21,lanina,-1.870
NORDIC,1974,JFM,thaw_days,69.786,8.133,15.470,32,lanina,-1.870
NORDIC,1974,JFM,tmax_mean,2.769,1.223,2.509,32,lanina,-1.870
NORDIC,1974,JFM,tmean,-0.039,1.528,2.898,33,lanina,-1.870
NORDIC,1974,JFM,tmin_mean,-2.988,1.603,3.182,32,lanina,-1.870
NORDIC,1974,NDJFM,frost_days,99.889,3.795,-4.864,32,lanina,-1.870
NORDIC,1974,NDJFM,ice_days,45.513,2.562,-7.230,32,lanina,-1.870
NORDIC,1974,NDJFM,precip,328.449,-28.906,19.804,32,lanina,-1.870
NORDIC,1974,NDJFM,precip_days,55.389,-3.109,0.577,32,lanina,-1.870
NORDIC,1974,NDJFM,rain_on_snow_days,6.196,-1.756,-0.571,20,lanina,-1.870
NORDIC,1974,NDJFM,snow_cover_days,127.361,12.526,7.557,20,lanina,-1.870
NORDIC,1974,NDJFM,snow_depth,37.164,15.705,10.079,20,lanina,-1.870
NORDIC,1974,NDJFM,snow_max,69.083,18.588,10.096,20,lanina,-1.870
NORDIC,1974,NDJFM,thaw_days,104.049,-2.961,7.179,32,lanina,-1.870
NORDIC,1974,NDJFM,tmax_mean,1.581,-0.429,0.668,32,lanina,-1.870
NORDIC,1974,NDJFM,tmean,-1.358,-0.561,0.719,33,lanina,-1.870
NORDIC,1974,NDJFM,tmin_mean,-4.432,-0.738,0.626,32,lanina,-1.870
NORDIC,1975,DJF,frost_days,55.996,-5.433,-10.969,31,lanina,-0.560
NORDIC,1975,DJF,ice_days,23.174,-7.472,-14.361,31,lanina,-0.560
NORDIC,1975,DJF,precip,204.570,12.104,22.308,32,lanina,-0.560
NORDIC,1975,DJF,precip_days,38.148,2.797,5.114,32,lanina,-0.560
NORDIC,1975,DJF,rain_on_snow_days,5.643,1.438,1.729,21,lanina,-0.560
NORDIC,1975,DJF,snow_cover_days,69.845,0.237,-7.939,21,lanina,-0.560
NORDIC,1975,DJF,snow_depth,19.564,-0.707,-8.328,21,lanina,-0.560
NORDIC,1975,DJF,snow_max,34.750,-8.355,-17.042,21,lanina,-0.560
NORDIC,1975,DJF,thaw_days,65.597,6.830,13.934,31,lanina,-0.560
NORDIC,1975,DJF,tmax_mean,2.076,1.152,2.427,31,lanina,-0.560
NORDIC,1975,DJF,tmean,-0.791,1.097,2.545,33,lanina,-0.560
NORDIC,1975,DJF,tmin_mean,-3.526,1.095,2.673,31,lanina,-0.560
NORDIC,1975,JFM,frost_days,58.332,-3.749,-9.405,32,lanina,-0.560
NORDIC,1975,JFM,ice_days,19.112,-9.067,-15.620,32,lanina,-0.560
NORDIC,1975,JFM,precip,159.643,-12.458,-2.650,32,lanina,-0.560
NORDIC,1975,JFM,precip_days,29.505,-3.231,-0.703,32,lanina,-0.560
NORDIC,1975,JFM,rain_on_snow_days,5.278,0.896,1.162,20,lanina,-0.560
NORDIC,1975,JFM,snow_cover_days,70.750,-3.664,-9.832,20,lanina,-0.560
NORDIC,1975,JFM,snow_depth,23.101,-7.407,-14.008,20,lanina,-0.560
NORDIC,1975,JFM,snow_max,39.667,-12.305,-18.481,20,lanina,-0.560
NORDIC,1975,JFM,thaw_days,69.710,8.523,15.200,32,lanina,-0.560
NORDIC,1975,JFM,tmax_mean,2.485,1.028,2.190,32,lanina,-0.560
NORDIC,1975,JFM,tmean,-0.556,1.014,2.342,33,lanina,-0.560
NORDIC,1975,JFM,tmin_mean,-3.640,1.037,2.487,32,lanina,-0.560
NORDIC,1975,NDJFM,frost_days,90.499,-5.572,-13.996,32,lanina,-0.560
NORDIC,1975,NDJFM,ice_days,32.251,-10.085,-19.481,31,lanina,-0.560
NORDIC,1975,NDJFM,precip,330.699,10.463,20.901,32,lanina,-0.560
NORDIC,1975,NDJFM,precip_days,59.520,3.113,4.603,32,lanina,-0.560
NORDIC,1975,NDJFM,rain_on_snow_days,9.476,1.235,2.684,20,lanina,-0.560
NORDIC,1975,NDJFM,snow_cover_days,110.297,5.087,-9.263,20,lanina,-0.560
NORDIC,1975,NDJFM,snow_depth,18.654,1.436,-8.321,20,lanina,-0.560
NORDIC,1975,NDJFM,snow_max,39.722,-4.917,-19.111,20,lanina,-0.560
NORDIC,1975,NDJFM,thaw_days,116.975,9.300,19.081,31,lanina,-0.560
NORDIC,1975,NDJFM,tmax_mean,2.712,0.647,1.733,31,lanina,-0.560
NORDIC,1975,NDJFM,tmean,-0.083,0.723,1.961,33,lanina,-0.560
NORDIC,1975,NDJFM,tmin_mean,-2.850,0.856,2.170,32,lanina,-0.560
NORDIC,1976,DJF,frost_days,70.870,9.074,3.457,32,lanina,-1.490
NORDIC,1976,DJF,ice_days,37.579,7.068,-0.266,32,lanina,-1.490
NORDIC,1976,DJF,precip,190.180,-15.898,14.634,32,lanina,-1.490
NORDIC,1976,DJF,precip_days,34.355,-3.021,2.309,32,lanina,-1.490
NORDIC,1976,DJF,rain_on_snow_days,4.269,-0.586,0.338,21,lanina,-1.490
NORDIC,1976,DJF,snow_cover_days,82.602,9.238,4.968,21,lanina,-1.490
NORDIC,1976,DJF,snow_depth,31.236,7.919,3.459,21,lanina,-1.490
NORDIC,1976,DJF,snow_max,53.083,7.264,1.437,21,lanina,-1.490
NORDIC,1976,DJF,thaw_days,52.680,-6.187,1.321,32,lanina,-1.490
NORDIC,1976,DJF,tmax_mean,0.000,-0.904,0.358,32,lanina,-1.490
NORDIC,1976,DJF,tmean,-3.361,-1.454,-0.063,33,lanina,-1.490
NORDIC,1976,DJF,tmin_mean,-6.797,-2.080,-0.513,32,lanina,-1.490
NORDIC,1976,JFM,frost_days,74.769,13.039,7.211,32,lanina,-1.490
NORDIC,1976,JFM,ice_days,39.690,12.451,5.145,32,lanina,-1.490
NORDIC,1976,JFM,precip,153.222,-43.915,3.708,33,lanina,-1.490
NORDIC,1976,JFM,precip_days,29.414,-5.374,0.411,33,lanina,-1.490
NORDIC,1976,JFM,rain_on_snow_days,3.028,-2.063,-1.257,21,lanina,-1.490
NORDIC,1976,JFM,snow_cover_days,84.806,9.169,4.952,21,lanina,-1.490
NORDIC,1976,JFM,snow_depth,39.066,10.152,3.475,21,lanina,-1.490
NORDIC,1976,JFM,snow_max,56.639,8.087,0.396,21,lanina,-1.490
NORDIC,1976,JFM,thaw_days,50.328,-11.810,-4.374,32,lanina,-1.490
NORDIC,1976,JFM,tmax_mean,-0.449,-1.986,-0.779,32,lanina,-1.490
NORDIC,1976,JFM,tmean,-3.850,-2.284,-0.991,33,lanina,-1.490
NORDIC,1976,JFM,tmin_mean,-7.313,-2.719,-1.229,32,lanina,-1.490
NORDIC,1976,NDJFM,frost_days,110.058,14.465,5.822,32,lanina,-1.490
NORDIC,1976,NDJFM,ice_days,52.858,10.760,0.611,32,lanina,-1.490
NORDIC,1976,NDJFM,precip,297.186,-52.418,5.683,33,lanina,-1.490
NORDIC,1976,NDJFM,precip_days,54.023,-6.952,0.644,33,lanina,-1.490
NORDIC,1976,NDJFM,rain_on_snow_days,7.917,-0.977,-0.305,18,lanina,-1.490
NORDIC,1976,NDJFM,snow_cover_days,117.583,14.421,3.428,18,lanina,-1.490
NORDIC,1976,NDJFM,snow_depth,31.518,11.150,5.837,18,lanina,-1.490
NORDIC,1976,NDJFM,snow_max,62.958,14.196,6.313,18,lanina,-1.490
NORDIC,1976,NDJFM,thaw_days,97.602,-10.173,0.217,32,lanina,-1.490
NORDIC,1976,NDJFM,tmax_mean,1.127,-0.927,0.154,32,lanina,-1.490
NORDIC,1976,NDJFM,tmean,-2.148,-1.335,-0.139,33,lanina,-1.490
NORDIC,1976,NDJFM,tmin_mean,-5.476,-1.828,-0.494,32,lanina,-1.490
NORDIC,1977,DJF,frost_days,76.015,13.202,8.138,31,elnino,0.710
NORDIC,1977,DJF,ice_days,46.246,13.800,7.793,31,elnino,0.710
NORDIC,1977,DJF,precip,149.514,-10.153,-32.747,31,elnino,0.710
NORDIC,1977,DJF,precip_days,31.782,0.146,-1.307,31,elnino,0.710
NORDIC,1977,DJF,rain_on_snow_days,3.671,-1.600,-0.365,23,elnino,0.710
NORDIC,1977,DJF,snow_cover_days,82.431,8.727,9.096,23,elnino,0.710
NORDIC,1977,DJF,snow_depth,27.349,6.222,2.320,23,elnino,0.710
NORDIC,1977,DJF,snow_max,56.011,12.083,8.278,23,elnino,0.710
NORDIC,1977,DJF,thaw_days,42.733,-14.014,-8.016,31,elnino,0.710
NORDIC,1977,DJF,tmax_mean,-1.799,-2.486,-1.333,31,elnino,0.710
NORDIC,1977,DJF,tmean,-4.582,-2.509,-1.143,32,elnino,0.710
NORDIC,1977,DJF,tmin_mean,-7.343,-2.376,-0.883,31,elnino,0.710
NORDIC,1977,JFM,frost_days,68.903,5.811,0.900,31,elnino,0.710
NORDIC,1977,JFM,ice_days,37.359,8.446,2.259,31,elnino,0.710
NORDIC,1977,JFM,precip,154.889,4.820,-2.891,32,elnino,0.710
NORDIC,1977,JFM,precip_days,30.809,1.358,0.335,32,elnino,0.710
NORDIC,1977,JFM,rain_on_snow_days,4.944,-0.320,0.632,21,elnino,0.710
NORDIC,1977,JFM,snow_cover_days,83.222,7.029,3.521,21,elnino,0.710
NORDIC,1977,JFM,snow_depth,40.178,10.061,4.744,21,elnino,0.710
NORDIC,1977,JFM,snow_max,66.389,16.020,10.319,21,elnino,0.710
NORDIC,1977,JFM,thaw_days,51.639,-8.758,-2.503,31,elnino,0.710
NORDIC,1977,JFM,tmax_mean,-0.292,-1.645,-0.536,31,elnino,0.710
NORDIC,1977,JFM,tmean,-3.250,-1.546,-0.267,32,elnino,0.710
NORDIC,1977,JFM,tmin_mean,-6.198,-1.356,0.048,31,elnino,0.710
NORDIC,1977,NDJFM,frost_days,107.937,10.609,2.840,31,elnino,0.710
NORDIC,1977,NDJFM,ice_days,57.939,13.228,4.713,31,elnino,0.710
NORDIC,1977,NDJFM,precip,282.551,-2.420,-18.676,32,elnino,0.710
NORDIC,1977,NDJFM,precip_days,55.760,2.543,0.518,32,elnino,0.710
NORDIC,1977,NDJFM,rain_on_snow_days,8.181,-0.480,1.246,21,elnino,0.710
NORDIC,1977,NDJFM,snow_cover_days,125.631,10.668,7.855,21,elnino,0.710
NORDIC,1977,NDJFM,snow_depth,27.571,4.252,1.875,21,elnino,0.710
NORDIC,1977,NDJFM,snow_max,66.889,11.245,10.272,21,elnino,0.710
NORDIC,1977,NDJFM,thaw_days,91.576,-13.411,-4.824,31,elnino,0.710
NORDIC,1977,NDJFM,tmax_mean,0.271,-1.597,-0.606,31,elnino,0.710
NORDIC,1977,NDJFM,tmean,-2.564,-1.606,-0.428,32,elnino,0.710
NORDIC,1977,NDJFM,tmin_mean,-5.386,-1.514,-0.245,31,elnino,0.710
NORDIC,1978,DJF,frost_days,70.505,7.876,2.785,31,elnino,0.710
NORDIC,1978,DJF,ice_days,40.641,8.532,2.356,31,elnino,0.710
NORDIC,1978,DJF,precip,152.322,-30.268,-26.702,32,elnino,0.710
NORDIC,1978,DJF,precip_days,29.900,-5.158,-2.785,32,elnino,0.710
NORDIC,1978,DJF,rain_on_snow_days,3.198,-1.226,-0.573,22,elnino,0.710
NORDIC,1978,DJF,snow_cover_days,83.444,9.837,5.588,22,elnino,0.710
NORDIC,1978,DJF,snow_depth,28.287,5.093,-0.563,22,elnino,0.710
NORDIC,1978,DJF,snow_max,55.000,8.840,3.050,22,elnino,0.710
NORDIC,1978,DJF,thaw_days,48.259,-9.043,-2.663,31,elnino,0.710
NORDIC,1978,DJF,tmax_mean,-0.956,-1.654,-0.523,31,elnino,0.710
NORDIC,1978,DJF,tmean,-3.973,-1.881,-0.571,32,elnino,0.710
NORDIC,1978,DJF,tmin_mean,-7.049,-2.096,-0.632,31,elnino,0.710
NORDIC,1978,JFM,frost_days,69.117,6.375,1.287,31,elnino,0.710
NORDIC,1978,JFM,ice_days,39.381,10.438,4.469,31,elnino,0.710
NORDIC,1978,JFM,precip,160.805,-0.418,0.465,32,elnino,0.710
NORDIC,1978,JFM,precip_days,31.314,0.123,1.189,32,elnino,0.710
NORDIC,1978,JFM,rain_on_snow_days,5.096,-0.038,0.988,23,elnino,0.710
NORDIC,1978,JFM,snow_cover_days,82.296,7.874,3.649,23,elnino,0.710
NORDIC,1978,JFM,snow_depth,36.217,7.964,1.443,23,elnino,0.710
NORDIC,1978,JFM,snow_max,57.644,9.550,2.522,23,elnino,0.710
NORDIC,1978,JFM,thaw_days,49.802,-10.814,-4.534,31,elnino,0.710
NORDIC,1978,JFM,tmax_mean,-0.794,-2.128,-1.073,31,elnino,0.710
NORDIC,1978,JFM,tmean,-3.957,-2.225,-1.013,32,elnino,0.710
NORDIC,1978,JFM,tmin_mean,-7.125,-2.274,-0.923,31,elnino,0.710
NORDIC,1978,NDJFM,frost_days,105.779,8.535,0.932,31,elnino,0.710
NORDIC,1978,NDJFM,ice_days,55.466,10.922,2.489,31,elnino,0.710
NORDIC,1978,NDJFM,precip,300.445,4.660,-5.196,32,elnino,0.710
NORDIC,1978,NDJFM,precip_days,55.678,0.407,1.138,32,elnino,0.710
NORDIC,1978,NDJFM,rain_on_snow_days,6.361,-0.404,0.203,20,elnino,0.710
NORDIC,1978,NDJFM,snow_cover_days,128.139,11.326,4.039,20,elnino,0.710
NORDIC,1978,NDJFM,snow_depth,28.854,3.578,-1.195,20,elnino,0.710
NORDIC,1978,NDJFM,snow_max,61.111,5.664,1.151,20,elnino,0.710
NORDIC,1978,NDJFM,thaw_days,94.000,-11.488,-2.657,31,elnino,0.710
NORDIC,1978,NDJFM,tmax_mean,0.503,-1.359,-0.404,31,elnino,0.710
NORDIC,1978,NDJFM,tmean,-2.451,-1.471,-0.349,32,elnino,0.710
NORDIC,1978,NDJFM,tmin_mean,-5.421,-1.539,-0.317,31,elnino,0.710
NORDIC,1979,DJF,frost_days,80.535,18.023,12.971,31,neutral,0.190
NORDIC,1979,DJF,ice_days,57.794,26.103,19.676,31,neutral,0.190
NORDIC,1979,DJF,precip,113.934,-70.346,-62.607,32,neutral,0.190
NORDIC,1979,DJF,precip_days,24.250,-8.563,-8.686,32,neutral,0.190
NORDIC,1979,DJF,rain_on_snow_days,2.167,-2.519,-1.861,22,neutral,0.190
NORDIC,1979,DJF,snow_cover_days,87.167,12.941,11.365,22,neutral,0.190
NORDIC,1979,DJF,snow_depth,33.451,10.952,7.231,22,neutral,0.190
NORDIC,1979,DJF,snow_max,57.667,11.012,8.294,22,neutral,0.190
NORDIC,1979,DJF,thaw_days,31.566,-25.964,-19.528,31,neutral,0.190
NORDIC,1979,DJF,tmax_mean,-3.651,-4.378,-3.251,31,neutral,0.190
NORDIC,1979,DJF,tmean,-6.846,-4.718,-3.481,32,neutral,0.190
NORDIC,1979,DJF,tmin_mean,-10.145,-5.195,-3.769,31,neutral,0.190
NORDIC,1979,JFM,frost_days,79.915,17.290,12.259,31,neutral,0.190
NORDIC,1979,JFM,ice_days,49.468,20.514,14.743,31,neutral,0.190
NORDIC,1979,JFM,precip,126.961,-32.179,-32.024,32,neutral,0.190
NORDIC,1979,JFM,precip_days,27.739,-1.932,-2.854,32,neutral,0.190
NORDIC,1979,JFM,rain_on_snow_days,4.861,-0.571,0.412,23,neutral,0.190
NORDIC,1979,JFM,snow_cover_days,86.361,10.229,11.223,23,neutral,0.190
NORDIC,1979,JFM,snow_depth,38.940,10.446,7.417,23,neutral,0.190
NORDIC,1979,JFM,snow_max,56.844,7.064,5.385,23,neutral,0.190
NORDIC,1979,JFM,thaw_days,39.930,-20.507,-14.600,31,neutral,0.190
NORDIC,1979,JFM,tmax_mean,-2.034,-3.372,-2.348,31,neutral,0.190
NORDIC,1979,JFM,tmean,-5.246,-3.541,-2.341,32,neutral,0.190
NORDIC,1979,JFM,tmin_mean,-8.545,-3.649,-2.387,31,neutral,0.190
NORDIC,1979,NDJFM,frost_days,119.591,22.630,14.994,31,neutral,0.190
NORDIC,1979,NDJFM,ice_days,73.205,28.795,20.477,31,neutral,0.190
NORDIC,1979,NDJFM,precip,237.420,-66.982,-63.044,32,neutral,0.190
NORDIC,1979,NDJFM,precip_days,47.567,-7.320,-7.125,32,neutral,0.190
NORDIC,1979,NDJFM,rain_on_snow_days,8.333,-0.806,0.050,18,neutral,0.190
NORDIC,1979,NDJFM,snow_cover_days,127.500,20.992,14.220,18,neutral,0.190
NORDIC,1979,NDJFM,snow_depth,30.280,8.318,4.923,18,neutral,0.190
NORDIC,1979,NDJFM,snow_max,59.167,6.096,3.048,18,neutral,0.190
NORDIC,1979,NDJFM,thaw_days,76.486,-28.965,-20.429,31,neutral,0.190
NORDIC,1979,NDJFM,tmax_mean,-1.051,-2.932,-1.988,31,neutral,0.190
NORDIC,1979,NDJFM,tmean,-4.119,-3.129,-2.052,32,neutral,0.190
NORDIC,1979,NDJFM,tmin_mean,-7.266,-3.367,-2.201,31,neutral,0.190
NORDIC,1980,DJF,frost_days,74.939,12.110,7.531,31,neutral,0.620
NORDIC,1980,DJF,ice_days,44.257,12.629,6.307,31,neutral,0.620
NORDIC,1980,DJF,precip,144.914,-42.449,-32.124,32,neutral,0.620
NORDIC,1980,DJF,precip_days,27.360,-7.687,-5.388,32,neutral,0.620
NORDIC,1980,DJF,rain_on_snow_days,3.278,-1.600,-0.523,22,neutral,0.620
NORDIC,1980,DJF,snow_cover_days,83.455,9.787,5.892,22,neutral,0.620
NORDIC,1980,DJF,snow_depth,29.875,5.562,1.222,22,neutral,0.620
NORDIC,1980,DJF,snow_max,47.972,0.674,-3.765,22,neutral,0.620
NORDIC,1980,DJF,thaw_days,45.664,-11.811,-5.602,31,neutral,0.620
NORDIC,1980,DJF,tmax_mean,-1.568,-2.280,-1.200,31,neutral,0.620
NORDIC,1980,DJF,tmean,-4.522,-2.440,-1.185,31,neutral,0.620
NORDIC,1980,DJF,tmin_mean,-7.596,-2.632,-1.263,31,neutral,0.620
NORDIC,1980,JFM,frost_days,78.691,15.849,11.208,31,neutral,0.620
NORDIC,1980,JFM,ice_days,43.086,14.702,8.549,31,neutral,0.620
NORDIC,1980,JFM,precip,107.021,-65.779,-49.989,32,neutral,0.620
NORDIC,1980,JFM,precip_days,21.720,-11.059,-8.148,32,neutral,0.620
NORDIC,1980,JFM,rain_on_snow_days,2.812,-2.567,-1.580,24,neutral,0.620
NORDIC,1980,JFM,snow_cover_days,82.539,8.940,7.183,24,neutral,0.620
NORDIC,1980,JFM,snow_depth,32.512,2.944,-1.532,24,neutral,0.620
NORDIC,1980,JFM,snow_max,49.083,-2.428,-5.286,24,neutral,0.620
NORDIC,1980,JFM,thaw_days,46.558,-14.383,-8.166,31,neutral,0.620
NORDIC,1980,JFM,tmax_mean,-1.371,-2.728,-1.719,31,neutral,0.620
NORDIC,1980,JFM,tmean,-4.688,-2.964,-1.823,32,neutral,0.620
NORDIC,1980,JFM,tmin_mean,-8.078,-3.236,-1.962,31,neutral,0.620
NORDIC,1980,NDJFM,frost_days,115.831,18.336,11.484,31,neutral,0.620
NORDIC,1980,NDJFM,ice_days,60.506,16.755,8.025,31,neutral,0.620
NORDIC,1980,NDJFM,precip,270.412,-31.657,-28.897,32,neutral,0.620
NORDIC,1980,NDJFM,precip_days,48.625,-7.530,-5.517,32,neutral,0.620
NORDIC,1980,NDJFM,rain_on_snow_days,6.972,-1.299,0.417,21,neutral,0.620
NORDIC,1980,NDJFM,snow_cover_days,131.500,16.421,10.341,21,neutral,0.620
NORDIC,1980,NDJFM,snow_depth,29.567,5.711,1.282,21,neutral,0.620
NORDIC,1980,NDJFM,snow_max,54.361,-0.536,-4.562,21,neutral,0.620
NORDIC,1980,NDJFM,thaw_days,89.251,-16.742,-7.921,31,neutral,0.620
NORDIC,1980,NDJFM,tmax_mean,-0.195,-2.081,-1.162,31,neutral,0.620
NORDIC,1980,NDJFM,tmean,-3.141,-2.168,-1.108,32,neutral,0.620
NORDIC,1980,NDJFM,tmin_mean,-6.163,-2.290,-1.136,31,neutral,0.620
NORDIC,1981,DJF,frost_days,73.672,11.196,6.401,32,neutral,-0.270
NORDIC,1981,DJF,ice_days,41.936,10.054,4.280,32,neutral,-0.270
NORDIC,1981,DJF,precip,197.920,5.349,17.549,33,neutral,-0.270
NORDIC,1981,DJF,precip_days,36.190,0.840,3.282,33,neutral,-0.270
NORDIC,1981,DJF,rain_on_snow_days,4.748,-0.347,0.679,22,neutral,-0.270
NORDIC,1981,DJF,snow_cover_days,83.692,10.275,6.818,22,neutral,-0.270
NORDIC,1981,DJF,snow_depth,44.290,23.649,17.181,22,neutral,-0.270
NORDIC,1981,DJF,snow_max,68.752,24.969,17.879,22,neutral,-0.270
NORDIC,1981,DJF,thaw_days,47.243,-10.164,-4.322,32,neutral,-0.270
NORDIC,1981,DJF,tmax_mean,-0.721,-1.476,-0.411,32,neutral,-0.270
NORDIC,1981,DJF,tmean,-3.984,-1.941,-0.723,33,neutral,-0.270
NORDIC,1981,DJF,tmin_mean,-7.438,-2.507,-1.181,32,neutral,-0.270
NORDIC,1981,JFM,frost_days,73.530,10.747,6.216,32,neutral,-0.270
NORDIC,1981,JFM,ice_days,41.291,12.603,7.091,32,neutral,-0.270
NORDIC,1981,JFM,precip,181.613,8.681,18.289,33,neutral,-0.270
NORDIC,1981,JFM,precip_days,33.600,0.605,3.024,33,neutral,-0.270
NORDIC,1981,JFM,rain_on_snow_days,4.660,-1.088,0.096,23,neutral,-0.270
NORDIC,1981,JFM,snow_cover_days,83.660,8.940,5.941,23,neutral,-0.270
NORDIC,1981,JFM,snow_depth,51.435,25.137,18.593,23,neutral,-0.270
NORDIC,1981,JFM,snow_max,76.011,31.699,22.884,23,neutral,-0.270
NORDIC,1981,JFM,thaw_days,47.750,-13.006,-7.315,32,neutral,-0.270
NORDIC,1981,JFM,tmax_mean,-0.567,-1.981,-0.974,32,neutral,-0.270
NORDIC,1981,JFM,tmean,-4.069,-2.374,-1.272,33,neutral,-0.270
NORDIC,1981,JFM,tmin_mean,-7.666,-2.859,-1.633,32,neutral,-0.270
NORDIC,1981,NDJFM,frost_days,117.957,21.018,13.814,32,neutral,-0.270
NORDIC,1981,NDJFM,ice_days,65.372,20.909,13.339,32,neutral,-0.270
NORDIC,1981,NDJFM,precip,329.240,26.525,21.624,33,neutral,-0.270
NORDIC,1981,NDJFM,precip_days,60.174,4.431,5.061,33,neutral,-0.270
NORDIC,1981,NDJFM,rain_on_snow_days,8.209,-1.042,1.095,22,neutral,-0.270
NORDIC,1981,NDJFM,snow_cover_days,137.786,22.345,21.088,22,neutral,-0.270
NORDIC,1981,NDJFM,snow_depth,42.034,26.437,16.920,22,neutral,-0.270
NORDIC,1981,NDJFM,snow_max,80.872,38.369,24.976,22,neutral,-0.270
NORDIC,1981,NDJFM,thaw_days,84.148,-21.350,-13.480,32,neutral,-0.270
NORDIC,1981,NDJFM,tmax_mean,-0.127,-2.051,-1.145,32,neutral,-0.270
NORDIC,1981,NDJFM,tmean,-3.445,-2.499,-1.471,33,neutral,-0.270
NORDIC,1981,NDJFM,tmin_mean,-6.902,-3.046,-1.945,32,neutral,-0.270
NORDIC,1982,DJF,frost_days,78.695,16.036,11.582,32,neutral,-0.050
NORDIC,1982,DJF,ice_days,51.609,20.016,14.121,32,neutral,-0.050
NORDIC,1982,DJF,precip,174.215,-37.164,-13.159,31,neutral,-0.050
NORDIC,1982,DJF,precip_days,30.318,-6.155,-3.023,31,neutral,-0.050
NORDIC,1982,DJF,rain_on_snow_days,3.085,-1.557,-1.067,24,neutral,-0.050
NORDIC,1982,DJF,snow_cover_days,84.705,11.837,12.273,24,neutral,-0.050
NORDIC,1982,DJF,snow_depth,38.031,14.301,13.625,24,neutral,-0.050
NORDIC,1982,DJF,snow_max,59.467,11.602,12.542,24,neutral,-0.050
NORDIC,1982,DJF,thaw_days,37.480,-20.064,-14.257,32,neutral,-0.050
NORDIC,1982,DJF,tmax_mean,-2.560,-3.310,-2.283,32,neutral,-0.050
NORDIC,1982,DJF,tmean,-5.811,-3.805,-2.579,32,neutral,-0.050
NORDIC,1982,DJF,tmin_mean,-9.104,-4.232,-2.890,32,neutral,-0.050
NORDIC,1982,JFM,frost_days,68.694,5.945,1.556,32,neutral,-0.050
NORDIC,1982,JFM,ice_days,34.803,6.020,0.790,32,neutral,-0.050
NORDIC,1982,JFM,precip,174.787,-15.001,6.338,31,neutral,-0.050
NORDIC,1982,JFM,precip_days,29.841,-4.129,-0.970,31,neutral,-0.050
NORDIC,1982,JFM,rain_on_snow_days,5.111,0.099,0.523,23,neutral,-0.050
NORDIC,1982,JFM,snow_cover_days,80.778,6.874,3.219,23,neutral,-0.050
NORDIC,1982,JFM,snow_depth,45.352,14.877,12.667,23,neutral,-0.050
NORDIC,1982,JFM,snow_max,64.562,13.382,11.619,23,neutral,-0.050
NORDIC,1982,JFM,thaw_days,54.375,-6.220,-0.883,32,neutral,-0.050
NORDIC,1982,JFM,tmax_mean,0.032,-1.391,-0.410,32,neutral,-0.050
NORDIC,1982,JFM,tmean,-3.179,-1.511,-0.421,33,neutral,-0.050
NORDIC,1982,JFM,tmin_mean,-6.355,-1.591,-0.365,32,neutral,-0.050
NORDIC,1982,NDJFM,frost_days,115.451,18.462,11.564,32,neutral,-0.050
NORDIC,1982,NDJFM,ice_days,64.385,20.532,12.602,32,neutral,-0.050
NORDIC,1982,NDJFM,precip,322.185,-5.648,6.151,31,neutral,-0.050
NORDIC,1982,NDJFM,precip_days,54.923,-2.256,-0.297,31,neutral,-0.050
NORDIC,1982,NDJFM,rain_on_snow_days,7.692,-0.177,-0.774,19,neutral,-0.050
NORDIC,1982,NDJFM,snow_cover_days,124.423,19.821,12.085,19,neutral,-0.050
NORDIC,1982,NDJFM,snow_depth,31.726,7.628,6.906,19,neutral,-0.050
NORDIC,1982,NDJFM,snow_max,59.801,5.238,4.313,19,neutral,-0.050
NORDIC,1982,NDJFM,thaw_days,85.149,-20.694,-12.737,32,neutral,-0.050
NORDIC,1982,NDJFM,tmax_mean,-0.281,-2.215,-1.329,32,neutral,-0.050
NORDIC,1982,NDJFM,tmean,-3.374,-2.462,-1.434,33,neutral,-0.050
NORDIC,1982,NDJFM,tmin_mean,-6.443,-2.626,-1.524,32,neutral,-0.050
NORDIC,1983,DJF,frost_days,66.188,3.151,-1.616,31,super,2.140
NORDIC,1983,DJF,ice_days,31.654,-0.866,-6.837,31,super,2.140
NORDIC,1983,DJF,precip,204.877,15.458,17.045,30,super,2.140
NORDIC,1983,DJF,precip_days,35.433,1.002,2.077,30,super,2.140
NORDIC,1983,DJF,rain_on_snow_days,5.718,1.142,1.729,21,super,2.140
NORDIC,1983,DJF,snow_cover_days,80.509,7.312,3.564,21,super,2.140
NORDIC,1983,DJF,snow_depth,24.234,2.733,-3.763,21,super,2.140
NORDIC,1983,DJF,snow_max,49.013,2.899,-3.258,21,super,2.140
NORDIC,1983,DJF,thaw_days,57.195,0.547,6.442,31,super,2.140
NORDIC,1983,DJF,tmax_mean,0.824,0.242,1.273,31,super,2.140
NORDIC,1983,DJF,tmean,-2.342,-0.090,1.092,32,super,2.140
NORDIC,1983,DJF,tmin_mean,-5.541,-0.427,0.925,31,super,2.140
NORDIC,1983,JFM,frost_days,66.620,3.369,-1.103,31,super,2.140
NORDIC,1983,JFM,ice_days,29.839,0.341,-5.065,31,super,2.140
NORDIC,1983,JFM,precip,198.652,9.700,29.722,30,super,2.140
NORDIC,1983,JFM,precip_days,34.521,1.619,3.670,30,super,2.140
NORDIC,1983,JFM,rain_on_snow_days,5.056,0.715,0.684,21,super,2.140
NORDIC,1983,JFM,snow_cover_days,82.479,6.674,3.008,21,super,2.140
NORDIC,1983,JFM,snow_depth,31.294,0.838,-4.421,21,super,2.140
NORDIC,1983,JFM,snow_max,52.385,1.695,-4.383,21,super,2.140
NORDIC,1983,JFM,thaw_days,59.127,-0.702,4.744,31,super,2.140
NORDIC,1983,JFM,tmax_mean,1.131,-0.116,0.840,31,super,2.140
NORDIC,1983,JFM,tmean,-2.211,-0.307,0.738,32,super,2.140
NORDIC,1983,JFM,tmin_mean,-5.573,-0.573,0.647,31,super,2.140
NORDIC,1983,NDJFM,frost_days,102.879,4.553,-2.279,31,super,2.140
NORDIC,1983,NDJFM,ice_days,44.350,-1.058,-8.985,31,super,2.140
NORDIC,1983,NDJFM,precip,370.341,42.031,53.723,30,super,2.140
NORDIC,1983,NDJFM,precip_days,62.188,4.568,7.007,30,super,2.140
NORDIC,1983,NDJFM,rain_on_snow_days,11.955,3.680,3.475,19,super,2.140
NORDIC,1983,NDJFM,snow_cover_days,112.353,10.021,0.309,19,super,2.140
NORDIC,1983,NDJFM,snow_depth,23.273,2.284,-1.424,19,super,2.140
NORDIC,1983,NDJFM,snow_max,56.603,7.267,1.319,19,super,2.140
NORDIC,1983,NDJFM,thaw_days,105.052,0.706,8.712,31,super,2.140
NORDIC,1983,NDJFM,tmax_mean,1.807,0.068,0.920,31,super,2.140
NORDIC,1983,NDJFM,tmean,-1.270,-0.129,0.864,32,super,2.140
NORDIC,1983,NDJFM,tmin_mean,-4.345,-0.295,0.803,31,super,2.140
NORDIC,1984,DJF,frost_days,70.873,8.546,4.136,32,lanina,-0.630
NORDIC,1984,DJF,ice_days,37.279,5.799,0.068,32,lanina,-0.630
NORDIC,1984,DJF,precip,207.572,6.975,18.889,30,lanina,-0.630
NORDIC,1984,DJF,precip_days,37.299,2.048,3.860,30,lanina,-0.630
NORDIC,1984,DJF,rain_on_snow_days,4.427,-0.696,0.424,21,lanina,-0.630
NORDIC,1984,DJF,snow_cover_days,81.966,6.979,5.168,21,lanina,-0.630
NORDIC,1984,DJF,snow_depth,39.726,15.544,11.857,21,lanina,-0.630
NORDIC,1984,DJF,snow_max,64.462,13.718,12.343,21,lanina,-0.630
NORDIC,1984,DJF,thaw_days,52.190,-5.517,0.148,32,lanina,-0.630
NORDIC,1984,DJF,tmax_mean,-0.445,-1.200,-0.227,32,lanina,-0.630
NORDIC,1984,DJF,tmean,-3.289,-1.259,-0.143,33,lanina,-0.630
NORDIC,1984,DJF,tmin_mean,-6.207,-1.340,-0.085,32,lanina,-0.630
NORDIC,1984,JFM,frost_days,73.276,10.927,6.621,32,lanina,-0.630
NORDIC,1984,JFM,ice_days,35.636,7.413,1.965,32,lanina,-0.630
NORDIC,1984,JFM,precip,158.237,-15.293,-11.622,30,lanina,-0.630
NORDIC,1984,JFM,precip_days,30.421,-2.121,-0.538,30,lanina,-0.630
NORDIC,1984,JFM,rain_on_snow_days,4.576,-1.259,-0.060,23,lanina,-0.630
NORDIC,1984,JFM,snow_cover_days,84.745,9.274,7.508,23,lanina,-0.630
NORDIC,1984,JFM,snow_depth,45.672,17.441,13.302,23,lanina,-0.630
NORDIC,1984,JFM,snow_max,63.994,15.852,11.420,23,lanina,-0.630
NORDIC,1984,JFM,thaw_days,54.062,-7.082,-1.569,32,lanina,-0.630
NORDIC,1984,JFM,tmax_mean,0.014,-1.422,-0.485,32,lanina,-0.630
NORDIC,1984,JFM,tmean,-3.071,-1.395,-0.389,33,lanina,-0.630
NORDIC,1984,JFM,tmin_mean,-6.196,-1.445,-0.303,32,lanina,-0.630
NORDIC,1984,NDJFM,frost_days,115.007,18.236,11.723,32,lanina,-0.630
NORDIC,1984,NDJFM,ice_days,54.912,11.412,3.560,32,lanina,-0.630
NORDIC,1984,NDJFM,precip,304.857,-19.228,-12.872,30,lanina,-0.630
NORDIC,1984,NDJFM,precip_days,54.822,-2.660,-0.464,30,lanina,-0.630
NORDIC,1984,NDJFM,rain_on_snow_days,8.314,-1.163,-0.179,19,lanina,-0.630
NORDIC,1984,NDJFM,snow_cover_days,122.603,18.121,10.853,19,lanina,-0.630
NORDIC,1984,NDJFM,snow_depth,39.899,18.255,15.324,19,lanina,-0.630
NORDIC,1984,NDJFM,snow_max,71.365,17.610,16.286,19,lanina,-0.630
NORDIC,1984,NDJFM,thaw_days,95.115,-11.106,-3.235,32,lanina,-0.630
NORDIC,1984,NDJFM,tmax_mean,0.493,-1.437,-0.605,32,lanina,-0.630
NORDIC,1984,NDJFM,tmean,-2.577,-1.642,-0.705,33,lanina,-0.630
NORDIC,1984,NDJFM,tmin_mean,-5.687,-1.894,-0.851,32,lanina,-0.630
NORDIC,1985,DJF,frost_days,71.916,9.056,5.341,32,lanina,-1.010
NORDIC,1985,DJF,ice_days,48.337,16.087,11.295,32,lanina,-1.010
NORDIC,1985,DJF,precip,141.421,-46.840,-48.114,30,lanina,-1.010
NORDIC,1985,DJF,precip_days,27.045,-7.334,-6.478,30,lanina,-1.010
NORDIC,1985,DJF,rain_on_snow_days,2.607,-1.582,-0.951,21,lanina,-1.010
NORDIC,1985,DJF,snow_cover_days,78.226,3.607,0.235,21,lanina,-1.010
NORDIC,1985,DJF,snow_depth,22.391,-7.413,-8.218,21,lanina,-1.010
NORDIC,1985,DJF,snow_max,45.825,-8.968,-7.502,21,lanina,-1.010
NORDIC,1985,DJF,thaw_days,40.832,-16.154,-11.383,32,lanina,-1.010
NORDIC,1985,DJF,tmax_mean,-3.006,-3.694,-2.820,32,lanina,-1.010
NORDIC,1985,DJF,tmean,-6.015,-3.959,-2.906,33,lanina,-1.010
NORDIC,1985,DJF,tmin_mean,-8.968,-4.054,-2.889,32,lanina,-1.010
NORDIC,1985,JFM,frost_days,77.211,14.479,10.734,32,lanina,-1.010
NORDIC,1985,JFM,ice_days,48.871,20.181,15.388,32,lanina,-1.010
NORDIC,1985,JFM,precip,129.772,-35.036,-41.016,30,lanina,-1.010
NORDIC,1985,JFM,precip_days,27.152,-3.910,-3.915,30,lanina,-1.010
NORDIC,1985,JFM,rain_on_snow_days,3.607,-1.364,-1.053,23,lanina,-1.010
NORDIC,1985,JFM,snow_cover_days,85.449,9.074,8.373,23,lanina,-1.010
NORDIC,1985,JFM,snow_depth,31.667,-0.145,-0.546,23,lanina,-1.010
NORDIC,1985,JFM,snow_max,56.318,3.664,3.929,23,lanina,-1.010
NORDIC,1985,JFM,thaw_days,40.193,-20.397,-15.631,32,lanina,-1.010
NORDIC,1985,JFM,tmax_mean,-3.144,-4.447,-3.678,32,lanina,-1.010
NORDIC,1985,JFM,tmean,-6.416,-4.703,-3.774,33,lanina,-1.010
NORDIC,1985,JFM,tmin_mean,-9.565,-4.767,-3.716,32,lanina,-1.010
NORDIC,1985,NDJFM,frost_days,109.995,12.375,6.973,32,lanina,-1.010
NORDIC,1985,NDJFM,ice_days,62.555,18.220,11.455,32,lanina,-1.010
NORDIC,1985,NDJFM,precip,261.204,-68.514,-57.638,30,lanina,-1.010
NORDIC,1985,NDJFM,precip_days,46.666,-9.700,-8.724,30,lanina,-1.010
NORDIC,1985,NDJFM,rain_on_snow_days,6.301,-2.391,-2.206,19,lanina,-1.010
NORDIC,1985,NDJFM,snow_cover_days,108.712,4.149,-2.744,19,lanina,-1.010
NORDIC,1985,NDJFM,snow_depth,20.129,-3.494,-4.322,19,lanina,-1.010
NORDIC,1985,NDJFM,snow_max,54.853,-2.004,-0.022,19,lanina,-1.010
NORDIC,1985,NDJFM,thaw_days,86.758,-18.713,-11.852,32,lanina,-1.010
NORDIC,1985,NDJFM,tmax_mean,-0.776,-2.634,-1.904,32,lanina,-1.010
NORDIC,1985,NDJFM,tmean,-3.603,-2.674,-1.765,33,lanina,-1.010
NORDIC,1985,NDJFM,tmin_mean,-6.400,-2.570,-1.603,32,lanina,-1.010
NORDIC,1986,DJF,frost_days,76.930,14.087,10.516,32,neutral,-0.400
NORDIC,1986,DJF,ice_days,52.680,20.168,15.808,32,neutral,-0.400
NORDIC,1986,DJF,precip,167.800,-11.690,-22.587,30,neutral,-0.400
NORDIC,1986,DJF,precip_days,29.372,-2.841,-4.234,30,neutral,-0.400
NORDIC,1986,DJF,rain_on_snow_days,2.600,-2.471,-1.582,23,neutral,-0.400
NORDIC,1986,DJF,snow_cover_days,84.729,10.532,10.059,23,neutral,-0.400
NORDIC,1986,DJF,snow_depth,33.607,11.424,8.293,23,neutral,-0.400
NORDIC,1986,DJF,snow_max,55.652,11.040,7.446,23,neutral,-0.400
NORDIC,1986,DJF,thaw_days,35.962,-21.010,-16.426,32,neutral,-0.400
NORDIC,1986,DJF,tmax_mean,-2.850,-3.555,-2.697,32,neutral,-0.400
NORDIC,1986,DJF,tmean,-6.141,-4.082,-3.026,31,neutral,-0.400
NORDIC,1986,DJF,tmin_mean,-9.431,-4.517,-3.395,32,neutral,-0.400
NORDIC,1986,JFM,frost_days,72.851,10.019,6.551,32,neutral,-0.400
NORDIC,1986,JFM,ice_days,40.935,11.950,7.639,32,neutral,-0.400
NORDIC,1986,JFM,precip,147.103,-33.061,-24.614,30,neutral,-0.400
NORDIC,1986,JFM,precip_days,26.997,-4.589,-4.178,30,neutral,-0.400
NORDIC,1986,JFM,rain_on_snow_days,4.955,-0.558,0.271,23,neutral,-0.400
NORDIC,1986,JFM,snow_cover_days,83.726,7.807,6.812,23,neutral,-0.400
NORDIC,1986,JFM,snow_depth,40.940,14.329,8.884,23,neutral,-0.400
NORDIC,1986,JFM,snow_max,58.974,12.725,6.769,23,neutral,-0.400
NORDIC,1986,JFM,thaw_days,47.830,-12.712,-8.187,32,neutral,-0.400
NORDIC,1986,JFM,tmax_mean,-0.991,-2.348,-1.560,32,neutral,-0.400
NORDIC,1986,JFM,tmean,-4.158,-2.465,-1.555,33,neutral,-0.400
NORDIC,1986,JFM,tmin_mean,-7.340,-2.585,-1.535,32,neutral,-0.400
NORDIC,1986,NDJFM,frost_days,117.162,19.892,14.400,32,neutral,-0.400
NORDIC,1986,NDJFM,ice_days,67.136,22.558,16.288,32,neutral,-0.400
NORDIC,1986,NDJFM,precip,291.760,-22.414,-28.193,30,neutral,-0.400
NORDIC,1986,NDJFM,precip_days,51.317,-3.464,-4.177,30,neutral,-0.400
NORDIC,1986,NDJFM,rain_on_snow_days,7.238,-1.394,0.161,23,neutral,-0.400
NORDIC,1986,NDJFM,snow_cover_days,129.614,11.240,11.335,23,neutral,-0.400
NORDIC,1986,NDJFM,snow_depth,29.614,6.764,4.643,23,neutral,-0.400
NORDIC,1986,NDJFM,snow_max,58.224,7.283,4.672,23,neutral,-0.400
NORDIC,1986,NDJFM,thaw_days,81.735,-23.758,-17.136,32,neutral,-0.400
NORDIC,1986,NDJFM,tmax_mean,-0.793,-2.672,-1.952,32,neutral,-0.400
NORDIC,1986,NDJFM,tmean,-3.830,-2.898,-2.027,33,neutral,-0.400
NORDIC,1986,NDJFM,tmin_mean,-6.874,-3.045,-2.117,32,neutral,-0.400
NORDIC,1987,DJF,frost_days,72.202,9.526,5.950,32,elnino,1.180
NORDIC,1987,DJF,ice_days,46.588,14.726,9.886,32,elnino,1.180
NORDIC,1987,DJF,precip,167.494,-28.996,-23.744,30,elnino,1.180
NORDIC,1987,DJF,precip_days,30.074,-5.455,-3.616,30,elnino,1.180
NORDIC,1987,DJF,rain_on_snow_days,3.732,-1.328,-0.423,22,elnino,1.180
NORDIC,1987,DJF,snow_cover_days,82.786,8.232,6.806,22,elnino,1.180
NORDIC,1987,DJF,snow_depth,25.530,-0.366,-0.816,22,elnino,1.180
NORDIC,1987,DJF,snow_max,55.923,4.088,6.017,22,elnino,1.180
NORDIC,1987,DJF,thaw_days,42.790,-14.723,-9.771,32,elnino,1.180
NORDIC,1987,DJF,tmax_mean,-2.824,-3.580,-2.704,32,elnino,1.180
NORDIC,1987,DJF,tmean,-5.903,-3.891,-2.849,32,elnino,1.180
NORDIC,1987,DJF,tmin_mean,-9.020,-4.153,-3.027,32,elnino,1.180
NORDIC,1987,JFM,frost_days,74.638,11.889,8.515,32,elnino,1.180
NORDIC,1987,JFM,ice_days,46.358,17.782,13.250,32,elnino,1.180
NORDIC,1987,JFM,precip,136.849,-37.923,-35.797,30,elnino,1.180
NORDIC,1987,JFM,precip_days,26.176,-6.942,-5.107,30,elnino,1.180
NORDIC,1987,JFM,rain_on_snow_days,4.491,-1.142,-0.217,23,elnino,1.180
NORDIC,1987,JFM,snow_cover_days,86.833,9.274,10.080,23,elnino,1.180
NORDIC,1987,JFM,snow_depth,35.855,5.486,3.957,23,elnino,1.180
NORDIC,1987,JFM,snow_max,58.703,6.874,6.682,23,elnino,1.180
NORDIC,1987,JFM,thaw_days,42.947,-17.910,-13.264,32,elnino,1.180
NORDIC,1987,JFM,tmax_mean,-2.349,-3.731,-2.952,32,elnino,1.180
NORDIC,1987,JFM,tmean,-5.732,-4.043,-3.169,33,elnino,1.180
NORDIC,1987,JFM,tmin_mean,-9.114,-4.376,-3.353,32,elnino,1.180
NORDIC,1987,NDJFM,frost_days,109.251,12.097,6.750,32,elnino,1.180
NORDIC,1987,NDJFM,ice_days,63.290,19.385,12.694,32,elnino,1.180
NORDIC,1987,NDJFM,precip,308.909,-24.269,-12.156,30,elnino,1.180
NORDIC,1987,NDJFM,precip_days,53.823,-4.388,-1.775,30,elnino,1.180
NORDIC,1987,NDJFM,rain_on_snow_days,8.532,-0.991,-0.003,19,elnino,1.180
NORDIC,1987,NDJFM,snow_cover_days,118.474,12.478,7.606,19,elnino,1.180
NORDIC,1987,NDJFM,snow_depth,23.542,-0.062,-0.664,19,elnino,1.180
NORDIC,1987,NDJFM,snow_max,58.513,3.010,4.047,19,elnino,1.180
NORDIC,1987,NDJFM,thaw_days,86.472,-19.462,-12.659,32,elnino,1.180
NORDIC,1987,NDJFM,tmax_mean,-0.693,-2.607,-1.882,32,elnino,1.180
NORDIC,1987,NDJFM,tmean,-3.725,-2.831,-1.958,33,elnino,1.180
NORDIC,1987,NDJFM,tmin_mean,-6.801,-3.008,-2.082,32,elnino,1.180
NORDIC,1988,DJF,frost_days,59.016,-3.627,-7.074,32,elnino,0.630
NORDIC,1988,DJF,ice_days,32.636,1.034,-3.897,32,elnino,0.630
NORDIC,1988,DJF,precip,211.946,25.959,28.266,29,elnino,0.630
NORDIC,1988,DJF,precip_days,37.744,4.430,4.417,29,elnino,0.630
NORDIC,1988,DJF,rain_on_snow_days,4.701,0.281,0.777,22,elnino,0.630
NORDIC,1988,DJF,snow_cover_days,75.880,3.894,-0.516,23,elnino,0.630
NORDIC,1988,DJF,snow_depth,31.142,6.718,3.455,23,elnino,0.630
NORDIC,1988,DJF,snow_max,54.761,6.474,4.035,23,elnino,0.630
NORDIC,1988,DJF,thaw_days,57.029,-0.827,4.295,32,elnino,0.630
NORDIC,1988,DJF,tmax_mean,0.293,-0.451,0.381,32,elnino,0.630
NORDIC,1988,DJF,tmean,-2.383,-0.387,0.612,33,elnino,0.630
NORDIC,1988,DJF,tmin_mean,-5.078,-0.178,0.872,32,elnino,0.630
NORDIC,1988,JFM,frost_days,64.254,1.822,-1.692,32,elnino,0.630
NORDIC,1988,JFM,ice_days,32.999,4.421,0.079,32,elnino,0.630
NORDIC,1988,JFM,precip,197.996,33.380,30.942,29,elnino,0.630
NORDIC,1988,JFM,precip_days,37.884,8.904,6.898,29,elnino,0.630
NORDIC,1988,JFM,rain_on_snow_days,5.318,0.753,1.229,22,elnino,0.630
NORDIC,1988,JFM,snow_cover_days,78.479,4.560,0.454,23,elnino,0.630
NORDIC,1988,JFM,snow_depth,42.778,11.825,8.842,23,elnino,0.630
NORDIC,1988,JFM,snow_max,62.297,12.385,8.676,23,elnino,0.630
NORDIC,1988,JFM,thaw_days,56.601,-4.440,0.197,32,elnino,0.630
NORDIC,1988,JFM,tmax_mean,0.285,-1.077,-0.354,32,elnino,0.630
NORDIC,1988,JFM,tmean,-2.363,-0.673,0.160,33,elnino,0.630
NORDIC,1988,JFM,tmin_mean,-5.020,-0.228,0.697,32,elnino,0.630
NORDIC,1988,NDJFM,frost_days,96.429,-0.625,-5.811,32,elnino,0.630
NORDIC,1988,NDJFM,ice_days,50.329,6.603,-0.015,32,elnino,0.630
NORDIC,1988,NDJFM,precip,337.489,30.650,30.160,29,elnino,0.630
NORDIC,1988,NDJFM,precip_days,61.081,6.147,6.161,29,elnino,0.630
NORDIC,1988,NDJFM,rain_on_snow_days,5.672,-1.461,-0.706,20,elnino,0.630
NORDIC,1988,NDJFM,snow_cover_days,122.996,9.611,1.483,21,elnino,0.630
NORDIC,1988,NDJFM,snow_depth,33.446,9.494,4.636,21,elnino,0.630
NORDIC,1988,NDJFM,snow_max,62.962,9.922,4.192,21,elnino,0.630
NORDIC,1988,NDJFM,thaw_days,99.814,-6.520,0.423,32,elnino,0.630
NORDIC,1988,NDJFM,tmax_mean,1.055,-0.852,-0.165,32,elnino,0.630
NORDIC,1988,NDJFM,tmean,-1.592,-0.698,0.141,33,elnino,0.630
NORDIC,1988,NDJFM,tmin_mean,-4.224,-0.410,0.455,32,elnino,0.630
NORDIC,1989,DJF,frost_days,55.684,-6.959,-10.245,32,lanina,-1.640
NORDIC,1989,DJF,ice_days,24.197,-8.088,-12.166,32,lanina,-1.640
NORDIC,1989,DJF,precip,219.664,8.236,35.205,29,lanina,-1.640
NORDIC,1989,DJF,precip_days,38.288,1.237,4.878,29,lanina,-1.640
NORDIC,1989,DJF,rain_on_snow_days,6.713,2.727,2.770,22,lanina,-1.640
NORDIC,1989,DJF,snow_cover_days,77.046,1.662,-0.999,22,lanina,-1.640
NORDIC,1989,DJF,snow_depth,30.431,4.471,1.800,22,lanina,-1.640
NORDIC,1989,DJF,snow_max,54.941,5.436,2.689,22,lanina,-1.640
NORDIC,1989,DJF,thaw_days,64.875,7.636,11.967,32,lanina,-1.640
NORDIC,1989,DJF,tmax_mean,2.127,1.351,2.182,32,lanina,-1.640
NORDIC,1989,DJF,tmean,-0.813,1.167,2.142,33,lanina,-1.640
NORDIC,1989,DJF,tmin_mean,-3.898,0.965,2.010,32,lanina,-1.640
NORDIC,1989,JFM,frost_days,49.604,-12.762,-16.165,32,lanina,-1.640
NORDIC,1989,JFM,ice_days,15.969,-13.259,-16.762,32,lanina,-1.640
NORDIC,1989,JFM,precip,214.850,27.653,46.919,29,lanina,-1.640
NORDIC,1989,JFM,precip_days,37.105,3.833,6.013,29,lanina,-1.640
NORDIC,1989,JFM,rain_on_snow_days,8.121,3.001,3.686,20,lanina,-1.640
NORDIC,1989,JFM,snow_cover_days,72.092,-4.655,-8.301,20,lanina,-1.640
NORDIC,1989,JFM,snow_depth,33.745,2.379,-2.367,20,lanina,-1.640
NORDIC,1989,JFM,snow_max,53.838,1.047,-3.648,20,lanina,-1.640
NORDIC,1989,JFM,thaw_days,73.209,12.785,16.611,32,lanina,-1.640
NORDIC,1989,JFM,tmax_mean,3.354,1.937,2.680,32,lanina,-1.640
NORDIC,1989,JFM,tmean,0.628,2.313,3.112,33,lanina,-1.640
NORDIC,1989,JFM,tmin_mean,-2.184,2.575,3.489,32,lanina,-1.640
NORDIC,1989,NDJFM,frost_days,89.394,-7.693,-12.585,32,lanina,-1.640
NORDIC,1989,NDJFM,ice_days,35.357,-9.271,-14.735,32,lanina,-1.640
NORDIC,1989,NDJFM,precip,342.960,8.985,34.627,29,lanina,-1.640
NORDIC,1989,NDJFM,precip_days,60.440,1.968,5.416,29,lanina,-1.640
NORDIC,1989,NDJFM,rain_on_snow_days,11.992,2.752,3.490,18,lanina,-1.640
NORDIC,1989,NDJFM,snow_cover_days,110.569,3.421,-4.074,18,lanina,-1.640
NORDIC,1989,NDJFM,snow_depth,27.718,5.353,2.196,18,lanina,-1.640
NORDIC,1989,NDJFM,snow_max,57.015,4.153,0.229,18,lanina,-1.640
NORDIC,1989,NDJFM,thaw_days,114.152,8.720,14.501,32,lanina,-1.640
NORDIC,1989,NDJFM,tmax_mean,2.603,0.673,1.353,32,lanina,-1.640
NORDIC,1989,NDJFM,tmean,-0.304,0.578,1.394,33,lanina,-1.640
NORDIC,1989,NDJFM,tmin_mean,-3.300,0.501,1.340,32,lanina,-1.640
NORDIC,1990,DJF,frost_days,52.665,-10.128,-13.102,32,neutral,0.180
NORDIC,1990,DJF,ice_days,26.754,-5.433,-9.440,32,neutral,0.180
NORDIC,1990,DJF,precip,217.920,30.144,32.683,29,neutral,0.180
NORDIC,1990,DJF,precip_days,38.471,4.820,4.978,29,neutral,0.180
NORDIC,1990,DJF,rain_on_snow_days,6.746,2.126,2.575,21,neutral,0.180
NORDIC,1990,DJF,snow_cover_days,71.572,-2.704,-5.770,21,neutral,0.180
NORDIC,1990,DJF,snow_depth,17.376,-6.025,-9.640,21,neutral,0.180
NORDIC,1990,DJF,snow_max,40.315,-6.631,-10.769,21,neutral,0.180
NORDIC,1990,DJF,thaw_days,62.222,4.952,9.141,32,neutral,0.180
NORDIC,1990,DJF,tmax_mean,1.631,0.853,1.653,32,neutral,0.180
NORDIC,1990,DJF,tmean,-0.991,1.049,1.927,33,neutral,0.180
NORDIC,1990,DJF,tmin_mean,-3.637,1.233,2.228,32,neutral,0.180
NORDIC,1990,JFM,frost_days,49.694,-12.938,-15.897,32,neutral,0.180
NORDIC,1990,JFM,ice_days,20.763,-8.282,-11.781,32,neutral,0.180
NORDIC,1990,JFM,precip,219.278,38.076,50.470,29,neutral,0.180
NORDIC,1990,JFM,precip_days,38.881,7.536,7.683,29,neutral,0.180
NORDIC,1990,JFM,rain_on_snow_days,6.782,2.494,2.926,20,neutral,0.180
NORDIC,1990,JFM,snow_cover_days,70.487,-7.020,-10.256,20,neutral,0.180
NORDIC,1990,JFM,snow_depth,25.218,-11.742,-16.001,20,neutral,0.180
NORDIC,1990,JFM,snow_max,46.031,-9.601,-13.882,20,neutral,0.180
NORDIC,1990,JFM,thaw_days,68.240,7.683,11.449,32,neutral,0.180
NORDIC,1990,JFM,tmax_mean,3.056,1.611,2.348,32,neutral,0.180
NORDIC,1990,JFM,tmean,0.294,1.972,2.738,33,neutral,0.180
NORDIC,1990,JFM,tmin_mean,-2.477,2.281,3.152,32,neutral,0.180
NORDIC,1990,NDJFM,frost_days,84.893,-12.577,-16.825,32,neutral,0.180
NORDIC,1990,NDJFM,ice_days,37.406,-7.338,-12.434,32,neutral,0.180
NORDIC,1990,NDJFM,precip,333.690,16.673,24.352,29,neutral,0.180
NORDIC,1990,NDJFM,precip_days,59.145,3.475,4.017,29,neutral,0.180
NORDIC,1990,NDJFM,rain_on_snow_days,11.777,3.152,3.252,18,neutral,0.180
NORDIC,1990,NDJFM,snow_cover_days,94.700,-11.608,-19.659,18,neutral,0.180
NORDIC,1990,NDJFM,snow_depth,14.658,-7.809,-10.736,18,neutral,0.180
NORDIC,1990,NDJFM,snow_max,40.277,-12.690,-16.311,18,neutral,0.180
NORDIC,1990,NDJFM,thaw_days,111.997,6.682,12.086,32,neutral,0.180
NORDIC,1990,NDJFM,tmax_mean,2.778,0.855,1.498,32,neutral,0.180
NORDIC,1990,NDJFM,tmean,-0.009,0.926,1.654,33,neutral,0.180
NORDIC,1990,NDJFM,tmin_mean,-2.793,1.023,1.809,32,neutral,0.180
NORDIC,1991,DJF,frost_days,62.732,0.222,-2.874,32,neutral,0.350
NORDIC,1991,DJF,ice_days,29.238,-2.107,-6.786,32,neutral,0.350
NORDIC,1991,DJF,precip,198.068,-20.813,12.052,29,neutral,0.350
NORDIC,1991,DJF,precip_days,32.941,-3.955,-0.635,29,neutral,0.350
NORDIC,1991,DJF,rain_on_snow_days,5.451,1.005,1.324,20,neutral,0.350
NORDIC,1991,DJF,snow_cover_days,79.144,4.608,1.690,20,neutral,0.350
NORDIC,1991,DJF,snow_depth,22.997,-0.464,-3.899,20,neutral,0.350
NORDIC,1991,DJF,snow_max,44.005,-3.421,-6.555,20,neutral,0.350
NORDIC,1991,DJF,thaw_days,59.959,1.914,6.705,32,neutral,0.350
NORDIC,1991,DJF,tmax_mean,1.049,0.257,1.039,32,neutral,0.350
NORDIC,1991,DJF,tmean,-1.888,0.132,0.991,33,neutral,0.350
NORDIC,1991,DJF,tmin_mean,-4.808,0.024,1.014,32,neutral,0.350
NORDIC,1991,JFM,frost_days,59.417,-3.282,-5.997,32,neutral,0.350
NORDIC,1991,JFM,ice_days,28.492,0.175,-3.863,32,neutral,0.350
NORDIC,1991,JFM,precip,188.733,-9.901,19.048,29,neutral,0.350
NORDIC,1991,JFM,precip_days,30.650,-2.856,-0.655,29,neutral,0.350
NORDIC,1991,JFM,rain_on_snow_days,5.934,1.013,1.316,21,neutral,0.350
NORDIC,1991,JFM,snow_cover_days,77.882,1.227,-1.389,21,neutral,0.350
NORDIC,1991,JFM,snow_depth,25.898,-4.609,-8.433,21,neutral,0.350
NORDIC,1991,JFM,snow_max,43.009,-7.482,-12.198,21,neutral,0.350
NORDIC,1991,JFM,thaw_days,60.935,-0.233,3.950,32,neutral,0.350
NORDIC,1991,JFM,tmax_mean,1.312,-0.127,0.569,32,neutral,0.350
NORDIC,1991,JFM,tmean,-1.676,-0.005,0.728,33,neutral,0.350
NORDIC,1991,JFM,tmin_mean,-4.614,0.104,0.971,32,neutral,0.350
NORDIC,1991,NDJFM,frost_days,95.057,-2.130,-6.400,32,neutral,0.350
NORDIC,1991,NDJFM,ice_days,42.005,-1.525,-7.584,32,neutral,0.350
NORDIC,1991,NDJFM,precip,327.249,-20.979,16.907,29,neutral,0.350
NORDIC,1991,NDJFM,precip_days,54.454,-3.928,-0.777,29,neutral,0.350
NORDIC,1991,NDJFM,rain_on_snow_days,8.974,1.006,1.824,20,neutral,0.350
NORDIC,1991,NDJFM,snow_cover_days,122.491,5.754,5.101,20,neutral,0.350
NORDIC,1991,NDJFM,snow_depth,21.958,-1.279,-3.012,20,neutral,0.350
NORDIC,1991,NDJFM,snow_max,47.864,-5.012,-7.427,20,neutral,0.350
NORDIC,1991,NDJFM,thaw_days,107.698,1.218,7.527,32,neutral,0.350
NORDIC,1991,NDJFM,tmax_mean,1.934,-0.006,0.624,32,neutral,0.350
NORDIC,1991,NDJFM,tmean,-0.953,-0.035,0.675,33,neutral,0.350
NORDIC,1991,NDJFM,tmin_mean,-3.799,-0.030,0.763,32,neutral,0.350
NORDIC,1992,DJF,frost_days,57.735,-4.708,-7.710,32,elnino,1.540
NORDIC,1992,DJF,ice_days,19.033,-12.250,-16.822,32,elnino,1.540
NORDIC,1992,DJF,precip,196.999,-17.132,10.205,29,elnino,1.540
NORDIC,1992,DJF,precip_days,34.087,-3.498,0.429,29,elnino,1.540
NORDIC,1992,DJF,rain_on_snow_days,8.085,2.814,3.090,18,elnino,1.540
NORDIC,1992,DJF,snow_cover_days,69.523,-0.258,-4.392,18,elnino,1.540
NORDIC,1992,DJF,snow_depth,21.620,-0.492,-4.980,18,elnino,1.540
NORDIC,1992,DJF,snow_max,44.623,-0.433,-6.035,18,elnino,1.540
NORDIC,1992,DJF,thaw_days,71.092,13.051,17.665,32,elnino,1.540
NORDIC,1992,DJF,tmax_mean,3.000,2.155,2.956,32,elnino,1.540
NORDIC,1992,DJF,tmean,-0.059,1.949,2.783,33,elnino,1.540
NORDIC,1992,DJF,tmin_mean,-3.171,1.671,2.607,32,elnino,1.540
NORDIC,1992,JFM,frost_days,54.916,-7.617,-10.321,32,elnino,1.540
NORDIC,1992,JFM,ice_days,16.660,-11.531,-15.507,32,elnino,1.540
NORDIC,1992,JFM,precip,202.381,8.360,31.819,29,elnino,1.540
NORDIC,1992,JFM,precip_days,35.209,1.233,3.798,29,elnino,1.540
NORDIC,1992,JFM,rain_on_snow_days,8.238,2.477,2.765,18,elnino,1.540
NORDIC,1992,JFM,snow_cover_days,70.223,-2.149,-5.650,18,elnino,1.540
NORDIC,1992,JFM,snow_depth,26.367,-2.963,-7.969,18,elnino,1.540
NORDIC,1992,JFM,snow_max,45.062,-4.634,-10.438,18,elnino,1.540
NORDIC,1992,JFM,thaw_days,73.485,12.243,16.308,32,elnino,1.540
NORDIC,1992,JFM,tmax_mean,3.323,1.850,2.545,32,elnino,1.540
NORDIC,1992,JFM,tmean,0.338,2.038,2.703,33,elnino,1.540
NORDIC,1992,JFM,tmin_mean,-2.650,2.080,2.891,32,elnino,1.540
NORDIC,1992,NDJFM,frost_days,86.584,-10.536,-14.612,32,elnino,1.540
NORDIC,1992,NDJFM,ice_days,26.901,-16.524,-22.436,32,elnino,1.540
NORDIC,1992,NDJFM,precip,359.685,11.206,48.339,29,elnino,1.540
NORDIC,1992,NDJFM,precip_days,61.633,1.711,6.299,29,elnino,1.540
NORDIC,1992,NDJFM,rain_on_snow_days,12.431,3.580,3.861,18,elnino,1.540
NORDIC,1992,NDJFM,snow_cover_days,101.346,-4.808,-12.443,18,elnino,1.540
NORDIC,1992,NDJFM,snow_depth,18.994,-2.251,-6.142,18,elnino,1.540
NORDIC,1992,NDJFM,snow_max,46.162,-4.833,-10.030,18,elnino,1.540
NORDIC,1992,NDJFM,thaw_days,123.658,17.206,23.227,32,elnino,1.540
NORDIC,1992,NDJFM,tmax_mean,3.430,1.454,2.089,32,elnino,1.540
NORDIC,1992,NDJFM,tmean,0.582,1.500,2.175,33,elnino,1.540
NORDIC,1992,NDJFM,tmin_mean,-2.279,1.506,2.245,32,elnino,1.540
NORDIC,1993,DJF,frost_days,61.364,-0.862,-3.919,32,neutral,0.130
NORDIC,1993,DJF,ice_days,24.650,-7.328,-11.035,32,neutral,0.130
NORDIC,1993,DJF,precip,203.539,-1.524,15.966,29,neutral,0.130
NORDIC,1993,DJF,precip_days,35.909,-0.477,2.168,29,neutral,0.130
NORDIC,1993,DJF,rain_on_snow_days,8.162,2.743,3.148,18,neutral,0.130
NORDIC,1993,DJF,snow_cover_days,60.600,-8.258,-13.145,18,neutral,0.130
NORDIC,1993,DJF,snow_depth,20.179,-0.526,-6.284,18,neutral,0.130
NORDIC,1993,DJF,snow_max,43.615,-0.418,-6.874,18,neutral,0.130
NORDIC,1993,DJF,thaw_days,64.245,6.822,10.645,32,neutral,0.130
NORDIC,1993,DJF,tmax_mean,1.991,1.217,1.915,32,neutral,0.130
NORDIC,1993,DJF,tmean,-0.801,1.208,2.003,33,neutral,0.130
NORDIC,1993,DJF,tmin_mean,-3.624,1.223,2.111,32,neutral,0.130
NORDIC,1993,JFM,frost_days,63.321,0.888,-1.739,32,neutral,0.130
NORDIC,1993,JFM,ice_days,23.388,-5.335,-8.592,32,neutral,0.130
NORDIC,1993,JFM,precip,173.718,-3.020,2.279,29,neutral,0.130
NORDIC,1993,JFM,precip_days,33.951,0.869,2.433,29,neutral,0.130
NORDIC,1993,JFM,rain_on_snow_days,6.254,0.591,0.751,18,neutral,0.130
NORDIC,1993,JFM,snow_cover_days,67.738,-4.606,-7.965,18,neutral,0.130
NORDIC,1993,JFM,snow_depth,28.264,0.531,-5.883,18,neutral,0.130
NORDIC,1993,JFM,snow_max,50.323,2.237,-4.968,18,neutral,0.130
NORDIC,1993,JFM,thaw_days,65.645,4.802,8.274,32,neutral,0.130
NORDIC,1993,JFM,tmax_mean,2.308,0.882,1.495,32,neutral,0.130
NORDIC,1993,JFM,tmean,-0.831,0.849,1.495,33,neutral,0.130
NORDIC,1993,JFM,tmin_mean,-3.962,0.783,1.535,32,neutral,0.130
NORDIC,1993,NDJFM,frost_days,98.943,1.923,-1.992,32,neutral,0.130
NORDIC,1993,NDJFM,ice_days,37.323,-6.759,-11.762,32,neutral,0.130
NORDIC,1993,NDJFM,precip,352.740,21.205,40.389,29,neutral,0.130
NORDIC,1993,NDJFM,precip_days,61.054,2.965,5.616,29,neutral,0.130
NORDIC,1993,NDJFM,rain_on_snow_days,12.231,3.166,3.639,18,neutral,0.130
NORDIC,1993,NDJFM,snow_cover_days,106.508,-1.179,-6.997,18,neutral,0.130
NORDIC,1993,NDJFM,snow_depth,21.723,1.390,-3.285,18,neutral,0.130
NORDIC,1993,NDJFM,snow_max,51.400,1.438,-4.594,18,neutral,0.130
NORDIC,1993,NDJFM,thaw_days,112.265,6.392,11.574,32,neutral,0.130
NORDIC,1993,NDJFM,tmax_mean,2.446,0.518,1.074,32,neutral,0.130
NORDIC,1993,NDJFM,tmean,-0.426,0.491,1.131,33,neutral,0.130
NORDIC,1993,NDJFM,tmin_mean,-3.309,0.478,1.175,32,neutral,0.130
NORDIC,1994,DJF,frost_days,69.630,7.153,4.507,32,neutral,0.070
NORDIC,1994,DJF,ice_days,43.422,12.022,7.906,32,neutral,0.070
NORDIC,1994,DJF,precip,199.985,16.080,11.633,29,neutral,0.070
NORDIC,1994,DJF,precip_days,35.160,0.845,1.336,29,neutral,0.070
NORDIC,1994,DJF,rain_on_snow_days,2.833,-1.514,-1.352,20,neutral,0.070
NORDIC,1994,DJF,snow_cover_days,84.118,9.465,7.063,20,neutral,0.070
NORDIC,1994,DJF,snow_depth,32.655,9.641,6.161,20,neutral,0.070
NORDIC,1994,DJF,snow_max,52.767,5.974,2.658,20,neutral,0.070
NORDIC,1994,DJF,thaw_days,45.411,-12.649,-8.362,32,neutral,0.070
NORDIC,1994,DJF,tmax_mean,-1.300,-2.079,-1.409,32,neutral,0.070
NORDIC,1994,DJF,tmean,-4.232,-2.205,-1.467,33,neutral,0.070
NORDIC,1994,DJF,tmin_mean,-7.081,-2.210,-1.388,32,neutral,0.070
NORDIC,1994,JFM,frost_days,68.357,5.941,3.475,32,neutral,0.070
NORDIC,1994,JFM,ice_days,39.171,10.844,7.379,32,neutral,0.070
NORDIC,1994,JFM,precip,183.035,10.496,10.719,29,neutral,0.070
NORDIC,1994,JFM,precip_days,33.011,1.151,1.388,29,neutral,0.070
NORDIC,1994,JFM,rain_on_snow_days,3.660,-1.151,-1.043,21,neutral,0.070
NORDIC,1994,JFM,snow_cover_days,86.000,8.740,7.172,21,neutral,0.070
NORDIC,1994,JFM,snow_depth,43.445,12.974,9.648,21,neutral,0.070
NORDIC,1994,JFM,snow_max,60.432,8.715,5.801,21,neutral,0.070
NORDIC,1994,JFM,thaw_days,50.025,-11.202,-7.540,32,neutral,0.070
NORDIC,1994,JFM,tmax_mean,-0.426,-1.861,-1.273,32,neutral,0.070
NORDIC,1994,JFM,tmean,-3.648,-1.982,-1.362,33,neutral,0.070
NORDIC,1994,JFM,tmin_mean,-6.770,-2.027,-1.317,32,neutral,0.070
NORDIC,1994,NDJFM,frost_days,108.907,12.170,8.233,32,neutral,0.070
NORDIC,1994,NDJFM,ice_days,59.575,16.119,10.743,32,neutral,0.070
NORDIC,1994,NDJFM,precip,338.576,-6.190,25.220,29,neutral,0.070
NORDIC,1994,NDJFM,precip_days,57.055,-1.532,1.514,29,neutral,0.070
NORDIC,1994,NDJFM,rain_on_snow_days,6.298,-2.280,-0.927,20,neutral,0.070
NORDIC,1994,NDJFM,snow_cover_days,131.208,16.221,14.575,20,neutral,0.070
NORDIC,1994,NDJFM,snow_depth,29.785,10.122,5.207,20,neutral,0.070
NORDIC,1994,NDJFM,snow_max,58.044,7.941,3.300,20,neutral,0.070
NORDIC,1994,NDJFM,thaw_days,89.606,-16.916,-11.346,32,neutral,0.070
NORDIC,1994,NDJFM,tmax_mean,0.213,-1.744,-1.189,32,neutral,0.070
NORDIC,1994,NDJFM,tmean,-2.673,-1.739,-1.150,33,neutral,0.070
NORDIC,1994,NDJFM,tmin_mean,-5.452,-1.676,-1.007,32,neutral,0.070
NORDIC,1995,DJF,frost_days,62.019,-0.140,-2.941,32,elnino,0.880
NORDIC,1995,DJF,ice_days,27.762,-4.088,-7.584,32,elnino,0.880
NORDIC,1995,DJF,precip,227.171,38.444,38.040,29,elnino,0.880
NORDIC,1995,DJF,precip_days,38.550,5.505,4.643,29,elnino,0.880
NORDIC,1995,DJF,rain_on_snow_days,7.992,2.557,2.939,18,elnino,0.880
NORDIC,1995,DJF,snow_cover_days,71.177,2.670,-2.226,18,elnino,0.880
NORDIC,1995,DJF,snow_depth,23.781,0.328,-2.410,18,elnino,0.880
NORDIC,1995,DJF,snow_max,51.369,2.896,1.219,18,elnino,0.880
NORDIC,1995,DJF,thaw_days,61.186,3.546,7.240,32,elnino,0.880
NORDIC,1995,DJF,tmax_mean,1.510,0.768,1.368,32,elnino,0.880
NORDIC,1995,DJF,tmean,-1.207,0.794,1.520,33,elnino,0.880
NORDIC,1995,DJF,tmin_mean,-3.926,0.929,1.724,32,elnino,0.880
NORDIC,1995,JFM,frost_days,63.497,1.298,-1.208,32,elnino,0.880
NORDIC,1995,JFM,ice_days,27.207,-1.552,-4.396,32,elnino,0.880
NORDIC,1995,JFM,precip,206.388,40.456,33.195,29,elnino,0.880
NORDIC,1995,JFM,precip_days,34.609,5.054,2.879,29,elnino,0.880
NORDIC,1995,JFM,rain_on_snow_days,7.241,2.071,2.509,21,elnino,0.880
NORDIC,1995,JFM,snow_cover_days,82.559,5.321,3.879,21,elnino,0.880
NORDIC,1995,JFM,snow_depth,31.241,0.369,-2.378,21,elnino,0.880
NORDIC,1995,JFM,snow_max,53.000,1.931,-1.439,21,elnino,0.880
NORDIC,1995,JFM,thaw_days,61.724,0.914,3.965,32,elnino,0.880
NORDIC,1995,JFM,tmax_mean,1.552,0.178,0.669,32,elnino,0.880
NORDIC,1995,JFM,tmean,-1.255,0.431,0.992,33,elnino,0.880
NORDIC,1995,JFM,tmin_mean,-4.043,0.708,1.365,32,elnino,0.880
NORDIC,1995,NDJFM,frost_days,96.783,0.063,-3.630,32,elnino,0.880
NORDIC,1995,NDJFM,ice_days,40.422,-3.736,-8.159,32,elnino,0.880
NORDIC,1995,NDJFM,precip,357.618,34.143,43.258,29,elnino,0.880
NORDIC,1995,NDJFM,precip_days,58.879,4.747,3.234,29,elnino,0.880
NORDIC,1995,NDJFM,rain_on_snow_days,12.808,3.594,4.171,18,elnino,0.880
NORDIC,1995,NDJFM,snow_cover_days,114.862,7.092,1.927,18,elnino,0.880
NORDIC,1995,NDJFM,snow_depth,22.677,0.218,-2.074,18,elnino,0.880
NORDIC,1995,NDJFM,snow_max,55.000,2.396,-0.598,18,elnino,0.880
NORDIC,1995,NDJFM,thaw_days,108.905,3.003,7.694,32,elnino,0.880
NORDIC,1995,NDJFM,tmax_mean,2.304,0.397,0.871,32,elnino,0.880
NORDIC,1995,NDJFM,tmean,-0.409,0.491,1.079,33,elnino,0.880
NORDIC,1995,NDJFM,tmin_mean,-3.105,0.680,1.302,32,elnino,0.880
NORDIC,1996,DJF,frost_days,77.062,14.181,12.219,30,lanina,-0.880
NORDIC,1996,DJF,ice_days,47.920,15.973,12.563,30,lanina,-0.880
NORDIC,1996,DJF,precip,119.365,-90.097,-73.079,28,lanina,-0.880
NORDIC,1996,DJF,precip_days,21.715,-15.606,-12.458,28,lanina,-0.880
NORDIC,1996,DJF,rain_on_snow_days,2.119,-2.519,-2.186,20,lanina,-0.880
NORDIC,1996,DJF,snow_cover_days,83.781,9.341,8.619,20,lanina,-0.880
NORDIC,1996,DJF,snow_depth,24.482,0.957,-0.895,20,lanina,-0.880
NORDIC,1996,DJF,snow_max,41.194,-6.588,-7.369,20,lanina,-0.880
NORDIC,1996,DJF,thaw_days,41.807,-15.361,-12.138,30,lanina,-0.880
NORDIC,1996,DJF,tmax_mean,-1.661,-2.336,-1.789,30,lanina,-0.880
NORDIC,1996,DJF,tmean,-4.764,-2.634,-2.012,31,lanina,-0.880
NORDIC,1996,DJF,tmin_mean,-7.732,-2.741,-2.046,30,lanina,-0.880
NORDIC,1996,JFM,frost_days,77.855,15.100,13.280,30,lanina,-0.880
NORDIC,1996,JFM,ice_days,36.227,7.563,4.625,30,lanina,-0.880
NORDIC,1996,JFM,precip,100.701,-85.000,-75.374,28,lanina,-0.880
NORDIC,1996,JFM,precip_days,19.368,-14.442,-12.641,28,lanina,-0.880
NORDIC,1996,JFM,rain_on_snow_days,2.302,-2.967,-2.498,20,lanina,-0.880
NORDIC,1996,JFM,snow_cover_days,83.336,6.340,6.167,20,lanina,-0.880
NORDIC,1996,JFM,snow_depth,29.233,-1.688,-2.900,20,lanina,-0.880
NORDIC,1996,JFM,snow_max,44.055,-7.040,-8.385,20,lanina,-0.880
NORDIC,1996,JFM,thaw_days,53.262,-7.284,-4.508,30,lanina,-0.880
NORDIC,1996,JFM,tmax_mean,0.007,-1.367,-0.870,30,lanina,-0.880
NORDIC,1996,JFM,tmean,-3.277,-1.529,-1.013,31,lanina,-0.880
NORDIC,1996,JFM,tmin_mean,-6.480,-1.643,-1.039,30,lanina,-0.880
NORDIC,1996,NDJFM,frost_days,122.907,25.500,22.620,30,lanina,-0.880
NORDIC,1996,NDJFM,ice_days,61.683,17.540,12.994,30,lanina,-0.880
NORDIC,1996,NDJFM,precip,197.126,-124.711,-121.883,28,lanina,-0.880
NORDIC,1996,NDJFM,precip_days,36.833,-21.261,-19.187,28,lanina,-0.880
NORDIC,1996,NDJFM,rain_on_snow_days,3.956,-2.999,-3.452,18,lanina,-0.880
NORDIC,1996,NDJFM,snow_cover_days,132.138,18.128,16.412,18,lanina,-0.880
NORDIC,1996,NDJFM,snow_depth,24.486,-0.211,0.274,18,lanina,-0.880
NORDIC,1996,NDJFM,snow_max,46.067,-11.843,-8.695,18,lanina,-0.880
NORDIC,1996,NDJFM,thaw_days,88.122,-17.401,-12.995,30,lanina,-0.880
NORDIC,1996,NDJFM,tmax_mean,0.007,-1.856,-1.412,30,lanina,-0.880
NORDIC,1996,NDJFM,tmean,-3.210,-2.196,-1.699,31,lanina,-0.880
NORDIC,1996,NDJFM,tmin_mean,-6.319,-2.429,-1.875,30,lanina,-0.880
NORDIC,1997,DJF,frost_days,68.290,6.242,4.227,32,neutral,-0.410
NORDIC,1997,DJF,ice_days,33.970,2.187,-0.364,32,neutral,-0.410
NORDIC,1997,DJF,precip,177.593,-8.166,-18.004,29,neutral,-0.410
NORDIC,1997,DJF,precip_days,31.828,-2.239,-2.940,29,neutral,-0.410
NORDIC,1997,DJF,rain_on_snow_days,5.204,0.838,0.903,20,neutral,-0.410
NORDIC,1997,DJF,snow_cover_days,79.723,5.194,3.070,20,neutral,-0.410
NORDIC,1997,DJF,snow_depth,30.358,6.920,3.931,20,neutral,-0.410
NORDIC,1997,DJF,snow_max,53.650,6.631,3.145,20,neutral,-0.410
NORDIC,1997,DJF,thaw_days,55.065,-2.341,0.102,32,neutral,-0.410
NORDIC,1997,DJF,tmax_mean,0.254,-0.573,-0.063,32,neutral,-0.410
NORDIC,1997,DJF,tmean,-2.954,-1.068,-0.436,33,neutral,-0.410
NORDIC,1997,DJF,tmin_mean,-6.116,-1.357,-0.711,32,neutral,-0.410
NORDIC,1997,JFM,frost_days,64.468,2.369,0.625,32,neutral,-0.410
NORDIC,1997,JFM,ice_days,27.061,-1.288,-3.550,32,neutral,-0.410
NORDIC,1997,JFM,precip,177.088,7.899,-1.592,29,neutral,-0.410
NORDIC,1997,JFM,precip_days,30.231,-1.624,-2.095,29,neutral,-0.410
NORDIC,1997,JFM,rain_on_snow_days,5.328,0.643,0.677,19,neutral,-0.410
NORDIC,1997,JFM,snow_cover_days,76.556,-0.959,-3.067,19,neutral,-0.410
NORDIC,1997,JFM,snow_depth,37.693,6.198,2.539,19,neutral,-0.410
NORDIC,1997,JFM,snow_max,57.478,5.328,0.972,19,neutral,-0.410
NORDIC,1997,JFM,thaw_days,62.184,1.100,3.424,32,neutral,-0.410
NORDIC,1997,JFM,tmax_mean,1.749,0.238,0.689,32,neutral,-0.410
NORDIC,1997,JFM,tmean,-1.601,-0.040,0.441,33,neutral,-0.410
NORDIC,1997,JFM,tmin_mean,-4.879,-0.236,0.295,32,neutral,-0.410
NORDIC,1997,NDJFM,frost_days,106.391,9.143,6.386,31,neutral,-0.410
NORDIC,1997,NDJFM,ice_days,50.025,5.193,1.683,31,neutral,-0.410
NORDIC,1997,NDJFM,precip,315.368,17.713,-8.505,28,neutral,-0.410
NORDIC,1997,NDJFM,precip_days,54.633,0.289,-2.020,28,neutral,-0.410
NORDIC,1997,NDJFM,rain_on_snow_days,9.958,1.452,1.334,17,neutral,-0.410
NORDIC,1997,NDJFM,snow_cover_days,111.450,4.678,-1.528,17,neutral,-0.410
NORDIC,1997,NDJFM,snow_depth,29.775,7.437,4.827,17,neutral,-0.410
NORDIC,1997,NDJFM,snow_max,64.517,12.853,8.665,17,neutral,-0.410
NORDIC,1997,NDJFM,thaw_days,99.473,-5.435,-1.990,31,neutral,-0.410
NORDIC,1997,NDJFM,tmax_mean,1.336,-0.524,-0.127,31,neutral,-0.410
NORDIC,1997,NDJFM,tmean,-1.824,-0.879,-0.372,32,neutral,-0.410
NORDIC,1997,NDJFM,tmin_mean,-4.892,-1.008,-0.527,31,neutral,-0.410
NORDIC,1998,DJF,frost_days,56.663,-5.669,-7.237,32,super,2.220
NORDIC,1998,DJF,ice_days,27.236,-4.328,-6.931,32,super,2.220
NORDIC,1998,DJF,precip,190.502,4.000,-5.950,29,super,2.220
NORDIC,1998,DJF,precip_days,36.260,3.576,1.393,29,super,2.220
NORDIC,1998,DJF,rain_on_snow_days,5.017,0.229,0.696,20,super,2.220
NORDIC,1998,DJF,snow_cover_days,73.428,-1.416,-3.094,20,super,2.220
NORDIC,1998,DJF,snow_depth,23.788,0.486,-2.511,20,super,2.220
NORDIC,1998,DJF,snow_max,50.350,3.640,-0.013,20,super,2.220
NORDIC,1998,DJF,thaw_days,61.811,4.112,6.676,32,super,2.220
NORDIC,1998,DJF,tmax_mean,1.271,0.415,0.921,32,super,2.220
NORDIC,1998,DJF,tmean,-1.518,0.384,0.962,33,super,2.220
NORDIC,1998,DJF,tmin_mean,-4.253,0.500,1.111,32,super,2.220
NORDIC,1998,JFM,frost_days,59.344,-2.605,-4.319,32,super,2.220
NORDIC,1998,JFM,ice_days,26.582,-1.626,-3.843,32,super,2.220
NORDIC,1998,JFM,precip,182.682,21.463,3.077,29,super,2.220
NORDIC,1998,JFM,precip_days,34.731,5.176,2.293,29,super,2.220
NORDIC,1998,JFM,rain_on_snow_days,4.972,0.233,0.174,20,super,2.220
NORDIC,1998,JFM,snow_cover_days,74.900,-1.812,-3.613,20,super,2.220
NORDIC,1998,JFM,snow_depth,32.181,2.067,-1.338,20,super,2.220
NORDIC,1998,JFM,snow_max,52.400,2.347,-1.929,20,super,2.220
NORDIC,1998,JFM,thaw_days,62.501,1.342,3.549,32,super,2.220
NORDIC,1998,JFM,tmax_mean,1.569,0.065,0.475,32,super,2.220
NORDIC,1998,JFM,tmean,-1.765,-0.176,0.238,33,super,2.220
NORDIC,1998,JFM,tmin_mean,-4.971,-0.343,0.160,32,super,2.220
NORDIC,1998,NDJFM,frost_days,93.563,-2.902,-5.070,32,super,2.220
NORDIC,1998,NDJFM,ice_days,43.199,-0.274,-3.632,32,super,2.220
NORDIC,1998,NDJFM,precip,300.764,-16.407,-23.765,29,super,2.220
NORDIC,1998,NDJFM,precip_days,56.217,0.898,-0.599,29,super,2.220
NORDIC,1998,NDJFM,rain_on_snow_days,6.892,-1.623,-0.447,19,super,2.220
NORDIC,1998,NDJFM,snow_cover_days,119.435,2.078,2.176,19,super,2.220
NORDIC,1998,NDJFM,snow_depth,26.082,4.312,0.622,19,super,2.220
NORDIC,1998,NDJFM,snow_max,56.622,6.350,-0.594,19,super,2.220
NORDIC,1998,NDJFM,thaw_days,106.240,-0.180,3.244,32,super,2.220
NORDIC,1998,NDJFM,tmax_mean,1.859,-0.144,0.226,32,super,2.220
NORDIC,1998,NDJFM,tmean,-1.042,-0.229,0.215,33,super,2.220
NORDIC,1998,NDJFM,tmin_mean,-3.861,-0.183,0.286,32,super,2.220
NORDIC,1999,DJF,frost_days,64.689,2.604,0.630,30,lanina,-1.510
NORDIC,1999,DJF,ice_days,34.354,2.776,0.142,30,lanina,-1.510
NORDIC,1999,DJF,precip,192.303,4.480,-2.033,27,lanina,-1.510
NORDIC,1999,DJF,precip_days,36.927,2.417,2.135,27,lanina,-1.510
NORDIC,1999,DJF,rain_on_snow_days,4.309,-1.000,-0.796,17,lanina,-1.510
NORDIC,1999,DJF,snow_cover_days,71.547,1.585,-1.565,17,lanina,-1.510
NORDIC,1999,DJF,snow_depth,20.089,-3.176,-6.049,17,lanina,-1.510
NORDIC,1999,DJF,snow_max,44.183,-3.247,-6.022,17,lanina,-1.510
NORDIC,1999,DJF,thaw_days,54.685,-3.203,-0.404,30,lanina,-1.510
NORDIC,1999,DJF,tmax_mean,-0.087,-0.887,-0.431,30,lanina,-1.510
NORDIC,1999,DJF,tmean,-2.978,-1.039,-0.479,31,lanina,-1.510
NORDIC,1999,DJF,tmin_mean,-5.734,-0.923,-0.339,30,lanina,-1.510
NORDIC,1999,JFM,frost_days,65.097,2.587,0.873,31,lanina,-1.510
NORDIC,1999,JFM,ice_days,33.298,4.051,2.319,31,lanina,-1.510
NORDIC,1999,JFM,precip,172.172,15.424,-6.254,28,lanina,-1.510
NORDIC,1999,JFM,precip_days,34.500,4.629,2.117,28,lanina,-1.510
NORDIC,1999,JFM,rain_on_snow_days,4.394,-0.504,-0.432,20,lanina,-1.510
NORDIC,1999,JFM,snow_cover_days,81.800,4.588,3.428,20,lanina,-1.510
NORDIC,1999,JFM,snow_depth,32.586,1.497,-0.757,20,lanina,-1.510
NORDIC,1999,JFM,snow_max,54.761,3.506,0.620,20,lanina,-1.510
NORDIC,1999,JFM,thaw_days,55.936,-4.380,-2.463,31,lanina,-1.510
NORDIC,1999,JFM,tmax_mean,0.286,-1.046,-0.718,31,lanina,-1.510
NORDIC,1999,JFM,tmean,-2.741,-0.985,-0.615,32,lanina,-1.510
NORDIC,1999,JFM,tmin_mean,-5.594,-0.749,-0.308,31,lanina,-1.510
NORDIC,1999,NDJFM,frost_days,104.918,8.635,6.064,30,lanina,-1.510
NORDIC,1999,NDJFM,ice_days,51.850,7.875,5.004,30,lanina,-1.510
NORDIC,1999,NDJFM,precip,301.997,-10.879,-19.098,27,lanina,-1.510
NORDIC,1999,NDJFM,precip_days,55.713,0.176,-0.939,27,lanina,-1.510
NORDIC,1999,NDJFM,rain_on_snow_days,7.093,-1.677,-1.572,17,lanina,-1.510
NORDIC,1999,NDJFM,snow_cover_days,117.123,8.549,4.702,17,lanina,-1.510
NORDIC,1999,NDJFM,snow_depth,20.960,-1.786,-3.734,17,lanina,-1.510
NORDIC,1999,NDJFM,snow_max,52.808,-0.076,-2.658,17,lanina,-1.510
NORDIC,1999,NDJFM,thaw_days,97.696,-8.373,-5.288,30,lanina,-1.510
NORDIC,1999,NDJFM,tmax_mean,0.681,-1.251,-0.948,30,lanina,-1.510
NORDIC,1999,NDJFM,tmean,-2.128,-1.278,-0.853,31,lanina,-1.510
NORDIC,1999,NDJFM,tmin_mean,-4.798,-1.023,-0.618,30,lanina,-1.510
NORDIC,2000,DJF,frost_days,61.509,0.251,-1.712,32,lanina,-1.470
NORDIC,2000,DJF,ice_days,28.091,-2.975,-5.349,32,lanina,-1.470
NORDIC,2000,DJF,precip,229.793,57.304,62.155,26,lanina,-1.470
NORDIC,2000,DJF,precip_days,39.473,6.729,7.258,26,lanina,-1.470
NORDIC,2000,DJF,rain_on_snow_days,4.092,-0.347,-0.195,19,lanina,-1.470
NORDIC,2000,DJF,snow_cover_days,79.583,4.827,3.059,19,lanina,-1.470
NORDIC,2000,DJF,snow_depth,32.466,7.910,6.445,19,lanina,-1.470
NORDIC,2000,DJF,snow_max,57.256,9.931,7.555,19,lanina,-1.470
NORDIC,2000,DJF,thaw_days,61.836,3.546,6.002,32,lanina,-1.470
NORDIC,2000,DJF,tmax_mean,1.212,0.302,0.761,32,lanina,-1.470
NORDIC,2000,DJF,tmean,-1.743,0.134,0.620,33,lanina,-1.470
NORDIC,2000,DJF,tmin_mean,-4.664,-0.028,0.542,32,lanina,-1.470
NORDIC,2000,JFM,frost_days,59.493,-2.016,-3.599,32,lanina,-1.470
NORDIC,2000,JFM,ice_days,22.909,-5.112,-6.884,32,lanina,-1.470
NORDIC,2000,JFM,precip,186.038,35.817,39.088,26,lanina,-1.470
NORDIC,2000,JFM,precip_days,34.186,4.772,5.140,26,lanina,-1.470
NORDIC,2000,JFM,rain_on_snow_days,5.681,0.696,0.826,20,lanina,-1.470
NORDIC,2000,JFM,snow_cover_days,78.811,1.560,0.581,20,lanina,-1.470
NORDIC,2000,JFM,snow_depth,39.022,7.350,5.854,20,lanina,-1.470
NORDIC,2000,JFM,snow_max,64.783,12.877,10.829,20,lanina,-1.470
NORDIC,2000,JFM,thaw_days,67.280,5.872,7.712,32,lanina,-1.470
NORDIC,2000,JFM,tmax_mean,2.347,0.782,1.158,32,lanina,-1.470
NORDIC,2000,JFM,tmean,-0.773,0.751,1.110,33,lanina,-1.470
NORDIC,2000,JFM,tmin_mean,-3.878,0.657,1.105,32,lanina,-1.470
NORDIC,2000,NDJFM,frost_days,93.982,-0.771,-3.464,32,lanina,-1.470
NORDIC,2000,NDJFM,ice_days,38.301,-4.569,-7.535,32,lanina,-1.470
NORDIC,2000,NDJFM,precip,350.009,65.169,70.490,26,lanina,-1.470
NORDIC,2000,NDJFM,precip_days,60.810,7.755,8.170,26,lanina,-1.470
NORDIC,2000,NDJFM,rain_on_snow_days,9.933,1.123,1.247,17,lanina,-1.470
NORDIC,2000,NDJFM,snow_cover_days,110.950,1.964,-1.193,17,lanina,-1.470
NORDIC,2000,NDJFM,snow_depth,32.570,8.781,8.003,17,lanina,-1.470
NORDIC,2000,NDJFM,snow_max,74.842,20.981,19.569,17,lanina,-1.470
NORDIC,2000,NDJFM,thaw_days,112.375,5.250,8.405,32,lanina,-1.470
NORDIC,2000,NDJFM,tmax_mean,2.522,0.439,0.803,32,lanina,-1.470
NORDIC,2000,NDJFM,tmean,-0.442,0.342,0.709,33,lanina,-1.470
NORDIC,2000,NDJFM,tmin_mean,-3.308,0.263,0.691,32,lanina,-1.470
NORDIC,2001,DJF,frost_days,59.445,-2.346,-3.910,33,lanina,-0.760
NORDIC,2001,DJF,ice_days,30.629,-0.246,-2.908,32,lanina,-0.760
NORDIC,2001,DJF,precip,165.614,-6.809,-4.032,24,lanina,-0.760
NORDIC,2001,DJF,precip_days,32.282,-0.503,-0.148,24,lanina,-0.760
NORDIC,2001,DJF,rain_on_snow_days,2.800,-1.029,-1.002,17,lanina,-0.760
NORDIC,2001,DJF,snow_cover_days,68.900,-8.735,-8.760,17,lanina,-0.760
NORDIC,2001,DJF,snow_depth,19.821,-8.458,-10.394,17,lanina,-0.760
NORDIC,2001,DJF,snow_max,42.800,-9.301,-11.473,17,lanina,-0.760
NORDIC,2001,DJF,thaw_days,58.224,-0.263,2.367,32,lanina,-0.760
NORDIC,2001,DJF,tmax_mean,0.979,0.074,0.512,32,lanina,-0.760
NORDIC,2001,DJF,tmean,-1.775,0.084,0.569,33,lanina,-0.760
NORDIC,2001,DJF,tmin_mean,-4.318,0.320,0.879,33,lanina,-0.760
NORDIC,2001,JFM,frost_days,66.774,5.036,3.702,33,lanina,-0.760
NORDIC,2001,JFM,ice_days,32.992,4.961,3.124,32,lanina,-0.760
NORDIC,2001,JFM,precip,132.191,-19.399,-16.287,24,lanina,-0.760
NORDIC,2001,JFM,precip_days,27.361,-2.360,-1.778,24,lanina,-0.760
NORDIC,2001,JFM,rain_on_snow_days,4.113,-0.515,-0.442,19,lanina,-0.760
NORDIC,2001,JFM,snow_cover_days,80.000,3.083,2.170,19,lanina,-0.760
NORDIC,2001,JFM,snow_depth,25.650,-7.255,-9.059,19,lanina,-0.760
NORDIC,2001,JFM,snow_max,43.700,-9.504,-11.620,19,lanina,-0.760
NORDIC,2001,JFM,thaw_days,55.776,-5.744,-3.806,32,lanina,-0.760
NORDIC,2001,JFM,tmax_mean,0.566,-0.920,-0.609,32,lanina,-0.760
NORDIC,2001,JFM,tmean,-2.698,-1.136,-0.813,33,lanina,-0.760
NORDIC,2001,JFM,tmin_mean,-5.785,-1.235,-0.821,33,lanina,-0.760
NORDIC,2001,NDJFM,frost_days,93.370,-2.100,-4.360,33,lanina,-0.760
NORDIC,2001,NDJFM,ice_days,45.293,2.615,-0.637,32,lanina,-0.760
NORDIC,2001,NDJFM,precip,302.728,16.179,20.371,24,lanina,-0.760
NORDIC,2001,NDJFM,precip_days,55.464,1.830,2.622,24,lanina,-0.760
NORDIC,2001,NDJFM,rain_on_snow_days,5.401,-1.899,-1.252,17,lanina,-0.760
NORDIC,2001,NDJFM,snow_cover_days,108.267,-12.551,-12.474,17,lanina,-0.760
NORDIC,2001,NDJFM,snow_depth,20.411,-6.070,-8.063,17,lanina,-0.760
NORDIC,2001,NDJFM,snow_max,48.367,-7.612,-10.954,17,lanina,-0.760
NORDIC,2001,NDJFM,thaw_days,104.126,-3.157,0.120,32,lanina,-0.760
NORDIC,2001,NDJFM,tmax_mean,1.888,-0.141,0.153,32,lanina,-0.760
NORDIC,2001,NDJFM,tmean,-0.953,-0.163,0.175,33,lanina,-0.760
NORDIC,2001,NDJFM,tmin_mean,-3.571,0.033,0.425,33,lanina,-0.760
NORDIC,2002,DJF,frost_days,59.980,-1.845,-3.213,33,neutral,-0.150
NORDIC,2002,DJF,ice_days,30.758,-0.100,-2.612,32,neutral,-0.150
NORDIC,2002,DJF,precip,206.257,31.332,35.983,24,neutral,-0.150
NORDIC,2002,DJF,precip_days,35.761,2.622,3.254,24,neutral,-0.150
NORDIC,2002,DJF,rain_on_snow_days,5.304,1.267,1.212,18,neutral,-0.150
NORDIC,2002,DJF,snow_cover_days,78.489,3.899,1.869,18,neutral,-0.150
NORDIC,2002,DJF,snow_depth,22.271,-3.827,-5.586,18,neutral,-0.150
NORDIC,2002,DJF,snow_max,51.322,1.936,-0.099,18,neutral,-0.150
NORDIC,2002,DJF,thaw_days,58.527,0.040,2.497,32,neutral,-0.150
NORDIC,2002,DJF,tmax_mean,0.948,0.070,0.449,32,neutral,-0.150
NORDIC,2002,DJF,tmean,-1.989,-0.105,0.316,33,neutral,-0.150
NORDIC,2002,DJF,tmin_mean,-4.954,-0.268,0.201,33,neutral,-0.150
NORDIC,2002,JFM,frost_days,58.556,-3.725,-4.593,32,neutral,-0.150
NORDIC,2002,JFM,ice_days,31.519,-1.202,-3.231,30,neutral,-0.150
NORDIC,2002,JFM,precip,197.203,43.139,48.106,24,neutral,-0.150
NORDIC,2002,JFM,precip_days,35.150,5.354,5.941,24,neutral,-0.150
NORDIC,2002,JFM,rain_on_snow_days,7.103,2.522,2.724,19,neutral,-0.150
NORDIC,2002,JFM,snow_cover_days,79.567,2.702,1.884,19,neutral,-0.150
NORDIC,2002,JFM,snow_depth,30.413,-2.436,-3.963,19,neutral,-0.150
NORDIC,2002,JFM,snow_max,55.683,1.671,0.865,19,neutral,-0.150
NORDIC,2002,JFM,thaw_days,57.817,1.220,3.235,30,neutral,-0.150
NORDIC,2002,JFM,tmax_mean,1.197,0.425,0.722,30,neutral,-0.150
NORDIC,2002,JFM,tmean,-0.993,0.568,0.852,33,neutral,-0.150
NORDIC,2002,JFM,tmin_mean,-4.267,0.381,0.686,32,neutral,-0.150
NORDIC,2002,NDJFM,frost_days,96.075,0.421,-1.392,33,neutral,-0.150
NORDIC,2002,NDJFM,ice_days,52.258,1.502,-1.851,30,neutral,-0.150
NORDIC,2002,NDJFM,precip,308.486,21.001,25.363,24,neutral,-0.150
NORDIC,2002,NDJFM,precip_days,55.954,2.434,3.033,24,neutral,-0.150
NORDIC,2002,NDJFM,rain_on_snow_days,9.969,3.311,2.968,18,neutral,-0.150
NORDIC,2002,NDJFM,snow_cover_days,125.867,9.487,8.738,18,neutral,-0.150
NORDIC,2002,NDJFM,snow_depth,23.708,-2.876,-2.342,18,neutral,-0.150
NORDIC,2002,NDJFM,snow_max,57.767,3.341,1.784,18,neutral,-0.150
NORDIC,2002,NDJFM,thaw_days,97.343,-1.597,1.737,30,neutral,-0.150
NORDIC,2002,NDJFM,tmax_mean,1.202,-0.055,0.252,30,neutral,-0.150
NORDIC,2002,NDJFM,tmean,-0.907,-0.103,0.185,33,neutral,-0.150
NORDIC,2002,NDJFM,tmin_mean,-4.029,-0.389,-0.071,33,neutral,-0.150
NORDIC,2003,DJF,frost_days,66.635,4.476,3.606,33,elnino,0.900
NORDIC,2003,DJF,ice_days,37.828,6.704,4.624,32,elnino,0.900
NORDIC,2003,DJF,precip,112.793,-58.542,-58.111,24,elnino,0.900
NORDIC,2003,DJF,precip_days,21.936,-10.596,-10.647,24,elnino,0.900
NORDIC,2003,DJF,rain_on_snow_days,4.017,0.119,-0.222,19,elnino,0.900
NORDIC,2003,DJF,snow_cover_days,81.267,6.475,5.166,19,elnino,0.900
NORDIC,2003,DJF,snow_depth,28.575,3.274,1.380,19,elnino,0.900
NORDIC,2003,DJF,snow_max,50.767,0.826,-0.291,19,elnino,0.900
NORDIC,2003,DJF,thaw_days,51.302,-6.851,-4.900,32,elnino,0.900
NORDIC,2003,DJF,tmax_mean,-0.645,-1.514,-1.177,32,elnino,0.900
NORDIC,2003,DJF,tmean,-3.761,-1.830,-1.494,33,elnino,0.900
NORDIC,2003,DJF,tmin_mean,-6.853,-2.175,-1.740,33,elnino,0.900
NORDIC,2003,JFM,frost_days,63.219,1.147,0.506,33,elnino,0.900
NORDIC,2003,JFM,ice_days,27.749,-0.266,-1.754,32,elnino,0.900
NORDIC,2003,JFM,precip,114.753,-34.567,-34.962,24,elnino,0.900
NORDIC,2003,JFM,precip_days,22.539,-6.413,-6.739,24,elnino,0.900
NORDIC,2003,JFM,rain_on_snow_days,5.817,1.322,1.163,19,elnino,0.900
NORDIC,2003,JFM,snow_cover_days,78.050,0.480,-0.125,19,elnino,0.900
NORDIC,2003,JFM,snow_depth,31.919,-0.914,-1.282,19,elnino,0.900
NORDIC,2003,JFM,snow_max,51.133,-1.853,-2.405,19,elnino,0.900
NORDIC,2003,JFM,thaw_days,61.499,0.130,1.538,32,elnino,0.900
NORDIC,2003,JFM,tmax_mean,1.420,-0.088,0.178,32,elnino,0.900
NORDIC,2003,JFM,tmean,-1.949,-0.388,-0.142,33,elnino,0.900
NORDIC,2003,JFM,tmin_mean,-5.297,-0.740,-0.419,33,elnino,0.900
NORDIC,2003,NDJFM,frost_days,101.517,5.680,4.313,33,elnino,0.900
NORDIC,2003,NDJFM,ice_days,52.185,9.307,6.746,32,elnino,0.900
NORDIC,2003,NDJFM,precip,194.727,-88.566,-89.162,24,elnino,0.900
NORDIC,2003,NDJFM,precip_days,37.311,-15.423,-15.689,24,elnino,0.900
NORDIC,2003,NDJFM,rain_on_snow_days,7.514,0.092,0.301,19,elnino,0.900
NORDIC,2003,NDJFM,snow_cover_days,130.260,11.183,14.443,19,elnino,0.900
NORDIC,2003,NDJFM,snow_depth,24.143,-0.179,-1.195,19,elnino,0.900
NORDIC,2003,NDJFM,snow_max,51.133,-1.850,-4.488,19,elnino,0.900
NORDIC,2003,NDJFM,thaw_days,97.740,-9.277,-6.778,32,elnino,0.900
NORDIC,2003,NDJFM,tmax_mean,0.975,-1.064,-0.821,32,elnino,0.900
NORDIC,2003,NDJFM,tmean,-2.040,-1.193,-0.984,33,elnino,0.900
NORDIC,2003,NDJFM,tmin_mean,-5.011,-1.400,-1.091,33,elnino,0.900
NORDIC,2004,DJF,frost_days,66.991,4.982,4.125,33,neutral,0.340
NORDIC,2004,DJF,ice_days,33.823,2.582,0.786,32,neutral,0.340
NORDIC,2004,DJF,precip,175.487,0.315,3.954,24,neutral,0.340
NORDIC,2004,DJF,precip_days,33.350,0.361,0.690,24,neutral,0.340
NORDIC,2004,DJF,rain_on_snow_days,3.014,-1.301,-1.244,19,neutral,0.340
NORDIC,2004,DJF,snow_cover_days,76.546,1.600,0.579,19,neutral,0.340
NORDIC,2004,DJF,snow_depth,24.753,-0.106,-2.324,19,neutral,0.340
NORDIC,2004,DJF,snow_max,48.450,0.617,-2.499,19,neutral,0.340
NORDIC,2004,DJF,thaw_days,56.674,-1.512,0.299,32,neutral,0.340
NORDIC,2004,DJF,tmax_mean,0.762,-0.113,0.198,32,neutral,0.340
NORDIC,2004,DJF,tmean,-2.263,-0.391,-0.033,33,neutral,0.340
NORDIC,2004,DJF,tmin_mean,-5.289,-0.605,-0.218,33,neutral,0.340
NORDIC,2004,JFM,frost_days,66.056,3.968,3.524,33,neutral,0.340
NORDIC,2004,JFM,ice_days,30.169,2.038,0.848,32,neutral,0.340
NORDIC,2004,JFM,precip,139.206,-12.484,-11.127,24,neutral,0.340
NORDIC,2004,JFM,precip_days,28.151,-1.355,-1.197,24,neutral,0.340
NORDIC,2004,JFM,rain_on_snow_days,3.912,-0.612,-0.770,19,neutral,0.340
NORDIC,2004,JFM,snow_cover_days,81.393,4.254,3.948,19,neutral,0.340
NORDIC,2004,JFM,snow_depth,32.528,-1.146,-1.416,19,neutral,0.340
NORDIC,2004,JFM,snow_max,50.517,-3.453,-4.242,19,neutral,0.340
NORDIC,2004,JFM,thaw_days,60.469,-0.917,0.318,32,neutral,0.340
NORDIC,2004,JFM,tmax_mean,1.474,-0.031,0.197,32,neutral,0.340
NORDIC,2004,JFM,tmean,-1.696,-0.135,0.071,33,neutral,0.340
NORDIC,2004,JFM,tmin_mean,-4.807,-0.251,0.028,33,neutral,0.340
NORDIC,2004,NDJFM,frost_days,96.422,0.136,-0.518,33,neutral,0.340
NORDIC,2004,NDJFM,ice_days,41.701,-1.476,-3.493,32,neutral,0.340
NORDIC,2004,NDJFM,precip,269.328,-18.675,-15.328,24,neutral,0.340
NORDIC,2004,NDJFM,precip_days,51.282,-2.409,-1.797,24,neutral,0.340
NORDIC,2004,NDJFM,rain_on_snow_days,5.477,-1.967,-1.238,17,neutral,0.340
NORDIC,2004,NDJFM,snow_cover_days,115.617,-5.895,-4.319,17,neutral,0.340
NORDIC,2004,NDJFM,snow_depth,24.607,-2.321,-3.504,17,neutral,0.340
NORDIC,2004,NDJFM,snow_max,54.600,-2.783,-4.359,17,neutral,0.340
NORDIC,2004,NDJFM,thaw_days,109.593,2.776,4.819,32,neutral,0.340
NORDIC,2004,NDJFM,tmax_mean,2.319,0.298,0.494,32,neutral,0.340
NORDIC,2004,NDJFM,tmean,-0.629,0.174,0.392,33,neutral,0.340
NORDIC,2004,NDJFM,tmin_mean,-3.544,0.085,0.337,33,neutral,0.340
NORDIC,2005,DJF,frost_days,61.084,-0.924,-1.618,33,elnino,0.620
NORDIC,2005,DJF,ice_days,25.519,-5.455,-7.351,32,elnino,0.620
NORDIC,2005,DJF,precip,202.750,2.247,18.523,25,elnino,0.620
NORDIC,2005,DJF,precip_days,33.995,0.033,0.687,25,elnino,0.620
NORDIC,2005,DJF,rain_on_snow_days,4.633,0.409,0.762,17,elnino,0.620
NORDIC,2005,DJF,snow_cover_days,74.700,-1.888,-2.457,17,elnino,0.620
NORDIC,2005,DJF,snow_depth,28.543,-1.314,-1.253,17,elnino,0.620
NORDIC,2005,DJF,snow_max,51.567,-0.510,-2.462,17,elnino,0.620
NORDIC,2005,DJF,thaw_days,63.860,5.357,7.314,32,elnino,0.620
NORDIC,2005,DJF,tmax_mean,2.024,1.117,1.428,32,elnino,0.620
NORDIC,2005,DJF,tmean,-0.796,1.042,1.395,33,elnino,0.620
NORDIC,2005,DJF,tmin_mean,-3.565,1.085,1.464,33,elnino,0.620
NORDIC,2005,JFM,frost_days,63.553,1.531,1.200,33,elnino,0.620
NORDIC,2005,JFM,ice_days,28.445,0.481,-0.693,32,elnino,0.620
NORDIC,2005,JFM,precip,153.386,-13.201,-6.824,25,elnino,0.620
NORDIC,2005,JFM,precip_days,27.353,-2.842,-2.603,25,elnino,0.620
NORDIC,2005,JFM,rain_on_snow_days,2.768,-1.744,-1.832,17,elnino,0.620
NORDIC,2005,JFM,snow_cover_days,76.667,-1.811,-2.348,17,elnino,0.620
NORDIC,2005,JFM,snow_depth,38.022,0.160,-1.434,17,elnino,0.620
NORDIC,2005,JFM,snow_max,53.033,-3.563,-5.605,17,elnino,0.620
NORDIC,2005,JFM,thaw_days,60.897,-0.656,0.556,32,elnino,0.620
NORDIC,2005,JFM,tmax_mean,1.880,0.347,0.568,32,elnino,0.620
NORDIC,2005,JFM,tmean,-1.363,0.198,0.365,33,elnino,0.620
NORDIC,2005,JFM,tmin_mean,-4.494,0.066,0.298,33,elnino,0.620
NORDIC,2005,NDJFM,frost_days,97.839,1.602,1.162,33,elnino,0.620
NORDIC,2005,NDJFM,ice_days,42.656,-0.171,-2.293,32,elnino,0.620
NORDIC,2005,NDJFM,precip,310.621,-12.856,4.358,25,elnino,0.620
NORDIC,2005,NDJFM,precip_days,51.922,-2.733,-2.230,25,elnino,0.620
NORDIC,2005,NDJFM,rain_on_snow_days,5.869,-1.575,-0.866,17,elnino,0.620
NORDIC,2005,NDJFM,snow_cover_days,118.467,-2.074,-1.202,17,elnino,0.620
NORDIC,2005,NDJFM,snow_depth,27.650,-0.303,-0.340,17,elnino,0.620
NORDIC,2005,NDJFM,snow_max,54.700,-2.374,-4.139,17,elnino,0.620
NORDIC,2005,NDJFM,thaw_days,107.332,0.182,2.303,32,elnino,0.620
NORDIC,2005,NDJFM,tmax_mean,2.463,0.416,0.607,32,elnino,0.620
NORDIC,2005,NDJFM,tmean,-0.650,0.102,0.336,33,elnino,0.620
NORDIC,2005,NDJFM,tmin_mean,-3.687,-0.065,0.156,33,elnino,0.620
NORDIC,2006,DJF,frost_days,66.468,5.360,4.780,31,lanina,-0.860
NORDIC,2006,DJF,ice_days,31.347,0.974,-0.514,30,lanina,-0.860
NORDIC,2006,DJF,precip,155.489,-20.170,-28.787,25,lanina,-0.860
NORDIC,2006,DJF,precip_days,27.091,-6.087,-6.402,25,lanina,-0.860
NORDIC,2006,DJF,rain_on_snow_days,2.862,-1.399,-1.296,18,lanina,-0.860
NORDIC,2006,DJF,snow_cover_days,79.751,3.740,3.559,18,lanina,-0.860
NORDIC,2006,DJF,snow_depth,23.668,-1.781,-4.516,18,lanina,-0.860
NORDIC,2006,DJF,snow_max,42.844,-5.234,-9.740,18,lanina,-0.860
NORDIC,2006,DJF,thaw_days,57.507,-1.537,-0.072,30,lanina,-0.860
NORDIC,2006,DJF,tmax_mean,0.586,-0.336,-0.092,30,lanina,-0.860
NORDIC,2006,DJF,tmean,-2.222,-0.322,-0.069,31,lanina,-0.860
NORDIC,2006,DJF,tmin_mean,-4.909,-0.322,-0.032,31,lanina,-0.860
NORDIC,2006,JFM,frost_days,71.745,10.473,10.382,31,lanina,-0.860
NORDIC,2006,JFM,ice_days,33.657,6.116,5.406,30,lanina,-0.860
NORDIC,2006,JFM,precip,131.330,-20.440,-29.021,25,lanina,-0.860
NORDIC,2006,JFM,precip_days,22.738,-6.986,-7.300,25,lanina,-0.860
NORDIC,2006,JFM,rain_on_snow_days,3.584,-1.699,-1.320,19,lanina,-0.860
NORDIC,2006,JFM,snow_cover_days,81.953,4.631,10.738,19,lanina,-0.860
NORDIC,2006,JFM,snow_depth,25.800,-3.924,-2.922,19,lanina,-0.860
NORDIC,2006,JFM,snow_max,45.050,-4.696,-3.428,19,lanina,-0.860
NORDIC,2006,JFM,thaw_days,55.130,-6.847,-6.127,30,lanina,-0.860
NORDIC,2006,JFM,tmax_mean,0.289,-1.219,-1.091,30,lanina,-0.860
NORDIC,2006,JFM,tmean,-3.007,-1.432,-1.305,32,lanina,-0.860
NORDIC,2006,JFM,tmin_mean,-6.125,-1.617,-1.473,31,lanina,-0.860
NORDIC,2006,NDJFM,frost_days,105.736,11.179,10.795,31,lanina,-0.860
NORDIC,2006,NDJFM,ice_days,47.439,5.393,3.912,30,lanina,-0.860
NORDIC,2006,NDJFM,precip,283.825,-19.009,-21.574,25,lanina,-0.860
NORDIC,2006,NDJFM,precip_days,48.351,-5.585,-5.988,25,lanina,-0.860
NORDIC,2006,NDJFM,rain_on_snow_days,6.077,-2.524,-2.766,15,lanina,-0.860
NORDIC,2006,NDJFM,snow_cover_days,113.795,4.660,4.799,15,lanina,-0.860
NORDIC,2006,NDJFM,snow_depth,19.889,-2.994,-3.640,15,lanina,-0.860
NORDIC,2006,NDJFM,snow_max,46.700,-6.233,-7.038,15,lanina,-0.860
NORDIC,2006,NDJFM,thaw_days,101.791,-6.188,-4.711,30,lanina,-0.860
NORDIC,2006,NDJFM,tmax_mean,1.510,-0.547,-0.424,30,lanina,-0.860
NORDIC,2006,NDJFM,tmean,-1.501,-0.683,-0.554,31,lanina,-0.860
NORDIC,2006,NDJFM,tmin_mean,-4.337,-0.793,-0.638,31,lanina,-0.860
NORDIC,2007,DJF,frost_days,52.670,-8.722,-9.140,32,elnino,0.620
NORDIC,2007,DJF,ice_days,27.418,-3.106,-4.409,31,elnino,0.620
NORDIC,2007,DJF,precip,240.596,51.875,59.779,23,elnino,0.620
NORDIC,2007,DJF,precip_days,39.113,5.161,5.811,23,elnino,0.620
NORDIC,2007,DJF,rain_on_snow_days,2.481,-1.486,-1.226,14,elnino,0.620
NORDIC,2007,DJF,snow_cover_days,67.388,-11.605,-9.691,14,elnino,0.620
NORDIC,2007,DJF,snow_depth,26.036,-9.418,-4.868,14,elnino,0.620
NORDIC,2007,DJF,snow_max,52.814,-6.625,-2.458,14,elnino,0.620
NORDIC,2007,DJF,thaw_days,61.939,3.052,4.326,31,elnino,0.620
NORDIC,2007,DJF,tmax_mean,1.873,0.953,1.162,31,elnino,0.620
NORDIC,2007,DJF,tmean,-0.951,0.917,1.164,33,elnino,0.620
NORDIC,2007,DJF,tmin_mean,-3.631,0.949,1.200,32,elnino,0.620
NORDIC,2007,JFM,frost_days,54.716,-6.822,-6.726,32,elnino,0.620
NORDIC,2007,JFM,ice_days,25.751,-1.797,-2.317,31,elnino,0.620
NORDIC,2007,JFM,precip,185.813,20.486,28.396,23,elnino,0.620
NORDIC,2007,JFM,precip_days,33.722,3.583,3.871,23,elnino,0.620
NORDIC,2007,JFM,rain_on_snow_days,3.466,-0.863,-0.920,15,elnino,0.620
NORDIC,2007,JFM,snow_cover_days,75.201,-3.080,-3.208,15,elnino,0.620
NORDIC,2007,JFM,snow_depth,32.990,-6.360,-7.580,15,elnino,0.620
NORDIC,2007,JFM,snow_max,53.159,-5.872,-7.263,15,elnino,0.620
NORDIC,2007,JFM,thaw_days,63.716,1.747,2.268,31,elnino,0.620
NORDIC,2007,JFM,tmax_mean,2.224,0.705,0.796,31,elnino,0.620
NORDIC,2007,JFM,tmean,-0.994,0.566,0.656,33,elnino,0.620
NORDIC,2007,JFM,tmin_mean,-4.028,0.464,0.570,32,elnino,0.620
NORDIC,2007,NDJFM,frost_days,79.574,-15.446,-15.546,32,elnino,0.620
NORDIC,2007,NDJFM,ice_days,34.208,-7.903,-9.110,31,elnino,0.620
NORDIC,2007,NDJFM,precip,383.660,70.444,83.922,23,elnino,0.620
NORDIC,2007,NDJFM,precip_days,62.571,7.652,8.541,23,elnino,0.620
NORDIC,2007,NDJFM,rain_on_snow_days,8.164,2.444,1.615,14,elnino,0.620
NORDIC,2007,NDJFM,snow_cover_days,112.580,-8.823,-7.428,14,elnino,0.620
NORDIC,2007,NDJFM,snow_depth,25.678,-6.902,-3.355,14,elnino,0.620
NORDIC,2007,NDJFM,snow_max,54.048,-10.717,-6.026,14,elnino,0.620
NORDIC,2007,NDJFM,thaw_days,116.074,8.175,9.361,31,elnino,0.620
NORDIC,2007,NDJFM,tmax_mean,3.426,1.368,1.457,31,elnino,0.620
NORDIC,2007,NDJFM,tmean,0.509,1.285,1.424,33,elnino,0.620
NORDIC,2007,NDJFM,tmin_mean,-2.262,1.271,1.391,32,elnino,0.620
NORDIC,2008,DJF,frost_days,51.102,-10.290,-10.546,32,lanina,-1.760
NORDIC,2008,DJF,ice_days,18.672,-11.852,-12.981,31,lanina,-1.760
NORDIC,2008,DJF,precip,210.383,25.853,28.906,23,lanina,-1.760
NORDIC,2008,DJF,precip_days,36.757,3.048,3.387,23,lanina,-1.760
NORDIC,2008,DJF,rain_on_snow_days,5.290,2.395,1.656,15,lanina,-1.760
NORDIC,2008,DJF,snow_cover_days,63.831,-10.548,-11.056,15,lanina,-1.760
NORDIC,2008,DJF,snow_depth,18.150,-12.984,-11.673,15,lanina,-1.760
NORDIC,2008,DJF,snow_max,37.270,-19.558,-16.110,15,lanina,-1.760
NORDIC,2008,DJF,thaw_days,71.378,12.492,13.585,31,lanina,-1.760
NORDIC,2008,DJF,tmax_mean,2.914,1.994,2.171,31,lanina,-1.760
NORDIC,2008,DJF,tmean,0.444,2.314,2.520,33,lanina,-1.760
NORDIC,2008,DJF,tmin_mean,-2.010,2.570,2.779,32,lanina,-1.760
NORDIC,2008,JFM,frost_days,55.750,-5.788,-5.512,32,lanina,-1.760
NORDIC,2008,JFM,ice_days,20.840,-6.707,-7.037,31,lanina,-1.760
NORDIC,2008,JFM,precip,203.098,35.371,45.041,23,lanina,-1.760
NORDIC,2008,JFM,precip_days,37.985,7.486,8.068,23,lanina,-1.760
NORDIC,2008,JFM,rain_on_snow_days,5.292,1.167,1.083,15,lanina,-1.760
NORDIC,2008,JFM,snow_cover_days,69.749,-9.631,-9.626,15,lanina,-1.760
NORDIC,2008,JFM,snow_depth,23.115,-15.504,-16.576,15,lanina,-1.760
NORDIC,2008,JFM,snow_max,40.962,-19.458,-20.690,15,lanina,-1.760
NORDIC,2008,JFM,thaw_days,69.198,7.229,7.550,31,lanina,-1.760
NORDIC,2008,JFM,tmax_mean,2.689,1.170,1.226,31,lanina,-1.760
NORDIC,2008,JFM,tmean,-0.077,1.484,1.535,33,lanina,-1.760
NORDIC,2008,JFM,tmin_mean,-2.770,1.722,1.785,32,lanina,-1.760
NORDIC,2008,NDJFM,frost_days,87.828,-7.192,-7.030,32,lanina,-1.760
NORDIC,2008,NDJFM,ice_days,30.622,-11.489,-12.438,31,lanina,-1.760
NORDIC,2008,NDJFM,precip,344.830,36.851,44.281,23,lanina,-1.760
NORDIC,2008,NDJFM,precip_days,61.612,7.130,7.511,23,lanina,-1.760
NORDIC,2008,NDJFM,rain_on_snow_days,7.711,1.492,1.139,14,lanina,-1.760
NORDIC,2008,NDJFM,snow_cover_days,110.491,-9.079,-9.249,14,lanina,-1.760
NORDIC,2008,NDJFM,snow_depth,20.487,-9.740,-8.442,14,lanina,-1.760
NORDIC,2008,NDJFM,snow_max,47.095,-15.669,-12.884,14,lanina,-1.760
NORDIC,2008,NDJFM,thaw_days,119.911,12.011,12.929,31,lanina,-1.760
NORDIC,2008,NDJFM,tmax_mean,3.108,1.050,1.109,31,lanina,-1.760
NORDIC,2008,NDJFM,tmean,0.442,1.242,1.322,33,lanina,-1.760
NORDIC,2008,NDJFM,tmin_mean,-2.155,1.378,1.461,32,lanina,-1.760
NORDIC,2009,DJF,frost_days,62.762,2.034,1.947,31,lanina,-0.890
NORDIC,2009,DJF,ice_days,30.008,0.698,-0.250,30,lanina,-0.890
NORDIC,2009,DJF,precip,144.047,-35.122,-40.402,22,lanina,-0.890
NORDIC,2009,DJF,precip_days,27.089,-5.518,-6.470,22,lanina,-0.890
NORDIC,2009,DJF,rain_on_snow_days,3.341,-0.781,-0.954,16,lanina,-0.890
NORDIC,2009,DJF,snow_cover_days,72.778,1.075,0.038,16,lanina,-0.890
NORDIC,2009,DJF,snow_depth,20.113,-2.844,-4.931,16,lanina,-0.890
NORDIC,2009,DJF,snow_max,44.746,0.040,-3.421,16,lanina,-0.890
NORDIC,2009,DJF,thaw_days,59.202,-0.892,0.016,30,lanina,-0.890
NORDIC,2009,DJF,tmax_mean,1.023,-0.147,-0.008,30,lanina,-0.890
NORDIC,2009,DJF,tmean,-1.593,-0.012,0.115,32,lanina,-0.890
NORDIC,2009,DJF,tmin_mean,-3.949,0.230,0.393,31,lanina,-0.890
NORDIC,2009,JFM,frost_days,63.756,2.886,3.367,31,lanina,-0.890
NORDIC,2009,JFM,ice_days,29.516,3.148,3.003,30,lanina,-0.890
NORDIC,2009,JFM,precip,139.750,-21.428,-20.825,22,lanina,-0.890
NORDIC,2009,JFM,precip_days,26.811,-3.079,-3.263,22,lanina,-0.890
NORDIC,2009,JFM,rain_on_snow_days,2.415,-2.028,-2.553,16,lanina,-0.890
NORDIC,2009,JFM,snow_cover_days,76.279,2.520,1.132,16,lanina,-0.890
NORDIC,2009,JFM,snow_depth,27.729,-3.315,-4.174,16,lanina,-0.890
NORDIC,2009,JFM,snow_max,47.254,-2.402,-4.469,16,lanina,-0.890
NORDIC,2009,JFM,thaw_days,59.685,-3.461,-3.335,30,lanina,-0.890
NORDIC,2009,JFM,tmax_mean,1.202,-0.541,-0.526,30,lanina,-0.890
NORDIC,2009,JFM,tmean,-1.615,-0.359,-0.351,32,lanina,-0.890
NORDIC,2009,JFM,tmin_mean,-4.243,-0.136,-0.118,31,lanina,-0.890
NORDIC,2009,NDJFM,frost_days,97.888,4.218,4.667,31,lanina,-0.890
NORDIC,2009,NDJFM,ice_days,40.213,0.214,-0.510,30,lanina,-0.890
NORDIC,2009,NDJFM,precip,268.563,-35.351,-36.543,22,lanina,-0.890
NORDIC,2009,NDJFM,precip_days,49.251,-4.370,-5.108,22,lanina,-0.890
NORDIC,2009,NDJFM,rain_on_snow_days,5.427,-1.670,-1.961,16,lanina,-0.890
NORDIC,2009,NDJFM,snow_cover_days,115.730,-0.243,6.032,16,lanina,-0.890
NORDIC,2009,NDJFM,snow_depth,20.745,-0.820,-2.393,16,lanina,-0.890
NORDIC,2009,NDJFM,snow_max,47.587,-1.955,-4.797,16,lanina,-0.890
NORDIC,2009,NDJFM,thaw_days,109.514,-0.497,0.182,30,lanina,-0.890
NORDIC,2009,NDJFM,tmax_mean,2.203,-0.088,-0.063,30,lanina,-0.890
NORDIC,2009,NDJFM,tmean,-0.523,-0.006,0.014,32,lanina,-0.890
NORDIC,2009,NDJFM,tmin_mean,-3.051,0.104,0.147,31,lanina,-0.890
NORDIC,2010,DJF,frost_days,73.820,12.428,12.496,32,elnino,1.470
NORDIC,2010,DJF,ice_days,51.357,20.832,20.051,31,elnino,1.470
NORDIC,2010,DJF,precip,128.660,-40.867,-54.138,23,elnino,1.470
NORDIC,2010,DJF,precip_days,27.125,-5.335,-6.380,23,elnino,1.470
NORDIC,2010,DJF,rain_on_snow_days,1.493,-2.490,-2.440,16,elnino,1.470
NORDIC,2010,DJF,snow_cover_days,77.815,6.980,4.171,16,elnino,1.470
NORDIC,2010,DJF,snow_depth,27.977,3.027,0.641,16,elnino,1.470
NORDIC,2010,DJF,snow_max,54.341,8.036,4.120,16,elnino,1.470
NORDIC,2010,DJF,thaw_days,37.946,-20.941,-20.208,31,elnino,1.470
NORDIC,2010,DJF,tmax_mean,-2.040,-2.960,-2.849,31,elnino,1.470
NORDIC,2010,DJF,tmean,-5.117,-3.156,-3.117,33,elnino,1.470
NORDIC,2010,DJF,tmin_mean,-7.765,-3.185,-3.059,32,elnino,1.470
NORDIC,2010,JFM,frost_days,72.959,11.421,12.058,32,elnino,1.470
NORDIC,2010,JFM,ice_days,46.165,18.617,18.669,31,elnino,1.470
NORDIC,2010,JFM,precip,127.868,-24.327,-31.469,23,elnino,1.470
NORDIC,2010,JFM,precip_days,26.476,-3.285,-3.572,23,elnino,1.470
NORDIC,2010,JFM,rain_on_snow_days,3.363,-1.259,-1.551,18,elnino,1.470
NORDIC,2010,JFM,snow_cover_days,82.367,9.740,9.113,18,elnino,1.470
NORDIC,2010,JFM,snow_depth,39.275,9.886,8.781,18,elnino,1.470
NORDIC,2010,JFM,snow_max,62.395,15.461,13.184,18,elnino,1.470
NORDIC,2010,JFM,thaw_days,43.254,-18.716,-18.792,31,elnino,1.470
NORDIC,2010,JFM,tmax_mean,-1.089,-2.607,-2.621,31,elnino,1.470
NORDIC,2010,JFM,tmean,-4.466,-2.905,-2.932,33,elnino,1.470
NORDIC,2010,JFM,tmin_mean,-7.454,-2.961,-2.985,32,elnino,1.470
NORDIC,2010,NDJFM,frost_days,104.176,9.156,9.843,32,elnino,1.470
NORDIC,2010,NDJFM,ice_days,63.348,21.237,20.801,31,elnino,1.470
NORDIC,2010,NDJFM,precip,268.064,-21.685,-34.108,23,elnino,1.470
NORDIC,2010,NDJFM,precip_days,50.500,-3.198,-3.743,23,elnino,1.470
NORDIC,2010,NDJFM,rain_on_snow_days,4.004,-2.543,-2.534,15,elnino,1.470
NORDIC,2010,NDJFM,snow_cover_days,119.690,4.754,3.526,15,elnino,1.470
NORDIC,2010,NDJFM,snow_depth,28.714,4.147,0.949,15,elnino,1.470
NORDIC,2010,NDJFM,snow_max,65.540,16.131,7.657,15,elnino,1.470
NORDIC,2010,NDJFM,thaw_days,86.722,-21.178,-20.798,31,elnino,1.470
NORDIC,2010,NDJFM,tmax_mean,0.342,-1.716,-1.720,31,elnino,1.470
NORDIC,2010,NDJFM,tmean,-2.629,-1.789,-1.820,33,elnino,1.470
NORDIC,2010,NDJFM,tmin_mean,-5.256,-1.723,-1.717,32,elnino,1.470
NORDIC,2011,DJF,frost_days,72.285,11.346,11.604,28,lanina,-1.290
NORDIC,2011,DJF,ice_days,45.456,15.531,14.979,27,lanina,-1.290
NORDIC,2011,DJF,precip,141.556,-26.699,-29.290,22,lanina,-1.290
NORDIC,2011,DJF,precip_days,30.203,-2.532,-2.793,22,lanina,-1.290
NORDIC,2011,DJF,rain_on_snow_days,3.769,-1.289,-0.960,16,lanina,-1.290
NORDIC,2011,DJF,snow_cover_days,87.650,11.476,14.453,16,lanina,-1.290
NORDIC,2011,DJF,snow_depth,41.267,15.971,15.955,16,lanina,-1.290
NORDIC,2011,DJF,snow_max,69.076,17.665,20.111,16,lanina,-1.290
NORDIC,2011,DJF,thaw_days,43.984,-15.498,-15.000,27,lanina,-1.290
NORDIC,2011,DJF,tmax_mean,-1.476,-2.542,-2.471,27,lanina,-1.290
NORDIC,2011,DJF,tmean,-4.619,-2.915,-2.870,29,lanina,-1.290
NORDIC,2011,DJF,tmin_mean,-7.549,-3.228,-3.156,28,lanina,-1.290
NORDIC,2011,JFM,frost_days,65.904,4.864,5.712,28,lanina,-1.290
NORDIC,2011,JFM,ice_days,30.820,3.953,4.222,27,lanina,-1.290
NORDIC,2011,JFM,precip,137.270,-10.237,-13.058,22,lanina,-1.290
NORDIC,2011,JFM,precip_days,27.954,-1.642,-1.611,22,lanina,-1.290
NORDIC,2011,JFM,rain_on_snow_days,4.943,-0.585,-0.328,16,lanina,-1.290
NORDIC,2011,JFM,snow_cover_days,84.483,7.964,9.462,16,lanina,-1.290
NORDIC,2011,JFM,snow_depth,48.904,20.789,16.869,16,lanina,-1.290
NORDIC,2011,JFM,snow_max,73.074,24.321,20.635,16,lanina,-1.290
NORDIC,2011,JFM,thaw_days,58.586,-4.059,-4.365,27,lanina,-1.290
NORDIC,2011,JFM,tmax_mean,0.675,-0.986,-1.042,27,lanina,-1.290
NORDIC,2011,JFM,tmean,-2.477,-1.118,-1.192,29,lanina,-1.290
NORDIC,2011,JFM,tmin_mean,-5.513,-1.275,-1.351,28,lanina,-1.290
NORDIC,2011,NDJFM,frost_days,113.316,19.231,20.255,28,lanina,-1.290
NORDIC,2011,NDJFM,ice_days,60.635,19.690,19.551,27,lanina,-1.290
NORDIC,2011,NDJFM,precip,244.999,-28.495,-36.340,22,lanina,-1.290
NORDIC,2011,NDJFM,precip_days,48.893,-3.786,-4.421,22,lanina,-1.290
NORDIC,2011,NDJFM,rain_on_snow_days,5.774,-2.499,-2.123,15,lanina,-1.290
NORDIC,2011,NDJFM,snow_cover_days,135.464,19.948,25.095,15,lanina,-1.290
NORDIC,2011,NDJFM,snow_depth,37.538,12.919,13.704,15,lanina,-1.290
NORDIC,2011,NDJFM,snow_max,75.976,15.154,21.869,15,lanina,-1.290
NORDIC,2011,NDJFM,thaw_days,89.345,-19.716,-19.650,27,lanina,-1.290
NORDIC,2011,NDJFM,tmax_mean,0.099,-2.103,-2.140,27,lanina,-1.290
NORDIC,2011,NDJFM,tmean,-3.006,-2.384,-2.437,29,lanina,-1.290
NORDIC,2011,NDJFM,tmin_mean,-5.881,-2.598,-2.638,28,lanina,-1.290
NORDIC,2012,DJF,frost_days,61.248,-0.356,0.047,29,lanina,-0.710
NORDIC,2012,DJF,ice_days,37.246,0.714,0.140,26,lanina,-0.710
NORDIC,2012,DJF,precip,199.332,37.057,27.918,22,lanina,-0.710
NORDIC,2012,DJF,precip_days,38.000,6.265,4.936,22,lanina,-0.710
NORDIC,2012,DJF,rain_on_snow_days,4.197,-0.153,-0.474,15,lanina,-0.710
NORDIC,2012,DJF,snow_cover_days,76.378,-0.039,-1.620,15,lanina,-0.710
NORDIC,2012,DJF,snow_depth,21.697,-5.309,-8.156,15,lanina,-0.710
NORDIC,2012,DJF,snow_max,48.302,-4.377,-7.207,15,lanina,-0.710
NORDIC,2012,DJF,thaw_days,52.663,-0.121,0.407,26,lanina,-0.710
NORDIC,2012,DJF,tmax_mean,0.009,0.006,0.107,26,lanina,-0.710
NORDIC,2012,DJF,tmean,-1.792,0.227,0.241,29,lanina,-0.710
NORDIC,2012,DJF,tmin_mean,-4.402,0.320,0.355,29,lanina,-0.710
NORDIC,2012,JFM,frost_days,57.569,-3.969,-2.973,32,lanina,-0.710
NORDIC,2012,JFM,ice_days,31.967,-0.337,0.086,29,lanina,-0.710
NORDIC,2012,JFM,precip,202.706,5.202,26.723,24,lanina,-0.710
NORDIC,2012,JFM,precip_days,36.638,-0.838,2.845,24,lanina,-0.710
NORDIC,2012,JFM,rain_on_snow_days,4.273,-0.665,-0.980,15,lanina,-0.710
NORDIC,2012,JFM,snow_cover_days,80.654,0.567,0.369,15,lanina,-0.710
NORDIC,2012,JFM,snow_depth,30.611,-6.667,-6.820,15,lanina,-0.710
NORDIC,2012,JFM,snow_max,53.492,-5.286,-5.694,15,lanina,-0.710
NORDIC,2012,JFM,thaw_days,58.352,1.234,0.792,29,lanina,-0.710
NORDIC,2012,JFM,tmax_mean,1.181,0.346,0.302,29,lanina,-0.710
NORDIC,2012,JFM,tmean,-1.066,0.496,0.383,32,lanina,-0.710
NORDIC,2012,JFM,tmin_mean,-3.987,0.505,0.396,32,lanina,-0.710
NORDIC,2012,NDJFM,frost_days,84.673,-10.762,-9.517,29,lanina,-0.710
NORDIC,2012,NDJFM,ice_days,43.048,-8.057,-7.943,26,lanina,-0.710
NORDIC,2012,NDJFM,precip,280.043,6.585,-1.973,22,lanina,-0.710
NORDIC,2012,NDJFM,precip_days,53.043,1.295,-0.341,22,lanina,-0.710
NORDIC,2012,NDJFM,rain_on_snow_days,8.033,1.290,-0.333,14,lanina,-0.710
NORDIC,2012,NDJFM,snow_cover_days,103.288,-11.583,-12.210,14,lanina,-0.710
NORDIC,2012,NDJFM,snow_depth,20.958,-1.955,-6.770,14,lanina,-0.710
NORDIC,2012,NDJFM,snow_max,55.048,2.332,-5.803,14,lanina,-0.710
NORDIC,2012,NDJFM,thaw_days,107.682,8.971,8.794,26,lanina,-0.710
NORDIC,2012,NDJFM,tmax_mean,2.257,1.068,1.039,26,lanina,-0.710
NORDIC,2012,NDJFM,tmean,0.236,1.154,1.060,29,lanina,-0.710
NORDIC,2012,NDJFM,tmin_mean,-2.423,1.237,1.161,29,lanina,-0.710
NORDIC,2013,DJF,frost_days,67.782,6.390,6.945,32,neutral,-0.240
NORDIC,2013,DJF,ice_days,45.672,9.908,9.480,29,neutral,-0.240
NORDIC,2013,DJF,precip,143.594,-22.831,-28.389,22,neutral,-0.240
NORDIC,2013,DJF,precip_days,31.338,-0.564,-1.792,22,neutral,-0.240
NORDIC,2013,DJF,rain_on_snow_days,4.142,-0.572,-0.472,17,neutral,-0.240
NORDIC,2013,DJF,snow_cover_days,85.508,8.512,11.327,17,neutral,-0.240
NORDIC,2013,DJF,snow_depth,33.778,6.969,7.052,17,neutral,-0.240
NORDIC,2013,DJF,snow_max,56.849,3.760,6.188,17,neutral,-0.240
NORDIC,2013,DJF,thaw_days,43.296,-10.254,-9.878,29,neutral,-0.240
NORDIC,2013,DJF,tmax_mean,-1.053,-1.186,-1.116,29,neutral,-0.240
NORDIC,2013,DJF,tmean,-3.021,-1.124,-1.146,32,neutral,-0.240
NORDIC,2013,DJF,tmin_mean,-5.581,-1.002,-1.001,32,neutral,-0.240
NORDIC,2013,JFM,frost_days,70.353,8.815,9.991,32,neutral,-0.240
NORDIC,2013,JFM,ice_days,39.998,7.695,8.322,29,neutral,-0.240
NORDIC,2013,JFM,precip,103.335,-44.006,-48.143,22,neutral,-0.240
NORDIC,2013,JFM,precip_days,22.749,-5.962,-6.942,22,neutral,-0.240
NORDIC,2013,JFM,rain_on_snow_days,3.484,-1.799,-1.745,17,neutral,-0.240
NORDIC,2013,JFM,snow_cover_days,85.889,7.047,10.779,17,neutral,-0.240
NORDIC,2013,JFM,snow_depth,42.258,10.539,8.558,17,neutral,-0.240
NORDIC,2013,JFM,snow_max,65.060,12.662,10.570,17,neutral,-0.240
NORDIC,2013,JFM,thaw_days,49.213,-7.905,-8.560,29,neutral,-0.240
NORDIC,2013,JFM,tmax_mean,0.098,-0.737,-0.816,29,neutral,-0.240
NORDIC,2013,JFM,tmean,-2.719,-1.157,-1.310,32,neutral,-0.240
NORDIC,2013,JFM,tmin_mean,-5.853,-1.361,-1.513,32,neutral,-0.240
NORDIC,2013,NDJFM,frost_days,107.282,12.262,13.738,32,neutral,-0.240
NORDIC,2013,NDJFM,ice_days,62.038,12.116,12.449,29,neutral,-0.240
NORDIC,2013,NDJFM,precip,234.302,-39.385,-48.391,22,neutral,-0.240
NORDIC,2013,NDJFM,precip_days,48.028,-3.387,-5.426,22,neutral,-0.240
NORDIC,2013,NDJFM,rain_on_snow_days,5.409,-2.765,-2.617,15,neutral,-0.240
NORDIC,2013,NDJFM,snow_cover_days,130.934,5.203,12.545,15,neutral,-0.240
NORDIC,2013,NDJFM,snow_depth,34.759,8.479,6.991,15,neutral,-0.240
NORDIC,2013,NDJFM,snow_max,73.610,15.225,13.676,15,neutral,-0.240
NORDIC,2013,NDJFM,thaw_days,87.363,-12.536,-12.939,29,neutral,-0.240
NORDIC,2013,NDJFM,tmax_mean,0.246,-1.054,-1.114,29,neutral,-0.240
NORDIC,2013,NDJFM,tmean,-2.014,-1.202,-1.330,32,neutral,-0.240
NORDIC,2013,NDJFM,tmin_mean,-4.804,-1.270,-1.378,32,neutral,-0.240
NORDIC,2014,DJF,frost_days,48.267,-13.859,-13.218,31,neutral,-0.240
NORDIC,2014,DJF,ice_days,26.424,-10.329,-10.616,28,neutral,-0.240
NORDIC,2014,DJF,precip,173.854,3.454,1.301,22,neutral,-0.240
NORDIC,2014,DJF,precip_days,35.687,2.369,2.490,22,neutral,-0.240
NORDIC,2014,DJF,rain_on_snow_days,5.609,1.648,1.034,16,neutral,-0.240
NORDIC,2014,DJF,snow_cover_days,64.987,-10.720,-9.681,16,neutral,-0.240
NORDIC,2014,DJF,snow_depth,22.576,-6.988,-4.700,16,neutral,-0.240
NORDIC,2014,DJF,snow_max,40.976,-12.835,-10.762,16,neutral,-0.240
NORDIC,2014,DJF,thaw_days,62.658,10.100,10.333,28,neutral,-0.240
NORDIC,2014,DJF,tmax_mean,0.738,0.773,0.823,28,neutral,-0.240
NORDIC,2014,DJF,tmean,-0.522,1.540,1.490,31,neutral,-0.240
NORDIC,2014,DJF,tmin_mean,-2.733,2.043,2.012,31,neutral,-0.240
NORDIC,2014,JFM,frost_days,42.954,-17.916,-16.506,31,neutral,-0.240
NORDIC,2014,JFM,ice_days,20.923,-9.905,-9.057,28,neutral,-0.240
NORDIC,2014,JFM,precip,139.895,-9.529,-12.158,22,neutral,-0.240
NORDIC,2014,JFM,precip_days,28.967,-1.119,-0.788,22,neutral,-0.240
NORDIC,2014,JFM,rain_on_snow_days,6.536,1.864,1.251,15,neutral,-0.240
NORDIC,2014,JFM,snow_cover_days,61.627,-15.604,-13.329,15,neutral,-0.240
NORDIC,2014,JFM,snow_depth,19.805,-14.346,-12.442,15,neutral,-0.240
NORDIC,2014,JFM,snow_max,35.643,-19.338,-17.201,15,neutral,-0.240
NORDIC,2014,JFM,thaw_days,68.494,9.905,9.015,28,neutral,-0.240
NORDIC,2014,JFM,tmax_mean,2.152,1.036,0.912,28,neutral,-0.240
NORDIC,2014,JFM,tmean,0.481,1.737,1.540,31,neutral,-0.240
NORDIC,2014,JFM,tmin_mean,-1.808,2.299,2.102,31,neutral,-0.240
NORDIC,2014,NDJFM,frost_days,75.451,-20.870,-19.232,31,neutral,-0.240
NORDIC,2014,NDJFM,ice_days,34.608,-16.818,-16.223,28,neutral,-0.240
NORDIC,2014,NDJFM,precip,300.055,21.872,16.685,22,neutral,-0.240
NORDIC,2014,NDJFM,precip_days,57.189,3.691,3.666,22,neutral,-0.240
NORDIC,2014,NDJFM,rain_on_snow_days,9.639,2.830,1.904,16,neutral,-0.240
NORDIC,2014,NDJFM,snow_cover_days,95.233,-17.067,-17.641,16,neutral,-0.240
NORDIC,2014,NDJFM,snow_depth,19.418,-9.887,-5.897,16,neutral,-0.240
NORDIC,2014,NDJFM,snow_max,41.976,-18.096,-13.877,16,neutral,-0.240
NORDIC,2014,NDJFM,thaw_days,115.281,16.902,16.226,28,neutral,-0.240
NORDIC,2014,NDJFM,tmax_mean,2.255,1.113,1.031,28,neutral,-0.240
NORDIC,2014,NDJFM,tmean,0.582,1.549,1.392,31,neutral,-0.240
NORDIC,2014,NDJFM,tmin_mean,-1.902,1.814,1.676,31,neutral,-0.240
NORDIC,2015,DJF,frost_days,55.564,-5.163,-4.251,31,elnino,0.730
NORDIC,2015,DJF,ice_days,26.490,-7.757,-7.766,28,elnino,0.730
NORDIC,2015,DJF,precip,208.604,37.362,35.482,22,elnino,0.730
NORDIC,2015,DJF,precip_days,37.940,4.747,4.676,22,elnino,0.730
NORDIC,2015,DJF,rain_on_snow_days,5.504,0.679,0.733,15,elnino,0.730
NORDIC,2015,DJF,snow_cover_days,68.908,-4.616,-4.116,15,elnino,0.730
NORDIC,2015,DJF,snow_depth,22.561,-2.007,-2.727,15,elnino,0.730
NORDIC,2015,DJF,snow_max,50.214,5.236,0.776,15,elnino,0.730
NORDIC,2015,DJF,thaw_days,62.253,7.194,7.136,28,elnino,0.730
NORDIC,2015,DJF,tmax_mean,1.314,0.868,0.865,28,elnino,0.730
NORDIC,2015,DJF,tmean,-0.474,1.097,0.993,31,elnino,0.730
NORDIC,2015,DJF,tmin_mean,-3.022,1.157,1.071,31,elnino,0.730
NORDIC,2015,JFM,frost_days,52.178,-9.360,-7.824,32,elnino,0.730
NORDIC,2015,JFM,ice_days,20.782,-11.522,-10.486,29,elnino,0.730
NORDIC,2015,JFM,precip,179.567,31.895,26.940,22,elnino,0.730
NORDIC,2015,JFM,precip_days,33.142,3.769,3.323,22,elnino,0.730
NORDIC,2015,JFM,rain_on_snow_days,7.349,2.859,2.333,16,elnino,0.730
NORDIC,2015,JFM,snow_cover_days,71.990,-4.951,-4.723,16,elnino,0.730
NORDIC,2015,JFM,snow_depth,30.421,-4.639,-4.085,16,elnino,0.730
NORDIC,2015,JFM,snow_max,50.621,-2.798,-3.842,16,elnino,0.730
NORDIC,2015,JFM,thaw_days,68.420,11.303,10.222,29,elnino,0.730
NORDIC,2015,JFM,tmax_mean,2.352,1.517,1.368,29,elnino,0.730
NORDIC,2015,JFM,tmean,0.191,1.752,1.520,32,elnino,0.730
NORDIC,2015,JFM,tmin_mean,-2.599,1.894,1.655,32,elnino,0.730
NORDIC,2015,NDJFM,frost_days,79.796,-13.874,-11.804,31,elnino,0.730
NORDIC,2015,NDJFM,ice_days,35.751,-14.170,-13.262,29,elnino,0.730
NORDIC,2015,NDJFM,precip,315.751,36.644,31.703,22,elnino,0.730
NORDIC,2015,NDJFM,precip_days,56.916,3.102,3.323,22,elnino,0.730
NORDIC,2015,NDJFM,rain_on_snow_days,9.421,2.358,1.662,16,elnino,0.730
NORDIC,2015,NDJFM,snow_cover_days,100.941,-16.025,-11.641,16,elnino,0.730
NORDIC,2015,NDJFM,snow_depth,20.973,-3.724,-4.234,16,elnino,0.730
NORDIC,2015,NDJFM,snow_max,52.538,4.999,-3.168,16,elnino,0.730
NORDIC,2015,NDJFM,thaw_days,113.674,13.776,12.771,29,elnino,0.730
NORDIC,2015,NDJFM,tmax_mean,2.497,1.198,1.073,29,elnino,0.730
NORDIC,2015,NDJFM,tmean,0.960,1.466,1.263,31,elnino,0.730
NORDIC,2015,NDJFM,tmin_mean,-1.577,1.578,1.394,31,elnino,0.730
NORDIC,2016,DJF,frost_days,61.063,-0.329,0.712,32,super,2.500
NORDIC,2016,DJF,ice_days,34.291,-1.474,-1.343,29,super,2.500
NORDIC,2016,DJF,precip,193.349,1.793,4.315,22,super,2.500
NORDIC,2016,DJF,precip_days,36.634,2.819,2.610,22,super,2.500
NORDIC,2016,DJF,rain_on_snow_days,4.683,0.404,-0.100,15,super,2.500
NORDIC,2016,DJF,snow_cover_days,61.479,-11.388,-10.946,15,super,2.500
NORDIC,2016,DJF,snow_depth,22.452,-5.239,-3.707,15,super,2.500
NORDIC,2016,DJF,snow_max,48.768,-2.956,-1.881,15,super,2.500
NORDIC,2016,DJF,thaw_days,55.655,2.106,1.899,29,super,2.500
NORDIC,2016,DJF,tmax_mean,0.144,0.011,-0.019,29,super,2.500
NORDIC,2016,DJF,tmean,-1.639,0.258,0.118,32,super,2.500
NORDIC,2016,DJF,tmin_mean,-4.224,0.356,0.231,32,super,2.500
NORDIC,2016,JFM,frost_days,60.053,-0.817,0.964,31,super,2.500
NORDIC,2016,JFM,ice_days,30.516,-0.312,0.955,28,super,2.500
NORDIC,2016,JFM,precip,135.078,-26.461,-29.674,22,super,2.500
NORDIC,2016,JFM,precip_days,29.637,-0.614,-0.940,22,super,2.500
NORDIC,2016,JFM,rain_on_snow_days,4.282,-0.725,-1.183,14,super,2.500
NORDIC,2016,JFM,snow_cover_days,68.421,-5.186,-4.305,14,super,2.500
NORDIC,2016,JFM,snow_depth,25.898,-6.271,-5.229,14,super,2.500
NORDIC,2016,JFM,snow_max,44.552,-8.107,-7.227,14,super,2.500
NORDIC,2016,JFM,thaw_days,59.535,0.947,-0.379,28,super,2.500
NORDIC,2016,JFM,tmax_mean,0.875,-0.241,-0.435,28,super,2.500
NORDIC,2016,JFM,tmean,-1.302,-0.046,-0.324,31,super,2.500
NORDIC,2016,JFM,tmin_mean,-3.911,0.196,-0.087,31,super,2.500
NORDIC,2016,NDJFM,frost_days,87.427,-7.593,-5.330,32,super,2.500
NORDIC,2016,NDJFM,ice_days,43.454,-6.468,-5.272,29,super,2.500
NORDIC,2016,NDJFM,precip,330.681,16.956,19.382,22,super,2.500
NORDIC,2016,NDJFM,precip_days,59.353,4.732,4.442,22,super,2.500
NORDIC,2016,NDJFM,rain_on_snow_days,7.015,-0.561,-0.921,15,super,2.500
NORDIC,2016,NDJFM,snow_cover_days,91.986,-14.909,-16.369,15,super,2.500
NORDIC,2016,NDJFM,snow_depth,20.838,-4.375,-3.440,15,super,2.500
NORDIC,2016,NDJFM,snow_max,48.768,-6.131,-6.107,15,super,2.500
NORDIC,2016,NDJFM,thaw_days,106.937,7.039,5.733,29,super,2.500
NORDIC,2016,NDJFM,tmax_mean,1.914,0.615,0.459,29,super,2.500
NORDIC,2016,NDJFM,tmean,0.021,0.832,0.595,32,super,2.500
NORDIC,2016,NDJFM,tmin_mean,-2.544,0.989,0.767,32,super,2.500
NORDIC,2017,DJF,frost_days,55.038,-6.354,-5.150,32,neutral,-0.080
NORDIC,2017,DJF,ice_days,24.948,-9.300,-8.924,28,neutral,-0.080
NORDIC,2017,DJF,precip,194.663,-24.693,-3.786,23,neutral,-0.080
NORDIC,2017,DJF,precip_days,36.750,-3.524,-0.127,23,neutral,-0.080
NORDIC,2017,DJF,rain_on_snow_days,4.721,0.476,-0.083,15,neutral,-0.080
NORDIC,2017,DJF,snow_cover_days,63.714,-7.087,-8.541,15,neutral,-0.080
NORDIC,2017,DJF,snow_depth,18.449,-9.131,-7.626,15,neutral,-0.080
NORDIC,2017,DJF,snow_max,40.990,-12.067,-9.582,15,neutral,-0.080
NORDIC,2017,DJF,thaw_days,64.279,9.220,8.761,28,neutral,-0.080
NORDIC,2017,DJF,tmax_mean,2.154,1.708,1.638,28,neutral,-0.080
NORDIC,2017,DJF,tmean,-0.008,1.563,1.380,31,neutral,-0.080
NORDIC,2017,DJF,tmin_mean,-3.184,1.395,1.229,32,neutral,-0.080
NORDIC,2017,JFM,frost_days,56.830,-4.709,-2.813,32,neutral,-0.080
NORDIC,2017,JFM,ice_days,23.415,-7.413,-5.937,28,neutral,-0.080
NORDIC,2017,JFM,precip,145.408,-4.849,-9.940,21,neutral,-0.080
NORDIC,2017,JFM,precip_days,29.646,0.144,-0.440,21,neutral,-0.080
NORDIC,2017,JFM,rain_on_snow_days,5.265,0.664,0.043,15,neutral,-0.080
NORDIC,2017,JFM,snow_cover_days,68.077,-7.608,-6.084,15,neutral,-0.080
NORDIC,2017,JFM,snow_depth,24.543,-12.278,-10.153,15,neutral,-0.080
NORDIC,2017,JFM,snow_max,44.232,-14.488,-10.673,15,neutral,-0.080
NORDIC,2017,JFM,thaw_days,65.976,7.387,5.844,28,neutral,-0.080
NORDIC,2017,JFM,tmax_mean,2.362,1.246,1.017,28,neutral,-0.080
NORDIC,2017,JFM,tmean,-0.044,1.212,0.895,31,neutral,-0.080
NORDIC,2017,JFM,tmin_mean,-3.302,1.191,0.867,32,neutral,-0.080
NORDIC,2017,NDJFM,frost_days,86.985,-8.035,-5.509,32,neutral,-0.080
NORDIC,2017,NDJFM,ice_days,39.872,-10.050,-8.566,29,neutral,-0.080
NORDIC,2017,NDJFM,precip,269.483,-13.192,-20.224,21,neutral,-0.080
NORDIC,2017,NDJFM,precip_days,51.668,-1.455,-2.325,21,neutral,-0.080
NORDIC,2017,NDJFM,rain_on_snow_days,8.380,1.138,0.421,15,neutral,-0.080
NORDIC,2017,NDJFM,snow_cover_days,98.876,-8.235,-9.153,15,neutral,-0.080
NORDIC,2017,NDJFM,snow_depth,17.989,-8.845,-6.196,15,neutral,-0.080
NORDIC,2017,NDJFM,snow_max,46.013,-14.020,-8.739,15,neutral,-0.080
NORDIC,2017,NDJFM,thaw_days,109.916,10.017,8.411,29,neutral,-0.080
NORDIC,2017,NDJFM,tmax_mean,2.434,1.135,0.947,29,neutral,-0.080
NORDIC,2017,NDJFM,tmean,0.294,1.106,0.831,32,neutral,-0.080
NORDIC,2017,NDJFM,tmin_mean,-2.548,0.985,0.725,32,neutral,-0.080
NORDIC,2018,DJF,frost_days,65.237,3.194,4.539,31,lanina,-0.710
NORDIC,2018,DJF,ice_days,42.202,5.423,5.912,28,lanina,-0.710
NORDIC,2018,DJF,precip,187.033,-1.462,-1.047,23,lanina,-0.710
NORDIC,2018,DJF,precip_days,33.560,0.733,-0.488,23,lanina,-0.710
NORDIC,2018,DJF,rain_on_snow_days,3.376,-1.015,-1.272,16,lanina,-0.710
NORDIC,2018,DJF,snow_cover_days,77.238,4.464,3.171,16,lanina,-0.710
NORDIC,2018,DJF,snow_depth,35.792,10.109,8.907,16,lanina,-0.710
NORDIC,2018,DJF,snow_max,56.876,7.665,5.510,16,lanina,-0.710
NORDIC,2018,DJF,thaw_days,47.009,-5.502,-6.081,28,lanina,-0.710
NORDIC,2018,DJF,tmax_mean,-0.759,-0.717,-0.813,28,lanina,-0.710
NORDIC,2018,DJF,tmean,-2.504,-0.445,-0.663,31,lanina,-0.710
NORDIC,2018,DJF,tmin_mean,-5.220,-0.459,-0.666,31,lanina,-0.710
NORDIC,2018,JFM,frost_days,69.519,7.387,9.444,31,lanina,-0.710
NORDIC,2018,JFM,ice_days,42.623,9.386,11.058,28,lanina,-0.710
NORDIC,2018,JFM,precip,129.219,-27.878,-35.239,23,lanina,-0.710
NORDIC,2018,JFM,precip_days,25.896,-3.892,-4.676,23,lanina,-0.710
NORDIC,2018,JFM,rain_on_snow_days,1.876,-3.029,-3.407,16,lanina,-0.710
NORDIC,2018,JFM,snow_cover_days,80.917,5.130,5.332,16,lanina,-0.710
NORDIC,2018,JFM,snow_depth,46.737,14.936,12.800,16,lanina,-0.710
NORDIC,2018,JFM,snow_max,67.002,15.361,13.081,16,lanina,-0.710
NORDIC,2018,JFM,thaw_days,46.622,-9.543,-11.279,28,lanina,-0.710
NORDIC,2018,JFM,tmax_mean,-0.774,-1.439,-1.689,28,lanina,-0.710
NORDIC,2018,JFM,tmean,-3.150,-1.435,-1.787,31,lanina,-0.710
NORDIC,2018,JFM,tmin_mean,-6.241,-1.579,-1.951,31,lanina,-0.710
NORDIC,2018,NDJFM,frost_days,104.990,8.853,11.602,31,lanina,-0.710
NORDIC,2018,NDJFM,ice_days,60.095,8.632,10.426,28,lanina,-0.710
NORDIC,2018,NDJFM,precip,300.937,-2.067,-7.724,23,lanina,-0.710
NORDIC,2018,NDJFM,precip_days,55.822,2.345,1.014,23,lanina,-0.710
NORDIC,2018,NDJFM,rain_on_snow_days,5.567,-2.023,-2.261,16,lanina,-0.710
NORDIC,2018,NDJFM,snow_cover_days,120.238,6.741,8.532,16,lanina,-0.710
NORDIC,2018,NDJFM,snow_depth,34.059,8.960,9.173,16,lanina,-0.710
NORDIC,2018,NDJFM,snow_max,67.002,10.797,11.738,16,lanina,-0.710
NORDIC,2018,NDJFM,thaw_days,89.551,-8.764,-10.697,28,lanina,-0.710
NORDIC,2018,NDJFM,tmax_mean,0.232,-0.895,-1.113,28,lanina,-0.710
NORDIC,2018,NDJFM,tmean,-1.772,-0.808,-1.120,31,lanina,-0.710
NORDIC,2018,NDJFM,tmin_mean,-4.608,-0.909,-1.208,31,lanina,-0.710
NORDIC,2019,DJF,frost_days,56.861,-4.531,-3.003,32,elnino,0.990
NORDIC,2019,DJF,ice_days,34.619,-1.145,-0.455,29,elnino,0.990
NORDIC,2019,DJF,precip,174.012,-2.904,-14.728,23,elnino,0.990
NORDIC,2019,DJF,precip_days,34.274,1.282,0.159,23,elnino,0.990
NORDIC,2019,DJF,rain_on_snow_days,4.411,0.168,-0.453,15,elnino,0.990
NORDIC,2019,DJF,snow_cover_days,79.570,4.106,2.343,15,elnino,0.990
NORDIC,2019,DJF,snow_depth,31.179,4.842,1.964,15,elnino,0.990
NORDIC,2019,DJF,snow_max,61.876,11.131,6.854,15,elnino,0.990
NORDIC,2019,DJF,thaw_days,54.799,1.249,0.461,29,elnino,0.990
NORDIC,2019,DJF,tmax_mean,0.446,0.313,0.182,29,elnino,0.990
NORDIC,2019,DJF,tmean,-1.411,0.486,0.228,32,elnino,0.990
NORDIC,2019,DJF,tmin_mean,-4.142,0.438,0.189,32,elnino,0.990
NORDIC,2019,JFM,frost_days,57.083,-4.455,-2.199,32,elnino,0.990
NORDIC,2019,JFM,ice_days,30.357,-1.946,-0.095,29,elnino,0.990
NORDIC,2019,JFM,precip,192.281,36.309,27.184,23,elnino,0.990
NORDIC,2019,JFM,precip_days,35.691,5.713,5.053,23,elnino,0.990
NORDIC,2019,JFM,rain_on_snow_days,6.512,1.822,1.068,15,elnino,0.990
NORDIC,2019,JFM,snow_cover_days,82.913,4.512,3.953,15,elnino,0.990
NORDIC,2019,JFM,snow_depth,41.688,6.079,6.168,15,elnino,0.990
NORDIC,2019,JFM,snow_max,68.578,12.777,11.718,15,elnino,0.990
NORDIC,2019,JFM,thaw_days,58.909,1.791,-0.140,29,elnino,0.990
NORDIC,2019,JFM,tmax_mean,1.106,0.271,-0.017,29,elnino,0.990
NORDIC,2019,JFM,tmean,-1.123,0.439,0.047,32,elnino,0.990
NORDIC,2019,JFM,tmin_mean,-4.200,0.293,-0.118,32,elnino,0.990
NORDIC,2019,NDJFM,frost_days,85.258,-9.762,-6.711,32,elnino,0.990
NORDIC,2019,NDJFM,ice_days,43.872,-6.050,-3.990,29,elnino,0.990
NORDIC,2019,NDJFM,precip,296.123,4.955,-13.349,23,elnino,0.990
NORDIC,2019,NDJFM,precip_days,56.102,2.567,1.223,23,elnino,0.990
NORDIC,2019,NDJFM,rain_on_snow_days,7.820,0.777,-0.436,15,elnino,0.990
NORDIC,2019,NDJFM,snow_cover_days,112.834,-7.388,-4.158,15,elnino,0.990
NORDIC,2019,NDJFM,snow_depth,28.020,3.945,0.865,15,elnino,0.990
NORDIC,2019,NDJFM,snow_max,68.578,14.193,9.417,15,elnino,0.990
NORDIC,2019,NDJFM,thaw_days,106.113,6.215,4.006,29,elnino,0.990
NORDIC,2019,NDJFM,tmax_mean,1.919,0.619,0.368,29,elnino,0.990
NORDIC,2019,NDJFM,tmean,-0.026,0.786,0.438,32,elnino,0.990
NORDIC,2019,NDJFM,tmin_mean,-2.749,0.784,0.448,32,elnino,0.990
NORDIC,2020,DJF,frost_days,45.751,-14.977,-13.232,31,elnino,0.710
NORDIC,2020,DJF,ice_days,18.370,-15.877,-14.924,28,elnino,0.710
NORDIC,2020,DJF,precip,250.665,55.546,61.264,23,elnino,0.710
NORDIC,2020,DJF,precip_days,43.457,9.615,9.274,23,elnino,0.710
NORDIC,2020,DJF,rain_on_snow_days,5.693,0.935,0.794,16,elnino,0.710
NORDIC,2020,DJF,snow_cover_days,49.812,-22.628,-21.921,16,elnino,0.710
NORDIC,2020,DJF,snow_depth,24.214,-0.995,-0.156,16,elnino,0.710
NORDIC,2020,DJF,snow_max,43.060,-3.252,-4.766,16,elnino,0.710
NORDIC,2020,DJF,thaw_days,71.919,16.860,15.799,28,elnino,0.710
NORDIC,2020,DJF,tmax_mean,2.880,2.434,2.263,28,elnino,0.710
NORDIC,2020,DJF,tmean,1.166,2.737,2.436,31,elnino,0.710
NORDIC,2020,DJF,tmin_mean,-1.270,2.909,2.616,31,elnino,0.710
NORDIC,2020,JFM,frost_days,47.062,-13.808,-11.283,31,elnino,0.710
NORDIC,2020,JFM,ice_days,15.606,-15.221,-13.119,28,elnino,0.710
NORDIC,2020,JFM,precip,219.612,49.765,53.874,23,elnino,0.710
NORDIC,2020,JFM,precip_days,39.448,9.233,8.744,23,elnino,0.710
NORDIC,2020,JFM,rain_on_snow_days,5.674,1.102,0.194,16,elnino,0.710
NORDIC,2020,JFM,snow_cover_days,46.449,-28.470,-26.918,16,elnino,0.710
NORDIC,2020,JFM,snow_depth,30.328,-3.244,-0.417,16,elnino,0.710
NORDIC,2020,JFM,snow_max,48.319,-4.167,-2.550,16,elnino,0.710
NORDIC,2020,JFM,thaw_days,74.807,16.218,14.020,28,elnino,0.710
NORDIC,2020,JFM,tmax_mean,3.388,2.272,1.937,28,elnino,0.710
NORDIC,2020,JFM,tmean,1.279,2.535,2.098,31,elnino,0.710
NORDIC,2020,JFM,tmin_mean,-1.431,2.676,2.221,31,elnino,0.710
NORDIC,2020,NDJFM,frost_days,76.352,-17.318,-13.897,31,elnino,0.710
NORDIC,2020,NDJFM,ice_days,29.602,-17.680,-15.309,28,elnino,0.710
NORDIC,2020,NDJFM,precip,376.990,66.715,66.706,23,elnino,0.710
NORDIC,2020,NDJFM,precip_days,65.557,11.673,10.607,23,elnino,0.710
NORDIC,2020,NDJFM,rain_on_snow_days,9.374,2.651,1.564,16,elnino,0.710
NORDIC,2020,NDJFM,snow_cover_days,81.377,-12.123,-22.945,16,elnino,0.710
NORDIC,2020,NDJFM,snow_depth,24.197,1.309,1.683,16,elnino,0.710
NORDIC,2020,NDJFM,snow_max,49.148,-0.191,-2.218,16,elnino,0.710
NORDIC,2020,NDJFM,thaw_days,121.324,18.787,16.248,28,elnino,0.710
NORDIC,2020,NDJFM,tmax_mean,3.054,1.465,1.177,28,elnino,0.710
NORDIC,2020,NDJFM,tmean,1.262,1.768,1.382,31,elnino,0.710
NORDIC,2020,NDJFM,tmin_mean,-1.215,1.940,1.566,31,elnino,0.710
NORDIC,2021,DJF,frost_days,64.080,-3.489,-2.358,29,lanina,-0.990
NORDIC,2021,DJF,ice_days,38.699,2.934,3.997,29,lanina,-0.990
NORDIC,2021,DJF,precip,169.341,0.505,-16.221,22,lanina,-0.990
NORDIC,2021,DJF,precip_days,32.011,1.173,-1.741,22,lanina,-0.990
NORDIC,2021,DJF,rain_on_snow_days,3.641,-1.049,-1.121,17,lanina,-0.990
NORDIC,2021,DJF,snow_cover_days,65.385,-10.619,-7.556,17,lanina,-0.990
NORDIC,2021,DJF,snow_depth,18.705,-5.355,-7.255,17,lanina,-0.990
NORDIC,2021,DJF,snow_max,48.440,3.462,-1.419,17,lanina,-0.990
NORDIC,2021,DJF,thaw_days,50.601,-2.948,-4.125,29,lanina,-0.990
NORDIC,2021,DJF,tmax_mean,-0.027,-0.160,-0.358,29,lanina,-0.990
NORDIC,2021,DJF,tmean,-1.791,0.106,-0.231,32,lanina,-0.990
NORDIC,2021,DJF,tmin_mean,-5.461,0.364,0.075,29,lanina,-0.990
NORDIC,2021,JFM,frost_days,66.012,-1.445,0.375,29,lanina,-0.990
NORDIC,2021,JFM,ice_days,37.389,5.085,7.345,29,lanina,-0.990
NORDIC,2021,JFM,precip,152.548,9.138,-10.236,22,lanina,-0.990
NORDIC,2021,JFM,precip_days,27.257,-0.103,-3.020,22,lanina,-0.990
NORDIC,2021,JFM,rain_on_snow_days,4.843,-0.369,-0.469,17,lanina,-0.990
NORDIC,2021,JFM,snow_cover_days,72.520,-4.683,-2.370,17,lanina,-0.990
NORDIC,2021,JFM,snow_depth,27.786,-5.487,-4.892,17,lanina,-0.990
NORDIC,2021,JFM,snow_max,50.488,-3.298,-2.440,17,lanina,-0.990
NORDIC,2021,JFM,thaw_days,51.975,-5.143,-7.499,29,lanina,-0.990
NORDIC,2021,JFM,tmax_mean,0.554,-0.281,-0.638,29,lanina,-0.990
NORDIC,2021,JFM,tmean,-1.823,-0.262,-0.733,32,lanina,-0.990
NORDIC,2021,JFM,tmin_mean,-5.901,-0.232,-0.717,29,lanina,-0.990
NORDIC,2021,NDJFM,frost_days,94.884,-11.269,-8.578,29,lanina,-0.990
NORDIC,2021,NDJFM,ice_days,46.642,-3.280,-0.644,29,lanina,-0.990
NORDIC,2021,NDJFM,precip,293.183,3.413,-8.907,22,lanina,-0.990
NORDIC,2021,NDJFM,precip_days,52.467,0.166,-1.553,22,lanina,-0.990
NORDIC,2021,NDJFM,rain_on_snow_days,7.052,-0.819,-0.776,17,lanina,-0.990
NORDIC,2021,NDJFM,snow_cover_days,94.303,-13.849,-14.117,17,lanina,-0.990
NORDIC,2021,NDJFM,snow_depth,18.087,-0.062,-5.628,17,lanina,-0.990
NORDIC,2021,NDJFM,snow_max,50.488,11.583,-2.833,17,lanina,-0.990
NORDIC,2021,NDJFM,thaw_days,103.507,3.608,0.799,29,lanina,-0.990
NORDIC,2021,NDJFM,tmax_mean,2.051,0.752,0.437,29,lanina,-0.990
NORDIC,2021,NDJFM,tmean,0.068,0.880,0.458,32,lanina,-0.990
NORDIC,2021,NDJFM,tmin_mean,-3.650,1.076,0.683,29,lanina,-0.990
NORDIC,2022,DJF,frost_days,69.165,2.427,3.764,28,lanina,-0.760
NORDIC,2022,DJF,ice_days,34.137,-0.110,1.227,28,lanina,-0.760
NORDIC,2022,DJF,precip,195.096,19.422,6.524,21,lanina,-0.760
NORDIC,2022,DJF,precip_days,34.810,1.132,0.888,21,lanina,-0.760
NORDIC,2022,DJF,rain_on_snow_days,5.061,0.602,0.124,16,lanina,-0.760
NORDIC,2022,DJF,snow_cover_days,76.870,6.020,5.462,16,lanina,-0.760
NORDIC,2022,DJF,snow_depth,26.629,2.655,2.469,16,lanina,-0.760
NORDIC,2022,DJF,snow_max,51.619,3.807,4.047,16,lanina,-0.760
NORDIC,2022,DJF,thaw_days,55.139,0.079,-1.382,28,lanina,-0.760
NORDIC,2022,DJF,tmax_mean,0.578,0.132,-0.106,28,lanina,-0.760
NORDIC,2022,DJF,tmean,-1.435,0.136,-0.244,31,lanina,-0.760
NORDIC,2022,DJF,tmin_mean,-5.663,-0.338,-0.673,28,lanina,-0.760
NORDIC,2022,JFM,frost_days,66.401,-0.221,1.861,28,lanina,-0.760
NORDIC,2022,JFM,ice_days,23.174,-7.654,-5.133,28,lanina,-0.760
NORDIC,2022,JFM,precip,167.258,10.444,1.900,21,lanina,-0.760
NORDIC,2022,JFM,precip_days,29.365,-0.965,-1.047,21,lanina,-0.760
NORDIC,2022,JFM,rain_on_snow_days,5.762,0.598,0.105,15,lanina,-0.760
NORDIC,2022,JFM,snow_cover_days,71.440,0.663,0.450,15,lanina,-0.760
NORDIC,2022,JFM,snow_depth,31.141,0.650,1.381,15,lanina,-0.760
NORDIC,2022,JFM,snow_max,48.438,-1.171,-1.522,15,lanina,-0.760
NORDIC,2022,JFM,thaw_days,66.275,7.686,5.053,28,lanina,-0.760
NORDIC,2022,JFM,tmax_mean,2.779,1.663,1.258,28,lanina,-0.760
NORDIC,2022,JFM,tmean,0.080,1.336,0.819,31,lanina,-0.760
NORDIC,2022,JFM,tmin_mean,-4.230,0.957,0.424,28,lanina,-0.760
NORDIC,2022,NDJFM,frost_days,105.766,1.301,4.362,28,lanina,-0.760
NORDIC,2022,NDJFM,ice_days,42.775,-4.507,-1.549,28,lanina,-0.760
NORDIC,2022,NDJFM,precip,283.343,-6.358,-23.224,21,lanina,-0.760
NORDIC,2022,NDJFM,precip_days,50.058,-3.370,-4.169,21,lanina,-0.760
NORDIC,2022,NDJFM,rain_on_snow_days,7.383,-1.406,-1.062,15,lanina,-0.760
NORDIC,2022,NDJFM,snow_cover_days,105.055,0.489,5.109,15,lanina,-0.760
NORDIC,2022,NDJFM,snow_depth,21.964,2.154,0.954,15,lanina,-0.760
NORDIC,2022,NDJFM,snow_max,48.571,0.805,-1.153,15,lanina,-0.760
NORDIC,2022,NDJFM,thaw_days,107.262,4.725,1.572,28,lanina,-0.760
NORDIC,2022,NDJFM,tmax_mean,2.280,0.691,0.339,28,lanina,-0.760
NORDIC,2022,NDJFM,tmean,-0.030,0.477,0.017,31,lanina,-0.760
NORDIC,2022,NDJFM,tmin_mean,-4.170,0.084,-0.348,28,lanina,-0.760
NORDIC,2023,DJF,frost_days,68.626,1.888,3.356,28,lanina,-0.550
NORDIC,2023,DJF,ice_days,35.227,0.980,2.510,28,lanina,-0.550
NORDIC,2023,DJF,precip,209.992,28.233,20.746,21,lanina,-0.550
NORDIC,2023,DJF,precip_days,37.409,5.011,3.423,21,lanina,-0.550
NORDIC,2023,DJF,rain_on_snow_days,6.902,2.377,1.947,16,lanina,-0.550
NORDIC,2023,DJF,snow_cover_days,71.776,1.369,0.530,16,lanina,-0.550
NORDIC,2023,DJF,snow_depth,23.001,-1.225,-1.054,16,lanina,-0.550
NORDIC,2023,DJF,snow_max,43.286,-4.859,-4.160,16,lanina,-0.550
NORDIC,2023,DJF,thaw_days,53.987,-1.073,-2.735,28,lanina,-0.550
NORDIC,2023,DJF,tmax_mean,0.873,0.427,0.156,28,lanina,-0.550
NORDIC,2023,DJF,tmean,-0.978,0.593,0.174,31,lanina,-0.550
NORDIC,2023,DJF,tmin_mean,-4.914,0.411,0.033,28,lanina,-0.550
NORDIC,2023,JFM,frost_days,67.400,0.778,3.005,28,lanina,-0.550
NORDIC,2023,JFM,ice_days,29.434,-1.394,1.336,28,lanina,-0.550
NORDIC,2023,JFM,precip,212.453,49.246,46.433,21,lanina,-0.550
NORDIC,2023,JFM,precip_days,36.992,7.674,6.520,21,lanina,-0.550
NORDIC,2023,JFM,rain_on_snow_days,6.943,2.193,1.392,16,lanina,-0.550
NORDIC,2023,JFM,snow_cover_days,72.312,-0.274,-0.504,16,lanina,-0.550
NORDIC,2023,JFM,snow_depth,31.242,0.192,0.927,16,lanina,-0.550
NORDIC,2023,JFM,snow_max,52.036,-0.139,1.690,16,lanina,-0.550
NORDIC,2023,JFM,thaw_days,59.656,1.067,-1.784,28,lanina,-0.550
NORDIC,2023,JFM,tmax_mean,1.729,0.613,0.172,28,lanina,-0.550
NORDIC,2023,JFM,tmean,-0.518,0.738,0.180,31,lanina,-0.550
NORDIC,2023,JFM,tmin_mean,-4.801,0.387,-0.191,28,lanina,-0.550
NORDIC,2023,NDJFM,frost_days,104.938,0.473,3.761,28,lanina,-0.550
NORDIC,2023,NDJFM,ice_days,52.911,5.629,8.881,28,lanina,-0.550
NORDIC,2023,NDJFM,precip,326.084,28.063,18.728,21,lanina,-0.550
NORDIC,2023,NDJFM,precip_days,59.296,6.683,5.011,21,lanina,-0.550
NORDIC,2023,NDJFM,rain_on_snow_days,10.405,1.033,1.775,15,lanina,-0.550
NORDIC,2023,NDJFM,snow_cover_days,116.046,3.115,5.583,15,lanina,-0.550
NORDIC,2023,NDJFM,snow_depth,25.067,2.886,0.987,15,lanina,-0.550
NORDIC,2023,NDJFM,snow_max,58.721,8.669,2.873,15,lanina,-0.550
NORDIC,2023,NDJFM,thaw_days,96.816,-5.721,-9.181,28,lanina,-0.550
NORDIC,2023,NDJFM,tmax_mean,1.766,0.177,-0.207,28,lanina,-0.550
NORDIC,2023,NDJFM,tmean,-0.117,0.390,-0.107,31,lanina,-0.550
NORDIC,2023,NDJFM,tmin_mean,-4.058,0.197,-0.275,28,lanina,-0.550
NORDIC,2024,DJF,frost_days,72.844,6.106,7.704,28,elnino,1.840
NORDIC,2024,DJF,ice_days,41.563,7.316,9.038,28,elnino,1.840
NORDIC,2024,DJF,precip,186.642,4.261,-0.938,22,elnino,1.840
NORDIC,2024,DJF,precip_days,34.870,1.253,0.921,22,elnino,1.840
NORDIC,2024,DJF,rain_on_snow_days,5.050,0.126,-0.111,15,elnino,1.840
NORDIC,2024,DJF,snow_cover_days,81.114,10.588,12.133,15,elnino,1.840
NORDIC,2024,DJF,snow_depth,35.474,13.556,12.344,15,elnino,1.840
NORDIC,2024,DJF,snow_max,60.241,13.250,13.692,15,elnino,1.840
NORDIC,2024,DJF,thaw_days,48.569,-6.491,-8.353,28,elnino,1.840
NORDIC,2024,DJF,tmax_mean,-0.977,-1.423,-1.728,28,elnino,1.840
NORDIC,2024,DJF,tmean,-2.730,-1.159,-1.617,31,elnino,1.840
NORDIC,2024,DJF,tmin_mean,-6.895,-1.571,-1.991,28,elnino,1.840
NORDIC,2024,JFM,frost_days,64.785,-1.837,0.535,28,elnino,1.840
NORDIC,2024,JFM,ice_days,28.795,-2.033,0.906,28,elnino,1.840
NORDIC,2024,JFM,precip,180.425,12.191,9.179,20,elnino,1.840
NORDIC,2024,JFM,precip_days,30.333,0.189,-0.170,20,elnino,1.840
NORDIC,2024,JFM,rain_on_snow_days,6.216,1.100,0.512,15,elnino,1.840
NORDIC,2024,JFM,snow_cover_days,72.347,0.290,1.769,15,elnino,1.840
NORDIC,2024,JFM,snow_depth,38.515,9.776,9.003,15,elnino,1.840
NORDIC,2024,JFM,snow_max,60.400,11.702,10.740,15,elnino,1.840
NORDIC,2024,JFM,thaw_days,61.653,3.065,-0.004,28,elnino,1.840
NORDIC,2024,JFM,tmax_mean,0.868,-0.248,-0.724,28,elnino,1.840
NORDIC,2024,JFM,tmean,-1.226,0.030,-0.568,31,elnino,1.840
NORDIC,2024,JFM,tmin_mean,-5.254,-0.067,-0.689,28,elnino,1.840
NORDIC,2024,NDJFM,frost_days,109.874,5.409,8.923,28,elnino,1.840
NORDIC,2024,NDJFM,ice_days,56.696,9.414,12.959,28,elnino,1.840
NORDIC,2024,NDJFM,precip,288.396,-13.837,-28.439,19,elnino,1.840
NORDIC,2024,NDJFM,precip_days,49.705,-3.403,-4.142,19,elnino,1.840
NORDIC,2024,NDJFM,rain_on_snow_days,7.565,-0.971,-0.720,16,elnino,1.840
NORDIC,2024,NDJFM,snow_cover_days,120.839,14.449,17.318,16,elnino,1.840
NORDIC,2024,NDJFM,snow_depth,28.923,10.476,7.951,16,elnino,1.840
NORDIC,2024,NDJFM,snow_max,59.317,12.178,9.738,16,elnino,1.840
NORDIC,2024,NDJFM,thaw_days,94.133,-8.405,-12.171,28,elnino,1.840
NORDIC,2024,NDJFM,tmax_mean,0.552,-1.038,-1.453,28,elnino,1.840
NORDIC,2024,NDJFM,tmean,-1.281,-0.774,-1.308,31,elnino,1.840
NORDIC,2024,NDJFM,tmin_mean,-5.194,-0.940,-1.451,28,elnino,1.840
NORDIC,2025,DJF,frost_days,63.918,-3.183,-1.481,27,neutral,-0.460
NORDIC,2025,DJF,ice_days,27.474,-7.043,-5.162,27,neutral,-0.460
NORDIC,2025,DJF,precip,181.684,-10.949,-13.209,21,neutral,-0.460
NORDIC,2025,DJF,precip_days,31.794,-2.286,-2.626,21,neutral,-0.460
NORDIC,2025,DJF,rain_on_snow_days,6.218,1.101,1.201,16,neutral,-0.460
NORDIC,2025,DJF,snow_cover_days,70.617,-0.545,-0.957,16,neutral,-0.460
NORDIC,2025,DJF,snow_depth,20.540,-5.642,-3.682,16,neutral,-0.460
NORDIC,2025,DJF,snow_max,44.792,-4.359,-3.596,16,neutral,-0.460
NORDIC,2025,DJF,thaw_days,61.488,6.695,4.662,27,neutral,-0.460
NORDIC,2025,DJF,tmax_mean,1.693,1.292,0.957,27,neutral,-0.460
NORDIC,2025,DJF,tmean,-0.370,1.272,0.773,30,neutral,-0.460
NORDIC,2025,DJF,tmin_mean,-4.236,1.220,0.750,27,neutral,-0.460
NORDIC,2025,JFM,frost_days,59.099,-7.523,-5.007,28,neutral,-0.460
NORDIC,2025,JFM,ice_days,21.042,-9.786,-6.638,28,neutral,-0.460
NORDIC,2025,JFM,precip,148.171,-15.250,-20.111,22,neutral,-0.460
NORDIC,2025,JFM,precip_days,26.204,-3.952,-4.534,22,neutral,-0.460
NORDIC,2025,JFM,rain_on_snow_days,5.924,0.661,0.294,16,neutral,-0.460
NORDIC,2025,JFM,snow_cover_days,66.986,-8.784,-6.221,16,neutral,-0.460
NORDIC,2025,JFM,snow_depth,22.371,-10.935,-8.221,16,neutral,-0.460
NORDIC,2025,JFM,snow_max,44.000,-9.873,-7.085,16,neutral,-0.460
NORDIC,2025,JFM,thaw_days,68.096,9.508,6.220,28,neutral,-0.460
NORDIC,2025,JFM,tmax_mean,3.020,1.904,1.393,28,neutral,-0.460
NORDIC,2025,JFM,tmean,0.487,1.743,1.105,31,neutral,-0.460
NORDIC,2025,JFM,tmin_mean,-3.327,1.860,1.193,28,neutral,-0.460
NORDIC,2025,NDJFM,frost_days,97.996,-7.303,-3.621,27,neutral,-0.460
NORDIC,2025,NDJFM,ice_days,36.039,-11.727,-7.945,27,neutral,-0.460
NORDIC,2025,NDJFM,precip,294.870,-12.706,-20.464,21,neutral,-0.460
NORDIC,2025,NDJFM,precip_days,50.194,-4.069,-4.648,21,neutral,-0.460
NORDIC,2025,NDJFM,rain_on_snow_days,9.422,1.066,1.072,16,neutral,-0.460
NORDIC,2025,NDJFM,snow_cover_days,99.414,-7.847,-6.980,16,neutral,-0.460
NORDIC,2025,NDJFM,snow_depth,17.494,-7.674,-4.812,16,neutral,-0.460
NORDIC,2025,NDJFM,snow_max,46.125,-11.120,-5.860,16,neutral,-0.460
NORDIC,2025,NDJFM,thaw_days,113.358,11.305,7.277,27,neutral,-0.460
NORDIC,2025,NDJFM,tmax_mean,3.164,1.614,1.171,27,neutral,-0.460
NORDIC,2025,NDJFM,tmean,0.905,1.476,0.906,30,neutral,-0.460
NORDIC,2025,NDJFM,tmin_mean,-3.008,1.369,0.813,27,neutral,-0.460
NORDIC,2026,DJF,frost_days,65.002,-2.099,-0.270,27,neutral,-0.390
NORDIC,2026,DJF,ice_days,40.018,6.825,8.975,26,neutral,-0.390
NORDIC,2026,DJF,precip,152.260,-30.705,-49.473,20,neutral,-0.390
NORDIC,2026,DJF,precip_days,26.153,-6.475,-7.925,20,neutral,-0.390
NORDIC,2026,DJF,rain_on_snow_days,2.667,-1.777,-2.369,16,neutral,-0.390
NORDIC,2026,DJF,snow_cover_days,68.292,-5.500,-3.126,16,neutral,-0.390
NORDIC,2026,DJF,snow_depth,24.028,-1.112,-0.085,16,neutral,-0.390
NORDIC,2026,DJF,snow_max,44.250,-5.812,-4.015,16,neutral,-0.390
NORDIC,2026,DJF,thaw_days,49.329,-6.788,-9.101,26,neutral,-0.390
NORDIC,2026,DJF,tmax_mean,-0.511,-1.144,-1.517,26,neutral,-0.390
NORDIC,2026,DJF,tmean,-3.179,-1.024,-1.483,26,neutral,-0.390
NORDIC,2026,DJF,tmin_mean,-6.521,-1.064,-1.578,27,neutral,-0.390
NORDIC,2026,JFM,frost_days,65.751,-1.252,1.301,27,neutral,-0.390
NORDIC,2026,JFM,ice_days,36.681,6.955,10.214,26,neutral,-0.390
NORDIC,2026,JFM,precip,115.121,-47.299,-61.280,20,neutral,-0.390
NORDIC,2026,JFM,precip_days,22.694,-6.840,-8.220,20,neutral,-0.390
NORDIC,2026,JFM,rain_on_snow_days,4.909,-0.154,-0.746,16,neutral,-0.390
NORDIC,2026,JFM,snow_cover_days,71.478,-6.052,-1.556,16,neutral,-0.390
NORDIC,2026,JFM,snow_depth,26.574,-6.106,-3.867,16,neutral,-0.390
NORDIC,2026,JFM,snow_max,44.917,-8.572,-5.992,16,neutral,-0.390
NORDIC,2026,JFM,thaw_days,52.250,-7.456,-10.867,26,neutral,-0.390
NORDIC,2026,JFM,tmax_mean,0.210,-1.091,-1.628,26,neutral,-0.390
NORDIC,2026,JFM,tmean,-2.791,-0.998,-1.614,26,neutral,-0.390
NORDIC,2026,JFM,tmin_mean,-6.306,-0.995,-1.708,27,neutral,-0.390
NORDIC,2026,NDJFM,frost_days,96.036,-9.263,-5.361,27,neutral,-0.390
NORDIC,2026,NDJFM,ice_days,48.210,0.443,4.516,27,neutral,-0.390
NORDIC,2026,NDJFM,precip,287.353,-19.627,-43.191,20,neutral,-0.390
NORDIC,2026,NDJFM,precip_days,48.875,-4.399,-6.263,20,neutral,-0.390
NORDIC,2026,NDJFM,rain_on_snow_days,7.645,-0.026,-0.731,16,neutral,-0.390
NORDIC,2026,NDJFM,snow_cover_days,97.089,-9.350,-9.020,16,neutral,-0.390
NORDIC,2026,NDJFM,snow_depth,20.089,-4.845,-2.108,16,neutral,-0.390
NORDIC,2026,NDJFM,snow_max,45.583,-12.525,-6.237,16,neutral,-0.390
NORDIC,2026,NDJFM,thaw_days,101.331,-0.721,-5.054,27,neutral,-0.390
NORDIC,2026,NDJFM,tmax_mean,1.518,-0.032,-0.507,27,neutral,-0.390
NORDIC,2026,NDJFM,tmean,-1.311,0.065,-0.464,27,neutral,-0.390
NORDIC,2026,NDJFM,tmin_mean,-4.248,0.129,-0.467,27,neutral,-0.390
