level,unit,season,metric,variant,n,spearman_rho,p
site,fmi_100971,DJF,frost_days,value,77,0.0200,0.8628
site,fmi_100971,DJF,frost_days,anom,77,0.0200,0.8628
site,fmi_100971,DJF,frost_days,anom_dt,77,0.0142,0.9026
site,fmi_100971,DJF,ice_days,value,77,-0.0145,0.9001
site,fmi_100971,DJF,ice_days,anom,77,-0.0145,0.9001
site,fmi_100971,DJF,ice_days,anom_dt,77,-0.0325,0.7793
site,fmi_100971,DJF,precip,value,77,-0.2858,0.0118
site,fmi_100971,DJF,precip,anom,77,-0.2858,0.0118
site,fmi_100971,DJF,precip,anom_dt,77,-0.2843,0.0122
site,fmi_100971,DJF,precip_days,value,77,-0.1246,0.2802
site,fmi_100971,DJF,precip_days,anom,77,-0.1246,0.2802
site,fmi_100971,DJF,precip_days,anom_dt,77,-0.1265,0.2730
site,fmi_100971,DJF,rain_on_snow_days,value,77,-0.0799,0.4897
site,fmi_100971,DJF,rain_on_snow_days,anom,77,-0.0799,0.4897
site,fmi_100971,DJF,rain_on_snow_days,anom_dt,77,-0.0830,0.4729
site,fmi_100971,DJF,snow_cover_days,value,77,-0.0642,0.5791
site,fmi_100971,DJF,snow_cover_days,anom,77,-0.0642,0.5791
site,fmi_100971,DJF,snow_cover_days,anom_dt,77,-0.0550,0.6347
site,fmi_100971,DJF,snow_depth,value,77,-0.0536,0.6437
site,fmi_100971,DJF,snow_depth,anom,77,-0.0536,0.6437
site,fmi_100971,DJF,snow_depth,anom_dt,77,-0.0581,0.6159
site,fmi_100971,DJF,snow_max,value,77,-0.0802,0.4879
site,fmi_100971,DJF,snow_max,anom,77,-0.0802,0.4879
site,fmi_100971,DJF,snow_max,anom_dt,77,-0.0917,0.4274
site,fmi_100971,DJF,thaw_days,value,77,0.0196,0.8657
site,fmi_100971,DJF,thaw_days,anom,77,0.0196,0.8657
site,fmi_100971,DJF,thaw_days,anom_dt,77,0.0254,0.8263
site,fmi_100971,DJF,tmax_mean,value,77,0.0270,0.8158
site,fmi_100971,DJF,tmax_mean,anom,77,0.0270,0.8158
site,fmi_100971,DJF,tmax_mean,anom_dt,77,0.0223,0.8470
site,fmi_100971,DJF,tmean,value,77,0.0135,0.9070
site,fmi_100971,DJF,tmean,anom,77,0.0135,0.9070
site,fmi_100971,DJF,tmean,anom_dt,77,0.0042,0.9712
site,fmi_100971,DJF,tmin_mean,value,77,0.0020,0.9861
site,fmi_100971,DJF,tmin_mean,anom,77,0.0020,0.9861
site,fmi_100971,DJF,tmin_mean,anom_dt,77,-0.0126,0.9136
site,fmi_100971,JFM,frost_days,value,77,-0.0803,0.4876
site,fmi_100971,JFM,frost_days,anom,77,-0.0803,0.4876
site,fmi_100971,JFM,frost_days,anom_dt,77,-0.1218,0.2914
site,fmi_100971,JFM,ice_days,value,77,0.0020,0.9862
site,fmi_100971,JFM,ice_days,anom,77,0.0020,0.9862
site,fmi_100971,JFM,ice_days,anom_dt,77,-0.0281,0.8085
site,fmi_100971,JFM,precip,value,77,-0.0995,0.3894
site,fmi_100971,JFM,precip,anom,77,-0.0995,0.3894
site,fmi_100971,JFM,precip,anom_dt,77,-0.1056,0.3605
site,fmi_100971,JFM,precip_days,value,77,0.0146,0.9000
site,fmi_100971,JFM,precip_days,anom,77,0.0146,0.9000
site,fmi_100971,JFM,precip_days,anom_dt,77,0.0086,0.9408
site,fmi_100971,JFM,rain_on_snow_days,value,77,0.0170,0.8833
site,fmi_100971,JFM,rain_on_snow_days,anom,77,0.0170,0.8833
site,fmi_100971,JFM,rain_on_snow_days,anom_dt,77,0.0220,0.8492
site,fmi_100971,JFM,snow_cover_days,value,77,-0.1034,0.3709
site,fmi_100971,JFM,snow_cover_days,anom,77,-0.1034,0.3709
site,fmi_100971,JFM,snow_cover_days,anom_dt,77,-0.1075,0.3523
site,fmi_100971,JFM,snow_depth,value,77,-0.0872,0.4509
site,fmi_100971,JFM,snow_depth,anom,77,-0.0872,0.4509
site,fmi_100971,JFM,snow_depth,anom_dt,77,-0.0919,0.4266
site,fmi_100971,JFM,snow_max,value,77,-0.0571,0.6218
site,fmi_100971,JFM,snow_max,anom,77,-0.0571,0.6218
site,fmi_100971,JFM,snow_max,anom_dt,77,-0.0819,0.4787
site,fmi_100971,JFM,thaw_days,value,77,-0.0027,0.9812
site,fmi_100971,JFM,thaw_days,anom,77,-0.0027,0.9812
site,fmi_100971,JFM,thaw_days,anom_dt,77,0.0189,0.8707
site,fmi_100971,JFM,tmax_mean,value,77,0.0019,0.9872
site,fmi_100971,JFM,tmax_mean,anom,77,0.0019,0.9872
site,fmi_100971,JFM,tmax_mean,anom_dt,77,0.0133,0.9088
site,fmi_100971,JFM,tmean,value,77,-0.0096,0.9340
site,fmi_100971,JFM,tmean,anom,77,-0.0096,0.9340
site,fmi_100971,JFM,tmean,anom_dt,77,-0.0094,0.9351
site,fmi_100971,JFM,tmin_mean,value,77,-0.0176,0.8790
site,fmi_100971,JFM,tmin_mean,anom,77,-0.0176,0.8790
site,fmi_100971,JFM,tmin_mean,anom_dt,77,-0.0164,0.8873
site,fmi_100971,NDJFM,frost_days,value,77,-0.0368,0.7509
site,fmi_100971,NDJFM,frost_days,anom,77,-0.0368,0.7509
site,fmi_100971,NDJFM,frost_days,anom_dt,77,-0.0465,0.6879
site,fmi_100971,NDJFM,ice_days,value,77,-0.0192,0.8681
site,fmi_100971,NDJFM,ice_days,anom,77,-0.0192,0.8681
site,fmi_100971,NDJFM,ice_days,anom_dt,77,-0.0455,0.6942
site,fmi_100971,NDJFM,precip,value,77,-0.1482,0.1982
site,fmi_100971,NDJFM,precip,anom,77,-0.1482,0.1982
site,fmi_100971,NDJFM,precip,anom_dt,77,-0.1569,0.1731
site,fmi_100971,NDJFM,precip_days,value,77,-0.1365,0.2366
site,fmi_100971,NDJFM,precip_days,anom,77,-0.1365,0.2366
site,fmi_100971,NDJFM,precip_days,anom_dt,77,-0.1372,0.2343
site,fmi_100971,NDJFM,rain_on_snow_days,value,77,-0.0263,0.8201
site,fmi_100971,NDJFM,rain_on_snow_days,anom,77,-0.0263,0.8201
site,fmi_100971,NDJFM,rain_on_snow_days,anom_dt,77,-0.0363,0.7541
site,fmi_100971,NDJFM,snow_cover_days,value,77,-0.1138,0.3242
site,fmi_100971,NDJFM,snow_cover_days,anom,77,-0.1138,0.3242
site,fmi_100971,NDJFM,snow_cover_days,anom_dt,77,-0.1016,0.3793
site,fmi_100971,NDJFM,snow_depth,value,77,-0.0817,0.4801
site,fmi_100971,NDJFM,snow_depth,anom,77,-0.0817,0.4801
site,fmi_100971,NDJFM,snow_depth,anom_dt,77,-0.1075,0.3522
site,fmi_100971,NDJFM,snow_max,value,77,-0.0773,0.5042
site,fmi_100971,NDJFM,snow_max,anom,77,-0.0773,0.5042
site,fmi_100971,NDJFM,snow_max,anom_dt,77,-0.0915,0.4284
site,fmi_100971,NDJFM,thaw_days,value,77,0.0229,0.8433
site,fmi_100971,NDJFM,thaw_days,anom,77,0.0229,0.8433
site,fmi_100971,NDJFM,thaw_days,anom_dt,77,0.0509,0.6603
site,fmi_100971,NDJFM,tmax_mean,value,77,0.0320,0.7822
site,fmi_100971,NDJFM,tmax_mean,anom,77,0.0320,0.7822
site,fmi_100971,NDJFM,tmax_mean,anom_dt,77,0.0306,0.7917
site,fmi_100971,NDJFM,tmean,value,77,0.0247,0.8310
site,fmi_100971,NDJFM,tmean,anom,77,0.0247,0.8310
site,fmi_100971,NDJFM,tmean,anom_dt,77,0.0266,0.8184
site,fmi_100971,NDJFM,tmin_mean,value,77,0.0264,0.8197
site,fmi_100971,NDJFM,tmin_mean,anom,77,0.0264,0.8197
site,fmi_100971,NDJFM,tmin_mean,anom_dt,77,0.0236,0.8386
site,fmi_101065,DJF,frost_days,value,65,0.0385,0.7605
site,fmi_101065,DJF,frost_days,anom,65,0.0385,0.7605
site,fmi_101065,DJF,frost_days,anom_dt,65,0.0368,0.7711
site,fmi_101065,DJF,ice_days,value,65,0.0119,0.9249
site,fmi_101065,DJF,ice_days,anom,65,0.0119,0.9249
site,fmi_101065,DJF,ice_days,anom_dt,65,0.0097,0.9386
site,fmi_101065,DJF,precip,value,47,-0.1480,0.3207
site,fmi_101065,DJF,precip,anom_dt,47,-0.1705,0.2520
site,fmi_101065,DJF,precip_days,value,47,-0.1494,0.3162
site,fmi_101065,DJF,precip_days,anom_dt,47,-0.1526,0.3057
site,fmi_101065,DJF,rain_on_snow_days,value,47,-0.2319,0.1168
site,fmi_101065,DJF,rain_on_snow_days,anom_dt,47,-0.2068,0.1631
site,fmi_101065,DJF,snow_cover_days,value,47,-0.1427,0.3385
site,fmi_101065,DJF,snow_cover_days,anom_dt,47,-0.1414,0.3432
site,fmi_101065,DJF,snow_depth,value,47,-0.1004,0.5020
site,fmi_101065,DJF,snow_depth,anom_dt,47,-0.1004,0.5018
site,fmi_101065,DJF,snow_max,value,47,-0.1349,0.3658
site,fmi_101065,DJF,snow_max,anom_dt,47,-0.1359,0.3625
site,fmi_101065,DJF,thaw_days,value,65,0.0023,0.9855
site,fmi_101065,DJF,thaw_days,anom,65,0.0023,0.9855
site,fmi_101065,DJF,thaw_days,anom_dt,65,-0.0128,0.9196
site,fmi_101065,DJF,tmax_mean,value,65,-0.0018,0.9888
site,fmi_101065,DJF,tmax_mean,anom,65,-0.0018,0.9888
site,fmi_101065,DJF,tmax_mean,anom_dt,65,-0.0269,0.8315
site,fmi_101065,DJF,tmean,value,65,-0.0134,0.9154
site,fmi_101065,DJF,tmean,anom,65,-0.0134,0.9154
site,fmi_101065,DJF,tmean,anom_dt,65,-0.0309,0.8072
site,fmi_101065,DJF,tmin_mean,value,65,-0.0546,0.6658
site,fmi_101065,DJF,tmin_mean,anom,65,-0.0546,0.6658
site,fmi_101065,DJF,tmin_mean,anom_dt,65,-0.0374,0.7676
site,fmi_101065,JFM,frost_days,value,66,-0.0530,0.6725
site,fmi_101065,JFM,frost_days,anom,66,-0.0530,0.6725
site,fmi_101065,JFM,frost_days,anom_dt,66,-0.0984,0.4320
site,fmi_101065,JFM,ice_days,value,66,0.0162,0.8974
site,fmi_101065,JFM,ice_days,anom,66,0.0162,0.8974
site,fmi_101065,JFM,ice_days,anom_dt,66,-0.0356,0.7765
site,fmi_101065,JFM,precip,value,47,-0.1948,0.1895
site,fmi_101065,JFM,precip,anom_dt,47,-0.2099,0.1568
site,fmi_101065,JFM,precip_days,value,47,-0.2086,0.1594
site,fmi_101065,JFM,precip_days,anom_dt,47,-0.1982,0.1817
site,fmi_101065,JFM,rain_on_snow_days,value,47,-0.1317,0.3777
site,fmi_101065,JFM,rain_on_snow_days,anom_dt,47,-0.1515,0.3092
site,fmi_101065,JFM,snow_cover_days,value,47,-0.2056,0.1656
site,fmi_101065,JFM,snow_cover_days,anom_dt,47,-0.1946,0.1900
site,fmi_101065,JFM,snow_depth,value,47,-0.1058,0.4790
site,fmi_101065,JFM,snow_depth,anom_dt,47,-0.1045,0.4846
site,fmi_101065,JFM,snow_max,value,47,-0.1230,0.4102
site,fmi_101065,JFM,snow_max,anom_dt,47,-0.1624,0.2754
site,fmi_101065,JFM,thaw_days,value,66,0.0026,0.9832
site,fmi_101065,JFM,thaw_days,anom,66,0.0026,0.9832
site,fmi_101065,JFM,thaw_days,anom_dt,66,0.0479,0.7024
site,fmi_101065,JFM,tmax_mean,value,66,-0.0414,0.7416
site,fmi_101065,JFM,tmax_mean,anom,66,-0.0414,0.7416
site,fmi_101065,JFM,tmax_mean,anom_dt,66,-0.0245,0.8450
site,fmi_101065,JFM,tmean,value,66,-0.0415,0.7410
site,fmi_101065,JFM,tmean,anom,66,-0.0415,0.7410
site,fmi_101065,JFM,tmean,anom_dt,66,-0.0402,0.7487
site,fmi_101065,JFM,tmin_mean,value,66,-0.0434,0.7294
site,fmi_101065,JFM,tmin_mean,anom,66,-0.0434,0.7294
site,fmi_101065,JFM,tmin_mean,anom_dt,66,-0.0446,0.7221
site,fmi_101065,NDJFM,frost_days,value,65,-0.0842,0.5051
site,fmi_101065,NDJFM,frost_days,anom,65,-0.0842,0.5051
site,fmi_101065,NDJFM,frost_days,anom_dt,65,-0.0736,0.5600
site,fmi_101065,NDJFM,ice_days,value,65,0.0099,0.9378
site,fmi_101065,NDJFM,ice_days,anom,65,0.0099,0.9378
site,fmi_101065,NDJFM,ice_days,anom_dt,65,0.0042,0.9738
site,fmi_101065,NDJFM,precip,value,47,-0.0598,0.6898
site,fmi_101065,NDJFM,precip,anom_dt,47,-0.0746,0.6183
site,fmi_101065,NDJFM,precip_days,value,47,-0.0473,0.7522
site,fmi_101065,NDJFM,precip_days,anom_dt,47,-0.0235,0.8752
site,fmi_101065,NDJFM,rain_on_snow_days,value,47,-0.1343,0.3682
site,fmi_101065,NDJFM,rain_on_snow_days,anom_dt,47,-0.1432,0.3369
site,fmi_101065,NDJFM,snow_cover_days,value,47,-0.1409,0.3449
site,fmi_101065,NDJFM,snow_cover_days,anom_dt,47,-0.1457,0.3284
site,fmi_101065,NDJFM,snow_depth,value,47,-0.1556,0.2963
site,fmi_101065,NDJFM,snow_depth,anom_dt,47,-0.1077,0.4713
site,fmi_101065,NDJFM,snow_max,value,47,-0.1051,0.4822
site,fmi_101065,NDJFM,snow_max,anom_dt,47,-0.1406,0.3458
site,fmi_101065,NDJFM,thaw_days,value,65,0.0032,0.9797
site,fmi_101065,NDJFM,thaw_days,anom,65,0.0032,0.9797
site,fmi_101065,NDJFM,thaw_days,anom_dt,65,0.0007,0.9959
site,fmi_101065,NDJFM,tmax_mean,value,65,-0.0169,0.8935
site,fmi_101065,NDJFM,tmax_mean,anom,65,-0.0172,0.8917
site,fmi_101065,NDJFM,tmax_mean,anom_dt,65,-0.0091,0.9427
site,fmi_101065,NDJFM,tmean,value,65,-0.0136,0.9147
site,fmi_101065,NDJFM,tmean,anom,65,-0.0136,0.9147
site,fmi_101065,NDJFM,tmean,anom_dt,65,-0.0279,0.8253
site,fmi_101065,NDJFM,tmin_mean,value,65,0.0049,0.9693
site,fmi_101065,NDJFM,tmin_mean,anom,65,0.0049,0.9693
site,fmi_101065,NDJFM,tmin_mean,anom_dt,65,-0.0090,0.9430
site,fmi_101104,DJF,frost_days,value,67,0.0031,0.9801
site,fmi_101104,DJF,frost_days,anom,67,0.0031,0.9801
site,fmi_101104,DJF,frost_days,anom_dt,67,0.0058,0.9627
site,fmi_101104,DJF,ice_days,value,67,0.0012,0.9922
site,fmi_101104,DJF,ice_days,anom,67,0.0012,0.9922
site,fmi_101104,DJF,ice_days,anom_dt,67,-0.0081,0.9482
site,fmi_101104,DJF,precip,value,67,-0.0758,0.5422
site,fmi_101104,DJF,precip,anom,67,-0.0758,0.5422
site,fmi_101104,DJF,precip,anom_dt,67,-0.0491,0.6933
site,fmi_101104,DJF,precip_days,value,67,-0.1283,0.3008
site,fmi_101104,DJF,precip_days,anom,67,-0.1283,0.3008
site,fmi_101104,DJF,precip_days,anom_dt,67,-0.1118,0.3676
site,fmi_101104,DJF,rain_on_snow_days,value,67,-0.0906,0.4661
site,fmi_101104,DJF,rain_on_snow_days,anom,67,-0.0906,0.4661
site,fmi_101104,DJF,rain_on_snow_days,anom_dt,67,-0.0766,0.5377
site,fmi_101104,DJF,snow_cover_days,value,67,-0.0570,0.6466
site,fmi_101104,DJF,snow_cover_days,anom,67,-0.0570,0.6466
site,fmi_101104,DJF,snow_cover_days,anom_dt,67,-0.1198,0.3344
site,fmi_101104,DJF,snow_depth,value,67,0.0159,0.8982
site,fmi_101104,DJF,snow_depth,anom,67,0.0159,0.8982
site,fmi_101104,DJF,snow_depth,anom_dt,67,-0.0169,0.8920
site,fmi_101104,DJF,snow_max,value,67,0.0139,0.9114
site,fmi_101104,DJF,snow_max,anom,67,0.0139,0.9114
site,fmi_101104,DJF,snow_max,anom_dt,67,-0.0407,0.7437
site,fmi_101104,DJF,thaw_days,value,67,0.0001,0.9990
site,fmi_101104,DJF,thaw_days,anom,67,0.0001,0.9990
site,fmi_101104,DJF,thaw_days,anom_dt,67,0.0035,0.9776
site,fmi_101104,DJF,tmax_mean,value,67,0.0087,0.9442
site,fmi_101104,DJF,tmax_mean,anom,67,0.0097,0.9380
site,fmi_101104,DJF,tmax_mean,anom_dt,67,-0.0050,0.9679
site,fmi_101104,DJF,tmean,value,67,-0.0098,0.9371
site,fmi_101104,DJF,tmean,anom,67,-0.0098,0.9371
site,fmi_101104,DJF,tmean,anom_dt,67,-0.0153,0.9022
site,fmi_101104,DJF,tmin_mean,value,67,-0.0382,0.7587
site,fmi_101104,DJF,tmin_mean,anom,67,-0.0382,0.7587
site,fmi_101104,DJF,tmin_mean,anom_dt,67,-0.0280,0.8220
site,fmi_101104,JFM,frost_days,value,67,-0.0682,0.5833
site,fmi_101104,JFM,frost_days,anom,67,-0.0682,0.5833
site,fmi_101104,JFM,frost_days,anom_dt,67,-0.1338,0.2804
site,fmi_101104,JFM,ice_days,value,67,-0.0167,0.8935
site,fmi_101104,JFM,ice_days,anom,67,-0.0167,0.8935
site,fmi_101104,JFM,ice_days,anom_dt,67,-0.0853,0.4923
site,fmi_101104,JFM,precip,value,67,-0.0417,0.7373
site,fmi_101104,JFM,precip,anom,67,-0.0417,0.7373
site,fmi_101104,JFM,precip,anom_dt,67,-0.0065,0.9585
site,fmi_101104,JFM,precip_days,value,67,-0.0773,0.5343
site,fmi_101104,JFM,precip_days,anom,67,-0.0773,0.5343
site,fmi_101104,JFM,precip_days,anom_dt,67,-0.0554,0.6560
site,fmi_101104,JFM,rain_on_snow_days,value,67,0.0823,0.5079
site,fmi_101104,JFM,rain_on_snow_days,anom,67,0.0823,0.5079
site,fmi_101104,JFM,rain_on_snow_days,anom_dt,67,0.1244,0.3157
site,fmi_101104,JFM,snow_cover_days,value,67,-0.1031,0.4063
site,fmi_101104,JFM,snow_cover_days,anom,67,-0.1031,0.4063
site,fmi_101104,JFM,snow_cover_days,anom_dt,67,-0.1462,0.2379
site,fmi_101104,JFM,snow_depth,value,67,-0.0121,0.9228
site,fmi_101104,JFM,snow_depth,anom,67,-0.0121,0.9228
site,fmi_101104,JFM,snow_depth,anom_dt,67,-0.0501,0.6873
site,fmi_101104,JFM,snow_max,value,67,-0.0271,0.8278
site,fmi_101104,JFM,snow_max,anom,67,-0.0271,0.8278
site,fmi_101104,JFM,snow_max,anom_dt,67,-0.0813,0.5132
site,fmi_101104,JFM,thaw_days,value,67,0.0150,0.9041
site,fmi_101104,JFM,thaw_days,anom,67,0.0150,0.9041
site,fmi_101104,JFM,thaw_days,anom_dt,67,0.0852,0.4930
site,fmi_101104,JFM,tmax_mean,value,67,-0.0155,0.9006
site,fmi_101104,JFM,tmax_mean,anom,67,-0.0161,0.8971
site,fmi_101104,JFM,tmax_mean,anom_dt,67,0.0096,0.9388
site,fmi_101104,JFM,tmean,value,67,-0.0294,0.8135
site,fmi_101104,JFM,tmean,anom,67,-0.0294,0.8135
site,fmi_101104,JFM,tmean,anom_dt,67,-0.0220,0.8597
site,fmi_101104,JFM,tmin_mean,value,67,-0.0445,0.7204
site,fmi_101104,JFM,tmin_mean,anom,67,-0.0445,0.7204
site,fmi_101104,JFM,tmin_mean,anom_dt,67,-0.0410,0.7417
site,fmi_101104,NDJFM,frost_days,value,67,-0.0615,0.6211
site,fmi_101104,NDJFM,frost_days,anom,67,-0.0615,0.6211
site,fmi_101104,NDJFM,frost_days,anom_dt,67,-0.0898,0.4700
site,fmi_101104,NDJFM,ice_days,value,67,-0.0015,0.9905
site,fmi_101104,NDJFM,ice_days,anom,67,-0.0015,0.9905
site,fmi_101104,NDJFM,ice_days,anom_dt,67,-0.0158,0.8990
site,fmi_101104,NDJFM,precip,value,67,0.0066,0.9574
site,fmi_101104,NDJFM,precip,anom,67,0.0066,0.9574
site,fmi_101104,NDJFM,precip,anom_dt,67,0.0388,0.7552
site,fmi_101104,NDJFM,precip_days,value,67,0.0051,0.9674
site,fmi_101104,NDJFM,precip_days,anom,67,0.0051,0.9674
site,fmi_101104,NDJFM,precip_days,anom_dt,67,0.0350,0.7784
site,fmi_101104,NDJFM,rain_on_snow_days,value,67,0.0467,0.7073
site,fmi_101104,NDJFM,rain_on_snow_days,anom,67,0.0467,0.7073
site,fmi_101104,NDJFM,rain_on_snow_days,anom_dt,67,0.0389,0.7545
site,fmi_101104,NDJFM,snow_cover_days,value,67,-0.0676,0.5866
site,fmi_101104,NDJFM,snow_cover_days,anom,67,-0.0676,0.5866
site,fmi_101104,NDJFM,snow_cover_days,anom_dt,67,-0.0979,0.4308
site,fmi_101104,NDJFM,snow_depth,value,67,-0.0205,0.8690
site,fmi_101104,NDJFM,snow_depth,anom,67,-0.0205,0.8690
site,fmi_101104,NDJFM,snow_depth,anom_dt,67,-0.0626,0.6148
site,fmi_101104,NDJFM,snow_max,value,67,-0.0293,0.8142
site,fmi_101104,NDJFM,snow_max,anom,67,-0.0293,0.8142
site,fmi_101104,NDJFM,snow_max,anom_dt,67,-0.0810,0.5147
site,fmi_101104,NDJFM,thaw_days,value,67,-0.0026,0.9836
site,fmi_101104,NDJFM,thaw_days,anom,67,-0.0026,0.9836
site,fmi_101104,NDJFM,thaw_days,anom_dt,67,0.0183,0.8830
site,fmi_101104,NDJFM,tmax_mean,value,67,0.0184,0.8823
site,fmi_101104,NDJFM,tmax_mean,anom,67,0.0184,0.8823
site,fmi_101104,NDJFM,tmax_mean,anom_dt,67,0.0299,0.8100
site,fmi_101104,NDJFM,tmean,value,67,0.0171,0.8905
site,fmi_101104,NDJFM,tmean,anom,67,0.0171,0.8905
site,fmi_101104,NDJFM,tmean,anom_dt,67,0.0079,0.9491
site,fmi_101104,NDJFM,tmin_mean,value,67,0.0166,0.8937
site,fmi_101104,NDJFM,tmin_mean,anom,67,0.0161,0.8971
site,fmi_101104,NDJFM,tmin_mean,anom_dt,67,0.0046,0.9706
site,fmi_101118,DJF,frost_days,value,46,-0.0097,0.9488
site,fmi_101118,DJF,frost_days,anom,46,-0.0097,0.9488
site,fmi_101118,DJF,frost_days,anom_dt,46,-0.0191,0.9000
site,fmi_101118,DJF,ice_days,value,46,-0.1148,0.4473
site,fmi_101118,DJF,ice_days,anom,46,-0.1148,0.4473
site,fmi_101118,DJF,ice_days,anom_dt,46,-0.1137,0.4519
site,fmi_101118,DJF,precip,value,26,0.0195,0.9247
site,fmi_101118,DJF,precip,anom_dt,26,-0.0277,0.8932
site,fmi_101118,DJF,precip_days,value,26,0.0377,0.8547
site,fmi_101118,DJF,precip_days,anom_dt,26,0.0482,0.8151
site,fmi_101118,DJF,rain_on_snow_days,value,26,0.3207,0.1102
site,fmi_101118,DJF,rain_on_snow_days,anom_dt,26,0.2862,0.1564
site,fmi_101118,DJF,snow_cover_days,value,26,-0.2651,0.1907
site,fmi_101118,DJF,snow_cover_days,anom_dt,26,-0.2554,0.2080
site,fmi_101118,DJF,snow_depth,value,26,-0.0879,0.6695
site,fmi_101118,DJF,snow_depth,anom_dt,26,-0.1549,0.4500
site,fmi_101118,DJF,snow_max,value,26,-0.0905,0.6603
site,fmi_101118,DJF,snow_max,anom_dt,26,-0.1152,0.5752
site,fmi_101118,DJF,thaw_days,value,46,0.1112,0.4617
site,fmi_101118,DJF,thaw_days,anom,46,0.1112,0.4617
site,fmi_101118,DJF,thaw_days,anom_dt,46,0.1308,0.3862
site,fmi_101118,DJF,tmax_mean,value,46,0.0939,0.5346
site,fmi_101118,DJF,tmax_mean,anom,46,0.0939,0.5346
site,fmi_101118,DJF,tmax_mean,anom_dt,46,0.1274,0.3989
site,fmi_101118,DJF,tmean,value,46,0.0885,0.5586
site,fmi_101118,DJF,tmean,anom,46,0.0885,0.5586
site,fmi_101118,DJF,tmean,anom_dt,46,0.1102,0.4659
site,fmi_101118,DJF,tmin_mean,value,46,0.0373,0.8055
site,fmi_101118,DJF,tmin_mean,anom,46,0.0373,0.8055
site,fmi_101118,DJF,tmin_mean,anom_dt,46,0.0855,0.5722
site,fmi_101118,JFM,frost_days,value,46,-0.1966,0.1903
site,fmi_101118,JFM,frost_days,anom,46,-0.1966,0.1903
site,fmi_101118,JFM,frost_days,anom_dt,46,-0.2403,0.1077
site,fmi_101118,JFM,ice_days,value,46,-0.1700,0.2586
site,fmi_101118,JFM,ice_days,anom,46,-0.1700,0.2586
site,fmi_101118,JFM,ice_days,anom_dt,46,-0.1949,0.1943
site,fmi_101118,JFM,precip,value,26,-0.0250,0.9037
site,fmi_101118,JFM,precip,anom_dt,26,-0.0147,0.9432
site,fmi_101118,JFM,precip_days,value,26,-0.0528,0.7978
site,fmi_101118,JFM,precip_days,anom_dt,26,-0.0462,0.8228
site,fmi_101118,JFM,rain_on_snow_days,value,26,0.2736,0.1762
site,fmi_101118,JFM,rain_on_snow_days,anom_dt,26,0.2745,0.1747
site,fmi_101118,JFM,snow_cover_days,value,26,-0.2891,0.1521
site,fmi_101118,JFM,snow_cover_days,anom_dt,26,-0.2089,0.3058
site,fmi_101118,JFM,snow_depth,value,26,-0.1070,0.6029
site,fmi_101118,JFM,snow_depth,anom_dt,26,-0.1624,0.4280
site,fmi_101118,JFM,snow_max,value,26,-0.2220,0.2758
site,fmi_101118,JFM,snow_max,anom_dt,26,-0.2964,0.1415
site,fmi_101118,JFM,thaw_days,value,46,0.1796,0.2323
site,fmi_101118,JFM,thaw_days,anom,46,0.1796,0.2323
site,fmi_101118,JFM,thaw_days,anom_dt,46,0.2120,0.1573
site,fmi_101118,JFM,tmax_mean,value,46,0.1187,0.4319
site,fmi_101118,JFM,tmax_mean,anom,46,0.1187,0.4319
site,fmi_101118,JFM,tmax_mean,anom_dt,46,0.1314,0.3839
site,fmi_101118,JFM,tmean,value,46,0.0953,0.5287
site,fmi_101118,JFM,tmean,anom,46,0.0953,0.5287
site,fmi_101118,JFM,tmean,anom_dt,46,0.1301,0.3887
site,fmi_101118,JFM,tmin_mean,value,46,0.0528,0.7275
site,fmi_101118,JFM,tmin_mean,anom,46,0.0528,0.7275
site,fmi_101118,JFM,tmin_mean,anom_dt,46,0.0787,0.6031
site,fmi_101118,NDJFM,frost_days,value,46,-0.0926,0.5405
site,fmi_101118,NDJFM,frost_days,anom,46,-0.0926,0.5405
site,fmi_101118,NDJFM,frost_days,anom_dt,46,-0.1209,0.4235
site,fmi_101118,NDJFM,ice_days,value,46,-0.1178,0.4356
site,fmi_101118,NDJFM,ice_days,anom,46,-0.1178,0.4356
site,fmi_101118,NDJFM,ice_days,anom_dt,46,-0.1364,0.3659
site,fmi_101118,NDJFM,precip,value,26,0.2123,0.2978
site,fmi_101118,NDJFM,precip,anom_dt,26,0.1617,0.4300
site,fmi_101118,NDJFM,precip_days,value,26,0.1950,0.3399
site,fmi_101118,NDJFM,precip_days,anom_dt,26,0.1979,0.3324
site,fmi_101118,NDJFM,rain_on_snow_days,value,26,0.2841,0.1596
site,fmi_101118,NDJFM,rain_on_snow_days,anom_dt,26,0.2438,0.2301
site,fmi_101118,NDJFM,snow_cover_days,value,26,-0.2481,0.2217
site,fmi_101118,NDJFM,snow_cover_days,anom_dt,26,-0.2451,0.2274
site,fmi_101118,NDJFM,snow_depth,value,26,-0.1337,0.5150
site,fmi_101118,NDJFM,snow_depth,anom_dt,26,-0.2021,0.3222
site,fmi_101118,NDJFM,snow_max,value,26,-0.2178,0.2850
site,fmi_101118,NDJFM,snow_max,anom_dt,26,-0.2998,0.1367
site,fmi_101118,NDJFM,thaw_days,value,46,0.1268,0.4012
site,fmi_101118,NDJFM,thaw_days,anom,46,0.1268,0.4012
site,fmi_101118,NDJFM,thaw_days,anom_dt,46,0.1589,0.2914
site,fmi_101118,NDJFM,tmax_mean,value,46,0.1026,0.4976
site,fmi_101118,NDJFM,tmax_mean,anom,46,0.1026,0.4976
site,fmi_101118,NDJFM,tmax_mean,anom_dt,46,0.1707,0.2566
site,fmi_101118,NDJFM,tmean,value,46,0.0955,0.5276
site,fmi_101118,NDJFM,tmean,anom,46,0.0955,0.5276
site,fmi_101118,NDJFM,tmean,anom_dt,46,0.1303,0.3882
site,fmi_101118,NDJFM,tmin_mean,value,46,0.0412,0.7859
site,fmi_101118,NDJFM,tmin_mean,anom,46,0.0412,0.7859
site,fmi_101118,NDJFM,tmin_mean,anom_dt,46,0.1033,0.4947
site,fmi_101237,DJF,frost_days,value,66,0.0584,0.6411
site,fmi_101237,DJF,frost_days,anom,66,0.0584,0.6411
site,fmi_101237,DJF,frost_days,anom_dt,66,0.0160,0.8989
site,fmi_101237,DJF,ice_days,value,66,0.0223,0.8590
site,fmi_101237,DJF,ice_days,anom,66,0.0223,0.8590
site,fmi_101237,DJF,ice_days,anom_dt,66,0.0227,0.8567
site,fmi_101237,DJF,precip,value,48,-0.1307,0.3761
site,fmi_101237,DJF,precip,anom_dt,48,-0.1378,0.3502
site,fmi_101237,DJF,precip_days,value,48,-0.2851,0.0495
site,fmi_101237,DJF,precip_days,anom_dt,48,-0.2784,0.0554
site,fmi_101237,DJF,rain_on_snow_days,value,48,-0.1068,0.4698
site,fmi_101237,DJF,rain_on_snow_days,anom_dt,48,-0.0692,0.6402
site,fmi_101237,DJF,snow_cover_days,value,48,-0.0661,0.6555
site,fmi_101237,DJF,snow_cover_days,anom_dt,48,-0.0601,0.6850
site,fmi_101237,DJF,snow_depth,value,48,0.1337,0.3650
site,fmi_101237,DJF,snow_depth,anom_dt,48,0.1130,0.4443
site,fmi_101237,DJF,snow_max,value,48,0.0643,0.6641
site,fmi_101237,DJF,snow_max,anom_dt,48,0.0693,0.6399
site,fmi_101237,DJF,thaw_days,value,66,-0.0289,0.8180
site,fmi_101237,DJF,thaw_days,anom,66,-0.0289,0.8180
site,fmi_101237,DJF,thaw_days,anom_dt,66,-0.0169,0.8929
site,fmi_101237,DJF,tmax_mean,value,66,-0.0182,0.8849
site,fmi_101237,DJF,tmax_mean,anom,66,-0.0182,0.8849
site,fmi_101237,DJF,tmax_mean,anom_dt,66,-0.0284,0.8211
site,fmi_101237,DJF,tmean,value,66,-0.0459,0.7144
site,fmi_101237,DJF,tmean,anom,66,-0.0459,0.7144
site,fmi_101237,DJF,tmean,anom_dt,66,-0.0350,0.7801
site,fmi_101237,DJF,tmin_mean,value,66,-0.0660,0.5988
site,fmi_101237,DJF,tmin_mean,anom,66,-0.0660,0.5988
site,fmi_101237,DJF,tmin_mean,anom_dt,66,-0.0620,0.6211
site,fmi_101237,JFM,frost_days,value,66,-0.1255,0.3152
site,fmi_101237,JFM,frost_days,anom,66,-0.1255,0.3152
site,fmi_101237,JFM,frost_days,anom_dt,66,-0.2223,0.0728
site,fmi_101237,JFM,ice_days,value,66,-0.0065,0.9589
site,fmi_101237,JFM,ice_days,anom,66,-0.0065,0.9589
site,fmi_101237,JFM,ice_days,anom_dt,66,-0.0736,0.5571
site,fmi_101237,JFM,precip,value,48,-0.0888,0.5486
site,fmi_101237,JFM,precip,anom_dt,48,-0.0514,0.7286
site,fmi_101237,JFM,precip_days,value,48,-0.1397,0.3437
site,fmi_101237,JFM,precip_days,anom_dt,48,-0.1422,0.3349
site,fmi_101237,JFM,rain_on_snow_days,value,48,-0.0284,0.8479
site,fmi_101237,JFM,rain_on_snow_days,anom_dt,48,-0.0105,0.9437
site,fmi_101237,JFM,snow_cover_days,value,48,0.0309,0.8347
site,fmi_101237,JFM,snow_cover_days,anom_dt,48,0.0134,0.9279
site,fmi_101237,JFM,snow_depth,value,48,0.0993,0.5018
site,fmi_101237,JFM,snow_depth,anom_dt,48,0.1082,0.4642
site,fmi_101237,JFM,snow_max,value,48,-0.0454,0.7594
site,fmi_101237,JFM,snow_max,anom_dt,48,-0.0474,0.7491
site,fmi_101237,JFM,thaw_days,value,66,0.0029,0.9817
site,fmi_101237,JFM,thaw_days,anom,66,0.0029,0.9817
site,fmi_101237,JFM,thaw_days,anom_dt,66,0.0721,0.5651
site,fmi_101237,JFM,tmax_mean,value,66,-0.0276,0.8256
site,fmi_101237,JFM,tmax_mean,anom,66,-0.0276,0.8256
site,fmi_101237,JFM,tmax_mean,anom_dt,66,-0.0016,0.9896
site,fmi_101237,JFM,tmean,value,66,-0.0275,0.8264
site,fmi_101237,JFM,tmean,anom,66,-0.0275,0.8264
site,fmi_101237,JFM,tmean,anom_dt,66,-0.0266,0.8319
site,fmi_101237,JFM,tmin_mean,value,66,-0.0599,0.6330
site,fmi_101237,JFM,tmin_mean,anom,66,-0.0599,0.6330
site,fmi_101237,JFM,tmin_mean,anom_dt,66,-0.0511,0.6837
site,fmi_101237,NDJFM,frost_days,value,66,-0.1017,0.4163
site,fmi_101237,NDJFM,frost_days,anom,66,-0.1017,0.4163
site,fmi_101237,NDJFM,frost_days,anom_dt,66,-0.1547,0.2150
site,fmi_101237,NDJFM,ice_days,value,66,0.0263,0.8338
site,fmi_101237,NDJFM,ice_days,anom,66,0.0263,0.8338
site,fmi_101237,NDJFM,ice_days,anom_dt,66,0.0153,0.9028
site,fmi_101237,NDJFM,precip,value,48,-0.0131,0.9297
site,fmi_101237,NDJFM,precip,anom_dt,48,0.0559,0.7061
site,fmi_101237,NDJFM,precip_days,value,48,-0.1495,0.3106
site,fmi_101237,NDJFM,precip_days,anom_dt,48,-0.1415,0.3373
site,fmi_101237,NDJFM,rain_on_snow_days,value,48,-0.0981,0.5070
site,fmi_101237,NDJFM,rain_on_snow_days,anom_dt,48,-0.0852,0.5647
site,fmi_101237,NDJFM,snow_cover_days,value,48,-0.1132,0.4438
site,fmi_101237,NDJFM,snow_cover_days,anom_dt,48,-0.1273,0.3886
site,fmi_101237,NDJFM,snow_depth,value,48,0.0669,0.6513
site,fmi_101237,NDJFM,snow_depth,anom_dt,48,0.0757,0.6092
site,fmi_101237,NDJFM,snow_max,value,48,-0.0576,0.6973
site,fmi_101237,NDJFM,snow_max,anom_dt,48,-0.0586,0.6925
site,fmi_101237,NDJFM,thaw_days,value,66,-0.0086,0.9453
site,fmi_101237,NDJFM,thaw_days,anom,66,-0.0086,0.9453
site,fmi_101237,NDJFM,thaw_days,anom_dt,66,-0.0010,0.9935
site,fmi_101237,NDJFM,tmax_mean,value,66,-0.0151,0.9043
site,fmi_101237,NDJFM,tmax_mean,anom,66,-0.0151,0.9043
site,fmi_101237,NDJFM,tmax_mean,anom_dt,66,-0.0206,0.8693
site,fmi_101237,NDJFM,tmean,value,66,-0.0072,0.9542
site,fmi_101237,NDJFM,tmean,anom,66,-0.0072,0.9542
site,fmi_101237,NDJFM,tmean,anom_dt,66,-0.0237,0.8501
site,fmi_101237,NDJFM,tmin_mean,value,66,-0.0153,0.9031
site,fmi_101237,NDJFM,tmin_mean,anom,66,-0.0153,0.9031
site,fmi_101237,NDJFM,tmin_mean,anom_dt,66,-0.0346,0.7830
site,fmi_101462,DJF,frost_days,value,61,-0.0053,0.9677
site,fmi_101462,DJF,frost_days,anom,61,-0.0053,0.9677
site,fmi_101462,DJF,frost_days,anom_dt,61,-0.0097,0.9407
site,fmi_101462,DJF,ice_days,value,61,0.0006,0.9964
site,fmi_101462,DJF,ice_days,anom,61,0.0006,0.9964
site,fmi_101462,DJF,ice_days,anom_dt,61,-0.0055,0.9664
site,fmi_101462,DJF,precip,value,36,-0.2033,0.2344
site,fmi_101462,DJF,precip,anom_dt,36,-0.2242,0.1886
site,fmi_101462,DJF,precip_days,value,36,-0.2000,0.2421
site,fmi_101462,DJF,precip_days,anom_dt,36,-0.2211,0.1950
site,fmi_101462,DJF,rain_on_snow_days,value,36,-0.1808,0.2912
site,fmi_101462,DJF,rain_on_snow_days,anom_dt,36,-0.1951,0.2541
site,fmi_101462,DJF,snow_cover_days,value,36,-0.1795,0.2949
site,fmi_101462,DJF,snow_cover_days,anom_dt,36,-0.1435,0.4037
site,fmi_101462,DJF,snow_depth,value,36,-0.2426,0.1539
site,fmi_101462,DJF,snow_depth,anom_dt,36,-0.2492,0.1428
site,fmi_101462,DJF,snow_max,value,36,-0.2607,0.1246
site,fmi_101462,DJF,snow_max,anom_dt,36,-0.2198,0.1976
site,fmi_101462,DJF,thaw_days,value,61,0.0078,0.9526
site,fmi_101462,DJF,thaw_days,anom,61,0.0078,0.9526
site,fmi_101462,DJF,thaw_days,anom_dt,61,0.0211,0.8721
site,fmi_101462,DJF,tmax_mean,value,61,-0.0373,0.7756
site,fmi_101462,DJF,tmax_mean,anom,61,-0.0373,0.7756
site,fmi_101462,DJF,tmax_mean,anom_dt,61,-0.0551,0.6731
site,fmi_101462,DJF,tmean,value,61,-0.0410,0.7536
site,fmi_101462,DJF,tmean,anom,61,-0.0410,0.7536
site,fmi_101462,DJF,tmean,anom_dt,61,-0.0595,0.6489
site,fmi_101462,DJF,tmin_mean,value,61,-0.0455,0.7276
site,fmi_101462,DJF,tmin_mean,anom,61,-0.0455,0.7276
site,fmi_101462,DJF,tmin_mean,anom_dt,61,-0.0366,0.7796
site,fmi_101462,JFM,frost_days,value,62,-0.1054,0.4148
site,fmi_101462,JFM,frost_days,anom,62,-0.1054,0.4148
site,fmi_101462,JFM,frost_days,anom_dt,62,-0.1761,0.1710
site,fmi_101462,JFM,ice_days,value,62,-0.0511,0.6930
site,fmi_101462,JFM,ice_days,anom,62,-0.0511,0.6930
site,fmi_101462,JFM,ice_days,anom_dt,62,-0.0908,0.4827
site,fmi_101462,JFM,precip,value,36,-0.1052,0.5416
site,fmi_101462,JFM,precip,anom_dt,36,-0.1602,0.3505
site,fmi_101462,JFM,precip_days,value,36,-0.0635,0.7130
site,fmi_101462,JFM,precip_days,anom_dt,36,-0.1113,0.5180
site,fmi_101462,JFM,rain_on_snow_days,value,36,-0.0649,0.7071
site,fmi_101462,JFM,rain_on_snow_days,anom_dt,36,-0.0555,0.7480
site,fmi_101462,JFM,snow_cover_days,value,36,-0.1772,0.3011
site,fmi_101462,JFM,snow_cover_days,anom_dt,36,-0.0434,0.8017
site,fmi_101462,JFM,snow_depth,value,36,-0.2353,0.1672
site,fmi_101462,JFM,snow_depth,anom_dt,36,-0.1895,0.2684
site,fmi_101462,JFM,snow_max,value,36,-0.3447,0.0395
site,fmi_101462,JFM,snow_max,anom_dt,36,-0.3227,0.0549
site,fmi_101462,JFM,thaw_days,value,62,0.0490,0.7052
site,fmi_101462,JFM,thaw_days,anom,62,0.0490,0.7052
site,fmi_101462,JFM,thaw_days,anom_dt,62,0.1007,0.4360
site,fmi_101462,JFM,tmax_mean,value,62,-0.0206,0.8739
site,fmi_101462,JFM,tmax_mean,anom,62,-0.0206,0.8739
site,fmi_101462,JFM,tmax_mean,anom_dt,62,-0.0479,0.7116
site,fmi_101462,JFM,tmean,value,62,-0.0277,0.8310
site,fmi_101462,JFM,tmean,anom,62,-0.0277,0.8310
site,fmi_101462,JFM,tmean,anom_dt,62,-0.0312,0.8100
site,fmi_101462,JFM,tmin_mean,value,62,-0.0219,0.8658
site,fmi_101462,JFM,tmin_mean,anom,62,-0.0219,0.8658
site,fmi_101462,JFM,tmin_mean,anom_dt,62,0.0027,0.9831
site,fmi_101462,NDJFM,frost_days,value,61,-0.0839,0.5204
site,fmi_101462,NDJFM,frost_days,anom,61,-0.0839,0.5204
site,fmi_101462,NDJFM,frost_days,anom_dt,61,-0.0785,0.5475
site,fmi_101462,NDJFM,ice_days,value,61,-0.0210,0.8722
site,fmi_101462,NDJFM,ice_days,anom,61,-0.0210,0.8722
site,fmi_101462,NDJFM,ice_days,anom_dt,61,-0.0192,0.8831
site,fmi_101462,NDJFM,precip,value,36,-0.0084,0.9614
site,fmi_101462,NDJFM,precip,anom_dt,36,-0.0864,0.6165
site,fmi_101462,NDJFM,precip_days,value,36,-0.0264,0.8785
site,fmi_101462,NDJFM,precip_days,anom_dt,36,-0.0288,0.8674
site,fmi_101462,NDJFM,rain_on_snow_days,value,36,-0.0756,0.6610
site,fmi_101462,NDJFM,rain_on_snow_days,anom_dt,36,-0.1204,0.4844
site,fmi_101462,NDJFM,snow_cover_days,value,36,-0.1521,0.3758
site,fmi_101462,NDJFM,snow_cover_days,anom_dt,36,-0.1376,0.4236
site,fmi_101462,NDJFM,snow_depth,value,36,-0.2556,0.1324
site,fmi_101462,NDJFM,snow_depth,anom_dt,36,-0.2536,0.1357
site,fmi_101462,NDJFM,snow_max,value,36,-0.3455,0.0391
site,fmi_101462,NDJFM,snow_max,anom_dt,36,-0.3273,0.0513
site,fmi_101462,NDJFM,thaw_days,value,61,0.0291,0.8239
site,fmi_101462,NDJFM,thaw_days,anom,61,0.0291,0.8239
site,fmi_101462,NDJFM,thaw_days,anom_dt,61,0.0285,0.8272
site,fmi_101462,NDJFM,tmax_mean,value,61,-0.0122,0.9257
site,fmi_101462,NDJFM,tmax_mean,anom,61,-0.0122,0.9257
site,fmi_101462,NDJFM,tmax_mean,anom_dt,61,-0.0076,0.9537
site,fmi_101462,NDJFM,tmean,value,61,-0.0025,0.9845
site,fmi_101462,NDJFM,tmean,anom,61,-0.0025,0.9845
site,fmi_101462,NDJFM,tmean,anom_dt,61,-0.0073,0.9553
site,fmi_101462,NDJFM,tmin_mean,value,61,0.0290,0.8247
site,fmi_101462,NDJFM,tmin_mean,anom,61,0.0290,0.8247
site,fmi_101462,NDJFM,tmin_mean,anom_dt,61,0.0222,0.8651
site,fmi_101520,DJF,frost_days,value,67,-0.0095,0.9392
site,fmi_101520,DJF,frost_days,anom,67,-0.0095,0.9392
site,fmi_101520,DJF,frost_days,anom_dt,67,-0.0442,0.7227
site,fmi_101520,DJF,ice_days,value,67,-0.0682,0.5835
site,fmi_101520,DJF,ice_days,anom,67,-0.0682,0.5835
site,fmi_101520,DJF,ice_days,anom_dt,67,-0.0585,0.6381
site,fmi_101520,DJF,precip,value,67,-0.0911,0.4636
site,fmi_101520,DJF,precip,anom,67,-0.0911,0.4636
site,fmi_101520,DJF,precip,anom_dt,67,-0.1034,0.4051
site,fmi_101520,DJF,precip_days,value,67,-0.1313,0.2897
site,fmi_101520,DJF,precip_days,anom,67,-0.1313,0.2897
site,fmi_101520,DJF,precip_days,anom_dt,67,-0.1214,0.3276
site,fmi_101520,DJF,rain_on_snow_days,value,67,-0.0886,0.4760
site,fmi_101520,DJF,rain_on_snow_days,anom,67,-0.0886,0.4760
site,fmi_101520,DJF,rain_on_snow_days,anom_dt,67,-0.0395,0.7508
site,fmi_101520,DJF,snow_cover_days,value,67,-0.1210,0.3292
site,fmi_101520,DJF,snow_cover_days,anom,67,-0.1210,0.3292
site,fmi_101520,DJF,snow_cover_days,anom_dt,67,-0.2449,0.0457
site,fmi_101520,DJF,snow_depth,value,67,-0.0750,0.5466
site,fmi_101520,DJF,snow_depth,anom,67,-0.0750,0.5466
site,fmi_101520,DJF,snow_depth,anom_dt,67,-0.0880,0.4789
site,fmi_101520,DJF,snow_max,value,67,-0.0044,0.9715
site,fmi_101520,DJF,snow_max,anom,67,-0.0044,0.9715
site,fmi_101520,DJF,snow_max,anom_dt,67,-0.0096,0.9384
site,fmi_101520,DJF,thaw_days,value,67,0.0832,0.5033
site,fmi_101520,DJF,thaw_days,anom,67,0.0832,0.5033
site,fmi_101520,DJF,thaw_days,anom_dt,67,0.0822,0.5085
site,fmi_101520,DJF,tmax_mean,value,67,-0.0196,0.8748
site,fmi_101520,DJF,tmax_mean,anom,67,-0.0196,0.8748
site,fmi_101520,DJF,tmax_mean,anom_dt,67,-0.0156,0.9004
site,fmi_101520,DJF,tmean,value,67,-0.0331,0.7903
site,fmi_101520,DJF,tmean,anom,67,-0.0331,0.7903
site,fmi_101520,DJF,tmean,anom_dt,67,-0.0237,0.8492
site,fmi_101520,DJF,tmin_mean,value,67,-0.0678,0.5856
site,fmi_101520,DJF,tmin_mean,anom,67,-0.0678,0.5856
site,fmi_101520,DJF,tmin_mean,anom_dt,67,-0.0520,0.6760
site,fmi_101520,JFM,frost_days,value,67,-0.0856,0.4910
site,fmi_101520,JFM,frost_days,anom,67,-0.0856,0.4910
site,fmi_101520,JFM,frost_days,anom_dt,67,-0.1405,0.2568
site,fmi_101520,JFM,ice_days,value,67,-0.0910,0.4638
site,fmi_101520,JFM,ice_days,anom,67,-0.0910,0.4638
site,fmi_101520,JFM,ice_days,anom_dt,67,-0.1255,0.3117
site,fmi_101520,JFM,precip,value,67,-0.0576,0.6432
site,fmi_101520,JFM,precip,anom,67,-0.0576,0.6432
site,fmi_101520,JFM,precip,anom_dt,67,-0.0276,0.8245
site,fmi_101520,JFM,precip_days,value,67,-0.0083,0.9471
site,fmi_101520,JFM,precip_days,anom,67,-0.0083,0.9471
site,fmi_101520,JFM,precip_days,anom_dt,67,-0.0152,0.9028
site,fmi_101520,JFM,rain_on_snow_days,value,67,0.1213,0.3284
site,fmi_101520,JFM,rain_on_snow_days,anom,67,0.1213,0.3284
site,fmi_101520,JFM,rain_on_snow_days,anom_dt,67,0.1260,0.3097
site,fmi_101520,JFM,snow_cover_days,value,67,-0.0829,0.5049
site,fmi_101520,JFM,snow_cover_days,anom,67,-0.0829,0.5049
site,fmi_101520,JFM,snow_cover_days,anom_dt,67,-0.0812,0.5138
site,fmi_101520,JFM,snow_depth,value,67,-0.0892,0.4726
site,fmi_101520,JFM,snow_depth,anom,67,-0.0892,0.4726
site,fmi_101520,JFM,snow_depth,anom_dt,67,-0.0859,0.4895
site,fmi_101520,JFM,snow_max,value,67,-0.1466,0.2365
site,fmi_101520,JFM,snow_max,anom,67,-0.1466,0.2365
site,fmi_101520,JFM,snow_max,anom_dt,67,-0.1369,0.2693
site,fmi_101520,JFM,thaw_days,value,67,0.0885,0.4762
site,fmi_101520,JFM,thaw_days,anom,67,0.0885,0.4762
site,fmi_101520,JFM,thaw_days,anom_dt,67,0.1439,0.2454
site,fmi_101520,JFM,tmax_mean,value,67,-0.0090,0.9426
site,fmi_101520,JFM,tmax_mean,anom,67,-0.0090,0.9426
site,fmi_101520,JFM,tmax_mean,anom_dt,67,-0.0083,0.9470
site,fmi_101520,JFM,tmean,value,67,-0.0357,0.7740
site,fmi_101520,JFM,tmean,anom,67,-0.0357,0.7740
site,fmi_101520,JFM,tmean,anom_dt,67,-0.0270,0.8282
site,fmi_101520,JFM,tmin_mean,value,67,-0.0589,0.6361
site,fmi_101520,JFM,tmin_mean,anom,67,-0.0589,0.6361
site,fmi_101520,JFM,tmin_mean,anom_dt,67,-0.0531,0.6698
site,fmi_101520,NDJFM,frost_days,value,67,-0.0596,0.6319
site,fmi_101520,NDJFM,frost_days,anom,67,-0.0596,0.6319
site,fmi_101520,NDJFM,frost_days,anom_dt,67,-0.0991,0.4251
site,fmi_101520,NDJFM,ice_days,value,67,-0.0486,0.6960
site,fmi_101520,NDJFM,ice_days,anom,67,-0.0486,0.6960
site,fmi_101520,NDJFM,ice_days,anom_dt,67,-0.0590,0.6355
site,fmi_101520,NDJFM,precip,value,67,-0.0892,0.4726
site,fmi_101520,NDJFM,precip,anom,67,-0.0892,0.4726
site,fmi_101520,NDJFM,precip,anom_dt,67,-0.0808,0.5155
site,fmi_101520,NDJFM,precip_days,value,67,-0.0449,0.7185
site,fmi_101520,NDJFM,precip_days,anom,67,-0.0449,0.7185
site,fmi_101520,NDJFM,precip_days,anom_dt,67,-0.0509,0.6823
site,fmi_101520,NDJFM,rain_on_snow_days,value,67,0.0541,0.6638
site,fmi_101520,NDJFM,rain_on_snow_days,anom,67,0.0541,0.6638
site,fmi_101520,NDJFM,rain_on_snow_days,anom_dt,67,0.0838,0.5004
site,fmi_101520,NDJFM,snow_cover_days,value,67,-0.1207,0.3308
site,fmi_101520,NDJFM,snow_cover_days,anom,67,-0.1207,0.3308
site,fmi_101520,NDJFM,snow_cover_days,anom_dt,67,-0.2051,0.0960
site,fmi_101520,NDJFM,snow_depth,value,67,-0.1093,0.3784
site,fmi_101520,NDJFM,snow_depth,anom,67,-0.1093,0.3784
site,fmi_101520,NDJFM,snow_depth,anom_dt,67,-0.1167,0.3470
site,fmi_101520,NDJFM,snow_max,value,67,-0.1491,0.2285
site,fmi_101520,NDJFM,snow_max,anom,67,-0.1491,0.2285
site,fmi_101520,NDJFM,snow_max,anom_dt,67,-0.1414,0.2539
site,fmi_101520,NDJFM,thaw_days,value,67,0.0367,0.7684
site,fmi_101520,NDJFM,thaw_days,anom,67,0.0367,0.7684
site,fmi_101520,NDJFM,thaw_days,anom_dt,67,0.0639,0.6074
site,fmi_101520,NDJFM,tmax_mean,value,67,-0.0055,0.9648
site,fmi_101520,NDJFM,tmax_mean,anom,67,-0.0055,0.9648
site,fmi_101520,NDJFM,tmax_mean,anom_dt,67,0.0014,0.9913
site,fmi_101520,NDJFM,tmean,value,67,-0.0000,0.9999
site,fmi_101520,NDJFM,tmean,anom,67,-0.0000,0.9999
site,fmi_101520,NDJFM,tmean,anom_dt,67,-0.0134,0.9141
site,fmi_101520,NDJFM,tmin_mean,value,67,-0.0008,0.9948
site,fmi_101520,NDJFM,tmin_mean,anom,67,-0.0008,0.9948
site,fmi_101520,NDJFM,tmin_mean,anom_dt,67,-0.0170,0.8912
site,fmi_101572,DJF,frost_days,value,67,0.0113,0.9275
site,fmi_101572,DJF,frost_days,anom,67,0.0113,0.9275
site,fmi_101572,DJF,frost_days,anom_dt,67,0.0101,0.9354
site,fmi_101572,DJF,ice_days,value,67,-0.0360,0.7726
site,fmi_101572,DJF,ice_days,anom,67,-0.0360,0.7726
site,fmi_101572,DJF,ice_days,anom_dt,67,-0.0559,0.6533
site,fmi_101572,DJF,precip,value,67,-0.1191,0.3371
site,fmi_101572,DJF,precip,anom,67,-0.1191,0.3371
site,fmi_101572,DJF,precip,anom_dt,67,-0.1039,0.4030
site,fmi_101572,DJF,precip_days,value,67,-0.1082,0.3835
site,fmi_101572,DJF,precip_days,anom,67,-0.1082,0.3835
site,fmi_101572,DJF,precip_days,anom_dt,67,-0.1096,0.3772
site,fmi_101572,DJF,rain_on_snow_days,value,67,0.0195,0.8755
site,fmi_101572,DJF,rain_on_snow_days,anom,67,0.0195,0.8755
site,fmi_101572,DJF,rain_on_snow_days,anom_dt,67,0.0427,0.7314
site,fmi_101572,DJF,snow_cover_days,value,67,-0.1013,0.4146
site,fmi_101572,DJF,snow_cover_days,anom,67,-0.1013,0.4146
site,fmi_101572,DJF,snow_cover_days,anom_dt,67,-0.1718,0.1645
site,fmi_101572,DJF,snow_depth,value,67,-0.0458,0.7127
site,fmi_101572,DJF,snow_depth,anom,67,-0.0458,0.7127
site,fmi_101572,DJF,snow_depth,anom_dt,67,-0.0545,0.6611
site,fmi_101572,DJF,snow_max,value,67,-0.0214,0.8634
site,fmi_101572,DJF,snow_max,anom,67,-0.0214,0.8634
site,fmi_101572,DJF,snow_max,anom_dt,67,-0.0233,0.8515
site,fmi_101572,DJF,thaw_days,value,67,0.0194,0.8761
site,fmi_101572,DJF,thaw_days,anom,67,0.0194,0.8761
site,fmi_101572,DJF,thaw_days,anom_dt,67,0.0301,0.8088
site,fmi_101572,DJF,tmax_mean,value,67,-0.0182,0.8839
site,fmi_101572,DJF,tmax_mean,anom,67,-0.0182,0.8839
site,fmi_101572,DJF,tmax_mean,anom_dt,67,-0.0121,0.9227
site,fmi_101572,DJF,tmean,value,67,-0.0358,0.7736
site,fmi_101572,DJF,tmean,anom,67,-0.0358,0.7736
site,fmi_101572,DJF,tmean,anom_dt,67,-0.0317,0.7990
site,fmi_101572,DJF,tmin_mean,value,67,-0.0494,0.6912
site,fmi_101572,DJF,tmin_mean,anom,67,-0.0494,0.6912
site,fmi_101572,DJF,tmin_mean,anom_dt,67,-0.0344,0.7824
site,fmi_101572,JFM,frost_days,value,67,-0.1060,0.3932
site,fmi_101572,JFM,frost_days,anom,67,-0.1060,0.3932
site,fmi_101572,JFM,frost_days,anom_dt,67,-0.1593,0.1978
site,fmi_101572,JFM,ice_days,value,67,-0.0983,0.4287
site,fmi_101572,JFM,ice_days,anom,67,-0.0983,0.4287
site,fmi_101572,JFM,ice_days,anom_dt,67,-0.1256,0.3110
site,fmi_101572,JFM,precip,value,67,-0.0082,0.9476
site,fmi_101572,JFM,precip,anom,67,-0.0082,0.9476
site,fmi_101572,JFM,precip,anom_dt,67,0.0113,0.9280
site,fmi_101572,JFM,precip_days,value,67,0.0228,0.8546
site,fmi_101572,JFM,precip_days,anom,67,0.0228,0.8546
site,fmi_101572,JFM,precip_days,anom_dt,67,0.0328,0.7924
site,fmi_101572,JFM,rain_on_snow_days,value,67,0.2533,0.0386
site,fmi_101572,JFM,rain_on_snow_days,anom,67,0.2533,0.0386
site,fmi_101572,JFM,rain_on_snow_days,anom_dt,67,0.2833,0.0202
site,fmi_101572,JFM,snow_cover_days,value,67,-0.1877,0.1282
site,fmi_101572,JFM,snow_cover_days,anom,67,-0.1877,0.1282
site,fmi_101572,JFM,snow_cover_days,anom_dt,67,-0.1652,0.1815
site,fmi_101572,JFM,snow_depth,value,67,-0.0162,0.8963
site,fmi_101572,JFM,snow_depth,anom,67,-0.0162,0.8963
site,fmi_101572,JFM,snow_depth,anom_dt,67,-0.0300,0.8095
site,fmi_101572,JFM,snow_max,value,67,-0.0489,0.6945
site,fmi_101572,JFM,snow_max,anom,67,-0.0489,0.6945
site,fmi_101572,JFM,snow_max,anom_dt,67,-0.0504,0.6856
site,fmi_101572,JFM,thaw_days,value,67,0.0839,0.4995
site,fmi_101572,JFM,thaw_days,anom,67,0.0839,0.4995
site,fmi_101572,JFM,thaw_days,anom_dt,67,0.1199,0.3338
site,fmi_101572,JFM,tmax_mean,value,67,0.0297,0.8113
site,fmi_101572,JFM,tmax_mean,anom,67,0.0297,0.8113
site,fmi_101572,JFM,tmax_mean,anom_dt,67,-0.0021,0.9868
site,fmi_101572,JFM,tmean,value,67,-0.0067,0.9568
site,fmi_101572,JFM,tmean,anom,67,-0.0067,0.9568
site,fmi_101572,JFM,tmean,anom_dt,67,-0.0186,0.8810
site,fmi_101572,JFM,tmin_mean,value,67,-0.0522,0.6750
site,fmi_101572,JFM,tmin_mean,anom,67,-0.0526,0.6725
site,fmi_101572,JFM,tmin_mean,anom_dt,67,-0.0467,0.7076
site,fmi_101572,NDJFM,frost_days,value,67,-0.0304,0.8070
site,fmi_101572,NDJFM,frost_days,anom,67,-0.0304,0.8070
site,fmi_101572,NDJFM,frost_days,anom_dt,67,-0.0716,0.5646
site,fmi_101572,NDJFM,ice_days,value,67,-0.0430,0.7295
site,fmi_101572,NDJFM,ice_days,anom,67,-0.0430,0.7295
site,fmi_101572,NDJFM,ice_days,anom_dt,67,-0.0552,0.6574
site,fmi_101572,NDJFM,precip,value,67,-0.0074,0.9526
site,fmi_101572,NDJFM,precip,anom,67,-0.0074,0.9526
site,fmi_101572,NDJFM,precip,anom_dt,67,0.0045,0.9710
site,fmi_101572,NDJFM,precip_days,value,67,0.0883,0.4772
site,fmi_101572,NDJFM,precip_days,anom,67,0.0883,0.4772
site,fmi_101572,NDJFM,precip_days,anom_dt,67,0.0990,0.4254
site,fmi_101572,NDJFM,rain_on_snow_days,value,67,0.2321,0.0587
site,fmi_101572,NDJFM,rain_on_snow_days,anom,67,0.2321,0.0587
site,fmi_101572,NDJFM,rain_on_snow_days,anom_dt,67,0.2534,0.0386
site,fmi_101572,NDJFM,snow_cover_days,value,67,-0.0916,0.4608
site,fmi_101572,NDJFM,snow_cover_days,anom,67,-0.0916,0.4608
site,fmi_101572,NDJFM,snow_cover_days,anom_dt,67,-0.1827,0.1389
site,fmi_101572,NDJFM,snow_depth,value,67,-0.0492,0.6927
site,fmi_101572,NDJFM,snow_depth,anom,67,-0.0492,0.6927
site,fmi_101572,NDJFM,snow_depth,anom_dt,67,-0.0617,0.6200
site,fmi_101572,NDJFM,snow_max,value,67,-0.0489,0.6945
site,fmi_101572,NDJFM,snow_max,anom,67,-0.0489,0.6945
site,fmi_101572,NDJFM,snow_max,anom_dt,67,-0.0514,0.6796
site,fmi_101572,NDJFM,thaw_days,value,67,0.0453,0.7159
site,fmi_101572,NDJFM,thaw_days,anom,67,0.0453,0.7159
site,fmi_101572,NDJFM,thaw_days,anom_dt,67,0.0439,0.7244
site,fmi_101572,NDJFM,tmax_mean,value,67,0.0067,0.9572
site,fmi_101572,NDJFM,tmax_mean,anom,67,0.0067,0.9572
site,fmi_101572,NDJFM,tmax_mean,anom_dt,67,0.0016,0.9896
site,fmi_101572,NDJFM,tmean,value,67,0.0001,0.9992
site,fmi_101572,NDJFM,tmean,anom,67,0.0001,0.9992
site,fmi_101572,NDJFM,tmean,anom_dt,67,0.0119,0.9237
site,fmi_101572,NDJFM,tmin_mean,value,67,-0.0066,0.9574
site,fmi_101572,NDJFM,tmin_mean,anom,67,-0.0072,0.9540
site,fmi_101572,NDJFM,tmin_mean,anom_dt,67,0.0156,0.9003
site,fmi_101725,DJF,frost_days,value,67,-0.0515,0.6792
site,fmi_101725,DJF,frost_days,anom,67,-0.0515,0.6792
site,fmi_101725,DJF,frost_days,anom_dt,67,-0.0430,0.7297
site,fmi_101725,DJF,ice_days,value,67,-0.0791,0.5245
site,fmi_101725,DJF,ice_days,anom,67,-0.0791,0.5245
site,fmi_101725,DJF,ice_days,anom_dt,67,-0.0694,0.5767
site,fmi_101725,DJF,precip,value,41,-0.1713,0.2843
site,fmi_101725,DJF,precip,anom_dt,41,-0.1706,0.2863
site,fmi_101725,DJF,precip_days,value,41,-0.0876,0.5860
site,fmi_101725,DJF,precip_days,anom_dt,41,-0.0860,0.5930
site,fmi_101725,DJF,rain_on_snow_days,value,41,-0.0576,0.7205
site,fmi_101725,DJF,rain_on_snow_days,anom_dt,41,-0.0468,0.7715
site,fmi_101725,DJF,snow_cover_days,value,41,-0.2504,0.1143
site,fmi_101725,DJF,snow_cover_days,anom_dt,41,-0.1663,0.2987
site,fmi_101725,DJF,snow_depth,value,41,-0.2579,0.1036
site,fmi_101725,DJF,snow_depth,anom_dt,41,-0.2886,0.0673
site,fmi_101725,DJF,snow_max,value,41,-0.1337,0.4045
site,fmi_101725,DJF,snow_max,anom_dt,41,-0.0645,0.6889
site,fmi_101725,DJF,thaw_days,value,67,0.0855,0.4917
site,fmi_101725,DJF,thaw_days,anom,67,0.0855,0.4917
site,fmi_101725,DJF,thaw_days,anom_dt,67,0.0875,0.4811
site,fmi_101725,DJF,tmax_mean,value,67,-0.0273,0.8264
site,fmi_101725,DJF,tmax_mean,anom,67,-0.0273,0.8264
site,fmi_101725,DJF,tmax_mean,anom_dt,67,-0.0200,0.8725
site,fmi_101725,DJF,tmean,value,67,-0.0305,0.8062
site,fmi_101725,DJF,tmean,anom,67,-0.0305,0.8062
site,fmi_101725,DJF,tmean,anom_dt,67,0.0006,0.9959
site,fmi_101725,DJF,tmin_mean,value,67,-0.0365,0.7696
site,fmi_101725,DJF,tmin_mean,anom,67,-0.0365,0.7696
site,fmi_101725,DJF,tmin_mean,anom_dt,67,-0.0114,0.9271
site,fmi_101725,JFM,frost_days,value,67,-0.1227,0.3226
site,fmi_101725,JFM,frost_days,anom,67,-0.1227,0.3226
site,fmi_101725,JFM,frost_days,anom_dt,67,-0.1241,0.3169
site,fmi_101725,JFM,ice_days,value,67,-0.1270,0.3058
site,fmi_101725,JFM,ice_days,anom,67,-0.1270,0.3058
site,fmi_101725,JFM,ice_days,anom_dt,67,-0.1429,0.2485
site,fmi_101725,JFM,precip,value,41,-0.0191,0.9057
site,fmi_101725,JFM,precip,anom_dt,41,0.0091,0.9547
site,fmi_101725,JFM,precip_days,value,41,0.0432,0.7886
site,fmi_101725,JFM,precip_days,anom_dt,41,0.0630,0.6957
site,fmi_101725,JFM,rain_on_snow_days,value,41,-0.0484,0.7637
site,fmi_101725,JFM,rain_on_snow_days,anom_dt,41,-0.0409,0.7998
site,fmi_101725,JFM,snow_cover_days,value,41,-0.1985,0.2134
site,fmi_101725,JFM,snow_cover_days,anom_dt,41,-0.1450,0.3656
site,fmi_101725,JFM,snow_depth,value,41,-0.1822,0.2541
site,fmi_101725,JFM,snow_depth,anom_dt,41,-0.1934,0.2257
site,fmi_101725,JFM,snow_max,value,41,-0.2061,0.1960
site,fmi_101725,JFM,snow_max,anom_dt,41,-0.1567,0.3278
site,fmi_101725,JFM,thaw_days,value,67,0.1260,0.3095
site,fmi_101725,JFM,thaw_days,anom,67,0.1260,0.3095
site,fmi_101725,JFM,thaw_days,anom_dt,67,0.1409,0.2556
site,fmi_101725,JFM,tmax_mean,value,67,-0.0211,0.8657
site,fmi_101725,JFM,tmax_mean,anom,67,-0.0212,0.8646
site,fmi_101725,JFM,tmax_mean,anom_dt,67,-0.0224,0.8574
site,fmi_101725,JFM,tmean,value,67,-0.0147,0.9060
site,fmi_101725,JFM,tmean,anom,67,-0.0147,0.9060
site,fmi_101725,JFM,tmean,anom_dt,67,-0.0207,0.8680
site,fmi_101725,JFM,tmin_mean,value,67,-0.0585,0.6381
site,fmi_101725,JFM,tmin_mean,anom,67,-0.0585,0.6381
site,fmi_101725,JFM,tmin_mean,anom_dt,67,-0.0446,0.7198
site,fmi_101725,NDJFM,frost_days,value,67,-0.0130,0.9168
site,fmi_101725,NDJFM,frost_days,anom,67,-0.0130,0.9168
site,fmi_101725,NDJFM,frost_days,anom_dt,67,-0.0608,0.6251
site,fmi_101725,NDJFM,ice_days,value,67,-0.0847,0.4957
site,fmi_101725,NDJFM,ice_days,anom,67,-0.0847,0.4957
site,fmi_101725,NDJFM,ice_days,anom_dt,67,-0.0516,0.6781
site,fmi_101725,NDJFM,precip,value,41,0.0463,0.7735
site,fmi_101725,NDJFM,precip,anom_dt,41,0.0347,0.8296
site,fmi_101725,NDJFM,precip_days,value,41,0.1134,0.4802
site,fmi_101725,NDJFM,precip_days,anom_dt,41,0.1117,0.4870
site,fmi_101725,NDJFM,rain_on_snow_days,value,41,0.1102,0.4927
site,fmi_101725,NDJFM,rain_on_snow_days,anom_dt,41,0.1198,0.4557
site,fmi_101725,NDJFM,snow_cover_days,value,41,-0.0504,0.7542
site,fmi_101725,NDJFM,snow_cover_days,anom_dt,41,-0.0352,0.8271
site,fmi_101725,NDJFM,snow_depth,value,41,-0.2348,0.1395
site,fmi_101725,NDJFM,snow_depth,anom_dt,41,-0.2389,0.1324
site,fmi_101725,NDJFM,snow_max,value,41,-0.2061,0.1960
site,fmi_101725,NDJFM,snow_max,anom_dt,41,-0.1567,0.3278
site,fmi_101725,NDJFM,thaw_days,value,67,0.1012,0.4153
site,fmi_101725,NDJFM,thaw_days,anom,67,0.1012,0.4153
site,fmi_101725,NDJFM,thaw_days,anom_dt,67,0.0627,0.6141
site,fmi_101725,NDJFM,tmax_mean,value,67,0.0049,0.9687
site,fmi_101725,NDJFM,tmax_mean,anom,67,0.0051,0.9674
site,fmi_101725,NDJFM,tmax_mean,anom_dt,67,-0.0039,0.9749
site,fmi_101725,NDJFM,tmean,value,67,0.0178,0.8863
site,fmi_101725,NDJFM,tmean,anom,67,0.0178,0.8863
site,fmi_101725,NDJFM,tmean,anom_dt,67,0.0176,0.8874
site,fmi_101725,NDJFM,tmin_mean,value,67,0.0038,0.9758
site,fmi_101725,NDJFM,tmin_mean,anom,67,0.0038,0.9758
site,fmi_101725,NDJFM,tmin_mean,anom_dt,67,-0.0019,0.9881
site,fmi_101786,DJF,frost_days,value,65,-0.0652,0.6058
site,fmi_101786,DJF,frost_days,anom,65,-0.0652,0.6058
site,fmi_101786,DJF,frost_days,anom_dt,65,-0.0891,0.4802
site,fmi_101786,DJF,ice_days,value,65,-0.0829,0.5114
site,fmi_101786,DJF,ice_days,anom,65,-0.0829,0.5114
site,fmi_101786,DJF,ice_days,anom_dt,65,-0.0720,0.5689
site,fmi_101786,DJF,precip,value,41,-0.1540,0.3363
site,fmi_101786,DJF,precip,anom_dt,41,-0.1829,0.2523
site,fmi_101786,DJF,precip_days,value,41,-0.1582,0.3232
site,fmi_101786,DJF,precip_days,anom_dt,41,-0.1531,0.3391
site,fmi_101786,DJF,rain_on_snow_days,value,41,0.0935,0.5611
site,fmi_101786,DJF,rain_on_snow_days,anom_dt,41,0.1282,0.4243
site,fmi_101786,DJF,snow_cover_days,value,41,-0.1118,0.4864
site,fmi_101786,DJF,snow_cover_days,anom_dt,41,-0.0629,0.6961
site,fmi_101786,DJF,snow_depth,value,41,-0.1789,0.2630
site,fmi_101786,DJF,snow_depth,anom_dt,41,-0.1882,0.2387
site,fmi_101786,DJF,snow_max,value,41,-0.1116,0.4872
site,fmi_101786,DJF,snow_max,anom_dt,41,-0.1077,0.5028
site,fmi_101786,DJF,thaw_days,value,65,0.0896,0.4778
site,fmi_101786,DJF,thaw_days,anom,65,0.0896,0.4778
site,fmi_101786,DJF,thaw_days,anom_dt,65,0.0919,0.4663
site,fmi_101786,DJF,tmax_mean,value,65,-0.0281,0.8244
site,fmi_101786,DJF,tmax_mean,anom,65,-0.0281,0.8244
site,fmi_101786,DJF,tmax_mean,anom_dt,65,-0.0299,0.8131
site,fmi_101786,DJF,tmean,value,65,-0.0173,0.8910
site,fmi_101786,DJF,tmean,anom,65,-0.0173,0.8910
site,fmi_101786,DJF,tmean,anom_dt,65,-0.0141,0.9111
site,fmi_101786,DJF,tmin_mean,value,65,-0.0236,0.8521
site,fmi_101786,DJF,tmin_mean,anom,65,-0.0236,0.8521
site,fmi_101786,DJF,tmin_mean,anom_dt,65,-0.0221,0.8610
site,fmi_101786,JFM,frost_days,value,66,-0.1225,0.3273
site,fmi_101786,JFM,frost_days,anom,66,-0.1225,0.3273
site,fmi_101786,JFM,frost_days,anom_dt,66,-0.1666,0.1813
site,fmi_101786,JFM,ice_days,value,66,-0.1052,0.4005
site,fmi_101786,JFM,ice_days,anom,66,-0.1052,0.4005
site,fmi_101786,JFM,ice_days,anom_dt,66,-0.1500,0.2292
site,fmi_101786,JFM,precip,value,41,0.0274,0.8652
site,fmi_101786,JFM,precip,anom_dt,41,0.0060,0.9702
site,fmi_101786,JFM,precip_days,value,41,0.0509,0.7522
site,fmi_101786,JFM,precip_days,anom_dt,41,0.0326,0.8397
site,fmi_101786,JFM,rain_on_snow_days,value,41,0.1418,0.3764
site,fmi_101786,JFM,rain_on_snow_days,anom_dt,41,0.1977,0.2152
site,fmi_101786,JFM,snow_cover_days,value,41,-0.1519,0.3432
site,fmi_101786,JFM,snow_cover_days,anom_dt,41,-0.1295,0.4196
site,fmi_101786,JFM,snow_depth,value,41,-0.1898,0.2346
site,fmi_101786,JFM,snow_depth,anom_dt,41,-0.1934,0.2257
site,fmi_101786,JFM,snow_max,value,41,-0.2199,0.1671
site,fmi_101786,JFM,snow_max,anom_dt,41,-0.2236,0.1599
site,fmi_101786,JFM,thaw_days,value,66,0.1093,0.3822
site,fmi_101786,JFM,thaw_days,anom,66,0.1093,0.3822
site,fmi_101786,JFM,thaw_days,anom_dt,66,0.1443,0.2478
site,fmi_101786,JFM,tmax_mean,value,66,-0.0046,0.9705
site,fmi_101786,JFM,tmax_mean,anom,66,-0.0046,0.9705
site,fmi_101786,JFM,tmax_mean,anom_dt,66,-0.0363,0.7724
site,fmi_101786,JFM,tmean,value,66,-0.0015,0.9903
site,fmi_101786,JFM,tmean,anom,66,-0.0015,0.9903
site,fmi_101786,JFM,tmean,anom_dt,66,-0.0358,0.7752
site,fmi_101786,JFM,tmin_mean,value,66,-0.0346,0.7827
site,fmi_101786,JFM,tmin_mean,anom,66,-0.0346,0.7827
site,fmi_101786,JFM,tmin_mean,anom_dt,66,-0.0273,0.8278
site,fmi_101786,NDJFM,frost_days,value,65,-0.0967,0.4433
site,fmi_101786,NDJFM,frost_days,anom,65,-0.0967,0.4433
site,fmi_101786,NDJFM,frost_days,anom_dt,65,-0.1016,0.4205
site,fmi_101786,NDJFM,ice_days,value,65,-0.0690,0.5848
site,fmi_101786,NDJFM,ice_days,anom,65,-0.0690,0.5848
site,fmi_101786,NDJFM,ice_days,anom_dt,65,-0.0929,0.4619
site,fmi_101786,NDJFM,precip,value,41,0.0475,0.7682
site,fmi_101786,NDJFM,precip,anom_dt,41,0.0331,0.8372
site,fmi_101786,NDJFM,precip_days,value,41,0.0701,0.6632
site,fmi_101786,NDJFM,precip_days,anom_dt,41,0.0356,0.8250
site,fmi_101786,NDJFM,rain_on_snow_days,value,41,0.1922,0.2287
site,fmi_101786,NDJFM,rain_on_snow_days,anom_dt,41,0.2236,0.1599
site,fmi_101786,NDJFM,snow_cover_days,value,41,-0.0979,0.5427
site,fmi_101786,NDJFM,snow_cover_days,anom_dt,41,-0.0781,0.6272
site,fmi_101786,NDJFM,snow_depth,value,41,-0.2058,0.1968
site,fmi_101786,NDJFM,snow_depth,anom_dt,41,-0.2300,0.1480
site,fmi_101786,NDJFM,snow_max,value,41,-0.2199,0.1671
site,fmi_101786,NDJFM,snow_max,anom_dt,41,-0.2206,0.1658
site,fmi_101786,NDJFM,thaw_days,value,65,0.0675,0.5932
site,fmi_101786,NDJFM,thaw_days,anom,65,0.0675,0.5932
site,fmi_101786,NDJFM,thaw_days,anom_dt,65,0.0801,0.5261
site,fmi_101786,NDJFM,tmax_mean,value,65,-0.0010,0.9934
site,fmi_101786,NDJFM,tmax_mean,anom,65,-0.0010,0.9934
site,fmi_101786,NDJFM,tmax_mean,anom_dt,65,0.0084,0.9470
site,fmi_101786,NDJFM,tmean,value,65,0.0167,0.8952
site,fmi_101786,NDJFM,tmean,anom,65,0.0167,0.8952
site,fmi_101786,NDJFM,tmean,anom_dt,65,0.0305,0.8092
site,fmi_101786,NDJFM,tmin_mean,value,65,0.0409,0.7461
site,fmi_101786,NDJFM,tmin_mean,anom,65,0.0409,0.7461
site,fmi_101786,NDJFM,tmin_mean,anom_dt,65,0.0405,0.7487
site,fmi_101932,DJF,frost_days,value,77,-0.1724,0.1337
site,fmi_101932,DJF,frost_days,anom,77,-0.1724,0.1337
site,fmi_101932,DJF,frost_days,anom_dt,77,-0.2165,0.0586
site,fmi_101932,DJF,ice_days,value,77,-0.0839,0.4682
site,fmi_101932,DJF,ice_days,anom,77,-0.0839,0.4682
site,fmi_101932,DJF,ice_days,anom_dt,77,-0.0721,0.5333
site,fmi_101932,DJF,precip,value,77,-0.0053,0.9633
site,fmi_101932,DJF,precip,anom,77,-0.0053,0.9633
site,fmi_101932,DJF,precip,anom_dt,77,0.0089,0.9390
site,fmi_101932,DJF,precip_days,value,77,0.0286,0.8049
site,fmi_101932,DJF,precip_days,anom,77,0.0286,0.8049
site,fmi_101932,DJF,precip_days,anom_dt,77,0.0388,0.7378
site,fmi_101932,DJF,rain_on_snow_days,value,77,0.1493,0.1949
site,fmi_101932,DJF,rain_on_snow_days,anom,77,0.1493,0.1949
site,fmi_101932,DJF,rain_on_snow_days,anom_dt,77,0.1784,0.1205
site,fmi_101932,DJF,snow_cover_days,value,77,-0.0458,0.6927
site,fmi_101932,DJF,snow_cover_days,anom,77,-0.0458,0.6927
site,fmi_101932,DJF,snow_cover_days,anom_dt,77,-0.0861,0.4564
site,fmi_101932,DJF,snow_depth,value,77,0.0732,0.5269
site,fmi_101932,DJF,snow_depth,anom,77,0.0732,0.5269
site,fmi_101932,DJF,snow_depth,anom_dt,77,0.0680,0.5571
site,fmi_101932,DJF,snow_max,value,77,0.1251,0.2783
site,fmi_101932,DJF,snow_max,anom,77,0.1251,0.2783
site,fmi_101932,DJF,snow_max,anom_dt,77,0.1279,0.2675
site,fmi_101932,DJF,thaw_days,value,77,0.0823,0.4769
site,fmi_101932,DJF,thaw_days,anom,77,0.0823,0.4769
site,fmi_101932,DJF,thaw_days,anom_dt,77,0.0796,0.4911
site,fmi_101932,DJF,tmax_mean,value,77,0.0348,0.7638
site,fmi_101932,DJF,tmax_mean,anom,77,0.0348,0.7638
site,fmi_101932,DJF,tmax_mean,anom_dt,77,0.0106,0.9270
site,fmi_101932,DJF,tmean,value,77,0.0357,0.7576
site,fmi_101932,DJF,tmean,anom,77,0.0357,0.7576
site,fmi_101932,DJF,tmean,anom_dt,77,0.0302,0.7943
site,fmi_101932,DJF,tmin_mean,value,77,0.0239,0.8365
site,fmi_101932,DJF,tmin_mean,anom,77,0.0239,0.8365
site,fmi_101932,DJF,tmin_mean,anom_dt,77,0.0227,0.8449
site,fmi_101932,JFM,frost_days,value,77,-0.1194,0.3011
site,fmi_101932,JFM,frost_days,anom,77,-0.1194,0.3011
site,fmi_101932,JFM,frost_days,anom_dt,77,-0.1389,0.2284
site,fmi_101932,JFM,ice_days,value,77,-0.0625,0.5892
site,fmi_101932,JFM,ice_days,anom,77,-0.0625,0.5892
site,fmi_101932,JFM,ice_days,anom_dt,77,-0.0742,0.5214
site,fmi_101932,JFM,precip,value,77,0.2321,0.0423
site,fmi_101932,JFM,precip,anom,77,0.2321,0.0423
site,fmi_101932,JFM,precip,anom_dt,77,0.2483,0.0295
site,fmi_101932,JFM,precip_days,value,77,0.1924,0.0937
site,fmi_101932,JFM,precip_days,anom,77,0.1924,0.0937
site,fmi_101932,JFM,precip_days,anom_dt,77,0.1972,0.0857
site,fmi_101932,JFM,rain_on_snow_days,value,77,0.0755,0.5137
site,fmi_101932,JFM,rain_on_snow_days,anom,77,0.0755,0.5137
site,fmi_101932,JFM,rain_on_snow_days,anom_dt,77,0.0795,0.4922
site,fmi_101932,JFM,snow_cover_days,value,77,-0.0183,0.8745
site,fmi_101932,JFM,snow_cover_days,anom,77,-0.0183,0.8745
site,fmi_101932,JFM,snow_cover_days,anom_dt,77,-0.0183,0.8745
site,fmi_101932,JFM,snow_depth,value,77,0.1375,0.2329
site,fmi_101932,JFM,snow_depth,anom,77,0.1375,0.2329
site,fmi_101932,JFM,snow_depth,anom_dt,77,0.1395,0.2264
site,fmi_101932,JFM,snow_max,value,77,0.2010,0.0797
site,fmi_101932,JFM,snow_max,anom,77,0.2010,0.0797
site,fmi_101932,JFM,snow_max,anom_dt,77,0.2220,0.0523
site,fmi_101932,JFM,thaw_days,value,77,0.0634,0.5838
site,fmi_101932,JFM,thaw_days,anom,77,0.0634,0.5838
site,fmi_101932,JFM,thaw_days,anom_dt,77,0.0733,0.5263
site,fmi_101932,JFM,tmax_mean,value,77,0.0029,0.9798
site,fmi_101932,JFM,tmax_mean,anom,77,0.0029,0.9798
site,fmi_101932,JFM,tmax_mean,anom_dt,77,0.0167,0.8855
site,fmi_101932,JFM,tmean,value,77,0.0090,0.9384
site,fmi_101932,JFM,tmean,anom,77,0.0090,0.9384
site,fmi_101932,JFM,tmean,anom_dt,77,0.0299,0.7960
site,fmi_101932,JFM,tmin_mean,value,77,0.0238,0.8373
site,fmi_101932,JFM,tmin_mean,anom,77,0.0238,0.8373
site,fmi_101932,JFM,tmin_mean,anom_dt,77,0.0383,0.7407
site,fmi_101932,NDJFM,frost_days,value,77,-0.1414,0.2199
site,fmi_101932,NDJFM,frost_days,anom,77,-0.1414,0.2199
site,fmi_101932,NDJFM,frost_days,anom_dt,77,-0.1090,0.3452
site,fmi_101932,NDJFM,ice_days,value,77,-0.0289,0.8032
site,fmi_101932,NDJFM,ice_days,anom,77,-0.0289,0.8032
site,fmi_101932,NDJFM,ice_days,anom_dt,77,-0.0401,0.7289
site,fmi_101932,NDJFM,precip,value,77,0.1494,0.1947
site,fmi_101932,NDJFM,precip,anom,77,0.1494,0.1947
site,fmi_101932,NDJFM,precip,anom_dt,77,0.1715,0.1359
site,fmi_101932,NDJFM,precip_days,value,77,0.1448,0.2089
site,fmi_101932,NDJFM,precip_days,anom,77,0.1448,0.2089
site,fmi_101932,NDJFM,precip_days,anom_dt,77,0.1529,0.1843
site,fmi_101932,NDJFM,rain_on_snow_days,value,77,0.1158,0.3158
site,fmi_101932,NDJFM,rain_on_snow_days,anom,77,0.1158,0.3158
site,fmi_101932,NDJFM,rain_on_snow_days,anom_dt,77,0.1033,0.3712
site,fmi_101932,NDJFM,snow_cover_days,value,77,0.0548,0.6361
site,fmi_101932,NDJFM,snow_cover_days,anom,77,0.0548,0.6361
site,fmi_101932,NDJFM,snow_cover_days,anom_dt,77,0.0174,0.8803
site,fmi_101932,NDJFM,snow_depth,value,77,0.0922,0.4254
site,fmi_101932,NDJFM,snow_depth,anom,77,0.0922,0.4254
site,fmi_101932,NDJFM,snow_depth,anom_dt,77,0.0988,0.3926
site,fmi_101932,NDJFM,snow_max,value,77,0.2010,0.0797
site,fmi_101932,NDJFM,snow_max,anom,77,0.2010,0.0797
site,fmi_101932,NDJFM,snow_max,anom_dt,77,0.2220,0.0523
site,fmi_101932,NDJFM,thaw_days,value,77,0.0304,0.7927
site,fmi_101932,NDJFM,thaw_days,anom,77,0.0304,0.7927
site,fmi_101932,NDJFM,thaw_days,anom_dt,77,0.0257,0.8242
site,fmi_101932,NDJFM,tmax_mean,value,77,0.0713,0.5379
site,fmi_101932,NDJFM,tmax_mean,anom,77,0.0713,0.5379
site,fmi_101932,NDJFM,tmax_mean,anom_dt,77,0.0760,0.5110
site,fmi_101932,NDJFM,tmean,value,77,0.0736,0.5244
site,fmi_101932,NDJFM,tmean,anom,77,0.0736,0.5244
site,fmi_101932,NDJFM,tmean,anom_dt,77,0.0879,0.4471
site,fmi_101932,NDJFM,tmin_mean,value,77,0.0972,0.4002
site,fmi_101932,NDJFM,tmin_mean,anom,77,0.0972,0.4002
site,fmi_101932,NDJFM,tmin_mean,anom_dt,77,0.1046,0.3655
site,fmi_101933,DJF,frost_days,value,67,-0.0570,0.6468
site,fmi_101933,DJF,frost_days,anom,67,-0.0570,0.6468
site,fmi_101933,DJF,frost_days,anom_dt,67,-0.0559,0.6530
site,fmi_101933,DJF,ice_days,value,67,-0.1125,0.3648
site,fmi_101933,DJF,ice_days,anom,67,-0.1125,0.3648
site,fmi_101933,DJF,ice_days,anom_dt,67,-0.1175,0.3435
site,fmi_101933,DJF,precip,value,67,-0.0057,0.9636
site,fmi_101933,DJF,precip,anom,67,-0.0057,0.9636
site,fmi_101933,DJF,precip,anom_dt,67,-0.0042,0.9733
site,fmi_101933,DJF,precip_days,value,67,-0.1009,0.4168
site,fmi_101933,DJF,precip_days,anom,67,-0.1009,0.4168
site,fmi_101933,DJF,precip_days,anom_dt,67,-0.0922,0.4579
site,fmi_101933,DJF,rain_on_snow_days,value,67,0.1035,0.4047
site,fmi_101933,DJF,rain_on_snow_days,anom,67,0.1035,0.4047
site,fmi_101933,DJF,rain_on_snow_days,anom_dt,67,0.1330,0.2834
site,fmi_101933,DJF,snow_cover_days,value,67,-0.0855,0.4916
site,fmi_101933,DJF,snow_cover_days,anom,67,-0.0855,0.4916
site,fmi_101933,DJF,snow_cover_days,anom_dt,67,-0.1497,0.2266
site,fmi_101933,DJF,snow_depth,value,67,0.1517,0.2204
site,fmi_101933,DJF,snow_depth,anom,67,0.1517,0.2204
site,fmi_101933,DJF,snow_depth,anom_dt,67,0.1515,0.2210
site,fmi_101933,DJF,snow_max,value,67,0.0813,0.5131
site,fmi_101933,DJF,snow_max,anom,67,0.0813,0.5131
site,fmi_101933,DJF,snow_max,anom_dt,67,0.0955,0.4419
site,fmi_101933,DJF,thaw_days,value,67,0.1244,0.3160
site,fmi_101933,DJF,thaw_days,anom,67,0.1244,0.3160
site,fmi_101933,DJF,thaw_days,anom_dt,67,0.1307,0.2917
site,fmi_101933,DJF,tmax_mean,value,67,0.0099,0.9364
site,fmi_101933,DJF,tmax_mean,anom,67,0.0099,0.9364
site,fmi_101933,DJF,tmax_mean,anom_dt,67,-0.0098,0.9370
site,fmi_101933,DJF,tmean,value,67,-0.0045,0.9714
site,fmi_101933,DJF,tmean,anom,67,-0.0045,0.9714
site,fmi_101933,DJF,tmean,anom_dt,67,0.0073,0.9532
site,fmi_101933,DJF,tmin_mean,value,67,-0.0082,0.9475
site,fmi_101933,DJF,tmin_mean,anom,67,-0.0082,0.9475
site,fmi_101933,DJF,tmin_mean,anom_dt,67,0.0058,0.9628
site,fmi_101933,JFM,frost_days,value,67,-0.1238,0.3183
site,fmi_101933,JFM,frost_days,anom,67,-0.1238,0.3183
site,fmi_101933,JFM,frost_days,anom_dt,67,-0.1763,0.1535
site,fmi_101933,JFM,ice_days,value,67,-0.1286,0.2995
site,fmi_101933,JFM,ice_days,anom,67,-0.1286,0.2995
site,fmi_101933,JFM,ice_days,anom_dt,67,-0.1672,0.1762
site,fmi_101933,JFM,precip,value,67,0.2121,0.0849
site,fmi_101933,JFM,precip,anom,67,0.2121,0.0849
site,fmi_101933,JFM,precip,anom_dt,67,0.2143,0.0816
site,fmi_101933,JFM,precip_days,value,67,0.0932,0.4531
site,fmi_101933,JFM,precip_days,anom,67,0.0932,0.4531
site,fmi_101933,JFM,precip_days,anom_dt,67,0.0860,0.4891
site,fmi_101933,JFM,rain_on_snow_days,value,67,0.0340,0.7845
site,fmi_101933,JFM,rain_on_snow_days,anom,67,0.0340,0.7845
site,fmi_101933,JFM,rain_on_snow_days,anom_dt,67,0.0708,0.5692
site,fmi_101933,JFM,snow_cover_days,value,67,-0.0044,0.9716
site,fmi_101933,JFM,snow_cover_days,anom,67,-0.0044,0.9716
site,fmi_101933,JFM,snow_cover_days,anom_dt,67,-0.0636,0.6094
site,fmi_101933,JFM,snow_depth,value,67,0.1386,0.2633
site,fmi_101933,JFM,snow_depth,anom,67,0.1386,0.2633
site,fmi_101933,JFM,snow_depth,anom_dt,67,0.1463,0.2376
site,fmi_101933,JFM,snow_max,value,67,0.1453,0.2407
site,fmi_101933,JFM,snow_max,anom,67,0.1453,0.2407
site,fmi_101933,JFM,snow_max,anom_dt,67,0.1419,0.2520
site,fmi_101933,JFM,thaw_days,value,67,0.1275,0.3038
site,fmi_101933,JFM,thaw_days,anom,67,0.1275,0.3038
site,fmi_101933,JFM,thaw_days,anom_dt,67,0.1440,0.2451
site,fmi_101933,JFM,tmax_mean,value,67,-0.0459,0.7121
site,fmi_101933,JFM,tmax_mean,anom,67,-0.0459,0.7121
site,fmi_101933,JFM,tmax_mean,anom_dt,67,-0.0237,0.8492
site,fmi_101933,JFM,tmean,value,67,-0.0449,0.7184
site,fmi_101933,JFM,tmean,anom,67,-0.0449,0.7184
site,fmi_101933,JFM,tmean,anom_dt,67,-0.0156,0.9004
site,fmi_101933,JFM,tmin_mean,value,67,-0.0384,0.7580
site,fmi_101933,JFM,tmin_mean,anom,67,-0.0384,0.7580
site,fmi_101933,JFM,tmin_mean,anom_dt,67,0.0057,0.9637
site,fmi_101933,NDJFM,frost_days,value,67,-0.0514,0.6795
site,fmi_101933,NDJFM,frost_days,anom,67,-0.0514,0.6795
site,fmi_101933,NDJFM,frost_days,anom_dt,67,-0.1007,0.4173
site,fmi_101933,NDJFM,ice_days,value,67,-0.0750,0.5465
site,fmi_101933,NDJFM,ice_days,anom,67,-0.0750,0.5465
site,fmi_101933,NDJFM,ice_days,anom_dt,67,-0.0858,0.4899
site,fmi_101933,NDJFM,precip,value,67,0.0955,0.4420
site,fmi_101933,NDJFM,precip,anom,67,0.0955,0.4420
site,fmi_101933,NDJFM,precip,anom_dt,67,0.1077,0.3857
site,fmi_101933,NDJFM,precip_days,value,67,0.0174,0.8886
site,fmi_101933,NDJFM,precip_days,anom,67,0.0174,0.8886
site,fmi_101933,NDJFM,precip_days,anom_dt,67,0.0165,0.8947
site,fmi_101933,NDJFM,rain_on_snow_days,value,66,0.0254,0.8398
site,fmi_101933,NDJFM,rain_on_snow_days,anom,66,0.0254,0.8398
site,fmi_101933,NDJFM,rain_on_snow_days,anom_dt,66,0.0651,0.6038
site,fmi_101933,NDJFM,snow_cover_days,value,66,0.0654,0.6020
site,fmi_101933,NDJFM,snow_cover_days,anom,66,0.0654,0.6020
site,fmi_101933,NDJFM,snow_cover_days,anom_dt,66,0.0394,0.7536
site,fmi_101933,NDJFM,snow_depth,value,66,0.1588,0.2030
site,fmi_101933,NDJFM,snow_depth,anom,66,0.1588,0.2030
site,fmi_101933,NDJFM,snow_depth,anom_dt,66,0.1621,0.1934
site,fmi_101933,NDJFM,snow_max,value,66,0.1294,0.3006
site,fmi_101933,NDJFM,snow_max,anom,66,0.1294,0.3006
site,fmi_101933,NDJFM,snow_max,anom_dt,66,0.1268,0.3104
site,fmi_101933,NDJFM,thaw_days,value,67,0.0721,0.5619
site,fmi_101933,NDJFM,thaw_days,anom,67,0.0721,0.5619
site,fmi_101933,NDJFM,thaw_days,anom_dt,67,0.0920,0.4591
site,fmi_101933,NDJFM,tmax_mean,value,67,0.0413,0.7401
site,fmi_101933,NDJFM,tmax_mean,anom,67,0.0413,0.7401
site,fmi_101933,NDJFM,tmax_mean,anom_dt,67,0.0403,0.7463
site,fmi_101933,NDJFM,tmean,value,67,0.0637,0.6083
site,fmi_101933,NDJFM,tmean,anom,67,0.0637,0.6086
site,fmi_101933,NDJFM,tmean,anom_dt,67,0.0445,0.7204
site,fmi_101933,NDJFM,tmin_mean,value,67,0.0630,0.6126
site,fmi_101933,NDJFM,tmin_mean,anom,67,0.0630,0.6126
site,fmi_101933,NDJFM,tmin_mean,anom_dt,67,0.0640,0.6068
site,fmi_102035,DJF,frost_days,value,64,-0.0132,0.9178
site,fmi_102035,DJF,frost_days,anom,64,-0.0132,0.9178
site,fmi_102035,DJF,frost_days,anom_dt,64,-0.0440,0.7297
site,fmi_102035,DJF,ice_days,value,64,-0.0590,0.6431
site,fmi_102035,DJF,ice_days,anom,64,-0.0590,0.6431
site,fmi_102035,DJF,ice_days,anom_dt,64,-0.0510,0.6889
site,fmi_102035,DJF,precip,value,64,0.1611,0.2035
site,fmi_102035,DJF,precip,anom,64,0.1611,0.2035
site,fmi_102035,DJF,precip,anom_dt,64,0.1791,0.1567
site,fmi_102035,DJF,precip_days,value,64,0.0650,0.6098
site,fmi_102035,DJF,precip_days,anom,64,0.0650,0.6098
site,fmi_102035,DJF,precip_days,anom_dt,64,0.0789,0.5357
site,fmi_102035,DJF,rain_on_snow_days,value,64,-0.0653,0.6082
site,fmi_102035,DJF,rain_on_snow_days,anom,64,-0.0653,0.6082
site,fmi_102035,DJF,rain_on_snow_days,anom_dt,64,-0.0719,0.5726
site,fmi_102035,DJF,snow_cover_days,value,64,-0.0127,0.9207
site,fmi_102035,DJF,snow_cover_days,anom,64,-0.0127,0.9207
site,fmi_102035,DJF,snow_cover_days,anom_dt,64,-0.0687,0.5895
site,fmi_102035,DJF,snow_depth,value,64,0.1383,0.2757
site,fmi_102035,DJF,snow_depth,anom,64,0.1383,0.2757
site,fmi_102035,DJF,snow_depth,anom_dt,64,0.1076,0.3974
site,fmi_102035,DJF,snow_max,value,64,0.1349,0.2877
site,fmi_102035,DJF,snow_max,anom,64,0.1349,0.2877
site,fmi_102035,DJF,snow_max,anom_dt,64,0.1181,0.3526
site,fmi_102035,DJF,thaw_days,value,64,0.0610,0.6320
site,fmi_102035,DJF,thaw_days,anom,64,0.0610,0.6320
site,fmi_102035,DJF,thaw_days,anom_dt,64,0.0688,0.5892
site,fmi_102035,DJF,tmax_mean,value,64,-0.0072,0.9549
site,fmi_102035,DJF,tmax_mean,anom,64,-0.0072,0.9549
site,fmi_102035,DJF,tmax_mean,anom_dt,64,-0.0294,0.8177
site,fmi_102035,DJF,tmean,value,64,0.0069,0.9568
site,fmi_102035,DJF,tmean,anom,64,0.0069,0.9568
site,fmi_102035,DJF,tmean,anom_dt,64,-0.0002,0.9986
site,fmi_102035,DJF,tmin_mean,value,64,0.0318,0.8028
site,fmi_102035,DJF,tmin_mean,anom,64,0.0318,0.8028
site,fmi_102035,DJF,tmin_mean,anom_dt,64,0.0081,0.9493
site,fmi_102035,JFM,frost_days,value,64,-0.1676,0.1856
site,fmi_102035,JFM,frost_days,anom,64,-0.1676,0.1856
site,fmi_102035,JFM,frost_days,anom_dt,64,-0.1938,0.1250
site,fmi_102035,JFM,ice_days,value,64,-0.0757,0.5520
site,fmi_102035,JFM,ice_days,anom,64,-0.0757,0.5520
site,fmi_102035,JFM,ice_days,anom_dt,64,-0.0926,0.4667
site,fmi_102035,JFM,precip,value,64,0.0867,0.4957
site,fmi_102035,JFM,precip,anom,64,0.0867,0.4957
site,fmi_102035,JFM,precip,anom_dt,64,0.0801,0.5294
site,fmi_102035,JFM,precip_days,value,64,0.0210,0.8694
site,fmi_102035,JFM,precip_days,anom,64,0.0210,0.8694
site,fmi_102035,JFM,precip_days,anom_dt,64,0.0301,0.8132
site,fmi_102035,JFM,rain_on_snow_days,value,64,-0.0604,0.6357
site,fmi_102035,JFM,rain_on_snow_days,anom,64,-0.0604,0.6357
site,fmi_102035,JFM,rain_on_snow_days,anom_dt,64,-0.0293,0.8183
site,fmi_102035,JFM,snow_cover_days,value,64,-0.0127,0.9207
site,fmi_102035,JFM,snow_cover_days,anom,64,-0.0127,0.9207
site,fmi_102035,JFM,snow_cover_days,anom_dt,64,-0.0687,0.5895
site,fmi_102035,JFM,snow_depth,value,64,0.1112,0.3818
site,fmi_102035,JFM,snow_depth,anom,64,0.1112,0.3818
site,fmi_102035,JFM,snow_depth,anom_dt,64,0.0906,0.4762
site,fmi_102035,JFM,snow_max,value,64,0.0733,0.5646
site,fmi_102035,JFM,snow_max,anom,64,0.0733,0.5646
site,fmi_102035,JFM,snow_max,anom_dt,64,0.0580,0.6492
site,fmi_102035,JFM,thaw_days,value,64,0.0970,0.4460
site,fmi_102035,JFM,thaw_days,anom,64,0.0970,0.4460
site,fmi_102035,JFM,thaw_days,anom_dt,64,0.1096,0.3888
site,fmi_102035,JFM,tmax_mean,value,64,-0.0748,0.5569
site,fmi_102035,JFM,tmax_mean,anom,64,-0.0748,0.5569
site,fmi_102035,JFM,tmax_mean,anom_dt,64,-0.0690,0.5878
site,fmi_102035,JFM,tmean,value,64,-0.0632,0.6199
site,fmi_102035,JFM,tmean,anom,64,-0.0632,0.6199
site,fmi_102035,JFM,tmean,anom_dt,64,-0.0603,0.6362
site,fmi_102035,JFM,tmin_mean,value,64,-0.0729,0.5669
site,fmi_102035,JFM,tmin_mean,anom,64,-0.0729,0.5669
site,fmi_102035,JFM,tmin_mean,anom_dt,64,-0.0507,0.6909
site,fmi_102035,NDJFM,frost_days,value,64,0.0393,0.7578
site,fmi_102035,NDJFM,frost_days,anom,64,0.0393,0.7578
site,fmi_102035,NDJFM,frost_days,anom_dt,64,0.0280,0.8261
site,fmi_102035,NDJFM,ice_days,value,64,-0.0452,0.7228
site,fmi_102035,NDJFM,ice_days,anom,64,-0.0452,0.7228
site,fmi_102035,NDJFM,ice_days,anom_dt,64,-0.0491,0.7001
site,fmi_102035,NDJFM,precip,value,64,0.0918,0.4708
site,fmi_102035,NDJFM,precip,anom,64,0.0918,0.4708
site,fmi_102035,NDJFM,precip,anom_dt,64,0.1060,0.4045
site,fmi_102035,NDJFM,precip_days,value,64,0.0778,0.5410
site,fmi_102035,NDJFM,precip_days,anom,64,0.0778,0.5410
site,fmi_102035,NDJFM,precip_days,anom_dt,64,0.0781,0.5398
site,fmi_102035,NDJFM,rain_on_snow_days,value,64,-0.0688,0.5889
site,fmi_102035,NDJFM,rain_on_snow_days,anom,64,-0.0688,0.5889
site,fmi_102035,NDJFM,rain_on_snow_days,anom_dt,64,-0.0909,0.4748
site,fmi_102035,NDJFM,snow_cover_days,value,64,-0.0943,0.4585
site,fmi_102035,NDJFM,snow_cover_days,anom,64,-0.0943,0.4585
site,fmi_102035,NDJFM,snow_cover_days,anom_dt,64,-0.1046,0.4106
site,fmi_102035,NDJFM,snow_depth,value,64,0.0966,0.4476
site,fmi_102035,NDJFM,snow_depth,anom,64,0.0966,0.4476
site,fmi_102035,NDJFM,snow_depth,anom_dt,64,0.0556,0.6623
site,fmi_102035,NDJFM,snow_max,value,64,0.0733,0.5646
site,fmi_102035,NDJFM,snow_max,anom,64,0.0733,0.5646
site,fmi_102035,NDJFM,snow_max,anom_dt,64,0.0580,0.6492
site,fmi_102035,NDJFM,thaw_days,value,64,0.0535,0.6747
site,fmi_102035,NDJFM,thaw_days,anom,64,0.0535,0.6747
site,fmi_102035,NDJFM,thaw_days,anom_dt,64,0.0499,0.6954
site,fmi_102035,NDJFM,tmax_mean,value,64,0.0384,0.7634
site,fmi_102035,NDJFM,tmax_mean,anom,64,0.0384,0.7634
site,fmi_102035,NDJFM,tmax_mean,anom_dt,64,0.0178,0.8890
site,fmi_102035,NDJFM,tmean,value,64,0.0468,0.7133
site,fmi_102035,NDJFM,tmean,anom,64,0.0468,0.7133
site,fmi_102035,NDJFM,tmean,anom_dt,64,0.0562,0.6591
site,fmi_102035,NDJFM,tmin_mean,value,64,0.0643,0.6135
site,fmi_102035,NDJFM,tmin_mean,anom,64,0.0643,0.6135
site,fmi_102035,NDJFM,tmin_mean,anom_dt,64,0.0514,0.6869
site,ghcn_DA000021100,DJF,frost_days,value,70,-0.0085,0.9441
site,ghcn_DA000021100,DJF,frost_days,anom,70,-0.0085,0.9441
site,ghcn_DA000021100,DJF,frost_days,anom_dt,70,-0.0195,0.8729
site,ghcn_DA000021100,DJF,ice_days,value,61,0.0804,0.5381
site,ghcn_DA000021100,DJF,ice_days,anom,61,0.0804,0.5381
site,ghcn_DA000021100,DJF,ice_days,anom_dt,61,0.0610,0.6406
site,ghcn_DA000021100,DJF,precip,value,71,0.0900,0.4553
site,ghcn_DA000021100,DJF,precip,anom,71,0.0900,0.4553
site,ghcn_DA000021100,DJF,precip,anom_dt,71,0.0842,0.4849
site,ghcn_DA000021100,DJF,precip_days,value,71,-0.0537,0.6562
site,ghcn_DA000021100,DJF,precip_days,anom,71,-0.0537,0.6562
site,ghcn_DA000021100,DJF,precip_days,anom_dt,71,-0.0547,0.6508
site,ghcn_DA000021100,DJF,thaw_days,value,61,-0.0664,0.6113
site,ghcn_DA000021100,DJF,thaw_days,anom,61,-0.0676,0.6048
site,ghcn_DA000021100,DJF,thaw_days,anom_dt,61,-0.0469,0.7194
site,ghcn_DA000021100,DJF,tmax_mean,value,61,-0.0221,0.8659
site,ghcn_DA000021100,DJF,tmax_mean,anom,61,-0.0221,0.8659
site,ghcn_DA000021100,DJF,tmax_mean,anom_dt,61,-0.0299,0.8189
site,ghcn_DA000021100,DJF,tmean,value,55,-0.0218,0.8745
site,ghcn_DA000021100,DJF,tmean,anom_dt,55,-0.0103,0.9406
site,ghcn_DA000021100,DJF,tmin_mean,value,70,0.0459,0.7060
site,ghcn_DA000021100,DJF,tmin_mean,anom,70,0.0459,0.7060
site,ghcn_DA000021100,DJF,tmin_mean,anom_dt,70,0.0445,0.7147
site,ghcn_DA000021100,JFM,frost_days,value,70,-0.0593,0.6257
site,ghcn_DA000021100,JFM,frost_days,anom,70,-0.0593,0.6257
site,ghcn_DA000021100,JFM,frost_days,anom_dt,70,-0.0371,0.7605
site,ghcn_DA000021100,JFM,ice_days,value,61,0.1317,0.3117
site,ghcn_DA000021100,JFM,ice_days,anom,61,0.1317,0.3117
site,ghcn_DA000021100,JFM,ice_days,anom_dt,61,0.1106,0.3961
site,ghcn_DA000021100,JFM,precip,value,71,0.1618,0.1776
site,ghcn_DA000021100,JFM,precip,anom,71,0.1618,0.1776
site,ghcn_DA000021100,JFM,precip,anom_dt,71,0.1315,0.2745
site,ghcn_DA000021100,JFM,precip_days,value,71,0.0176,0.8845
site,ghcn_DA000021100,JFM,precip_days,anom,71,0.0176,0.8845
site,ghcn_DA000021100,JFM,precip_days,anom_dt,71,0.0147,0.9030
site,ghcn_DA000021100,JFM,thaw_days,value,61,-0.1286,0.3231
site,ghcn_DA000021100,JFM,thaw_days,anom,61,-0.1286,0.3231
site,ghcn_DA000021100,JFM,thaw_days,anom_dt,61,-0.1028,0.4304
site,ghcn_DA000021100,JFM,tmax_mean,value,61,-0.0242,0.8528
site,ghcn_DA000021100,JFM,tmax_mean,anom,61,-0.0242,0.8528
site,ghcn_DA000021100,JFM,tmax_mean,anom_dt,61,-0.0252,0.8471
site,ghcn_DA000021100,JFM,tmean,value,61,-0.0268,0.8376
site,ghcn_DA000021100,JFM,tmean,anom,61,-0.0268,0.8376
site,ghcn_DA000021100,JFM,tmean,anom_dt,61,-0.0175,0.8933
site,ghcn_DA000021100,JFM,tmin_mean,value,70,0.0442,0.7166
site,ghcn_DA000021100,JFM,tmin_mean,anom,70,0.0442,0.7166
site,ghcn_DA000021100,JFM,tmin_mean,anom_dt,70,0.0279,0.8185
site,ghcn_DA000021100,NDJFM,frost_days,value,70,-0.0712,0.5579
site,ghcn_DA000021100,NDJFM,frost_days,anom,70,-0.0712,0.5579
site,ghcn_DA000021100,NDJFM,frost_days,anom_dt,70,-0.0550,0.6510
site,ghcn_DA000021100,NDJFM,ice_days,value,61,0.0569,0.6631
site,ghcn_DA000021100,NDJFM,ice_days,anom,61,0.0569,0.6631
site,ghcn_DA000021100,NDJFM,ice_days,anom_dt,61,0.0468,0.7204
site,ghcn_DA000021100,NDJFM,precip,value,71,0.2113,0.0770
site,ghcn_DA000021100,NDJFM,precip,anom,71,0.2113,0.0770
site,ghcn_DA000021100,NDJFM,precip,anom_dt,71,0.2046,0.0869
site,ghcn_DA000021100,NDJFM,precip_days,value,71,0.0112,0.9263
site,ghcn_DA000021100,NDJFM,precip_days,anom,71,0.0112,0.9263
site,ghcn_DA000021100,NDJFM,precip_days,anom_dt,71,-0.0013,0.9915
site,ghcn_DA000021100,NDJFM,thaw_days,value,61,-0.0412,0.7527
site,ghcn_DA000021100,NDJFM,thaw_days,anom,61,-0.0412,0.7527
site,ghcn_DA000021100,NDJFM,thaw_days,anom_dt,61,-0.0254,0.8457
site,ghcn_DA000021100,NDJFM,tmax_mean,value,61,-0.0064,0.9610
site,ghcn_DA000021100,NDJFM,tmax_mean,anom,61,-0.0064,0.9610
site,ghcn_DA000021100,NDJFM,tmax_mean,anom_dt,61,-0.0015,0.9910
site,ghcn_DA000021100,NDJFM,tmean,value,59,0.0336,0.8007
site,ghcn_DA000021100,NDJFM,tmean,anom_dt,59,0.0532,0.6889
site,ghcn_DA000021100,NDJFM,tmin_mean,value,70,0.1007,0.4067
site,ghcn_DA000021100,NDJFM,tmin_mean,anom,70,0.1007,0.4067
site,ghcn_DA000021100,NDJFM,tmin_mean,anom_dt,70,0.1127,0.3528
site,ghcn_DA000030380,DJF,frost_days,value,71,0.0584,0.6285
site,ghcn_DA000030380,DJF,frost_days,anom,71,0.0584,0.6285
site,ghcn_DA000030380,DJF,frost_days,anom_dt,71,0.0648,0.5914
site,ghcn_DA000030380,DJF,ice_days,value,51,0.0083,0.9541
site,ghcn_DA000030380,DJF,ice_days,anom_dt,51,0.0442,0.7583
site,ghcn_DA000030380,DJF,precip,value,47,0.0357,0.8118
site,ghcn_DA000030380,DJF,precip,anom_dt,47,0.0372,0.8041
site,ghcn_DA000030380,DJF,precip_days,value,47,0.0791,0.5970
site,ghcn_DA000030380,DJF,precip_days,anom_dt,47,0.0972,0.5157
site,ghcn_DA000030380,DJF,thaw_days,value,51,0.0005,0.9975
site,ghcn_DA000030380,DJF,thaw_days,anom_dt,51,-0.0296,0.8365
site,ghcn_DA000030380,DJF,tmax_mean,value,51,-0.0118,0.9347
site,ghcn_DA000030380,DJF,tmax_mean,anom_dt,51,-0.0038,0.9786
site,ghcn_DA000030380,DJF,tmean,value,45,0.1094,0.4745
site,ghcn_DA000030380,DJF,tmean,anom_dt,45,0.1140,0.4560
site,ghcn_DA000030380,DJF,tmin_mean,value,71,0.0537,0.6562
site,ghcn_DA000030380,DJF,tmin_mean,anom,71,0.0537,0.6562
site,ghcn_DA000030380,DJF,tmin_mean,anom_dt,71,0.0422,0.7267
site,ghcn_DA000030380,JFM,frost_days,value,71,0.0069,0.9542
site,ghcn_DA000030380,JFM,frost_days,anom,71,0.0069,0.9542
site,ghcn_DA000030380,JFM,frost_days,anom_dt,71,0.0108,0.9289
site,ghcn_DA000030380,JFM,ice_days,value,51,0.0448,0.7551
site,ghcn_DA000030380,JFM,ice_days,anom_dt,51,0.0820,0.5671
site,ghcn_DA000030380,JFM,precip,value,47,0.1808,0.2239
site,ghcn_DA000030380,JFM,precip,anom_dt,47,0.1781,0.2309
site,ghcn_DA000030380,JFM,precip_days,value,47,0.2403,0.1037
site,ghcn_DA000030380,JFM,precip_days,anom_dt,47,0.2245,0.1292
site,ghcn_DA000030380,JFM,thaw_days,value,51,-0.0240,0.8673
site,ghcn_DA000030380,JFM,thaw_days,anom_dt,51,-0.0753,0.5993
site,ghcn_DA000030380,JFM,tmax_mean,value,51,-0.0013,0.9927
site,ghcn_DA000030380,JFM,tmax_mean,anom_dt,51,-0.0395,0.7829
site,ghcn_DA000030380,JFM,tmean,value,49,0.0357,0.8078
site,ghcn_DA000030380,JFM,tmean,anom_dt,49,0.0426,0.7716
site,ghcn_DA000030380,JFM,tmin_mean,value,71,0.0322,0.7896
site,ghcn_DA000030380,JFM,tmin_mean,anom,71,0.0322,0.7896
site,ghcn_DA000030380,JFM,tmin_mean,anom_dt,71,0.0170,0.8882
site,ghcn_DA000030380,NDJFM,frost_days,value,71,-0.0378,0.7542
site,ghcn_DA000030380,NDJFM,frost_days,anom,71,-0.0378,0.7542
site,ghcn_DA000030380,NDJFM,frost_days,anom_dt,71,-0.0145,0.9042
site,ghcn_DA000030380,NDJFM,ice_days,value,51,-0.0117,0.9348
site,ghcn_DA000030380,NDJFM,ice_days,anom_dt,51,0.0486,0.7351
site,ghcn_DA000030380,NDJFM,precip,value,47,0.1151,0.4410
site,ghcn_DA000030380,NDJFM,precip,anom_dt,47,0.1132,0.4489
site,ghcn_DA000030380,NDJFM,precip_days,value,47,0.2108,0.1549
site,ghcn_DA000030380,NDJFM,precip_days,anom_dt,47,0.2241,0.1300
site,ghcn_DA000030380,NDJFM,thaw_days,value,51,0.0202,0.8881
site,ghcn_DA000030380,NDJFM,thaw_days,anom_dt,51,-0.0341,0.8121
site,ghcn_DA000030380,NDJFM,tmax_mean,value,51,0.0360,0.8019
site,ghcn_DA000030380,NDJFM,tmax_mean,anom_dt,51,0.0052,0.9708
site,ghcn_DA000030380,NDJFM,tmean,value,48,0.1644,0.2641
site,ghcn_DA000030380,NDJFM,tmean,anom_dt,48,0.1501,0.3084
site,ghcn_DA000030380,NDJFM,tmin_mean,value,71,0.1111,0.3564
site,ghcn_DA000030380,NDJFM,tmin_mean,anom,71,0.1105,0.3588
site,ghcn_DA000030380,NDJFM,tmin_mean,anom_dt,71,0.1229,0.3071
site,ghcn_DA000032020,DJF,frost_days,value,51,-0.1503,0.2926
site,ghcn_DA000032020,DJF,frost_days,anom,51,-0.1503,0.2926
site,ghcn_DA000032020,DJF,frost_days,anom_dt,51,-0.1184,0.4081
site,ghcn_DA000032020,DJF,ice_days,value,52,-0.1325,0.3489
site,ghcn_DA000032020,DJF,ice_days,anom,52,-0.1325,0.3489
site,ghcn_DA000032020,DJF,ice_days,anom_dt,52,-0.0784,0.5807
site,ghcn_DA000032020,DJF,precip,value,64,0.0597,0.6391
site,ghcn_DA000032020,DJF,precip,anom,64,0.0597,0.6391
site,ghcn_DA000032020,DJF,precip,anom_dt,64,0.0563,0.6586
site,ghcn_DA000032020,DJF,precip_days,value,64,0.1046,0.4109
site,ghcn_DA000032020,DJF,precip_days,anom,64,0.1046,0.4109
site,ghcn_DA000032020,DJF,precip_days,anom_dt,64,0.0932,0.4640
site,ghcn_DA000032020,DJF,thaw_days,value,52,0.1261,0.3729
site,ghcn_DA000032020,DJF,thaw_days,anom,52,0.1261,0.3729
site,ghcn_DA000032020,DJF,thaw_days,anom_dt,52,0.0710,0.6171
site,ghcn_DA000032020,DJF,tmax_mean,value,52,0.1400,0.3224
site,ghcn_DA000032020,DJF,tmax_mean,anom,52,0.1400,0.3224
site,ghcn_DA000032020,DJF,tmax_mean,anom_dt,52,0.1614,0.2529
site,ghcn_DA000032020,DJF,tmean,value,54,0.1065,0.4435
site,ghcn_DA000032020,DJF,tmean,anom,54,0.1065,0.4435
site,ghcn_DA000032020,DJF,tmean,anom_dt,54,0.1331,0.3373
site,ghcn_DA000032020,DJF,tmin_mean,value,51,0.1542,0.2800
site,ghcn_DA000032020,DJF,tmin_mean,anom,51,0.1542,0.2800
site,ghcn_DA000032020,DJF,tmin_mean,anom_dt,51,0.1345,0.3468
site,ghcn_DA000032020,JFM,frost_days,value,51,-0.1037,0.4688
site,ghcn_DA000032020,JFM,frost_days,anom,51,-0.1037,0.4688
site,ghcn_DA000032020,JFM,frost_days,anom_dt,51,-0.1030,0.4719
site,ghcn_DA000032020,JFM,ice_days,value,53,-0.1094,0.4355
site,ghcn_DA000032020,JFM,ice_days,anom,53,-0.1094,0.4355
site,ghcn_DA000032020,JFM,ice_days,anom_dt,53,-0.0685,0.6261
site,ghcn_DA000032020,JFM,precip,value,64,0.1105,0.3847
site,ghcn_DA000032020,JFM,precip,anom,64,0.1105,0.3847
site,ghcn_DA000032020,JFM,precip,anom_dt,64,0.1748,0.1671
site,ghcn_DA000032020,JFM,precip_days,value,64,0.1300,0.3058
site,ghcn_DA000032020,JFM,precip_days,anom,64,0.1300,0.3058
site,ghcn_DA000032020,JFM,precip_days,anom_dt,64,0.1329,0.2951
site,ghcn_DA000032020,JFM,thaw_days,value,53,0.1089,0.4377
site,ghcn_DA000032020,JFM,thaw_days,anom,53,0.1089,0.4377
site,ghcn_DA000032020,JFM,thaw_days,anom_dt,53,0.0816,0.5612
site,ghcn_DA000032020,JFM,tmax_mean,value,53,0.1405,0.3155
site,ghcn_DA000032020,JFM,tmax_mean,anom,53,0.1405,0.3155
site,ghcn_DA000032020,JFM,tmax_mean,anom_dt,53,0.1270,0.3647
site,ghcn_DA000032020,JFM,tmean,value,55,0.0918,0.5049
site,ghcn_DA000032020,JFM,tmean,anom,55,0.0918,0.5049
site,ghcn_DA000032020,JFM,tmean,anom_dt,55,0.0932,0.4985
site,ghcn_DA000032020,JFM,tmin_mean,value,51,0.1346,0.3462
site,ghcn_DA000032020,JFM,tmin_mean,anom,51,0.1346,0.3462
site,ghcn_DA000032020,JFM,tmin_mean,anom_dt,51,0.1151,0.4211
site,ghcn_DA000032020,NDJFM,frost_days,value,52,-0.1453,0.3042
site,ghcn_DA000032020,NDJFM,frost_days,anom,52,-0.1453,0.3042
site,ghcn_DA000032020,NDJFM,frost_days,anom_dt,52,-0.1725,0.2213
site,ghcn_DA000032020,NDJFM,ice_days,value,51,-0.1451,0.3095
site,ghcn_DA000032020,NDJFM,ice_days,anom,51,-0.1445,0.3118
site,ghcn_DA000032020,NDJFM,ice_days,anom_dt,51,-0.0899,0.5303
site,ghcn_DA000032020,NDJFM,precip,value,63,0.0781,0.5430
site,ghcn_DA000032020,NDJFM,precip,anom,63,0.0781,0.5430
site,ghcn_DA000032020,NDJFM,precip,anom_dt,63,0.0905,0.4805
site,ghcn_DA000032020,NDJFM,precip_days,value,63,0.0671,0.6015
site,ghcn_DA000032020,NDJFM,precip_days,anom,63,0.0671,0.6015
site,ghcn_DA000032020,NDJFM,precip_days,anom_dt,63,0.0858,0.5038
site,ghcn_DA000032020,NDJFM,thaw_days,value,51,0.1400,0.3272
site,ghcn_DA000032020,NDJFM,thaw_days,anom,51,0.1400,0.3272
site,ghcn_DA000032020,NDJFM,thaw_days,anom_dt,51,0.1082,0.4497
site,ghcn_DA000032020,NDJFM,tmax_mean,value,51,0.2032,0.1526
site,ghcn_DA000032020,NDJFM,tmax_mean,anom,51,0.2032,0.1526
site,ghcn_DA000032020,NDJFM,tmax_mean,anom_dt,51,0.2182,0.1239
site,ghcn_DA000032020,NDJFM,tmean,value,54,0.1631,0.2386
site,ghcn_DA000032020,NDJFM,tmean,anom,54,0.1618,0.2424
site,ghcn_DA000032020,NDJFM,tmean,anom_dt,54,0.1931,0.1617
site,ghcn_DA000032020,NDJFM,tmin_mean,value,52,0.1634,0.2471
site,ghcn_DA000032020,NDJFM,tmin_mean,anom,52,0.1634,0.2471
site,ghcn_DA000032020,NDJFM,tmin_mean,anom_dt,52,0.1698,0.2288
site,ghcn_DAM00006030,DJF,precip,value,25,0.4340,0.0302
site,ghcn_DAM00006030,DJF,precip,anom_dt,25,0.4263,0.0336
site,ghcn_DAM00006030,DJF,precip_days,value,25,0.2823,0.1716
site,ghcn_DAM00006030,DJF,precip_days,anom_dt,25,0.2931,0.1551
site,ghcn_DAM00006030,DJF,tmean,value,52,0.0434,0.7601
site,ghcn_DAM00006030,DJF,tmean,anom,52,0.0434,0.7601
site,ghcn_DAM00006030,DJF,tmean,anom_dt,52,0.0697,0.6235
site,ghcn_DAM00006030,JFM,precip,value,26,0.4046,0.0404
site,ghcn_DAM00006030,JFM,precip,anom_dt,26,0.3529,0.0770
site,ghcn_DAM00006030,JFM,precip_days,value,26,0.3912,0.0481
site,ghcn_DAM00006030,JFM,precip_days,anom_dt,26,0.3519,0.0779
site,ghcn_DAM00006030,JFM,tmean,value,53,0.0440,0.7542
site,ghcn_DAM00006030,JFM,tmean,anom,53,0.0449,0.7493
site,ghcn_DAM00006030,JFM,tmean,anom_dt,53,0.0815,0.5616
site,ghcn_DAM00006030,NDJFM,precip,value,26,0.5918,0.0014
site,ghcn_DAM00006030,NDJFM,precip,anom_dt,26,0.5829,0.0018
site,ghcn_DAM00006030,NDJFM,precip_days,value,26,0.4365,0.0258
site,ghcn_DAM00006030,NDJFM,precip_days,anom_dt,26,0.4412,0.0241
site,ghcn_DAM00006030,NDJFM,tmean,value,52,0.0936,0.5093
site,ghcn_DAM00006030,NDJFM,tmean,anom,52,0.0952,0.5021
site,ghcn_DAM00006030,NDJFM,tmean,anom_dt,52,0.1079,0.4463
site,ghcn_FI000007501,DJF,frost_days,value,76,-0.1750,0.1305
site,ghcn_FI000007501,DJF,frost_days,anom,76,-0.1750,0.1305
site,ghcn_FI000007501,DJF,frost_days,anom_dt,76,-0.2164,0.0604
site,ghcn_FI000007501,DJF,ice_days,value,76,-0.0900,0.4393
site,ghcn_FI000007501,DJF,ice_days,anom,76,-0.0900,0.4393
site,ghcn_FI000007501,DJF,ice_days,anom_dt,76,-0.0805,0.4895
site,ghcn_FI000007501,DJF,precip,value,52,-0.1220,0.3889
site,ghcn_FI000007501,DJF,precip,anom_dt,52,-0.1438,0.3091
site,ghcn_FI000007501,DJF,precip_days,value,52,-0.1993,0.1567
site,ghcn_FI000007501,DJF,precip_days,anom_dt,52,-0.1743,0.2164
site,ghcn_FI000007501,DJF,rain_on_snow_days,value,19,0.4083,0.0827
site,ghcn_FI000007501,DJF,snow_cover_days,value,38,-0.0109,0.9482
site,ghcn_FI000007501,DJF,snow_cover_days,anom,38,-0.0109,0.9482
site,ghcn_FI000007501,DJF,snow_cover_days,anom_dt,38,0.0022,0.9893
site,ghcn_FI000007501,DJF,snow_depth,value,38,0.0379,0.8214
site,ghcn_FI000007501,DJF,snow_depth,anom,38,0.0379,0.8214
site,ghcn_FI000007501,DJF,snow_depth,anom_dt,38,0.0230,0.8911
site,ghcn_FI000007501,DJF,snow_max,value,38,0.1303,0.4357
site,ghcn_FI000007501,DJF,snow_max,anom,38,0.1303,0.4357
site,ghcn_FI000007501,DJF,snow_max,anom_dt,38,0.1598,0.3380
site,ghcn_FI000007501,DJF,thaw_days,value,76,0.0887,0.4462
site,ghcn_FI000007501,DJF,thaw_days,anom,76,0.0887,0.4462
site,ghcn_FI000007501,DJF,thaw_days,anom_dt,76,0.0876,0.4516
site,ghcn_FI000007501,DJF,tmax_mean,value,76,0.0424,0.7164
site,ghcn_FI000007501,DJF,tmax_mean,anom,76,0.0424,0.7164
site,ghcn_FI000007501,DJF,tmax_mean,anom_dt,76,0.0194,0.8679
site,ghcn_FI000007501,DJF,tmean,value,77,0.0469,0.6853
site,ghcn_FI000007501,DJF,tmean,anom,77,0.0469,0.6853
site,ghcn_FI000007501,DJF,tmean,anom_dt,77,0.0320,0.7824
site,ghcn_FI000007501,DJF,tmin_mean,value,76,0.0287,0.8056
site,ghcn_FI000007501,DJF,tmin_mean,anom,76,0.0287,0.8056
site,ghcn_FI000007501,DJF,tmin_mean,anom_dt,76,0.0252,0.8288
site,ghcn_FI000007501,JFM,frost_days,value,77,-0.1194,0.3011
site,ghcn_FI000007501,JFM,frost_days,anom,77,-0.1194,0.3011
site,ghcn_FI000007501,JFM,frost_days,anom_dt,77,-0.1389,0.2284
site,ghcn_FI000007501,JFM,ice_days,value,77,-0.0630,0.5863
site,ghcn_FI000007501,JFM,ice_days,anom,77,-0.0630,0.5863
site,ghcn_FI000007501,JFM,ice_days,anom_dt,77,-0.0738,0.5233
site,ghcn_FI000007501,JFM,precip,value,52,0.0511,0.7188
site,ghcn_FI000007501,JFM,precip,anom_dt,52,0.1035,0.4654
site,ghcn_FI000007501,JFM,precip_days,value,52,-0.0048,0.9730
site,ghcn_FI000007501,JFM,precip_days,anom_dt,52,0.0055,0.9689
site,ghcn_FI000007501,JFM,rain_on_snow_days,value,20,0.2441,0.2997
site,ghcn_FI000007501,JFM,rain_on_snow_days,anom_dt,20,0.0842,0.7241
site,ghcn_FI000007501,JFM,snow_cover_days,value,40,-0.0025,0.9878
site,ghcn_FI000007501,JFM,snow_cover_days,anom,40,-0.0025,0.9878
site,ghcn_FI000007501,JFM,snow_cover_days,anom_dt,40,0.0293,0.8577
site,ghcn_FI000007501,JFM,snow_depth,value,40,0.1179,0.4686
site,ghcn_FI000007501,JFM,snow_depth,anom,40,0.1179,0.4686
site,ghcn_FI000007501,JFM,snow_depth,anom_dt,40,0.1246,0.4437
site,ghcn_FI000007501,JFM,snow_max,value,40,0.1524,0.3478
site,ghcn_FI000007501,JFM,snow_max,anom,40,0.1524,0.3478
site,ghcn_FI000007501,JFM,snow_max,anom_dt,40,0.1871,0.2477
site,ghcn_FI000007501,JFM,thaw_days,value,77,0.0637,0.5820
site,ghcn_FI000007501,JFM,thaw_days,anom,77,0.0637,0.5820
site,ghcn_FI000007501,JFM,thaw_days,anom_dt,77,0.0722,0.5324
site,ghcn_FI000007501,JFM,tmax_mean,value,77,0.0031,0.9785
site,ghcn_FI000007501,JFM,tmax_mean,anom,77,0.0031,0.9785
site,ghcn_FI000007501,JFM,tmax_mean,anom_dt,77,0.0151,0.8966
site,ghcn_FI000007501,JFM,tmean,value,77,0.0244,0.8334
site,ghcn_FI000007501,JFM,tmean,anom,77,0.0244,0.8334
site,ghcn_FI000007501,JFM,tmean,anom_dt,77,0.0492,0.6710
site,ghcn_FI000007501,JFM,tmin_mean,value,77,0.0238,0.8373
site,ghcn_FI000007501,JFM,tmin_mean,anom,77,0.0238,0.8373
site,ghcn_FI000007501,JFM,tmin_mean,anom_dt,77,0.0383,0.7407
site,ghcn_FI000007501,NDJFM,frost_days,value,77,-0.1356,0.2398
site,ghcn_FI000007501,NDJFM,frost_days,anom,77,-0.1356,0.2398
site,ghcn_FI000007501,NDJFM,frost_days,anom_dt,77,-0.1081,0.3494
site,ghcn_FI000007501,NDJFM,ice_days,value,76,-0.0295,0.8006
site,ghcn_FI000007501,NDJFM,ice_days,anom,76,-0.0295,0.8006
site,ghcn_FI000007501,NDJFM,ice_days,anom_dt,76,-0.0372,0.7500
site,ghcn_FI000007501,NDJFM,precip,value,52,0.0833,0.5572
site,ghcn_FI000007501,NDJFM,precip,anom_dt,52,0.0855,0.5467
site,ghcn_FI000007501,NDJFM,precip_days,value,52,0.0039,0.9779
site,ghcn_FI000007501,NDJFM,precip_days,anom_dt,52,0.0164,0.9084
site,ghcn_FI000007501,NDJFM,rain_on_snow_days,value,19,0.3868,0.1018
site,ghcn_FI000007501,NDJFM,snow_cover_days,value,35,0.0388,0.8247
site,ghcn_FI000007501,NDJFM,snow_cover_days,anom,35,0.0388,0.8247
site,ghcn_FI000007501,NDJFM,snow_cover_days,anom_dt,35,0.0539,0.7583
site,ghcn_FI000007501,NDJFM,snow_depth,value,35,0.0287,0.8699
site,ghcn_FI000007501,NDJFM,snow_depth,anom,35,0.0287,0.8699
site,ghcn_FI000007501,NDJFM,snow_depth,anom_dt,35,0.0742,0.6717
site,ghcn_FI000007501,NDJFM,snow_max,value,35,0.1267,0.4684
site,ghcn_FI000007501,NDJFM,snow_max,anom,35,0.1267,0.4684
site,ghcn_FI000007501,NDJFM,snow_max,anom_dt,35,0.1457,0.4037
site,ghcn_FI000007501,NDJFM,thaw_days,value,76,0.0330,0.7772
site,ghcn_FI000007501,NDJFM,thaw_days,anom,76,0.0330,0.7772
site,ghcn_FI000007501,NDJFM,thaw_days,anom_dt,76,0.0226,0.8461
site,ghcn_FI000007501,NDJFM,tmax_mean,value,76,0.0805,0.4894
site,ghcn_FI000007501,NDJFM,tmax_mean,anom,76,0.0805,0.4894
site,ghcn_FI000007501,NDJFM,tmax_mean,anom_dt,76,0.0868,0.4561
site,ghcn_FI000007501,NDJFM,tmean,value,77,0.0784,0.4979
site,ghcn_FI000007501,NDJFM,tmean,anom,77,0.0784,0.4979
site,ghcn_FI000007501,NDJFM,tmean,anom_dt,77,0.0962,0.4053
site,ghcn_FI000007501,NDJFM,tmin_mean,value,77,0.0957,0.4078
site,ghcn_FI000007501,NDJFM,tmin_mean,anom,77,0.0957,0.4078
site,ghcn_FI000007501,NDJFM,tmin_mean,anom_dt,77,0.1030,0.3725
site,ghcn_FIE00146423,DJF,frost_days,value,58,-0.0564,0.6740
site,ghcn_FIE00146423,DJF,frost_days,anom,58,-0.0564,0.6740
site,ghcn_FIE00146423,DJF,frost_days,anom_dt,58,-0.0821,0.5400
site,ghcn_FIE00146423,DJF,ice_days,value,59,-0.0312,0.8143
site,ghcn_FIE00146423,DJF,ice_days,anom,59,-0.0312,0.8143
site,ghcn_FIE00146423,DJF,ice_days,anom_dt,59,-0.0431,0.7458
site,ghcn_FIE00146423,DJF,precip,value,57,0.0047,0.9721
site,ghcn_FIE00146423,DJF,precip,anom,57,0.0047,0.9721
site,ghcn_FIE00146423,DJF,precip,anom_dt,57,0.0382,0.7776
site,ghcn_FIE00146423,DJF,precip_days,value,57,0.0176,0.8965
site,ghcn_FIE00146423,DJF,precip_days,anom,57,0.0176,0.8965
site,ghcn_FIE00146423,DJF,precip_days,anom_dt,57,0.0240,0.8594
site,ghcn_FIE00146423,DJF,rain_on_snow_days,value,34,0.0208,0.9069
site,ghcn_FIE00146423,DJF,rain_on_snow_days,anom,34,0.0208,0.9069
site,ghcn_FIE00146423,DJF,rain_on_snow_days,anom_dt,34,-0.0417,0.8148
site,ghcn_FIE00146423,DJF,snow_cover_days,value,38,-0.0173,0.9181
site,ghcn_FIE00146423,DJF,snow_cover_days,anom,38,-0.0173,0.9181
site,ghcn_FIE00146423,DJF,snow_cover_days,anom_dt,38,0.0196,0.9071
site,ghcn_FIE00146423,DJF,snow_depth,value,38,0.1823,0.2733
site,ghcn_FIE00146423,DJF,snow_depth,anom,38,0.1823,0.2733
site,ghcn_FIE00146423,DJF,snow_depth,anom_dt,38,0.1666,0.3176
site,ghcn_FIE00146423,DJF,snow_max,value,38,0.1939,0.2435
site,ghcn_FIE00146423,DJF,snow_max,anom,38,0.1939,0.2435
site,ghcn_FIE00146423,DJF,snow_max,anom_dt,38,0.1794,0.2812
site,ghcn_FIE00146423,DJF,thaw_days,value,59,0.0256,0.8473
site,ghcn_FIE00146423,DJF,thaw_days,anom,59,0.0256,0.8473
site,ghcn_FIE00146423,DJF,thaw_days,anom_dt,59,0.0350,0.7923
site,ghcn_FIE00146423,DJF,tmax_mean,value,59,-0.0362,0.7852
site,ghcn_FIE00146423,DJF,tmax_mean,anom,59,-0.0362,0.7852
site,ghcn_FIE00146423,DJF,tmax_mean,anom_dt,59,-0.0504,0.7049
site,ghcn_FIE00146423,DJF,tmean,value,61,-0.0318,0.8076
site,ghcn_FIE00146423,DJF,tmean,anom,61,-0.0318,0.8076
site,ghcn_FIE00146423,DJF,tmean,anom_dt,61,-0.0399,0.7604
site,ghcn_FIE00146423,DJF,tmin_mean,value,58,-0.0277,0.8364
site,ghcn_FIE00146423,DJF,tmin_mean,anom,58,-0.0277,0.8364
site,ghcn_FIE00146423,DJF,tmin_mean,anom_dt,58,-0.0412,0.7587
site,ghcn_FIE00146423,JFM,frost_days,value,59,-0.1301,0.3260
site,ghcn_FIE00146423,JFM,frost_days,anom,59,-0.1301,0.3260
site,ghcn_FIE00146423,JFM,frost_days,anom_dt,59,-0.1678,0.2039
site,ghcn_FIE00146423,JFM,ice_days,value,59,-0.0005,0.9973
site,ghcn_FIE00146423,JFM,ice_days,anom,59,-0.0005,0.9973
site,ghcn_FIE00146423,JFM,ice_days,anom_dt,59,-0.0136,0.9185
site,ghcn_FIE00146423,JFM,precip,value,57,0.1856,0.1670
site,ghcn_FIE00146423,JFM,precip,anom,57,0.1856,0.1670
site,ghcn_FIE00146423,JFM,precip,anom_dt,57,0.1977,0.1404
site,ghcn_FIE00146423,JFM,precip_days,value,57,0.1436,0.2867
site,ghcn_FIE00146423,JFM,precip_days,anom,57,0.1436,0.2867
site,ghcn_FIE00146423,JFM,precip_days,anom_dt,57,0.1598,0.2350
site,ghcn_FIE00146423,JFM,rain_on_snow_days,value,35,0.0052,0.9763
site,ghcn_FIE00146423,JFM,rain_on_snow_days,anom,35,0.0052,0.9763
site,ghcn_FIE00146423,JFM,rain_on_snow_days,anom_dt,35,-0.1712,0.3255
site,ghcn_FIE00146423,JFM,snow_cover_days,value,40,0.0400,0.8063
site,ghcn_FIE00146423,JFM,snow_cover_days,anom,40,0.0400,0.8063
site,ghcn_FIE00146423,JFM,snow_cover_days,anom_dt,40,0.0671,0.6809
site,ghcn_FIE00146423,JFM,snow_depth,value,40,0.1452,0.3712
site,ghcn_FIE00146423,JFM,snow_depth,anom,40,0.1452,0.3712
site,ghcn_FIE00146423,JFM,snow_depth,anom_dt,40,0.1654,0.3077
site,ghcn_FIE00146423,JFM,snow_max,value,40,0.1587,0.3281
site,ghcn_FIE00146423,JFM,snow_max,anom,40,0.1587,0.3281
site,ghcn_FIE00146423,JFM,snow_max,anom_dt,40,0.1618,0.3184
site,ghcn_FIE00146423,JFM,thaw_days,value,59,-0.0017,0.9898
site,ghcn_FIE00146423,JFM,thaw_days,anom,59,-0.0017,0.9898
site,ghcn_FIE00146423,JFM,thaw_days,anom_dt,59,0.0103,0.9385
site,ghcn_FIE00146423,JFM,tmax_mean,value,59,-0.0953,0.4727
site,ghcn_FIE00146423,JFM,tmax_mean,anom,59,-0.0953,0.4727
site,ghcn_FIE00146423,JFM,tmax_mean,anom_dt,59,-0.0876,0.5095
site,ghcn_FIE00146423,JFM,tmean,value,62,-0.0827,0.5230
site,ghcn_FIE00146423,JFM,tmean,anom,62,-0.0827,0.5230
site,ghcn_FIE00146423,JFM,tmean,anom_dt,62,-0.0924,0.4750
site,ghcn_FIE00146423,JFM,tmin_mean,value,59,-0.1116,0.3999
site,ghcn_FIE00146423,JFM,tmin_mean,anom,59,-0.1116,0.3999
site,ghcn_FIE00146423,JFM,tmin_mean,anom_dt,59,-0.0734,0.5805
site,ghcn_FIE00146423,NDJFM,frost_days,value,58,-0.0092,0.9451
site,ghcn_FIE00146423,NDJFM,frost_days,anom,58,-0.0092,0.9451
site,ghcn_FIE00146423,NDJFM,frost_days,anom_dt,58,-0.0244,0.8559
site,ghcn_FIE00146423,NDJFM,ice_days,value,59,0.0404,0.7615
site,ghcn_FIE00146423,NDJFM,ice_days,anom,59,0.0404,0.7615
site,ghcn_FIE00146423,NDJFM,ice_days,anom_dt,59,0.0272,0.8377
site,ghcn_FIE00146423,NDJFM,precip,value,57,0.0352,0.7952
site,ghcn_FIE00146423,NDJFM,precip,anom,57,0.0352,0.7952
site,ghcn_FIE00146423,NDJFM,precip,anom_dt,57,0.0566,0.6760
site,ghcn_FIE00146423,NDJFM,precip_days,value,57,0.0655,0.6286
site,ghcn_FIE00146423,NDJFM,precip_days,anom,57,0.0655,0.6286
site,ghcn_FIE00146423,NDJFM,precip_days,anom_dt,57,0.0818,0.5452
site,ghcn_FIE00146423,NDJFM,rain_on_snow_days,value,32,0.0455,0.8045
site,ghcn_FIE00146423,NDJFM,rain_on_snow_days,anom,32,0.0455,0.8045
site,ghcn_FIE00146423,NDJFM,rain_on_snow_days,anom_dt,32,0.0464,0.8010
site,ghcn_FIE00146423,NDJFM,snow_cover_days,value,36,-0.0623,0.7180
site,ghcn_FIE00146423,NDJFM,snow_cover_days,anom,36,-0.0623,0.7180
site,ghcn_FIE00146423,NDJFM,snow_cover_days,anom_dt,36,-0.0127,0.9412
site,ghcn_FIE00146423,NDJFM,snow_depth,value,36,0.0869,0.6144
site,ghcn_FIE00146423,NDJFM,snow_depth,anom,36,0.0869,0.6144
site,ghcn_FIE00146423,NDJFM,snow_depth,anom_dt,36,0.0869,0.6144
site,ghcn_FIE00146423,NDJFM,snow_max,value,36,0.1783,0.2982
site,ghcn_FIE00146423,NDJFM,snow_max,anom,36,0.1783,0.2982
site,ghcn_FIE00146423,NDJFM,snow_max,anom_dt,36,0.1726,0.3141
site,ghcn_FIE00146423,NDJFM,thaw_days,value,59,-0.0314,0.8136
site,ghcn_FIE00146423,NDJFM,thaw_days,anom,59,-0.0314,0.8136
site,ghcn_FIE00146423,NDJFM,thaw_days,anom_dt,59,-0.0136,0.9183
site,ghcn_FIE00146423,NDJFM,tmax_mean,value,59,0.0080,0.9522
site,ghcn_FIE00146423,NDJFM,tmax_mean,anom,59,0.0080,0.9522
site,ghcn_FIE00146423,NDJFM,tmax_mean,anom_dt,59,-0.0093,0.9441
site,ghcn_FIE00146423,NDJFM,tmean,value,61,0.0464,0.7228
site,ghcn_FIE00146423,NDJFM,tmean,anom,61,0.0467,0.7209
site,ghcn_FIE00146423,NDJFM,tmean,anom_dt,61,0.0324,0.8041
site,ghcn_FIE00146423,NDJFM,tmin_mean,value,58,0.0505,0.7063
site,ghcn_FIE00146423,NDJFM,tmin_mean,anom,58,0.0505,0.7063
site,ghcn_FIE00146423,NDJFM,tmin_mean,anom_dt,58,0.0433,0.7468
site,ghcn_IC000004013,DJF,frost_days,value,77,-0.0968,0.4021
site,ghcn_IC000004013,DJF,frost_days,anom,77,-0.0968,0.4021
site,ghcn_IC000004013,DJF,frost_days,anom_dt,77,-0.0967,0.4029
site,ghcn_IC000004013,DJF,ice_days,value,77,-0.0378,0.7438
site,ghcn_IC000004013,DJF,ice_days,anom,77,-0.0378,0.7438
site,ghcn_IC000004013,DJF,ice_days,anom_dt,77,-0.0197,0.8650
site,ghcn_IC000004013,DJF,precip,value,50,-0.0720,0.6193
site,ghcn_IC000004013,DJF,precip,anom_dt,50,-0.0583,0.6876
site,ghcn_IC000004013,DJF,precip_days,value,50,-0.0583,0.6874
site,ghcn_IC000004013,DJF,precip_days,anom_dt,50,-0.0864,0.5506
site,ghcn_IC000004013,DJF,thaw_days,value,77,0.0175,0.8797
site,ghcn_IC000004013,DJF,thaw_days,anom,77,0.0175,0.8797
site,ghcn_IC000004013,DJF,thaw_days,anom_dt,77,-0.0101,0.9303
site,ghcn_IC000004013,DJF,tmax_mean,value,77,0.0157,0.8924
site,ghcn_IC000004013,DJF,tmax_mean,anom,77,0.0161,0.8894
site,ghcn_IC000004013,DJF,tmax_mean,anom_dt,77,-0.0096,0.9342
site,ghcn_IC000004013,DJF,tmean,value,77,0.0600,0.6042
site,ghcn_IC000004013,DJF,tmean,anom,77,0.0600,0.6042
site,ghcn_IC000004013,DJF,tmean,anom_dt,77,0.0624,0.5899
site,ghcn_IC000004013,DJF,tmin_mean,value,77,0.1041,0.3676
site,ghcn_IC000004013,DJF,tmin_mean,anom,77,0.1041,0.3676
site,ghcn_IC000004013,DJF,tmin_mean,anom_dt,77,0.0956,0.4080
site,ghcn_IC000004013,JFM,frost_days,value,77,-0.0266,0.8182
site,ghcn_IC000004013,JFM,frost_days,anom,77,-0.0266,0.8182
site,ghcn_IC000004013,JFM,frost_days,anom_dt,77,-0.0183,0.8743
site,ghcn_IC000004013,JFM,ice_days,value,77,0.0360,0.7558
site,ghcn_IC000004013,JFM,ice_days,anom,77,0.0360,0.7558
site,ghcn_IC000004013,JFM,ice_days,anom_dt,77,0.0370,0.7492
site,ghcn_IC000004013,JFM,precip,value,50,-0.0529,0.7151
site,ghcn_IC000004013,JFM,precip,anom_dt,50,-0.0352,0.8080
site,ghcn_IC000004013,JFM,precip_days,value,50,-0.0655,0.6512
site,ghcn_IC000004013,JFM,precip_days,anom_dt,50,-0.0952,0.5109
site,ghcn_IC000004013,JFM,thaw_days,value,77,-0.0398,0.7313
site,ghcn_IC000004013,JFM,thaw_days,anom,77,-0.0398,0.7313
site,ghcn_IC000004013,JFM,thaw_days,anom_dt,77,-0.0522,0.6524
site,ghcn_IC000004013,JFM,tmax_mean,value,77,-0.0457,0.6933
site,ghcn_IC000004013,JFM,tmax_mean,anom,77,-0.0457,0.6933
site,ghcn_IC000004013,JFM,tmax_mean,anom_dt,77,-0.0593,0.6084
site,ghcn_IC000004013,JFM,tmean,value,77,-0.0194,0.8671
site,ghcn_IC000004013,JFM,tmean,anom,77,-0.0194,0.8671
site,ghcn_IC000004013,JFM,tmean,anom_dt,77,-0.0223,0.8476
site,ghcn_IC000004013,JFM,tmin_mean,value,77,-0.0020,0.9863
site,ghcn_IC000004013,JFM,tmin_mean,anom,77,-0.0020,0.9863
site,ghcn_IC000004013,JFM,tmin_mean,anom_dt,77,-0.0019,0.9868
site,ghcn_IC000004013,NDJFM,frost_days,value,77,-0.1397,0.2256
site,ghcn_IC000004013,NDJFM,frost_days,anom,77,-0.1397,0.2256
site,ghcn_IC000004013,NDJFM,frost_days,anom_dt,77,-0.1404,0.2231
site,ghcn_IC000004013,NDJFM,ice_days,value,77,-0.0409,0.7239
site,ghcn_IC000004013,NDJFM,ice_days,anom,77,-0.0409,0.7239
site,ghcn_IC000004013,NDJFM,ice_days,anom_dt,77,-0.0521,0.6525
site,ghcn_IC000004013,NDJFM,precip,value,49,-0.0241,0.8695
site,ghcn_IC000004013,NDJFM,precip,anom_dt,49,-0.0326,0.8243
site,ghcn_IC000004013,NDJFM,precip_days,value,49,0.0069,0.9627
site,ghcn_IC000004013,NDJFM,precip_days,anom_dt,49,-0.0455,0.7564
site,ghcn_IC000004013,NDJFM,thaw_days,value,77,0.0204,0.8600
site,ghcn_IC000004013,NDJFM,thaw_days,anom,77,0.0204,0.8600
site,ghcn_IC000004013,NDJFM,thaw_days,anom_dt,77,0.0189,0.8703
site,ghcn_IC000004013,NDJFM,tmax_mean,value,77,-0.0006,0.9960
site,ghcn_IC000004013,NDJFM,tmax_mean,anom,77,-0.0006,0.9960
site,ghcn_IC000004013,NDJFM,tmax_mean,anom_dt,77,0.0201,0.8622
site,ghcn_IC000004013,NDJFM,tmean,value,77,0.0719,0.5341
site,ghcn_IC000004013,NDJFM,tmean,anom,77,0.0719,0.5341
site,ghcn_IC000004013,NDJFM,tmean,anom_dt,77,0.0770,0.5057
site,ghcn_IC000004013,NDJFM,tmin_mean,value,77,0.1127,0.3290
site,ghcn_IC000004013,NDJFM,tmin_mean,anom,77,0.1127,0.3290
site,ghcn_IC000004013,NDJFM,tmin_mean,anom_dt,77,0.1275,0.2692
site,ghcn_IC000004030,DJF,frost_days,value,77,-0.0220,0.8495
site,ghcn_IC000004030,DJF,frost_days,anom,77,-0.0220,0.8495
site,ghcn_IC000004030,DJF,frost_days,anom_dt,77,-0.0273,0.8139
site,ghcn_IC000004030,DJF,ice_days,value,77,0.0141,0.9029
site,ghcn_IC000004030,DJF,ice_days,anom,77,0.0141,0.9029
site,ghcn_IC000004030,DJF,ice_days,anom_dt,77,0.0426,0.7128
site,ghcn_IC000004030,DJF,precip,value,51,-0.0990,0.4896
site,ghcn_IC000004030,DJF,precip,anom_dt,51,-0.1001,0.4846
site,ghcn_IC000004030,DJF,precip_days,value,51,-0.1751,0.2190
site,ghcn_IC000004030,DJF,precip_days,anom_dt,51,-0.1982,0.1632
site,ghcn_IC000004030,DJF,thaw_days,value,77,0.0242,0.8347
site,ghcn_IC000004030,DJF,thaw_days,anom,77,0.0242,0.8347
site,ghcn_IC000004030,DJF,thaw_days,anom_dt,77,0.0202,0.8618
site,ghcn_IC000004030,DJF,tmax_mean,value,77,-0.0088,0.9391
site,ghcn_IC000004030,DJF,tmax_mean,anom,77,-0.0088,0.9391
site,ghcn_IC000004030,DJF,tmax_mean,anom_dt,77,-0.0371,0.7488
site,ghcn_IC000004030,DJF,tmean,value,77,0.0090,0.9378
site,ghcn_IC000004030,DJF,tmean,anom,77,0.0090,0.9378
site,ghcn_IC000004030,DJF,tmean,anom_dt,77,-0.0134,0.9079
site,ghcn_IC000004030,DJF,tmin_mean,value,77,0.0395,0.7331
site,ghcn_IC000004030,DJF,tmin_mean,anom,77,0.0391,0.7359
site,ghcn_IC000004030,DJF,tmin_mean,anom_dt,77,0.0229,0.8434
site,ghcn_IC000004030,JFM,frost_days,value,77,0.0147,0.8991
site,ghcn_IC000004030,JFM,frost_days,anom,77,0.0147,0.8991
site,ghcn_IC000004030,JFM,frost_days,anom_dt,77,0.0171,0.8825
site,ghcn_IC000004030,JFM,ice_days,value,77,0.0630,0.5864
site,ghcn_IC000004030,JFM,ice_days,anom,77,0.0630,0.5864
site,ghcn_IC000004030,JFM,ice_days,anom_dt,77,0.0542,0.6399
site,ghcn_IC000004030,JFM,precip,value,51,-0.1524,0.2857
site,ghcn_IC000004030,JFM,precip,anom_dt,51,-0.1316,0.3573
site,ghcn_IC000004030,JFM,precip_days,value,51,-0.2089,0.1413
site,ghcn_IC000004030,JFM,precip_days,anom_dt,51,-0.2015,0.1563
site,ghcn_IC000004030,JFM,thaw_days,value,77,-0.0451,0.6968
site,ghcn_IC000004030,JFM,thaw_days,anom,77,-0.0451,0.6968
site,ghcn_IC000004030,JFM,thaw_days,anom_dt,77,-0.0312,0.7873
site,ghcn_IC000004030,JFM,tmax_mean,value,77,-0.0425,0.7134
site,ghcn_IC000004030,JFM,tmax_mean,anom,77,-0.0425,0.7134
site,ghcn_IC000004030,JFM,tmax_mean,anom_dt,77,-0.0661,0.5678
site,ghcn_IC000004030,JFM,tmean,value,77,-0.0559,0.6292
site,ghcn_IC000004030,JFM,tmean,anom,77,-0.0559,0.6292
site,ghcn_IC000004030,JFM,tmean,anom_dt,77,-0.0567,0.6242
site,ghcn_IC000004030,JFM,tmin_mean,value,77,-0.0380,0.7428
site,ghcn_IC000004030,JFM,tmin_mean,anom,77,-0.0380,0.7428
site,ghcn_IC000004030,JFM,tmin_mean,anom_dt,77,-0.0309,0.7898
site,ghcn_IC000004030,NDJFM,frost_days,value,77,-0.0665,0.5656
site,ghcn_IC000004030,NDJFM,frost_days,anom,77,-0.0665,0.5656
site,ghcn_IC000004030,NDJFM,frost_days,anom_dt,77,-0.0757,0.5130
site,ghcn_IC000004030,NDJFM,ice_days,value,77,0.0039,0.9731
site,ghcn_IC000004030,NDJFM,ice_days,anom,77,0.0039,0.9731
site,ghcn_IC000004030,NDJFM,ice_days,anom_dt,77,0.0058,0.9598
site,ghcn_IC000004030,NDJFM,precip,value,49,-0.0800,0.5848
site,ghcn_IC000004030,NDJFM,precip,anom_dt,49,-0.0869,0.5527
site,ghcn_IC000004030,NDJFM,precip_days,value,49,-0.1883,0.1951
site,ghcn_IC000004030,NDJFM,precip_days,anom_dt,49,-0.1576,0.2794
site,ghcn_IC000004030,NDJFM,thaw_days,value,77,0.0257,0.8247
site,ghcn_IC000004030,NDJFM,thaw_days,anom,77,0.0257,0.8247
site,ghcn_IC000004030,NDJFM,thaw_days,anom_dt,77,0.0420,0.7168
site,ghcn_IC000004030,NDJFM,tmax_mean,value,77,0.0199,0.8633
site,ghcn_IC000004030,NDJFM,tmax_mean,anom,77,0.0199,0.8633
site,ghcn_IC000004030,NDJFM,tmax_mean,anom_dt,77,0.0369,0.7500
site,ghcn_IC000004030,NDJFM,tmean,value,77,0.0323,0.7806
site,ghcn_IC000004030,NDJFM,tmean,anom,77,0.0317,0.7844
site,ghcn_IC000004030,NDJFM,tmean,anom_dt,77,0.0495,0.6691
site,ghcn_IC000004030,NDJFM,tmin_mean,value,77,0.0648,0.5758
site,ghcn_IC000004030,NDJFM,tmin_mean,anom,77,0.0648,0.5758
site,ghcn_IC000004030,NDJFM,tmin_mean,anom_dt,77,0.0808,0.4849
site,ghcn_IC000004063,DJF,frost_days,value,55,-0.1730,0.2067
site,ghcn_IC000004063,DJF,frost_days,anom_dt,55,-0.1740,0.2039
site,ghcn_IC000004063,DJF,ice_days,value,55,-0.0401,0.7712
site,ghcn_IC000004063,DJF,ice_days,anom_dt,55,-0.0352,0.7988
site,ghcn_IC000004063,DJF,thaw_days,value,55,0.0267,0.8463
site,ghcn_IC000004063,DJF,thaw_days,anom_dt,55,0.0168,0.9030
site,ghcn_IC000004063,DJF,tmax_mean,value,55,0.0721,0.6010
site,ghcn_IC000004063,DJF,tmax_mean,anom_dt,55,0.0700,0.6116
site,ghcn_IC000004063,DJF,tmean,value,76,-0.0520,0.6558
site,ghcn_IC000004063,DJF,tmean,anom,76,-0.0520,0.6558
site,ghcn_IC000004063,DJF,tmean,anom_dt,76,-0.0474,0.6845
site,ghcn_IC000004063,DJF,tmin_mean,value,55,0.1235,0.3689
site,ghcn_IC000004063,DJF,tmin_mean,anom_dt,55,0.0975,0.4788
site,ghcn_IC000004063,JFM,frost_days,value,56,0.0034,0.9804
site,ghcn_IC000004063,JFM,frost_days,anom_dt,56,-0.0010,0.9940
site,ghcn_IC000004063,JFM,ice_days,value,56,0.0002,0.9987
site,ghcn_IC000004063,JFM,ice_days,anom_dt,56,-0.0008,0.9952
site,ghcn_IC000004063,JFM,thaw_days,value,56,-0.0333,0.8074
site,ghcn_IC000004063,JFM,thaw_days,anom_dt,56,-0.0383,0.7792
site,ghcn_IC000004063,JFM,tmax_mean,value,56,-0.0198,0.8847
site,ghcn_IC000004063,JFM,tmax_mean,anom_dt,56,-0.0158,0.9078
site,ghcn_IC000004063,JFM,tmean,value,76,-0.1159,0.3189
site,ghcn_IC000004063,JFM,tmean,anom,76,-0.1159,0.3189
site,ghcn_IC000004063,JFM,tmean,anom_dt,76,-0.1268,0.2750
site,ghcn_IC000004063,JFM,tmin_mean,value,56,-0.0216,0.8746
site,ghcn_IC000004063,JFM,tmin_mean,anom_dt,56,-0.0097,0.9432
site,ghcn_IC000004063,NDJFM,frost_days,value,56,-0.1217,0.3716
site,ghcn_IC000004063,NDJFM,frost_days,anom_dt,56,-0.1233,0.3652
site,ghcn_IC000004063,NDJFM,ice_days,value,55,-0.0997,0.4689
site,ghcn_IC000004063,NDJFM,ice_days,anom_dt,55,-0.0985,0.4744
site,ghcn_IC000004063,NDJFM,thaw_days,value,55,0.0840,0.5422
site,ghcn_IC000004063,NDJFM,thaw_days,anom_dt,55,0.0835,0.5445
site,ghcn_IC000004063,NDJFM,tmax_mean,value,55,0.0237,0.8634
site,ghcn_IC000004063,NDJFM,tmax_mean,anom_dt,55,0.0244,0.8595
site,ghcn_IC000004063,NDJFM,tmean,value,76,-0.0239,0.8377
site,ghcn_IC000004063,NDJFM,tmean,anom,76,-0.0246,0.8332
site,ghcn_IC000004063,NDJFM,tmean,anom_dt,76,-0.0312,0.7893
site,ghcn_IC000004063,NDJFM,tmin_mean,value,56,0.1320,0.3323
site,ghcn_IC000004063,NDJFM,tmin_mean,anom_dt,56,0.1130,0.4069
site,ghcn_IC000004097,DJF,frost_days,value,75,0.0077,0.9477
site,ghcn_IC000004097,DJF,frost_days,anom,75,0.0077,0.9477
site,ghcn_IC000004097,DJF,frost_days,anom_dt,75,0.0228,0.8458
site,ghcn_IC000004097,DJF,ice_days,value,77,0.0367,0.7516
site,ghcn_IC000004097,DJF,ice_days,anom,77,0.0367,0.7516
site,ghcn_IC000004097,DJF,ice_days,anom_dt,77,0.0624,0.5899
site,ghcn_IC000004097,DJF,precip,value,50,0.0652,0.6530
site,ghcn_IC000004097,DJF,precip,anom_dt,50,0.0626,0.6657
site,ghcn_IC000004097,DJF,precip_days,value,50,0.0715,0.6216
site,ghcn_IC000004097,DJF,precip_days,anom_dt,50,0.0778,0.5913
site,ghcn_IC000004097,DJF,thaw_days,value,77,-0.0242,0.8345
site,ghcn_IC000004097,DJF,thaw_days,anom,77,-0.0242,0.8345
site,ghcn_IC000004097,DJF,thaw_days,anom_dt,77,-0.0625,0.5893
site,ghcn_IC000004097,DJF,tmax_mean,value,77,-0.0264,0.8196
site,ghcn_IC000004097,DJF,tmax_mean,anom,77,-0.0269,0.8161
site,ghcn_IC000004097,DJF,tmax_mean,anom_dt,77,-0.0610,0.5981
site,ghcn_IC000004097,DJF,tmean,value,75,-0.0071,0.9520
site,ghcn_IC000004097,DJF,tmean,anom,75,-0.0071,0.9520
site,ghcn_IC000004097,DJF,tmean,anom_dt,75,-0.0352,0.7645
site,ghcn_IC000004097,DJF,tmin_mean,value,75,-0.0010,0.9929
site,ghcn_IC000004097,DJF,tmin_mean,anom,75,-0.0010,0.9929
site,ghcn_IC000004097,DJF,tmin_mean,anom_dt,75,0.0218,0.8527
site,ghcn_IC000004097,JFM,frost_days,value,75,0.1004,0.3913
site,ghcn_IC000004097,JFM,frost_days,anom,75,0.1004,0.3913
site,ghcn_IC000004097,JFM,frost_days,anom_dt,75,0.0883,0.4514
site,ghcn_IC000004097,JFM,ice_days,value,77,0.1207,0.2958
site,ghcn_IC000004097,JFM,ice_days,anom,77,0.1207,0.2958
site,ghcn_IC000004097,JFM,ice_days,anom_dt,77,0.1160,0.3150
site,ghcn_IC000004097,JFM,precip,value,51,0.1192,0.4048
site,ghcn_IC000004097,JFM,precip,anom_dt,51,0.1747,0.2202
site,ghcn_IC000004097,JFM,precip_days,value,51,0.1181,0.4091
site,ghcn_IC000004097,JFM,precip_days,anom_dt,51,0.0968,0.4992
site,ghcn_IC000004097,JFM,thaw_days,value,77,-0.1108,0.3372
site,ghcn_IC000004097,JFM,thaw_days,anom,77,-0.1108,0.3372
site,ghcn_IC000004097,JFM,thaw_days,anom_dt,77,-0.1219,0.2910
site,ghcn_IC000004097,JFM,tmax_mean,value,77,-0.0687,0.5526
site,ghcn_IC000004097,JFM,tmax_mean,anom,77,-0.0687,0.5526
site,ghcn_IC000004097,JFM,tmax_mean,anom_dt,77,-0.0969,0.4016
site,ghcn_IC000004097,JFM,tmean,value,75,-0.0828,0.4801
site,ghcn_IC000004097,JFM,tmean,anom,75,-0.0828,0.4801
site,ghcn_IC000004097,JFM,tmean,anom_dt,75,-0.0862,0.4623
site,ghcn_IC000004097,JFM,tmin_mean,value,75,-0.0760,0.5169
site,ghcn_IC000004097,JFM,tmin_mean,anom,75,-0.0760,0.5169
site,ghcn_IC000004097,JFM,tmin_mean,anom_dt,75,-0.0726,0.5358
site,ghcn_IC000004097,NDJFM,frost_days,value,75,-0.1108,0.3439
site,ghcn_IC000004097,NDJFM,frost_days,anom,75,-0.1108,0.3439
site,ghcn_IC000004097,NDJFM,frost_days,anom_dt,75,-0.1314,0.2613
site,ghcn_IC000004097,NDJFM,ice_days,value,77,-0.0272,0.8142
site,ghcn_IC000004097,NDJFM,ice_days,anom,77,-0.0272,0.8142
site,ghcn_IC000004097,NDJFM,ice_days,anom_dt,77,-0.0231,0.8417
site,ghcn_IC000004097,NDJFM,precip,value,50,0.1186,0.4122
site,ghcn_IC000004097,NDJFM,precip,anom_dt,50,0.1196,0.4082
site,ghcn_IC000004097,NDJFM,precip_days,value,50,0.0681,0.6384
site,ghcn_IC000004097,NDJFM,precip_days,anom_dt,50,0.0818,0.5723
site,ghcn_IC000004097,NDJFM,thaw_days,value,77,0.0096,0.9340
site,ghcn_IC000004097,NDJFM,thaw_days,anom,77,0.0096,0.9340
site,ghcn_IC000004097,NDJFM,thaw_days,anom_dt,77,0.0004,0.9970
site,ghcn_IC000004097,NDJFM,tmax_mean,value,77,-0.0264,0.8198
site,ghcn_IC000004097,NDJFM,tmax_mean,anom,77,-0.0264,0.8198
site,ghcn_IC000004097,NDJFM,tmax_mean,anom_dt,77,-0.0590,0.6103
site,ghcn_IC000004097,NDJFM,tmean,value,75,0.0548,0.6404
site,ghcn_IC000004097,NDJFM,tmean,anom,75,0.0548,0.6404
site,ghcn_IC000004097,NDJFM,tmean,anom_dt,75,0.0256,0.8273
site,ghcn_IC000004097,NDJFM,tmin_mean,value,75,0.1055,0.3676
site,ghcn_IC000004097,NDJFM,tmin_mean,anom,75,0.1055,0.3676
site,ghcn_IC000004097,NDJFM,tmin_mean,anom_dt,75,0.1013,0.3871
site,ghcn_NO000001026,DJF,frost_days,value,77,-0.0795,0.4920
site,ghcn_NO000001026,DJF,frost_days,anom,77,-0.0795,0.4920
site,ghcn_NO000001026,DJF,frost_days,anom_dt,77,-0.0773,0.5042
site,ghcn_NO000001026,DJF,ice_days,value,77,0.0246,0.8317
site,ghcn_NO000001026,DJF,ice_days,anom,77,0.0246,0.8317
site,ghcn_NO000001026,DJF,ice_days,anom_dt,77,0.0184,0.8740
site,ghcn_NO000001026,DJF,precip,value,77,0.0534,0.6444
site,ghcn_NO000001026,DJF,precip,anom,77,0.0534,0.6444
site,ghcn_NO000001026,DJF,precip,anom_dt,77,0.0497,0.6679
site,ghcn_NO000001026,DJF,precip_days,value,77,0.1077,0.3513
site,ghcn_NO000001026,DJF,precip_days,anom,77,0.1077,0.3513
site,ghcn_NO000001026,DJF,precip_days,anom_dt,77,0.1079,0.3504
site,ghcn_NO000001026,DJF,rain_on_snow_days,value,77,0.1486,0.1972
site,ghcn_NO000001026,DJF,rain_on_snow_days,anom,77,0.1486,0.1972
site,ghcn_NO000001026,DJF,rain_on_snow_days,anom_dt,77,0.1606,0.1631
site,ghcn_NO000001026,DJF,snow_cover_days,value,77,0.0037,0.9744
site,ghcn_NO000001026,DJF,snow_cover_days,anom,77,0.0037,0.9744
site,ghcn_NO000001026,DJF,snow_cover_days,anom_dt,77,-0.0263,0.8204
site,ghcn_NO000001026,DJF,snow_depth,value,77,-0.0221,0.8488
site,ghcn_NO000001026,DJF,snow_depth,anom,77,-0.0221,0.8488
site,ghcn_NO000001026,DJF,snow_depth,anom_dt,77,-0.0141,0.9033
site,ghcn_NO000001026,DJF,snow_max,value,77,0.0296,0.7983
site,ghcn_NO000001026,DJF,snow_max,anom,77,0.0296,0.7983
site,ghcn_NO000001026,DJF,snow_max,anom_dt,77,0.0446,0.7001
site,ghcn_NO000001026,DJF,thaw_days,value,77,0.0177,0.8783
site,ghcn_NO000001026,DJF,thaw_days,anom,77,0.0177,0.8783
site,ghcn_NO000001026,DJF,thaw_days,anom_dt,77,0.0064,0.9557
site,ghcn_NO000001026,DJF,tmax_mean,value,77,-0.0055,0.9622
site,ghcn_NO000001026,DJF,tmax_mean,anom,77,-0.0049,0.9666
site,ghcn_NO000001026,DJF,tmax_mean,anom_dt,77,-0.0210,0.8562
site,ghcn_NO000001026,DJF,tmean,value,77,0.0086,0.9409
site,ghcn_NO000001026,DJF,tmean,anom,77,0.0086,0.9409
site,ghcn_NO000001026,DJF,tmean,anom_dt,77,-0.0224,0.8464
site,ghcn_NO000001026,DJF,tmin_mean,value,77,0.0111,0.9239
site,ghcn_NO000001026,DJF,tmin_mean,anom,77,0.0111,0.9239
site,ghcn_NO000001026,DJF,tmin_mean,anom_dt,77,-0.0212,0.8548
site,ghcn_NO000001026,JFM,frost_days,value,77,-0.0768,0.5070
site,ghcn_NO000001026,JFM,frost_days,anom,77,-0.0768,0.5070
site,ghcn_NO000001026,JFM,frost_days,anom_dt,77,-0.0775,0.5031
site,ghcn_NO000001026,JFM,ice_days,value,77,-0.0154,0.8945
site,ghcn_NO000001026,JFM,ice_days,anom,77,-0.0154,0.8945
site,ghcn_NO000001026,JFM,ice_days,anom_dt,77,0.0053,0.9637
site,ghcn_NO000001026,JFM,precip,value,77,0.0254,0.8267
site,ghcn_NO000001026,JFM,precip,anom,77,0.0254,0.8267
site,ghcn_NO000001026,JFM,precip,anom_dt,77,0.0130,0.9109
site,ghcn_NO000001026,JFM,precip_days,value,77,0.0987,0.3932
site,ghcn_NO000001026,JFM,precip_days,anom,77,0.0987,0.3932
site,ghcn_NO000001026,JFM,precip_days,anom_dt,77,0.0869,0.4521
site,ghcn_NO000001026,JFM,rain_on_snow_days,value,77,-0.0018,0.9879
site,ghcn_NO000001026,JFM,rain_on_snow_days,anom,77,-0.0018,0.9879
site,ghcn_NO000001026,JFM,rain_on_snow_days,anom_dt,77,-0.0028,0.9804
site,ghcn_NO000001026,JFM,snow_cover_days,value,77,0.0644,0.5780
site,ghcn_NO000001026,JFM,snow_cover_days,anom,77,0.0644,0.5780
site,ghcn_NO000001026,JFM,snow_cover_days,anom_dt,77,0.0627,0.5879
site,ghcn_NO000001026,JFM,snow_depth,value,77,0.0074,0.9488
site,ghcn_NO000001026,JFM,snow_depth,anom,77,0.0073,0.9497
site,ghcn_NO000001026,JFM,snow_depth,anom_dt,77,0.0112,0.9227
site,ghcn_NO000001026,JFM,snow_max,value,77,-0.0327,0.7774
site,ghcn_NO000001026,JFM,snow_max,anom,77,-0.0327,0.7774
site,ghcn_NO000001026,JFM,snow_max,anom_dt,77,-0.0251,0.8287
site,ghcn_NO000001026,JFM,thaw_days,value,77,0.0365,0.7527
site,ghcn_NO000001026,JFM,thaw_days,anom,77,0.0365,0.7527
site,ghcn_NO000001026,JFM,thaw_days,anom_dt,77,0.0123,0.9154
site,ghcn_NO000001026,JFM,tmax_mean,value,77,-0.0294,0.7998
site,ghcn_NO000001026,JFM,tmax_mean,anom,77,-0.0294,0.7998
site,ghcn_NO000001026,JFM,tmax_mean,anom_dt,77,-0.0337,0.7711
site,ghcn_NO000001026,JFM,tmean,value,77,-0.0474,0.6822
site,ghcn_NO000001026,JFM,tmean,anom,77,-0.0474,0.6822
site,ghcn_NO000001026,JFM,tmean,anom_dt,77,-0.0418,0.7183
site,ghcn_NO000001026,JFM,tmin_mean,value,77,-0.0387,0.7385
site,ghcn_NO000001026,JFM,tmin_mean,anom,77,-0.0387,0.7385
site,ghcn_NO000001026,JFM,tmin_mean,anom_dt,77,-0.0404,0.7271
site,ghcn_NO000001026,NDJFM,frost_days,value,77,-0.1237,0.2839
site,ghcn_NO000001026,NDJFM,frost_days,anom,77,-0.1237,0.2839
site,ghcn_NO000001026,NDJFM,frost_days,anom_dt,77,-0.1078,0.3507
site,ghcn_NO000001026,NDJFM,ice_days,value,77,-0.0537,0.6427
site,ghcn_NO000001026,NDJFM,ice_days,anom,77,-0.0537,0.6427
site,ghcn_NO000001026,NDJFM,ice_days,anom_dt,77,-0.0651,0.5739
site,ghcn_NO000001026,NDJFM,precip,value,77,-0.0037,0.9747
site,ghcn_NO000001026,NDJFM,precip,anom,77,-0.0037,0.9747
site,ghcn_NO000001026,NDJFM,precip,anom_dt,77,-0.0165,0.8868
site,ghcn_NO000001026,NDJFM,precip_days,value,77,0.0300,0.7960
site,ghcn_NO000001026,NDJFM,precip_days,anom,77,0.0300,0.7960
site,ghcn_NO000001026,NDJFM,precip_days,anom_dt,77,0.0446,0.6999
site,ghcn_NO000001026,NDJFM,rain_on_snow_days,value,77,0.1042,0.3673
site,ghcn_NO000001026,NDJFM,rain_on_snow_days,anom,77,0.1042,0.3673
site,ghcn_NO000001026,NDJFM,rain_on_snow_days,anom_dt,77,0.1244,0.2812
site,ghcn_NO000001026,NDJFM,snow_cover_days,value,77,0.0347,0.7643
site,ghcn_NO000001026,NDJFM,snow_cover_days,anom,77,0.0347,0.7643
site,ghcn_NO000001026,NDJFM,snow_cover_days,anom_dt,77,0.0275,0.8122
site,ghcn_NO000001026,NDJFM,snow_depth,value,77,-0.0102,0.9296
site,ghcn_NO000001026,NDJFM,snow_depth,anom,77,-0.0102,0.9296
site,ghcn_NO000001026,NDJFM,snow_depth,anom_dt,77,-0.0044,0.9698
site,ghcn_NO000001026,NDJFM,snow_max,value,77,-0.0324,0.7799
site,ghcn_NO000001026,NDJFM,snow_max,anom,77,-0.0324,0.7799
site,ghcn_NO000001026,NDJFM,snow_max,anom_dt,77,-0.0241,0.8353
site,ghcn_NO000001026,NDJFM,thaw_days,value,77,0.0804,0.4869
site,ghcn_NO000001026,NDJFM,thaw_days,anom,77,0.0804,0.4869
site,ghcn_NO000001026,NDJFM,thaw_days,anom_dt,77,0.0746,0.5190
site,ghcn_NO000001026,NDJFM,tmax_mean,value,77,0.0238,0.8372
site,ghcn_NO000001026,NDJFM,tmax_mean,anom,77,0.0235,0.8393
site,ghcn_NO000001026,NDJFM,tmax_mean,anom_dt,77,0.0248,0.8303
site,ghcn_NO000001026,NDJFM,tmean,value,77,0.0374,0.7467
site,ghcn_NO000001026,NDJFM,tmean,anom,77,0.0374,0.7467
site,ghcn_NO000001026,NDJFM,tmean,anom_dt,77,0.0299,0.7960
site,ghcn_NO000001026,NDJFM,tmin_mean,value,77,0.0361,0.7552
site,ghcn_NO000001026,NDJFM,tmin_mean,anom,77,0.0361,0.7552
site,ghcn_NO000001026,NDJFM,tmin_mean,anom_dt,77,0.0136,0.9066
site,ghcn_NOE00109394,DJF,frost_days,value,77,-0.0619,0.5929
site,ghcn_NOE00109394,DJF,frost_days,anom,77,-0.0619,0.5929
site,ghcn_NOE00109394,DJF,frost_days,anom_dt,77,-0.0667,0.5644
site,ghcn_NOE00109394,DJF,ice_days,value,76,-0.1243,0.2846
site,ghcn_NOE00109394,DJF,ice_days,anom,76,-0.1243,0.2846
site,ghcn_NOE00109394,DJF,ice_days,anom_dt,76,-0.1206,0.2993
site,ghcn_NOE00109394,DJF,precip,value,77,0.0882,0.4454
site,ghcn_NOE00109394,DJF,precip,anom,77,0.0882,0.4454
site,ghcn_NOE00109394,DJF,precip,anom_dt,77,0.0817,0.4799
site,ghcn_NOE00109394,DJF,precip_days,value,77,0.1212,0.2936
site,ghcn_NOE00109394,DJF,precip_days,anom,77,0.1212,0.2936
site,ghcn_NOE00109394,DJF,precip_days,anom_dt,77,0.1216,0.2920
site,ghcn_NOE00109394,DJF,rain_on_snow_days,value,72,0.0793,0.5079
site,ghcn_NOE00109394,DJF,rain_on_snow_days,anom,72,0.0793,0.5079
site,ghcn_NOE00109394,DJF,rain_on_snow_days,anom_dt,72,0.0620,0.6048
site,ghcn_NOE00109394,DJF,snow_cover_days,value,72,-0.1173,0.3266
site,ghcn_NOE00109394,DJF,snow_cover_days,anom,72,-0.1173,0.3266
site,ghcn_NOE00109394,DJF,snow_cover_days,anom_dt,72,-0.1464,0.2197
site,ghcn_NOE00109394,DJF,snow_depth,value,72,-0.0761,0.5253
site,ghcn_NOE00109394,DJF,snow_depth,anom,72,-0.0761,0.5253
site,ghcn_NOE00109394,DJF,snow_depth,anom_dt,72,-0.1327,0.2664
site,ghcn_NOE00109394,DJF,snow_max,value,72,0.0470,0.6950
site,ghcn_NOE00109394,DJF,snow_max,anom,72,0.0470,0.6950
site,ghcn_NOE00109394,DJF,snow_max,anom_dt,72,-0.0183,0.8791
site,ghcn_NOE00109394,DJF,thaw_days,value,76,0.1291,0.2665
site,ghcn_NOE00109394,DJF,thaw_days,anom,76,0.1291,0.2665
site,ghcn_NOE00109394,DJF,thaw_days,anom_dt,76,0.1291,0.2665
site,ghcn_NOE00109394,DJF,tmax_mean,value,76,0.0201,0.8629
site,ghcn_NOE00109394,DJF,tmax_mean,anom,76,0.0201,0.8629
site,ghcn_NOE00109394,DJF,tmax_mean,anom_dt,76,0.0130,0.9112
site,ghcn_NOE00109394,DJF,tmean,value,76,0.0079,0.9457
site,ghcn_NOE00109394,DJF,tmean,anom,76,0.0079,0.9457
site,ghcn_NOE00109394,DJF,tmean,anom_dt,76,-0.0138,0.9059
site,ghcn_NOE00109394,DJF,tmin_mean,value,77,-0.0170,0.8836
site,ghcn_NOE00109394,DJF,tmin_mean,anom,77,-0.0167,0.8852
site,ghcn_NOE00109394,DJF,tmin_mean,anom_dt,77,-0.0225,0.8459
site,ghcn_NOE00109394,JFM,frost_days,value,77,-0.1358,0.2391
site,ghcn_NOE00109394,JFM,frost_days,anom,77,-0.1358,0.2391
site,ghcn_NOE00109394,JFM,frost_days,anom_dt,77,-0.1345,0.2435
site,ghcn_NOE00109394,JFM,ice_days,value,76,-0.0710,0.5420
site,ghcn_NOE00109394,JFM,ice_days,anom,76,-0.0710,0.5420
site,ghcn_NOE00109394,JFM,ice_days,anom_dt,76,-0.0519,0.6560
site,ghcn_NOE00109394,JFM,precip,value,77,0.0304,0.7928
site,ghcn_NOE00109394,JFM,precip,anom,77,0.0304,0.7928
site,ghcn_NOE00109394,JFM,precip,anom_dt,77,0.0303,0.7934
site,ghcn_NOE00109394,JFM,precip_days,value,77,0.0270,0.8157
site,ghcn_NOE00109394,JFM,precip_days,anom,77,0.0270,0.8157
site,ghcn_NOE00109394,JFM,precip_days,anom_dt,77,0.0126,0.9133
site,ghcn_NOE00109394,JFM,rain_on_snow_days,value,71,-0.0231,0.8486
site,ghcn_NOE00109394,JFM,rain_on_snow_days,anom,71,-0.0231,0.8486
site,ghcn_NOE00109394,JFM,rain_on_snow_days,anom_dt,71,0.0012,0.9920
site,ghcn_NOE00109394,JFM,snow_cover_days,value,71,-0.1627,0.1752
site,ghcn_NOE00109394,JFM,snow_cover_days,anom,71,-0.1627,0.1752
site,ghcn_NOE00109394,JFM,snow_cover_days,anom_dt,71,-0.1997,0.0949
site,ghcn_NOE00109394,JFM,snow_depth,value,71,-0.0351,0.7714
site,ghcn_NOE00109394,JFM,snow_depth,anom,71,-0.0351,0.7714
site,ghcn_NOE00109394,JFM,snow_depth,anom_dt,71,-0.1032,0.3918
site,ghcn_NOE00109394,JFM,snow_max,value,71,0.0515,0.6696
site,ghcn_NOE00109394,JFM,snow_max,anom,71,0.0515,0.6696
site,ghcn_NOE00109394,JFM,snow_max,anom_dt,71,-0.0376,0.7557
site,ghcn_NOE00109394,JFM,thaw_days,value,76,0.0613,0.5989
site,ghcn_NOE00109394,JFM,thaw_days,anom,76,0.0613,0.5989
site,ghcn_NOE00109394,JFM,thaw_days,anom_dt,76,0.0519,0.6561
site,ghcn_NOE00109394,JFM,tmax_mean,value,76,-0.0127,0.9132
site,ghcn_NOE00109394,JFM,tmax_mean,anom,76,-0.0127,0.9132
site,ghcn_NOE00109394,JFM,tmax_mean,anom_dt,76,-0.0189,0.8716
site,ghcn_NOE00109394,JFM,tmean,value,76,-0.0291,0.8026
site,ghcn_NOE00109394,JFM,tmean,anom,76,-0.0291,0.8026
site,ghcn_NOE00109394,JFM,tmean,anom_dt,76,-0.0511,0.6611
site,ghcn_NOE00109394,JFM,tmin_mean,value,77,-0.0597,0.6062
site,ghcn_NOE00109394,JFM,tmin_mean,anom,77,-0.0597,0.6062
site,ghcn_NOE00109394,JFM,tmin_mean,anom_dt,77,-0.0787,0.4960
site,ghcn_NOE00109394,NDJFM,frost_days,value,77,-0.1261,0.2744
site,ghcn_NOE00109394,NDJFM,frost_days,anom,77,-0.1261,0.2744
site,ghcn_NOE00109394,NDJFM,frost_days,anom_dt,77,-0.1311,0.2558
site,ghcn_NOE00109394,NDJFM,ice_days,value,77,-0.0913,0.4296
site,ghcn_NOE00109394,NDJFM,ice_days,anom,77,-0.0913,0.4296
site,ghcn_NOE00109394,NDJFM,ice_days,anom_dt,77,-0.0864,0.4551
site,ghcn_NOE00109394,NDJFM,precip,value,77,0.0377,0.7448
site,ghcn_NOE00109394,NDJFM,precip,anom,77,0.0377,0.7448
site,ghcn_NOE00109394,NDJFM,precip,anom_dt,77,0.0329,0.7761
site,ghcn_NOE00109394,NDJFM,precip_days,value,77,0.0422,0.7153
site,ghcn_NOE00109394,NDJFM,precip_days,anom,77,0.0422,0.7153
site,ghcn_NOE00109394,NDJFM,precip_days,anom_dt,77,0.0510,0.6595
site,ghcn_NOE00109394,NDJFM,rain_on_snow_days,value,71,0.0389,0.7472
site,ghcn_NOE00109394,NDJFM,rain_on_snow_days,anom,71,0.0389,0.7472
site,ghcn_NOE00109394,NDJFM,rain_on_snow_days,anom_dt,71,0.0477,0.6928
site,ghcn_NOE00109394,NDJFM,snow_cover_days,value,71,-0.1027,0.3942
site,ghcn_NOE00109394,NDJFM,snow_cover_days,anom,71,-0.1027,0.3942
site,ghcn_NOE00109394,NDJFM,snow_cover_days,anom_dt,71,-0.1146,0.3411
site,ghcn_NOE00109394,NDJFM,snow_depth,value,71,-0.1180,0.3271
site,ghcn_NOE00109394,NDJFM,snow_depth,anom,71,-0.1180,0.3271
site,ghcn_NOE00109394,NDJFM,snow_depth,anom_dt,71,-0.1506,0.2099
site,ghcn_NOE00109394,NDJFM,snow_max,value,71,0.0086,0.9432
site,ghcn_NOE00109394,NDJFM,snow_max,anom,71,0.0086,0.9432
site,ghcn_NOE00109394,NDJFM,snow_max,anom_dt,71,-0.0663,0.5829
site,ghcn_NOE00109394,NDJFM,thaw_days,value,77,0.0954,0.4092
site,ghcn_NOE00109394,NDJFM,thaw_days,anom,77,0.0954,0.4092
site,ghcn_NOE00109394,NDJFM,thaw_days,anom_dt,77,0.0907,0.4327
site,ghcn_NOE00109394,NDJFM,tmax_mean,value,77,0.0491,0.6713
site,ghcn_NOE00109394,NDJFM,tmax_mean,anom,77,0.0491,0.6713
site,ghcn_NOE00109394,NDJFM,tmax_mean,anom_dt,77,0.0275,0.8122
site,ghcn_NOE00109394,NDJFM,tmean,value,77,0.0359,0.7567
site,ghcn_NOE00109394,NDJFM,tmean,anom,77,0.0359,0.7567
site,ghcn_NOE00109394,NDJFM,tmean,anom_dt,77,0.0110,0.9246
site,ghcn_NOE00109394,NDJFM,tmin_mean,value,77,0.0089,0.9387
site,ghcn_NOE00109394,NDJFM,tmin_mean,anom,77,0.0092,0.9364
site,ghcn_NOE00109394,NDJFM,tmin_mean,anom_dt,77,-0.0153,0.8950
site,ghcn_NOE00109680,DJF,frost_days,value,74,0.0519,0.6607
site,ghcn_NOE00109680,DJF,frost_days,anom,74,0.0519,0.6607
site,ghcn_NOE00109680,DJF,frost_days,anom_dt,74,0.0213,0.8574
site,ghcn_NOE00109680,DJF,ice_days,value,75,0.0187,0.8732
site,ghcn_NOE00109680,DJF,ice_days,anom,75,0.0187,0.8732
site,ghcn_NOE00109680,DJF,ice_days,anom_dt,75,0.0385,0.7431
site,ghcn_NOE00109680,DJF,precip,value,73,-0.0629,0.5972
site,ghcn_NOE00109680,DJF,precip,anom,73,-0.0629,0.5972
site,ghcn_NOE00109680,DJF,precip,anom_dt,73,-0.0320,0.7881
site,ghcn_NOE00109680,DJF,precip_days,value,73,-0.1410,0.2342
site,ghcn_NOE00109680,DJF,precip_days,anom,73,-0.1410,0.2342
site,ghcn_NOE00109680,DJF,precip_days,anom_dt,73,-0.1204,0.3103
site,ghcn_NOE00109680,DJF,rain_on_snow_days,value,57,0.2287,0.0870
site,ghcn_NOE00109680,DJF,rain_on_snow_days,anom,57,0.2287,0.0870
site,ghcn_NOE00109680,DJF,rain_on_snow_days,anom_dt,57,0.2241,0.0938
site,ghcn_NOE00109680,DJF,snow_cover_days,value,57,0.2243,0.0934
site,ghcn_NOE00109680,DJF,snow_cover_days,anom,57,0.2243,0.0934
site,ghcn_NOE00109680,DJF,snow_cover_days,anom_dt,57,0.2311,0.0838
site,ghcn_NOE00109680,DJF,snow_depth,value,57,0.1953,0.1454
site,ghcn_NOE00109680,DJF,snow_depth,anom,57,0.1953,0.1454
site,ghcn_NOE00109680,DJF,snow_depth,anom_dt,57,0.1644,0.2217
site,ghcn_NOE00109680,DJF,snow_max,value,57,0.1365,0.3113
site,ghcn_NOE00109680,DJF,snow_max,anom,57,0.1365,0.3113
site,ghcn_NOE00109680,DJF,snow_max,anom_dt,57,0.1223,0.3648
site,ghcn_NOE00109680,DJF,thaw_days,value,75,-0.0105,0.9287
site,ghcn_NOE00109680,DJF,thaw_days,anom,75,-0.0105,0.9287
site,ghcn_NOE00109680,DJF,thaw_days,anom_dt,75,-0.0284,0.8089
site,ghcn_NOE00109680,DJF,tmax_mean,value,75,0.0029,0.9802
site,ghcn_NOE00109680,DJF,tmax_mean,anom,75,0.0029,0.9802
site,ghcn_NOE00109680,DJF,tmax_mean,anom_dt,75,0.0319,0.7856
site,ghcn_NOE00109680,DJF,tmean,value,76,-0.0106,0.9278
site,ghcn_NOE00109680,DJF,tmean,anom,76,-0.0107,0.9270
site,ghcn_NOE00109680,DJF,tmean,anom_dt,76,0.0463,0.6911
site,ghcn_NOE00109680,DJF,tmin_mean,value,74,-0.0288,0.8077
site,ghcn_NOE00109680,DJF,tmin_mean,anom,74,-0.0288,0.8077
site,ghcn_NOE00109680,DJF,tmin_mean,anom_dt,74,0.0025,0.9834
site,ghcn_NOE00109680,JFM,frost_days,value,74,0.0389,0.7424
site,ghcn_NOE00109680,JFM,frost_days,anom,74,0.0389,0.7424
site,ghcn_NOE00109680,JFM,frost_days,anom_dt,74,-0.0042,0.9719
site,ghcn_NOE00109680,JFM,ice_days,value,76,0.0765,0.5113
site,ghcn_NOE00109680,JFM,ice_days,anom,76,0.0765,0.5113
site,ghcn_NOE00109680,JFM,ice_days,anom_dt,76,0.0890,0.4446
site,ghcn_NOE00109680,JFM,precip,value,74,0.0422,0.7212
site,ghcn_NOE00109680,JFM,precip,anom,74,0.0422,0.7212
site,ghcn_NOE00109680,JFM,precip,anom_dt,74,0.0567,0.6315
site,ghcn_NOE00109680,JFM,precip_days,value,74,-0.0084,0.9433
site,ghcn_NOE00109680,JFM,precip_days,anom,74,-0.0084,0.9433
site,ghcn_NOE00109680,JFM,precip_days,anom_dt,74,0.0227,0.8478
site,ghcn_NOE00109680,JFM,rain_on_snow_days,value,58,0.2052,0.1224
site,ghcn_NOE00109680,JFM,rain_on_snow_days,anom,58,0.2052,0.1224
site,ghcn_NOE00109680,JFM,rain_on_snow_days,anom_dt,58,0.2123,0.1097
site,ghcn_NOE00109680,JFM,snow_cover_days,value,58,0.2615,0.0474
site,ghcn_NOE00109680,JFM,snow_cover_days,anom,58,0.2615,0.0474
site,ghcn_NOE00109680,JFM,snow_cover_days,anom_dt,58,0.2147,0.1055
site,ghcn_NOE00109680,JFM,snow_depth,value,58,0.2376,0.0725
site,ghcn_NOE00109680,JFM,snow_depth,anom,58,0.2376,0.0725
site,ghcn_NOE00109680,JFM,snow_depth,anom_dt,58,0.1684,0.2063
site,ghcn_NOE00109680,JFM,snow_max,value,58,0.2173,0.1013
site,ghcn_NOE00109680,JFM,snow_max,anom,58,0.2173,0.1013
site,ghcn_NOE00109680,JFM,snow_max,anom_dt,58,0.2066,0.1197
site,ghcn_NOE00109680,JFM,thaw_days,value,76,-0.0445,0.7030
site,ghcn_NOE00109680,JFM,thaw_days,anom,76,-0.0445,0.7030
site,ghcn_NOE00109680,JFM,thaw_days,anom_dt,76,-0.0781,0.5025
site,ghcn_NOE00109680,JFM,tmax_mean,value,76,0.0110,0.9251
site,ghcn_NOE00109680,JFM,tmax_mean,anom,76,0.0110,0.9251
site,ghcn_NOE00109680,JFM,tmax_mean,anom_dt,76,0.0094,0.9361
site,ghcn_NOE00109680,JFM,tmean,value,77,-0.0071,0.9510
site,ghcn_NOE00109680,JFM,tmean,anom,77,-0.0071,0.9510
site,ghcn_NOE00109680,JFM,tmean,anom_dt,77,-0.0083,0.9428
site,ghcn_NOE00109680,JFM,tmin_mean,value,74,-0.0425,0.7190
site,ghcn_NOE00109680,JFM,tmin_mean,anom,74,-0.0425,0.7190
site,ghcn_NOE00109680,JFM,tmin_mean,anom_dt,74,0.0066,0.9557
site,ghcn_NOE00109680,NDJFM,frost_days,value,74,0.0414,0.7263
site,ghcn_NOE00109680,NDJFM,frost_days,anom,74,0.0414,0.7263
site,ghcn_NOE00109680,NDJFM,frost_days,anom_dt,74,-0.0004,0.9972
site,ghcn_NOE00109680,NDJFM,ice_days,value,75,-0.0209,0.8587
site,ghcn_NOE00109680,NDJFM,ice_days,anom,75,-0.0209,0.8587
site,ghcn_NOE00109680,NDJFM,ice_days,anom_dt,75,0.0054,0.9634
site,ghcn_NOE00109680,NDJFM,precip,value,72,-0.0455,0.7042
site,ghcn_NOE00109680,NDJFM,precip,anom,72,-0.0455,0.7042
site,ghcn_NOE00109680,NDJFM,precip,anom_dt,72,0.0198,0.8686
site,ghcn_NOE00109680,NDJFM,precip_days,value,72,-0.1124,0.3472
site,ghcn_NOE00109680,NDJFM,precip_days,anom,72,-0.1124,0.3472
site,ghcn_NOE00109680,NDJFM,precip_days,anom_dt,72,-0.0712,0.5525
site,ghcn_NOE00109680,NDJFM,rain_on_snow_days,value,57,0.2817,0.0338
site,ghcn_NOE00109680,NDJFM,rain_on_snow_days,anom,57,0.2817,0.0338
site,ghcn_NOE00109680,NDJFM,rain_on_snow_days,anom_dt,57,0.2850,0.0317
site,ghcn_NOE00109680,NDJFM,snow_cover_days,value,57,0.2019,0.1321
site,ghcn_NOE00109680,NDJFM,snow_cover_days,anom,57,0.2019,0.1321
site,ghcn_NOE00109680,NDJFM,snow_cover_days,anom_dt,57,0.2033,0.1294
site,ghcn_NOE00109680,NDJFM,snow_depth,value,57,0.1618,0.2292
site,ghcn_NOE00109680,NDJFM,snow_depth,anom,57,0.1618,0.2292
site,ghcn_NOE00109680,NDJFM,snow_depth,anom_dt,57,0.1364,0.3118
site,ghcn_NOE00109680,NDJFM,snow_max,value,57,0.1584,0.2394
site,ghcn_NOE00109680,NDJFM,snow_max,anom,57,0.1584,0.2394
site,ghcn_NOE00109680,NDJFM,snow_max,anom_dt,57,0.1521,0.2587
site,ghcn_NOE00109680,NDJFM,thaw_days,value,75,0.0287,0.8070
site,ghcn_NOE00109680,NDJFM,thaw_days,anom,75,0.0287,0.8070
site,ghcn_NOE00109680,NDJFM,thaw_days,anom_dt,75,0.0041,0.9719
site,ghcn_NOE00109680,NDJFM,tmax_mean,value,75,0.0155,0.8950
site,ghcn_NOE00109680,NDJFM,tmax_mean,anom,75,0.0155,0.8950
site,ghcn_NOE00109680,NDJFM,tmax_mean,anom_dt,75,0.0426,0.7165
site,ghcn_NOE00109680,NDJFM,tmean,value,76,0.0195,0.8672
site,ghcn_NOE00109680,NDJFM,tmean,anom,76,0.0201,0.8629
site,ghcn_NOE00109680,NDJFM,tmean,anom_dt,76,0.0686,0.5558
site,ghcn_NOE00109680,NDJFM,tmin_mean,value,74,0.0113,0.9236
site,ghcn_NOE00109680,NDJFM,tmin_mean,anom,74,0.0113,0.9236
site,ghcn_NOE00109680,NDJFM,tmin_mean,anom_dt,74,0.0446,0.7058
site,ghcn_NOE00110653,DJF,frost_days,value,71,0.0369,0.7597
site,ghcn_NOE00110653,DJF,frost_days,anom,71,0.0369,0.7597
site,ghcn_NOE00110653,DJF,frost_days,anom_dt,71,-0.0024,0.9841
site,ghcn_NOE00110653,DJF,ice_days,value,71,0.0064,0.9574
site,ghcn_NOE00110653,DJF,ice_days,anom,71,0.0064,0.9574
site,ghcn_NOE00110653,DJF,ice_days,anom_dt,71,0.0203,0.8663
site,ghcn_NOE00110653,DJF,precip,value,48,-0.1426,0.3337
site,ghcn_NOE00110653,DJF,precip,anom_dt,48,-0.0862,0.5604
site,ghcn_NOE00110653,DJF,precip_days,value,48,-0.0952,0.5197
site,ghcn_NOE00110653,DJF,precip_days,anom_dt,48,-0.0675,0.6483
site,ghcn_NOE00110653,DJF,rain_on_snow_days,value,33,-0.0176,0.9226
site,ghcn_NOE00110653,DJF,rain_on_snow_days,anom_dt,33,-0.0269,0.8818
site,ghcn_NOE00110653,DJF,snow_cover_days,value,34,0.0705,0.6919
site,ghcn_NOE00110653,DJF,snow_cover_days,anom_dt,34,0.0477,0.7889
site,ghcn_NOE00110653,DJF,snow_depth,value,34,0.1374,0.4383
site,ghcn_NOE00110653,DJF,snow_depth,anom_dt,34,0.1415,0.4248
site,ghcn_NOE00110653,DJF,snow_max,value,34,0.1205,0.4972
site,ghcn_NOE00110653,DJF,snow_max,anom_dt,34,0.1036,0.5599
site,ghcn_NOE00110653,DJF,thaw_days,value,71,-0.0225,0.8520
site,ghcn_NOE00110653,DJF,thaw_days,anom,71,-0.0225,0.8520
site,ghcn_NOE00110653,DJF,thaw_days,anom_dt,71,-0.0174,0.8857
site,ghcn_NOE00110653,DJF,tmax_mean,value,71,-0.0146,0.9041
site,ghcn_NOE00110653,DJF,tmax_mean,anom,71,-0.0148,0.9025
site,ghcn_NOE00110653,DJF,tmax_mean,anom_dt,71,0.0050,0.9668
site,ghcn_NOE00110653,DJF,tmean,value,71,-0.0168,0.8895
site,ghcn_NOE00110653,DJF,tmean,anom,71,-0.0168,0.8895
site,ghcn_NOE00110653,DJF,tmean,anom_dt,71,0.0094,0.9382
site,ghcn_NOE00110653,DJF,tmin_mean,value,71,-0.0162,0.8933
site,ghcn_NOE00110653,DJF,tmin_mean,anom,71,-0.0162,0.8933
site,ghcn_NOE00110653,DJF,tmin_mean,anom_dt,71,0.0031,0.9794
site,ghcn_NOE00110653,JFM,frost_days,value,71,0.0274,0.8208
site,ghcn_NOE00110653,JFM,frost_days,anom,71,0.0274,0.8208
site,ghcn_NOE00110653,JFM,frost_days,anom_dt,71,-0.0087,0.9429
site,ghcn_NOE00110653,JFM,ice_days,value,71,0.0578,0.6321
site,ghcn_NOE00110653,JFM,ice_days,anom,71,0.0578,0.6321
site,ghcn_NOE00110653,JFM,ice_days,anom_dt,71,0.0378,0.7545
site,ghcn_NOE00110653,JFM,precip,value,48,0.0563,0.7039
site,ghcn_NOE00110653,JFM,precip,anom_dt,48,0.1022,0.4895
site,ghcn_NOE00110653,JFM,precip_days,value,48,0.1084,0.4632
site,ghcn_NOE00110653,JFM,precip_days,anom_dt,48,0.1110,0.4527
site,ghcn_NOE00110653,JFM,rain_on_snow_days,value,33,-0.0075,0.9671
site,ghcn_NOE00110653,JFM,rain_on_snow_days,anom_dt,33,-0.0058,0.9742
site,ghcn_NOE00110653,JFM,snow_cover_days,value,34,0.0614,0.7300
site,ghcn_NOE00110653,JFM,snow_cover_days,anom_dt,34,0.0733,0.6802
site,ghcn_NOE00110653,JFM,snow_depth,value,34,0.1083,0.5422
site,ghcn_NOE00110653,JFM,snow_depth,anom_dt,34,0.1229,0.4888
site,ghcn_NOE00110653,JFM,snow_max,value,34,0.0523,0.7688
site,ghcn_NOE00110653,JFM,snow_max,anom_dt,34,0.0397,0.8235
site,ghcn_NOE00110653,JFM,thaw_days,value,71,-0.0707,0.5578
site,ghcn_NOE00110653,JFM,thaw_days,anom,71,-0.0707,0.5578
site,ghcn_NOE00110653,JFM,thaw_days,anom_dt,71,-0.0573,0.6350
site,ghcn_NOE00110653,JFM,tmax_mean,value,71,-0.0000,0.9997
site,ghcn_NOE00110653,JFM,tmax_mean,anom,71,-0.0000,0.9997
site,ghcn_NOE00110653,JFM,tmax_mean,anom_dt,71,0.0115,0.9244
site,ghcn_NOE00110653,JFM,tmean,value,71,-0.0271,0.8227
site,ghcn_NOE00110653,JFM,tmean,anom,71,-0.0271,0.8227
site,ghcn_NOE00110653,JFM,tmean,anom_dt,71,0.0074,0.9513
site,ghcn_NOE00110653,JFM,tmin_mean,value,71,-0.0326,0.7875
site,ghcn_NOE00110653,JFM,tmin_mean,anom,71,-0.0318,0.7922
site,ghcn_NOE00110653,JFM,tmin_mean,anom_dt,71,0.0054,0.9646
site,ghcn_NOE00110653,NDJFM,frost_days,value,71,-0.0088,0.9419
site,ghcn_NOE00110653,NDJFM,frost_days,anom,71,-0.0088,0.9419
site,ghcn_NOE00110653,NDJFM,frost_days,anom_dt,71,-0.0401,0.7399
site,ghcn_NOE00110653,NDJFM,ice_days,value,71,-0.0160,0.8949
site,ghcn_NOE00110653,NDJFM,ice_days,anom,71,-0.0160,0.8949
site,ghcn_NOE00110653,NDJFM,ice_days,anom_dt,71,-0.0088,0.9422
site,ghcn_NOE00110653,NDJFM,precip,value,48,-0.1214,0.4111
site,ghcn_NOE00110653,NDJFM,precip,anom_dt,48,-0.1150,0.4362
site,ghcn_NOE00110653,NDJFM,precip_days,value,48,-0.0705,0.6340
site,ghcn_NOE00110653,NDJFM,precip_days,anom_dt,48,-0.0657,0.6573
site,ghcn_NOE00110653,NDJFM,rain_on_snow_days,value,32,-0.0633,0.7308
site,ghcn_NOE00110653,NDJFM,rain_on_snow_days,anom_dt,32,-0.0654,0.7220
site,ghcn_NOE00110653,NDJFM,snow_cover_days,value,33,0.0475,0.7930
site,ghcn_NOE00110653,NDJFM,snow_cover_days,anom_dt,33,0.0304,0.8666
site,ghcn_NOE00110653,NDJFM,snow_depth,value,33,0.0560,0.7569
site,ghcn_NOE00110653,NDJFM,snow_depth,anom_dt,33,0.0299,0.8687
site,ghcn_NOE00110653,NDJFM,snow_max,value,33,0.0841,0.6419
site,ghcn_NOE00110653,NDJFM,snow_max,anom_dt,33,0.0729,0.6870
site,ghcn_NOE00110653,NDJFM,thaw_days,value,71,0.0030,0.9801
site,ghcn_NOE00110653,NDJFM,thaw_days,anom,71,0.0030,0.9801
site,ghcn_NOE00110653,NDJFM,thaw_days,anom_dt,71,0.0031,0.9797
site,ghcn_NOE00110653,NDJFM,tmax_mean,value,71,-0.0017,0.9886
site,ghcn_NOE00110653,NDJFM,tmax_mean,anom,71,-0.0017,0.9886
site,ghcn_NOE00110653,NDJFM,tmax_mean,anom_dt,71,0.0297,0.8057
site,ghcn_NOE00110653,NDJFM,tmean,value,71,0.0229,0.8496
site,ghcn_NOE00110653,NDJFM,tmean,anom,71,0.0229,0.8496
site,ghcn_NOE00110653,NDJFM,tmean,anom_dt,71,0.0508,0.6740
site,ghcn_NOE00110653,NDJFM,tmin_mean,value,71,0.0239,0.8429
site,ghcn_NOE00110653,NDJFM,tmin_mean,anom,71,0.0237,0.8443
site,ghcn_NOE00110653,NDJFM,tmin_mean,anom_dt,71,0.0452,0.7084
site,ghcn_NOE00112071,DJF,frost_days,value,77,-0.0018,0.9873
site,ghcn_NOE00112071,DJF,frost_days,anom,77,-0.0018,0.9873
site,ghcn_NOE00112071,DJF,frost_days,anom_dt,77,-0.0468,0.6861
site,ghcn_NOE00112071,DJF,ice_days,value,76,0.0457,0.6953
site,ghcn_NOE00112071,DJF,ice_days,anom,76,0.0457,0.6953
site,ghcn_NOE00112071,DJF,ice_days,anom_dt,76,0.0590,0.6126
site,ghcn_NOE00112071,DJF,precip,value,77,-0.0253,0.8274
site,ghcn_NOE00112071,DJF,precip,anom,77,-0.0253,0.8274
site,ghcn_NOE00112071,DJF,precip,anom_dt,77,-0.0289,0.8028
site,ghcn_NOE00112071,DJF,precip_days,value,77,-0.0771,0.5053
site,ghcn_NOE00112071,DJF,precip_days,anom,77,-0.0771,0.5053
site,ghcn_NOE00112071,DJF,precip_days,anom_dt,77,-0.0817,0.4800
site,ghcn_NOE00112071,DJF,rain_on_snow_days,value,75,-0.1049,0.3706
site,ghcn_NOE00112071,DJF,rain_on_snow_days,anom,75,-0.1049,0.3706
site,ghcn_NOE00112071,DJF,rain_on_snow_days,anom_dt,75,-0.1260,0.2815
site,ghcn_NOE00112071,DJF,snow_cover_days,value,75,-0.0342,0.7711
site,ghcn_NOE00112071,DJF,snow_cover_days,anom,75,-0.0342,0.7711
site,ghcn_NOE00112071,DJF,snow_cover_days,anom_dt,75,-0.0580,0.6209
site,ghcn_NOE00112071,DJF,snow_depth,value,75,-0.1198,0.3058
site,ghcn_NOE00112071,DJF,snow_depth,anom,75,-0.1198,0.3058
site,ghcn_NOE00112071,DJF,snow_depth,anom_dt,75,-0.1260,0.2816
site,ghcn_NOE00112071,DJF,snow_max,value,75,-0.0402,0.7320
site,ghcn_NOE00112071,DJF,snow_max,anom,75,-0.0402,0.7320
site,ghcn_NOE00112071,DJF,snow_max,anom_dt,75,-0.0433,0.7124
site,ghcn_NOE00112071,DJF,thaw_days,value,76,-0.0398,0.7326
site,ghcn_NOE00112071,DJF,thaw_days,anom,76,-0.0398,0.7326
site,ghcn_NOE00112071,DJF,thaw_days,anom_dt,76,-0.0523,0.6536
site,ghcn_NOE00112071,DJF,tmax_mean,value,76,-0.0375,0.7475
site,ghcn_NOE00112071,DJF,tmax_mean,anom,76,-0.0375,0.7475
site,ghcn_NOE00112071,DJF,tmax_mean,anom_dt,76,-0.0424,0.7159
site,ghcn_NOE00112071,DJF,tmean,value,77,-0.0362,0.7543
site,ghcn_NOE00112071,DJF,tmean,anom,77,-0.0362,0.7543
site,ghcn_NOE00112071,DJF,tmean,anom_dt,77,-0.0336,0.7715
site,ghcn_NOE00112071,DJF,tmin_mean,value,77,-0.0401,0.7291
site,ghcn_NOE00112071,DJF,tmin_mean,anom,77,-0.0401,0.7291
site,ghcn_NOE00112071,DJF,tmin_mean,anom_dt,77,-0.0386,0.7392
site,ghcn_NOE00112071,JFM,frost_days,value,77,-0.0262,0.8211
site,ghcn_NOE00112071,JFM,frost_days,anom,77,-0.0262,0.8211
site,ghcn_NOE00112071,JFM,frost_days,anom_dt,77,-0.0306,0.7920
site,ghcn_NOE00112071,JFM,ice_days,value,76,0.0854,0.4632
site,ghcn_NOE00112071,JFM,ice_days,anom,76,0.0854,0.4632
site,ghcn_NOE00112071,JFM,ice_days,anom_dt,76,0.0840,0.4707
site,ghcn_NOE00112071,JFM,precip,value,77,-0.0744,0.5204
site,ghcn_NOE00112071,JFM,precip,anom,77,-0.0744,0.5204
site,ghcn_NOE00112071,JFM,precip,anom_dt,77,-0.0816,0.4806
site,ghcn_NOE00112071,JFM,precip_days,value,77,-0.0871,0.4512
site,ghcn_NOE00112071,JFM,precip_days,anom,77,-0.0871,0.4512
site,ghcn_NOE00112071,JFM,precip_days,anom_dt,77,-0.0836,0.4697
site,ghcn_NOE00112071,JFM,rain_on_snow_days,value,75,-0.0574,0.6249
site,ghcn_NOE00112071,JFM,rain_on_snow_days,anom,75,-0.0574,0.6249
site,ghcn_NOE00112071,JFM,rain_on_snow_days,anom_dt,75,-0.0789,0.5010
site,ghcn_NOE00112071,JFM,snow_cover_days,value,75,-0.0023,0.9840
site,ghcn_NOE00112071,JFM,snow_cover_days,anom,75,-0.0023,0.9840
site,ghcn_NOE00112071,JFM,snow_cover_days,anom_dt,75,-0.0361,0.7583
site,ghcn_NOE00112071,JFM,snow_depth,value,75,-0.0299,0.7989
site,ghcn_NOE00112071,JFM,snow_depth,anom,75,-0.0299,0.7989
site,ghcn_NOE00112071,JFM,snow_depth,anom_dt,75,-0.0328,0.7800
site,ghcn_NOE00112071,JFM,snow_max,value,75,-0.0409,0.7277
site,ghcn_NOE00112071,JFM,snow_max,anom,75,-0.0409,0.7277
site,ghcn_NOE00112071,JFM,snow_max,anom_dt,75,-0.0213,0.8559
site,ghcn_NOE00112071,JFM,thaw_days,value,76,-0.0862,0.4589
site,ghcn_NOE00112071,JFM,thaw_days,anom,76,-0.0862,0.4589
site,ghcn_NOE00112071,JFM,thaw_days,anom_dt,76,-0.0857,0.4618
site,ghcn_NOE00112071,JFM,tmax_mean,value,76,-0.0276,0.8126
site,ghcn_NOE00112071,JFM,tmax_mean,anom,76,-0.0276,0.8126
site,ghcn_NOE00112071,JFM,tmax_mean,anom_dt,76,-0.0227,0.8455
site,ghcn_NOE00112071,JFM,tmean,value,77,-0.0158,0.8913
site,ghcn_NOE00112071,JFM,tmean,anom,77,-0.0158,0.8913
site,ghcn_NOE00112071,JFM,tmean,anom_dt,77,-0.0281,0.8082
site,ghcn_NOE00112071,JFM,tmin_mean,value,77,-0.0224,0.8466
site,ghcn_NOE00112071,JFM,tmin_mean,anom,77,-0.0224,0.8466
site,ghcn_NOE00112071,JFM,tmin_mean,anom_dt,77,-0.0382,0.7418
site,ghcn_NOE00112071,NDJFM,frost_days,value,77,-0.0446,0.7003
site,ghcn_NOE00112071,NDJFM,frost_days,anom,77,-0.0446,0.7003
site,ghcn_NOE00112071,NDJFM,frost_days,anom_dt,77,-0.0262,0.8209
site,ghcn_NOE00112071,NDJFM,ice_days,value,76,0.0618,0.5961
site,ghcn_NOE00112071,NDJFM,ice_days,anom,76,0.0618,0.5961
site,ghcn_NOE00112071,NDJFM,ice_days,anom_dt,76,0.0470,0.6869
site,ghcn_NOE00112071,NDJFM,precip,value,77,-0.1351,0.2414
site,ghcn_NOE00112071,NDJFM,precip,anom,77,-0.1351,0.2414
site,ghcn_NOE00112071,NDJFM,precip,anom_dt,77,-0.1376,0.2326
site,ghcn_NOE00112071,NDJFM,precip_days,value,77,-0.1374,0.2334
site,ghcn_NOE00112071,NDJFM,precip_days,anom,77,-0.1374,0.2334
site,ghcn_NOE00112071,NDJFM,precip_days,anom_dt,77,-0.1401,0.2243
site,ghcn_NOE00112071,NDJFM,rain_on_snow_days,value,73,-0.1435,0.2258
site,ghcn_NOE00112071,NDJFM,rain_on_snow_days,anom,73,-0.1435,0.2258
site,ghcn_NOE00112071,NDJFM,rain_on_snow_days,anom_dt,73,-0.1638,0.1662
site,ghcn_NOE00112071,NDJFM,snow_cover_days,value,73,-0.0911,0.4433
site,ghcn_NOE00112071,NDJFM,snow_cover_days,anom,73,-0.0911,0.4433
site,ghcn_NOE00112071,NDJFM,snow_cover_days,anom_dt,73,-0.1051,0.3764
site,ghcn_NOE00112071,NDJFM,snow_depth,value,73,-0.1075,0.3652
site,ghcn_NOE00112071,NDJFM,snow_depth,anom,73,-0.1075,0.3652
site,ghcn_NOE00112071,NDJFM,snow_depth,anom_dt,73,-0.0964,0.4174
site,ghcn_NOE00112071,NDJFM,snow_max,value,73,-0.0283,0.8119
site,ghcn_NOE00112071,NDJFM,snow_max,anom,73,-0.0283,0.8119
site,ghcn_NOE00112071,NDJFM,snow_max,anom_dt,73,-0.0154,0.8974
site,ghcn_NOE00112071,NDJFM,thaw_days,value,76,-0.0610,0.6005
site,ghcn_NOE00112071,NDJFM,thaw_days,anom,76,-0.0610,0.6005
site,ghcn_NOE00112071,NDJFM,thaw_days,anom_dt,76,-0.0475,0.6839
site,ghcn_NOE00112071,NDJFM,tmax_mean,value,76,-0.0343,0.7685
site,ghcn_NOE00112071,NDJFM,tmax_mean,anom,76,-0.0344,0.7682
site,ghcn_NOE00112071,NDJFM,tmax_mean,anom_dt,76,-0.0114,0.9219
site,ghcn_NOE00112071,NDJFM,tmean,value,77,-0.0091,0.9371
site,ghcn_NOE00112071,NDJFM,tmean,anom,77,-0.0091,0.9371
site,ghcn_NOE00112071,NDJFM,tmean,anom_dt,77,0.0038,0.9740
site,ghcn_NOE00112071,NDJFM,tmin_mean,value,77,-0.0000,0.9997
site,ghcn_NOE00112071,NDJFM,tmin_mean,anom,77,-0.0000,0.9997
site,ghcn_NOE00112071,NDJFM,tmin_mean,anom_dt,77,0.0052,0.9645
site,ghcn_NOM00001492,DJF,frost_days,value,77,0.0027,0.9814
site,ghcn_NOM00001492,DJF,frost_days,anom,77,0.0027,0.9814
site,ghcn_NOM00001492,DJF,frost_days,anom_dt,77,-0.0077,0.9467
site,ghcn_NOM00001492,DJF,ice_days,value,77,0.0565,0.6257
site,ghcn_NOM00001492,DJF,ice_days,anom,77,0.0565,0.6257
site,ghcn_NOM00001492,DJF,ice_days,anom_dt,77,0.0390,0.7361
site,ghcn_NOM00001492,DJF,precip,value,77,-0.1154,0.3176
site,ghcn_NOM00001492,DJF,precip,anom,77,-0.1154,0.3176
site,ghcn_NOM00001492,DJF,precip,anom_dt,77,-0.0859,0.4574
site,ghcn_NOM00001492,DJF,precip_days,value,77,-0.0474,0.6820
site,ghcn_NOM00001492,DJF,precip_days,anom,77,-0.0474,0.6820
site,ghcn_NOM00001492,DJF,precip_days,anom_dt,77,-0.0449,0.6983
site,ghcn_NOM00001492,DJF,rain_on_snow_days,value,77,-0.2189,0.0558
site,ghcn_NOM00001492,DJF,rain_on_snow_days,anom,77,-0.2189,0.0558
site,ghcn_NOM00001492,DJF,rain_on_snow_days,anom_dt,77,-0.1997,0.0816
site,ghcn_NOM00001492,DJF,snow_cover_days,value,77,-0.0199,0.8633
site,ghcn_NOM00001492,DJF,snow_cover_days,anom,77,-0.0199,0.8633
site,ghcn_NOM00001492,DJF,snow_cover_days,anom_dt,77,-0.0295,0.7988
site,ghcn_NOM00001492,DJF,snow_depth,value,77,0.0096,0.9336
site,ghcn_NOM00001492,DJF,snow_depth,anom,77,0.0096,0.9336
site,ghcn_NOM00001492,DJF,snow_depth,anom_dt,77,0.0005,0.9966
site,ghcn_NOM00001492,DJF,snow_max,value,77,-0.0208,0.8578
site,ghcn_NOM00001492,DJF,snow_max,anom,77,-0.0208,0.8578
site,ghcn_NOM00001492,DJF,snow_max,anom_dt,77,-0.0247,0.8313
site,ghcn_NOM00001492,DJF,thaw_days,value,77,-0.0514,0.6573
site,ghcn_NOM00001492,DJF,thaw_days,anom,77,-0.0514,0.6573
site,ghcn_NOM00001492,DJF,thaw_days,anom_dt,77,-0.0257,0.8242
site,ghcn_NOM00001492,DJF,tmax_mean,value,77,-0.0385,0.7394
site,ghcn_NOM00001492,DJF,tmax_mean,anom,77,-0.0385,0.7394
site,ghcn_NOM00001492,DJF,tmax_mean,anom_dt,77,-0.0487,0.6743
site,ghcn_NOM00001492,DJF,tmean,value,77,-0.0292,0.8009
site,ghcn_NOM00001492,DJF,tmean,anom,77,-0.0292,0.8009
site,ghcn_NOM00001492,DJF,tmean,anom_dt,77,-0.0377,0.7445
site,ghcn_NOM00001492,DJF,tmin_mean,value,77,-0.0279,0.8093
site,ghcn_NOM00001492,DJF,tmin_mean,anom,77,-0.0279,0.8093
site,ghcn_NOM00001492,DJF,tmin_mean,anom_dt,77,-0.0232,0.8416
site,ghcn_NOM00001492,JFM,frost_days,value,77,-0.1323,0.2514
site,ghcn_NOM00001492,JFM,frost_days,anom,77,-0.1323,0.2514
site,ghcn_NOM00001492,JFM,frost_days,anom_dt,77,-0.1676,0.1451
site,ghcn_NOM00001492,JFM,ice_days,value,77,0.0351,0.7616
site,ghcn_NOM00001492,JFM,ice_days,anom,77,0.0351,0.7616
site,ghcn_NOM00001492,JFM,ice_days,anom_dt,77,0.0047,0.9676
site,ghcn_NOM00001492,JFM,precip,value,77,-0.0409,0.7239
site,ghcn_NOM00001492,JFM,precip,anom,77,-0.0409,0.7239
site,ghcn_NOM00001492,JFM,precip,anom_dt,77,-0.0275,0.8122
site,ghcn_NOM00001492,JFM,precip_days,value,77,0.0034,0.9767
site,ghcn_NOM00001492,JFM,precip_days,anom,77,0.0034,0.9767
site,ghcn_NOM00001492,JFM,precip_days,anom_dt,77,-0.0005,0.9967
site,ghcn_NOM00001492,JFM,rain_on_snow_days,value,77,0.0025,0.9825
site,ghcn_NOM00001492,JFM,rain_on_snow_days,anom,77,0.0025,0.9825
site,ghcn_NOM00001492,JFM,rain_on_snow_days,anom_dt,77,0.0265,0.8191
site,ghcn_NOM00001492,JFM,snow_cover_days,value,77,-0.0652,0.5732
site,ghcn_NOM00001492,JFM,snow_cover_days,anom,77,-0.0652,0.5732
site,ghcn_NOM00001492,JFM,snow_cover_days,anom_dt,77,-0.0441,0.7035
site,ghcn_NOM00001492,JFM,snow_depth,value,77,-0.0101,0.9304
site,ghcn_NOM00001492,JFM,snow_depth,anom,77,-0.0101,0.9304
site,ghcn_NOM00001492,JFM,snow_depth,anom_dt,77,-0.0197,0.8648
site,ghcn_NOM00001492,JFM,snow_max,value,77,-0.0571,0.6218
site,ghcn_NOM00001492,JFM,snow_max,anom,77,-0.0571,0.6218
site,ghcn_NOM00001492,JFM,snow_max,anom_dt,77,-0.0535,0.6443
site,ghcn_NOM00001492,JFM,thaw_days,value,77,-0.0333,0.7738
site,ghcn_NOM00001492,JFM,thaw_days,anom,77,-0.0333,0.7738
site,ghcn_NOM00001492,JFM,thaw_days,anom_dt,77,-0.0048,0.9670
site,ghcn_NOM00001492,JFM,tmax_mean,value,77,-0.0177,0.8789
site,ghcn_NOM00001492,JFM,tmax_mean,anom,77,-0.0177,0.8789
site,ghcn_NOM00001492,JFM,tmax_mean,anom_dt,77,-0.0330,0.7759
site,ghcn_NOM00001492,JFM,tmean,value,77,-0.0025,0.9826
site,ghcn_NOM00001492,JFM,tmean,anom,77,-0.0025,0.9826
site,ghcn_NOM00001492,JFM,tmean,anom_dt,77,0.0027,0.9812
site,ghcn_NOM00001492,JFM,tmin_mean,value,77,0.0125,0.9142
site,ghcn_NOM00001492,JFM,tmin_mean,anom,77,0.0125,0.9142
site,ghcn_NOM00001492,JFM,tmin_mean,anom_dt,77,0.0208,0.8572
site,ghcn_NOM00001492,NDJFM,frost_days,value,77,-0.1073,0.3531
site,ghcn_NOM00001492,NDJFM,frost_days,anom,77,-0.1073,0.3531
site,ghcn_NOM00001492,NDJFM,frost_days,anom_dt,77,-0.0974,0.3995
site,ghcn_NOM00001492,NDJFM,ice_days,value,77,0.0375,0.7463
site,ghcn_NOM00001492,NDJFM,ice_days,anom,77,0.0375,0.7463
site,ghcn_NOM00001492,NDJFM,ice_days,anom_dt,77,0.0267,0.8179
site,ghcn_NOM00001492,NDJFM,precip,value,77,0.0292,0.8011
site,ghcn_NOM00001492,NDJFM,precip,anom,77,0.0292,0.8011
site,ghcn_NOM00001492,NDJFM,precip,anom_dt,77,0.0211,0.8557
site,ghcn_NOM00001492,NDJFM,precip_days,value,77,0.0486,0.6746
site,ghcn_NOM00001492,NDJFM,precip_days,anom,77,0.0486,0.6746
site,ghcn_NOM00001492,NDJFM,precip_days,anom_dt,77,0.0256,0.8251
site,ghcn_NOM00001492,NDJFM,rain_on_snow_days,value,77,-0.0332,0.7744
site,ghcn_NOM00001492,NDJFM,rain_on_snow_days,anom,77,-0.0332,0.7744
site,ghcn_NOM00001492,NDJFM,rain_on_snow_days,anom_dt,77,-0.0052,0.9644
site,ghcn_NOM00001492,NDJFM,snow_cover_days,value,77,-0.0265,0.8193
site,ghcn_NOM00001492,NDJFM,snow_cover_days,anom,77,-0.0265,0.8193
site,ghcn_NOM00001492,NDJFM,snow_cover_days,anom_dt,77,-0.0383,0.7411
site,ghcn_NOM00001492,NDJFM,snow_depth,value,77,-0.0311,0.7884
site,ghcn_NOM00001492,NDJFM,snow_depth,anom,77,-0.0311,0.7884
site,ghcn_NOM00001492,NDJFM,snow_depth,anom_dt,77,-0.0241,0.8355
site,ghcn_NOM00001492,NDJFM,snow_max,value,77,-0.0457,0.6929
site,ghcn_NOM00001492,NDJFM,snow_max,anom,77,-0.0457,0.6929
site,ghcn_NOM00001492,NDJFM,snow_max,anom_dt,77,-0.0523,0.6512
site,ghcn_NOM00001492,NDJFM,thaw_days,value,77,-0.0448,0.6991
site,ghcn_NOM00001492,NDJFM,thaw_days,anom,77,-0.0448,0.6991
site,ghcn_NOM00001492,NDJFM,thaw_days,anom_dt,77,-0.0156,0.8926
site,ghcn_NOM00001492,NDJFM,tmax_mean,value,77,-0.0599,0.6047
site,ghcn_NOM00001492,NDJFM,tmax_mean,anom,77,-0.0599,0.6047
site,ghcn_NOM00001492,NDJFM,tmax_mean,anom_dt,77,-0.0502,0.6644
site,ghcn_NOM00001492,NDJFM,tmean,value,77,-0.0201,0.8621
site,ghcn_NOM00001492,NDJFM,tmean,anom,77,-0.0201,0.8621
site,ghcn_NOM00001492,NDJFM,tmean,anom_dt,77,0.0049,0.9663
site,ghcn_NOM00001492,NDJFM,tmin_mean,value,77,0.0111,0.9237
site,ghcn_NOM00001492,NDJFM,tmin_mean,anom,77,0.0105,0.9277
site,ghcn_NOM00001492,NDJFM,tmin_mean,anom_dt,77,0.0376,0.7456
site,ghcn_SW000002361,DJF,frost_days,value,77,0.0165,0.8870
site,ghcn_SW000002361,DJF,frost_days,anom,77,0.0165,0.8870
site,ghcn_SW000002361,DJF,frost_days,anom_dt,77,0.0123,0.9155
site,ghcn_SW000002361,DJF,ice_days,value,77,0.0114,0.9214
site,ghcn_SW000002361,DJF,ice_days,anom,77,0.0114,0.9214
site,ghcn_SW000002361,DJF,ice_days,anom_dt,77,-0.0033,0.9771
site,ghcn_SW000002361,DJF,precip,value,77,-0.1752,0.1275
site,ghcn_SW000002361,DJF,precip,anom,77,-0.1752,0.1275
site,ghcn_SW000002361,DJF,precip,anom_dt,77,-0.1815,0.1142
site,ghcn_SW000002361,DJF,precip_days,value,77,-0.0653,0.5725
site,ghcn_SW000002361,DJF,precip_days,anom,77,-0.0653,0.5725
site,ghcn_SW000002361,DJF,precip_days,anom_dt,77,-0.0657,0.5702
site,ghcn_SW000002361,DJF,rain_on_snow_days,value,60,-0.0140,0.9156
site,ghcn_SW000002361,DJF,rain_on_snow_days,anom_dt,60,0.0183,0.8897
site,ghcn_SW000002361,DJF,snow_cover_days,value,60,-0.0996,0.4488
site,ghcn_SW000002361,DJF,snow_cover_days,anom_dt,60,-0.1601,0.2217
site,ghcn_SW000002361,DJF,snow_depth,value,60,-0.0142,0.9142
site,ghcn_SW000002361,DJF,snow_depth,anom_dt,60,-0.0097,0.9414
site,ghcn_SW000002361,DJF,snow_max,value,60,0.0261,0.8429
site,ghcn_SW000002361,DJF,snow_max,anom_dt,60,0.0054,0.9671
site,ghcn_SW000002361,DJF,thaw_days,value,77,0.0107,0.9267
site,ghcn_SW000002361,DJF,thaw_days,anom,77,0.0107,0.9267
site,ghcn_SW000002361,DJF,thaw_days,anom_dt,77,0.0120,0.9175
site,ghcn_SW000002361,DJF,tmax_mean,value,77,0.0323,0.7805
site,ghcn_SW000002361,DJF,tmax_mean,anom,77,0.0323,0.7805
site,ghcn_SW000002361,DJF,tmax_mean,anom_dt,77,0.0188,0.8714
site,ghcn_SW000002361,DJF,tmean,value,77,-0.0019,0.9866
site,ghcn_SW000002361,DJF,tmean,anom,77,-0.0019,0.9866
site,ghcn_SW000002361,DJF,tmean,anom_dt,77,0.0028,0.9804
site,ghcn_SW000002361,DJF,tmin_mean,value,77,0.0039,0.9733
site,ghcn_SW000002361,DJF,tmin_mean,anom,77,0.0039,0.9733
site,ghcn_SW000002361,DJF,tmin_mean,anom_dt,77,-0.0008,0.9943
site,ghcn_SW000002361,JFM,frost_days,value,77,-0.0908,0.4322
site,ghcn_SW000002361,JFM,frost_days,anom,77,-0.0908,0.4322
site,ghcn_SW000002361,JFM,frost_days,anom_dt,77,-0.1025,0.3752
site,ghcn_SW000002361,JFM,ice_days,value,77,0.0165,0.8865
site,ghcn_SW000002361,JFM,ice_days,anom,77,0.0165,0.8865
site,ghcn_SW000002361,JFM,ice_days,anom_dt,77,-0.0095,0.9348
site,ghcn_SW000002361,JFM,precip,value,77,-0.0337,0.7712
site,ghcn_SW000002361,JFM,precip,anom,77,-0.0337,0.7712
site,ghcn_SW000002361,JFM,precip,anom_dt,77,-0.0459,0.6916
site,ghcn_SW000002361,JFM,precip_days,value,77,0.0482,0.6774
site,ghcn_SW000002361,JFM,precip_days,anom,77,0.0482,0.6774
site,ghcn_SW000002361,JFM,precip_days,anom_dt,77,0.0440,0.7039
site,ghcn_SW000002361,JFM,rain_on_snow_days,value,72,0.1044,0.3830
site,ghcn_SW000002361,JFM,rain_on_snow_days,anom,72,0.1044,0.3830
site,ghcn_SW000002361,JFM,rain_on_snow_days,anom_dt,72,0.0817,0.4948
site,ghcn_SW000002361,JFM,snow_cover_days,value,72,-0.0551,0.6455
site,ghcn_SW000002361,JFM,snow_cover_days,anom,72,-0.0551,0.6455
site,ghcn_SW000002361,JFM,snow_cover_days,anom_dt,72,-0.0249,0.8355
site,ghcn_SW000002361,JFM,snow_depth,value,72,0.1195,0.3175
site,ghcn_SW000002361,JFM,snow_depth,anom,72,0.1195,0.3175
site,ghcn_SW000002361,JFM,snow_depth,anom_dt,72,0.1242,0.2985
site,ghcn_SW000002361,JFM,snow_max,value,72,0.1286,0.2818
site,ghcn_SW000002361,JFM,snow_max,anom,72,0.1286,0.2818
site,ghcn_SW000002361,JFM,snow_max,anom_dt,72,0.1258,0.2922
site,ghcn_SW000002361,JFM,thaw_days,value,77,0.0026,0.9821
site,ghcn_SW000002361,JFM,thaw_days,anom,77,0.0026,0.9821
site,ghcn_SW000002361,JFM,thaw_days,anom_dt,77,0.0222,0.8484
site,ghcn_SW000002361,JFM,tmax_mean,value,77,0.0036,0.9754
site,ghcn_SW000002361,JFM,tmax_mean,anom,77,0.0036,0.9754
site,ghcn_SW000002361,JFM,tmax_mean,anom_dt,77,-0.0188,0.8711
site,ghcn_SW000002361,JFM,tmean,value,77,-0.0033,0.9771
site,ghcn_SW000002361,JFM,tmean,anom,77,-0.0033,0.9771
site,ghcn_SW000002361,JFM,tmean,anom_dt,77,-0.0201,0.8624
site,ghcn_SW000002361,JFM,tmin_mean,value,77,-0.0043,0.9702
site,ghcn_SW000002361,JFM,tmin_mean,anom,77,-0.0043,0.9702
site,ghcn_SW000002361,JFM,tmin_mean,anom_dt,77,-0.0146,0.8999
site,ghcn_SW000002361,NDJFM,frost_days,value,77,-0.1041,0.3674
site,ghcn_SW000002361,NDJFM,frost_days,anom,77,-0.1041,0.3674
site,ghcn_SW000002361,NDJFM,frost_days,anom_dt,77,-0.1095,0.3431
site,ghcn_SW000002361,NDJFM,ice_days,value,77,0.0218,0.8506
site,ghcn_SW000002361,NDJFM,ice_days,anom,77,0.0218,0.8506
site,ghcn_SW000002361,NDJFM,ice_days,anom_dt,77,0.0157,0.8924
site,ghcn_SW000002361,NDJFM,precip,value,77,-0.0141,0.9034
site,ghcn_SW000002361,NDJFM,precip,anom,77,-0.0141,0.9034
site,ghcn_SW000002361,NDJFM,precip,anom_dt,77,-0.0018,0.9874
site,ghcn_SW000002361,NDJFM,precip_days,value,77,-0.0068,0.9533
site,ghcn_SW000002361,NDJFM,precip_days,anom,77,-0.0068,0.9533
site,ghcn_SW000002361,NDJFM,precip_days,anom_dt,77,-0.0056,0.9612
site,ghcn_SW000002361,NDJFM,rain_on_snow_days,value,42,0.2003,0.2035
site,ghcn_SW000002361,NDJFM,rain_on_snow_days,anom_dt,42,0.2258,0.1505
site,ghcn_SW000002361,NDJFM,snow_cover_days,value,42,0.0555,0.7270
site,ghcn_SW000002361,NDJFM,snow_cover_days,anom_dt,42,0.0818,0.6067
site,ghcn_SW000002361,NDJFM,snow_depth,value,42,0.0169,0.9156
site,ghcn_SW000002361,NDJFM,snow_depth,anom_dt,42,0.0312,0.8445
site,ghcn_SW000002361,NDJFM,snow_max,value,42,0.0971,0.5406
site,ghcn_SW000002361,NDJFM,snow_max,anom_dt,42,0.0665,0.6755
site,ghcn_SW000002361,NDJFM,thaw_days,value,77,0.0011,0.9924
site,ghcn_SW000002361,NDJFM,thaw_days,anom,77,0.0011,0.9924
site,ghcn_SW000002361,NDJFM,thaw_days,anom_dt,77,0.0010,0.9930
site,ghcn_SW000002361,NDJFM,tmax_mean,value,77,0.0127,0.9124
site,ghcn_SW000002361,NDJFM,tmax_mean,anom,77,0.0127,0.9124
site,ghcn_SW000002361,NDJFM,tmax_mean,anom_dt,77,0.0175,0.8798
site,ghcn_SW000002361,NDJFM,tmean,value,77,0.0208,0.8573
site,ghcn_SW000002361,NDJFM,tmean,anom,77,0.0208,0.8573
site,ghcn_SW000002361,NDJFM,tmean,anom_dt,77,0.0215,0.8527
site,ghcn_SW000002361,NDJFM,tmin_mean,value,77,0.0498,0.6670
site,ghcn_SW000002361,NDJFM,tmin_mean,anom,77,0.0501,0.6650
site,ghcn_SW000002361,NDJFM,tmin_mean,anom_dt,77,0.0305,0.7921
site,ghcn_SW000010537,DJF,frost_days,value,76,-0.0222,0.8490
site,ghcn_SW000010537,DJF,frost_days,anom,76,-0.0222,0.8490
site,ghcn_SW000010537,DJF,frost_days,anom_dt,76,-0.0153,0.8959
site,ghcn_SW000010537,DJF,ice_days,value,76,0.0279,0.8109
site,ghcn_SW000010537,DJF,ice_days,anom,76,0.0279,0.8109
site,ghcn_SW000010537,DJF,ice_days,anom_dt,76,0.0217,0.8526
site,ghcn_SW000010537,DJF,precip,value,76,-0.1567,0.1765
site,ghcn_SW000010537,DJF,precip,anom,76,-0.1567,0.1765
site,ghcn_SW000010537,DJF,precip,anom_dt,76,-0.1659,0.1522
site,ghcn_SW000010537,DJF,precip_days,value,76,0.0087,0.9403
site,ghcn_SW000010537,DJF,precip_days,anom,76,0.0087,0.9403
site,ghcn_SW000010537,DJF,precip_days,anom_dt,76,-0.0022,0.9850
site,ghcn_SW000010537,DJF,rain_on_snow_days,value,62,-0.1700,0.1864
site,ghcn_SW000010537,DJF,rain_on_snow_days,anom,62,-0.1700,0.1864
site,ghcn_SW000010537,DJF,rain_on_snow_days,anom_dt,62,-0.1687,0.1900
site,ghcn_SW000010537,DJF,snow_cover_days,value,62,0.0265,0.8381
site,ghcn_SW000010537,DJF,snow_cover_days,anom,62,0.0265,0.8381
site,ghcn_SW000010537,DJF,snow_cover_days,anom_dt,62,-0.0268,0.8359
site,ghcn_SW000010537,DJF,snow_depth,value,62,0.1335,0.3009
site,ghcn_SW000010537,DJF,snow_depth,anom,62,0.1335,0.3009
site,ghcn_SW000010537,DJF,snow_depth,anom_dt,62,0.1191,0.3565
site,ghcn_SW000010537,DJF,snow_max,value,62,0.1766,0.1697
site,ghcn_SW000010537,DJF,snow_max,anom,62,0.1766,0.1697
site,ghcn_SW000010537,DJF,snow_max,anom_dt,62,0.1650,0.2000
site,ghcn_SW000010537,DJF,thaw_days,value,76,-0.0357,0.7593
site,ghcn_SW000010537,DJF,thaw_days,anom,76,-0.0357,0.7593
site,ghcn_SW000010537,DJF,thaw_days,anom_dt,76,-0.0213,0.8551
site,ghcn_SW000010537,DJF,tmax_mean,value,76,-0.0027,0.9815
site,ghcn_SW000010537,DJF,tmax_mean,anom,76,-0.0027,0.9815
site,ghcn_SW000010537,DJF,tmax_mean,anom_dt,76,-0.0122,0.9166
site,ghcn_SW000010537,DJF,tmean,value,76,0.0034,0.9764
site,ghcn_SW000010537,DJF,tmean,anom,76,0.0034,0.9764
site,ghcn_SW000010537,DJF,tmean,anom_dt,76,-0.0113,0.9225
site,ghcn_SW000010537,DJF,tmin_mean,value,76,0.0161,0.8902
site,ghcn_SW000010537,DJF,tmin_mean,anom,76,0.0161,0.8902
site,ghcn_SW000010537,DJF,tmin_mean,anom_dt,76,-0.0109,0.9253
site,ghcn_SW000010537,JFM,frost_days,value,76,-0.0781,0.5022
site,ghcn_SW000010537,JFM,frost_days,anom,76,-0.0781,0.5022
site,ghcn_SW000010537,JFM,frost_days,anom_dt,76,-0.0739,0.5260
site,ghcn_SW000010537,JFM,ice_days,value,76,-0.0076,0.9479
site,ghcn_SW000010537,JFM,ice_days,anom,76,-0.0076,0.9479
site,ghcn_SW000010537,JFM,ice_days,anom_dt,76,-0.0104,0.9289
site,ghcn_SW000010537,JFM,precip,value,76,0.0282,0.8090
site,ghcn_SW000010537,JFM,precip,anom,76,0.0282,0.8090
site,ghcn_SW000010537,JFM,precip,anom_dt,76,0.0156,0.8936
site,ghcn_SW000010537,JFM,precip_days,value,76,0.0811,0.4864
site,ghcn_SW000010537,JFM,precip_days,anom,76,0.0811,0.4864
site,ghcn_SW000010537,JFM,precip_days,anom_dt,76,0.0811,0.4861
site,ghcn_SW000010537,JFM,rain_on_snow_days,value,63,0.1634,0.2007
site,ghcn_SW000010537,JFM,rain_on_snow_days,anom,63,0.1634,0.2007
site,ghcn_SW000010537,JFM,rain_on_snow_days,anom_dt,63,0.1494,0.2427
site,ghcn_SW000010537,JFM,snow_cover_days,value,63,-0.0774,0.5466
site,ghcn_SW000010537,JFM,snow_cover_days,anom,63,-0.0774,0.5466
site,ghcn_SW000010537,JFM,snow_cover_days,anom_dt,63,-0.0569,0.6577
site,ghcn_SW000010537,JFM,snow_depth,value,63,0.0728,0.5709
site,ghcn_SW000010537,JFM,snow_depth,anom,63,0.0728,0.5709
site,ghcn_SW000010537,JFM,snow_depth,anom_dt,63,0.0877,0.4943
site,ghcn_SW000010537,JFM,snow_max,value,63,0.1700,0.1830
site,ghcn_SW000010537,JFM,snow_max,anom,63,0.1700,0.1830
site,ghcn_SW000010537,JFM,snow_max,anom_dt,63,0.1551,0.2248
site,ghcn_SW000010537,JFM,thaw_days,value,76,0.0120,0.9182
site,ghcn_SW000010537,JFM,thaw_days,anom,76,0.0120,0.9182
site,ghcn_SW000010537,JFM,thaw_days,anom_dt,76,0.0316,0.7867
site,ghcn_SW000010537,JFM,tmax_mean,value,76,-0.0231,0.8428
site,ghcn_SW000010537,JFM,tmax_mean,anom,76,-0.0224,0.8477
site,ghcn_SW000010537,JFM,tmax_mean,anom_dt,76,-0.0283,0.8084
site,ghcn_SW000010537,JFM,tmean,value,76,-0.0301,0.7966
site,ghcn_SW000010537,JFM,tmean,anom,76,-0.0301,0.7966
site,ghcn_SW000010537,JFM,tmean,anom_dt,76,-0.0144,0.9020
site,ghcn_SW000010537,JFM,tmin_mean,value,76,-0.0272,0.8157
site,ghcn_SW000010537,JFM,tmin_mean,anom,76,-0.0272,0.8157
site,ghcn_SW000010537,JFM,tmin_mean,anom_dt,76,-0.0163,0.8886
site,ghcn_SW000010537,NDJFM,frost_days,value,76,-0.1197,0.3029
site,ghcn_SW000010537,NDJFM,frost_days,anom,76,-0.1197,0.3029
site,ghcn_SW000010537,NDJFM,frost_days,anom_dt,76,-0.0834,0.4740
site,ghcn_SW000010537,NDJFM,ice_days,value,76,0.0014,0.9903
site,ghcn_SW000010537,NDJFM,ice_days,anom,76,0.0014,0.9903
site,ghcn_SW000010537,NDJFM,ice_days,anom_dt,76,0.0083,0.9435
site,ghcn_SW000010537,NDJFM,precip,value,76,0.0885,0.4473
site,ghcn_SW000010537,NDJFM,precip,anom,76,0.0885,0.4473
site,ghcn_SW000010537,NDJFM,precip,anom_dt,76,0.0859,0.4606
site,ghcn_SW000010537,NDJFM,precip_days,value,76,0.0836,0.4730
site,ghcn_SW000010537,NDJFM,precip_days,anom,76,0.0836,0.4730
site,ghcn_SW000010537,NDJFM,precip_days,anom_dt,76,0.0913,0.4327
site,ghcn_SW000010537,NDJFM,rain_on_snow_days,value,43,0.0118,0.9399
site,ghcn_SW000010537,NDJFM,rain_on_snow_days,anom_dt,43,0.0091,0.9536
site,ghcn_SW000010537,NDJFM,snow_cover_days,value,43,-0.0868,0.5799
site,ghcn_SW000010537,NDJFM,snow_cover_days,anom_dt,43,-0.1818,0.2432
site,ghcn_SW000010537,NDJFM,snow_depth,value,43,-0.0236,0.8808
site,ghcn_SW000010537,NDJFM,snow_depth,anom_dt,43,-0.0794,0.6129
site,ghcn_SW000010537,NDJFM,snow_max,value,43,0.0688,0.6611
site,ghcn_SW000010537,NDJFM,snow_max,anom_dt,43,0.0006,0.9969
site,ghcn_SW000010537,NDJFM,thaw_days,value,76,0.0071,0.9518
site,ghcn_SW000010537,NDJFM,thaw_days,anom,76,0.0071,0.9518
site,ghcn_SW000010537,NDJFM,thaw_days,anom_dt,76,-0.0101,0.9310
site,ghcn_SW000010537,NDJFM,tmax_mean,value,76,0.0118,0.9197
site,ghcn_SW000010537,NDJFM,tmax_mean,anom,76,0.0118,0.9197
site,ghcn_SW000010537,NDJFM,tmax_mean,anom_dt,76,-0.0110,0.9251
site,ghcn_SW000010537,NDJFM,tmean,value,76,0.0218,0.8517
site,ghcn_SW000010537,NDJFM,tmean,anom,76,0.0218,0.8517
site,ghcn_SW000010537,NDJFM,tmean,anom_dt,76,0.0250,0.8299
site,ghcn_SW000010537,NDJFM,tmin_mean,value,76,0.0380,0.7447
site,ghcn_SW000010537,NDJFM,tmin_mean,anom,76,0.0380,0.7447
site,ghcn_SW000010537,NDJFM,tmin_mean,anom_dt,76,0.0355,0.7607
site,ghcn_SWE00137620,DJF,frost_days,value,62,0.0730,0.5728
site,ghcn_SWE00137620,DJF,frost_days,anom,62,0.0730,0.5728
site,ghcn_SWE00137620,DJF,frost_days,anom_dt,62,0.0846,0.5131
site,ghcn_SWE00137620,DJF,ice_days,value,62,0.1203,0.3517
site,ghcn_SWE00137620,DJF,ice_days,anom,62,0.1203,0.3517
site,ghcn_SWE00137620,DJF,ice_days,anom_dt,62,0.1332,0.3021
site,ghcn_SWE00137620,DJF,precip,value,63,0.0359,0.7799
site,ghcn_SWE00137620,DJF,precip,anom,63,0.0359,0.7799
site,ghcn_SWE00137620,DJF,precip,anom_dt,63,0.0359,0.7798
site,ghcn_SWE00137620,DJF,precip_days,value,63,-0.0285,0.8248
site,ghcn_SWE00137620,DJF,precip_days,anom,63,-0.0285,0.8248
site,ghcn_SWE00137620,DJF,precip_days,anom_dt,63,-0.0082,0.9489
site,ghcn_SWE00137620,DJF,rain_on_snow_days,value,30,0.0993,0.6017
site,ghcn_SWE00137620,DJF,rain_on_snow_days,anom_dt,30,0.1364,0.4723
site,ghcn_SWE00137620,DJF,snow_cover_days,value,30,0.0279,0.8835
site,ghcn_SWE00137620,DJF,snow_cover_days,anom_dt,30,0.0269,0.8877
site,ghcn_SWE00137620,DJF,snow_depth,value,30,0.0409,0.8299
site,ghcn_SWE00137620,DJF,snow_depth,anom_dt,30,0.0520,0.7851
site,ghcn_SWE00137620,DJF,snow_max,value,30,0.0676,0.7225
site,ghcn_SWE00137620,DJF,snow_max,anom_dt,30,0.1135,0.5504
site,ghcn_SWE00137620,DJF,thaw_days,value,62,-0.1134,0.3801
site,ghcn_SWE00137620,DJF,thaw_days,anom,62,-0.1134,0.3801
site,ghcn_SWE00137620,DJF,thaw_days,anom_dt,62,-0.1252,0.3323
site,ghcn_SWE00137620,DJF,tmax_mean,value,62,-0.0907,0.4830
site,ghcn_SWE00137620,DJF,tmax_mean,anom,62,-0.0907,0.4830
site,ghcn_SWE00137620,DJF,tmax_mean,anom_dt,62,-0.0996,0.4409
site,ghcn_SWE00137620,DJF,tmean,value,62,-0.0689,0.5947
site,ghcn_SWE00137620,DJF,tmean,anom,62,-0.0689,0.5947
site,ghcn_SWE00137620,DJF,tmean,anom_dt,62,-0.0776,0.5488
site,ghcn_SWE00137620,DJF,tmin_mean,value,62,-0.0520,0.6884
site,ghcn_SWE00137620,DJF,tmin_mean,anom,62,-0.0520,0.6884
site,ghcn_SWE00137620,DJF,tmin_mean,anom_dt,62,-0.0579,0.6551
site,ghcn_SWE00137620,JFM,frost_days,value,62,0.0585,0.6516
site,ghcn_SWE00137620,JFM,frost_days,anom,62,0.0585,0.6516
site,ghcn_SWE00137620,JFM,frost_days,anom_dt,62,0.0463,0.7206
site,ghcn_SWE00137620,JFM,ice_days,value,62,0.1752,0.1732
site,ghcn_SWE00137620,JFM,ice_days,anom,62,0.1752,0.1732
site,ghcn_SWE00137620,JFM,ice_days,anom_dt,62,0.1838,0.1527
site,ghcn_SWE00137620,JFM,precip,value,63,0.1580,0.2162
site,ghcn_SWE00137620,JFM,precip,anom,63,0.1580,0.2162
site,ghcn_SWE00137620,JFM,precip,anom_dt,63,0.1598,0.2110
site,ghcn_SWE00137620,JFM,precip_days,value,63,0.0542,0.6732
site,ghcn_SWE00137620,JFM,precip_days,anom,63,0.0542,0.6732
site,ghcn_SWE00137620,JFM,precip_days,anom_dt,63,0.0619,0.6299
site,ghcn_SWE00137620,JFM,rain_on_snow_days,value,32,-0.0065,0.9717
site,ghcn_SWE00137620,JFM,rain_on_snow_days,anom_dt,32,-0.0502,0.7848
site,ghcn_SWE00137620,JFM,snow_cover_days,value,32,0.0798,0.6643
site,ghcn_SWE00137620,JFM,snow_cover_days,anom_dt,32,0.0944,0.6073
site,ghcn_SWE00137620,JFM,snow_depth,value,32,0.0625,0.7339
site,ghcn_SWE00137620,JFM,snow_depth,anom_dt,32,0.1131,0.5377
site,ghcn_SWE00137620,JFM,snow_max,value,32,0.0033,0.9857
site,ghcn_SWE00137620,JFM,snow_max,anom_dt,32,0.0174,0.9246
site,ghcn_SWE00137620,JFM,thaw_days,value,62,-0.1442,0.2635
site,ghcn_SWE00137620,JFM,thaw_days,anom,62,-0.1442,0.2635
site,ghcn_SWE00137620,JFM,thaw_days,anom_dt,62,-0.1615,0.2099
site,ghcn_SWE00137620,JFM,tmax_mean,value,62,-0.0699,0.5895
site,ghcn_SWE00137620,JFM,tmax_mean,anom,62,-0.0699,0.5895
site,ghcn_SWE00137620,JFM,tmax_mean,anom_dt,62,-0.0811,0.5310
site,ghcn_SWE00137620,JFM,tmean,value,62,-0.0647,0.6172
site,ghcn_SWE00137620,JFM,tmean,anom,62,-0.0647,0.6172
site,ghcn_SWE00137620,JFM,tmean,anom_dt,62,-0.0733,0.5713
site,ghcn_SWE00137620,JFM,tmin_mean,value,62,-0.0681,0.5991
site,ghcn_SWE00137620,JFM,tmin_mean,anom,62,-0.0681,0.5991
site,ghcn_SWE00137620,JFM,tmin_mean,anom_dt,62,-0.0490,0.7052
site,ghcn_SWE00137620,NDJFM,frost_days,value,61,-0.0308,0.8137
site,ghcn_SWE00137620,NDJFM,frost_days,anom,61,-0.0308,0.8137
site,ghcn_SWE00137620,NDJFM,frost_days,anom_dt,61,-0.0232,0.8593
site,ghcn_SWE00137620,NDJFM,ice_days,value,61,0.1242,0.3403
site,ghcn_SWE00137620,NDJFM,ice_days,anom,61,0.1242,0.3403
site,ghcn_SWE00137620,NDJFM,ice_days,anom_dt,61,0.1481,0.2546
site,ghcn_SWE00137620,NDJFM,precip,value,62,0.1445,0.2625
site,ghcn_SWE00137620,NDJFM,precip,anom,62,0.1445,0.2625
site,ghcn_SWE00137620,NDJFM,precip,anom_dt,62,0.1454,0.2597
site,ghcn_SWE00137620,NDJFM,precip_days,value,62,0.0686,0.5964
site,ghcn_SWE00137620,NDJFM,precip_days,anom,62,0.0686,0.5964
site,ghcn_SWE00137620,NDJFM,precip_days,anom_dt,62,0.0680,0.5995
site,ghcn_SWE00137620,NDJFM,rain_on_snow_days,value,27,0.0452,0.8229
site,ghcn_SWE00137620,NDJFM,rain_on_snow_days,anom_dt,27,0.0528,0.7936
site,ghcn_SWE00137620,NDJFM,snow_cover_days,value,27,-0.0806,0.6893
site,ghcn_SWE00137620,NDJFM,snow_cover_days,anom_dt,27,-0.0794,0.6939
site,ghcn_SWE00137620,NDJFM,snow_depth,value,27,-0.0788,0.6961
site,ghcn_SWE00137620,NDJFM,snow_depth,anom_dt,27,-0.0562,0.7807
site,ghcn_SWE00137620,NDJFM,snow_max,value,27,-0.0919,0.6486
site,ghcn_SWE00137620,NDJFM,snow_max,anom_dt,27,-0.0971,0.6299
site,ghcn_SWE00137620,NDJFM,thaw_days,value,61,-0.1122,0.3891
site,ghcn_SWE00137620,NDJFM,thaw_days,anom,61,-0.1122,0.3891
site,ghcn_SWE00137620,NDJFM,thaw_days,anom_dt,61,-0.1271,0.3290
site,ghcn_SWE00137620,NDJFM,tmax_mean,value,61,-0.0634,0.6274
site,ghcn_SWE00137620,NDJFM,tmax_mean,anom,61,-0.0634,0.6274
site,ghcn_SWE00137620,NDJFM,tmax_mean,anom_dt,61,-0.0676,0.6049
site,ghcn_SWE00137620,NDJFM,tmean,value,61,-0.0167,0.8983
site,ghcn_SWE00137620,NDJFM,tmean,anom,61,-0.0167,0.8983
site,ghcn_SWE00137620,NDJFM,tmean,anom_dt,61,-0.0163,0.9008
site,ghcn_SWE00137620,NDJFM,tmin_mean,value,61,0.0281,0.8297
site,ghcn_SWE00137620,NDJFM,tmin_mean,anom,61,0.0281,0.8297
site,ghcn_SWE00137620,NDJFM,tmin_mean,anom_dt,61,0.0246,0.8509
site,ghcn_SWE00138198,DJF,frost_days,value,56,-0.0176,0.8974
site,ghcn_SWE00138198,DJF,frost_days,anom,56,-0.0176,0.8974
site,ghcn_SWE00138198,DJF,frost_days,anom_dt,56,0.0223,0.8705
site,ghcn_SWE00138198,DJF,ice_days,value,56,-0.0185,0.8924
site,ghcn_SWE00138198,DJF,ice_days,anom,56,-0.0185,0.8924
site,ghcn_SWE00138198,DJF,ice_days,anom_dt,56,-0.0043,0.9747
site,ghcn_SWE00138198,DJF,precip,value,45,0.0091,0.9527
site,ghcn_SWE00138198,DJF,precip,anom,45,0.0091,0.9527
site,ghcn_SWE00138198,DJF,precip,anom_dt,45,-0.0038,0.9805
site,ghcn_SWE00138198,DJF,precip_days,value,45,0.0319,0.8352
site,ghcn_SWE00138198,DJF,precip_days,anom,45,0.0319,0.8352
site,ghcn_SWE00138198,DJF,precip_days,anom_dt,45,0.0316,0.8369
site,ghcn_SWE00138198,DJF,thaw_days,value,56,0.0125,0.9272
site,ghcn_SWE00138198,DJF,thaw_days,anom,56,0.0125,0.9272
site,ghcn_SWE00138198,DJF,thaw_days,anom_dt,56,-0.0060,0.9649
site,ghcn_SWE00138198,DJF,tmax_mean,value,56,0.0445,0.7449
site,ghcn_SWE00138198,DJF,tmax_mean,anom,56,0.0445,0.7449
site,ghcn_SWE00138198,DJF,tmax_mean,anom_dt,56,0.0079,0.9541
site,ghcn_SWE00138198,DJF,tmean,value,56,0.0501,0.7140
site,ghcn_SWE00138198,DJF,tmean,anom,56,0.0501,0.7140
site,ghcn_SWE00138198,DJF,tmean,anom_dt,56,0.0268,0.8446
site,ghcn_SWE00138198,DJF,tmin_mean,value,56,0.0603,0.6591
site,ghcn_SWE00138198,DJF,tmin_mean,anom,56,0.0603,0.6591
site,ghcn_SWE00138198,DJF,tmin_mean,anom_dt,56,0.0383,0.7794
site,ghcn_SWE00138198,JFM,frost_days,value,57,-0.0737,0.5860
site,ghcn_SWE00138198,JFM,frost_days,anom,57,-0.0737,0.5860
site,ghcn_SWE00138198,JFM,frost_days,anom_dt,57,-0.0604,0.6556
site,ghcn_SWE00138198,JFM,ice_days,value,57,0.0208,0.8782
site,ghcn_SWE00138198,JFM,ice_days,anom,57,0.0208,0.8782
site,ghcn_SWE00138198,JFM,ice_days,anom_dt,57,0.0325,0.8101
site,ghcn_SWE00138198,JFM,precip,value,45,0.1098,0.4729
site,ghcn_SWE00138198,JFM,precip,anom,45,0.1098,0.4729
site,ghcn_SWE00138198,JFM,precip,anom_dt,45,0.1085,0.4782
site,ghcn_SWE00138198,JFM,precip_days,value,45,0.1663,0.2748
site,ghcn_SWE00138198,JFM,precip_days,anom,45,0.1663,0.2748
site,ghcn_SWE00138198,JFM,precip_days,anom_dt,45,0.1471,0.3350
site,ghcn_SWE00138198,JFM,thaw_days,value,57,-0.0112,0.9342
site,ghcn_SWE00138198,JFM,thaw_days,anom,57,-0.0112,0.9342
site,ghcn_SWE00138198,JFM,thaw_days,anom_dt,57,-0.0299,0.8255
site,ghcn_SWE00138198,JFM,tmax_mean,value,57,0.0508,0.7075
site,ghcn_SWE00138198,JFM,tmax_mean,anom,57,0.0508,0.7075
site,ghcn_SWE00138198,JFM,tmax_mean,anom_dt,57,0.0384,0.7765
site,ghcn_SWE00138198,JFM,tmean,value,57,0.0632,0.6403
site,ghcn_SWE00138198,JFM,tmean,anom,57,0.0632,0.6403
site,ghcn_SWE00138198,JFM,tmean,anom_dt,57,0.0473,0.7269
site,ghcn_SWE00138198,JFM,tmin_mean,value,57,0.0427,0.7526
site,ghcn_SWE00138198,JFM,tmin_mean,anom,57,0.0427,0.7526
site,ghcn_SWE00138198,JFM,tmin_mean,anom_dt,57,0.0489,0.7177
site,ghcn_SWE00138198,NDJFM,frost_days,value,56,-0.0977,0.4737
site,ghcn_SWE00138198,NDJFM,frost_days,anom,56,-0.0977,0.4737
site,ghcn_SWE00138198,NDJFM,frost_days,anom_dt,56,-0.0491,0.7192
site,ghcn_SWE00138198,NDJFM,ice_days,value,56,-0.0365,0.7893
site,ghcn_SWE00138198,NDJFM,ice_days,anom,56,-0.0365,0.7893
site,ghcn_SWE00138198,NDJFM,ice_days,anom_dt,56,-0.0187,0.8914
site,ghcn_SWE00138198,NDJFM,precip,value,45,0.0156,0.9189
site,ghcn_SWE00138198,NDJFM,precip,anom,45,0.0156,0.9189
site,ghcn_SWE00138198,NDJFM,precip,anom_dt,45,0.0276,0.8571
site,ghcn_SWE00138198,NDJFM,precip_days,value,45,0.0016,0.9914
site,ghcn_SWE00138198,NDJFM,precip_days,anom,45,0.0016,0.9914
site,ghcn_SWE00138198,NDJFM,precip_days,anom_dt,45,-0.0032,0.9835
site,ghcn_SWE00138198,NDJFM,thaw_days,value,56,0.0450,0.7420
site,ghcn_SWE00138198,NDJFM,thaw_days,anom,56,0.0450,0.7420
site,ghcn_SWE00138198,NDJFM,thaw_days,anom_dt,56,0.0329,0.8097
site,ghcn_SWE00138198,NDJFM,tmax_mean,value,56,0.0444,0.7452
site,ghcn_SWE00138198,NDJFM,tmax_mean,anom,56,0.0444,0.7452
site,ghcn_SWE00138198,NDJFM,tmax_mean,anom_dt,56,0.0254,0.8528
site,ghcn_SWE00138198,NDJFM,tmean,value,56,0.0686,0.6156
site,ghcn_SWE00138198,NDJFM,tmean,anom,56,0.0686,0.6156
site,ghcn_SWE00138198,NDJFM,tmean,anom_dt,56,0.0462,0.7350
site,ghcn_SWE00138198,NDJFM,tmin_mean,value,56,0.0826,0.5451
site,ghcn_SWE00138198,NDJFM,tmin_mean,anom,56,0.0826,0.5451
site,ghcn_SWE00138198,NDJFM,tmin_mean,anom_dt,56,0.0712,0.6021
site,ghcn_SWE00140492,DJF,frost_days,value,76,0.0083,0.9433
site,ghcn_SWE00140492,DJF,frost_days,anom,76,0.0083,0.9433
site,ghcn_SWE00140492,DJF,frost_days,anom_dt,76,0.0227,0.8457
site,ghcn_SWE00140492,DJF,ice_days,value,76,-0.1127,0.3325
site,ghcn_SWE00140492,DJF,ice_days,anom,76,-0.1127,0.3325
site,ghcn_SWE00140492,DJF,ice_days,anom_dt,76,-0.0972,0.4036
site,ghcn_SWE00140492,DJF,precip,value,76,-0.2010,0.0817
site,ghcn_SWE00140492,DJF,precip,anom,76,-0.2010,0.0817
site,ghcn_SWE00140492,DJF,precip,anom_dt,76,-0.2284,0.0472
site,ghcn_SWE00140492,DJF,precip_days,value,76,-0.1241,0.2854
site,ghcn_SWE00140492,DJF,precip_days,anom,76,-0.1241,0.2854
site,ghcn_SWE00140492,DJF,precip_days,anom_dt,76,-0.1468,0.2056
site,ghcn_SWE00140492,DJF,rain_on_snow_days,value,76,-0.0676,0.5620
site,ghcn_SWE00140492,DJF,rain_on_snow_days,anom,76,-0.0676,0.5620
site,ghcn_SWE00140492,DJF,rain_on_snow_days,anom_dt,76,-0.0395,0.7349
site,ghcn_SWE00140492,DJF,snow_cover_days,value,76,-0.0438,0.7072
site,ghcn_SWE00140492,DJF,snow_cover_days,anom,76,-0.0438,0.7072
site,ghcn_SWE00140492,DJF,snow_cover_days,anom_dt,76,-0.0650,0.5770
site,ghcn_SWE00140492,DJF,snow_depth,value,76,-0.0004,0.9970
site,ghcn_SWE00140492,DJF,snow_depth,anom,76,-0.0004,0.9970
site,ghcn_SWE00140492,DJF,snow_depth,anom_dt,76,0.0036,0.9751
site,ghcn_SWE00140492,DJF,snow_max,value,76,0.0698,0.5491
site,ghcn_SWE00140492,DJF,snow_max,anom,76,0.0698,0.5491
site,ghcn_SWE00140492,DJF,snow_max,anom_dt,76,0.0851,0.4649
site,ghcn_SWE00140492,DJF,thaw_days,value,76,0.1243,0.2849
site,ghcn_SWE00140492,DJF,thaw_days,anom,76,0.1243,0.2849
site,ghcn_SWE00140492,DJF,thaw_days,anom_dt,76,0.1210,0.2980
site,ghcn_SWE00140492,DJF,tmax_mean,value,76,0.0034,0.9764
site,ghcn_SWE00140492,DJF,tmax_mean,anom,76,0.0034,0.9764
site,ghcn_SWE00140492,DJF,tmax_mean,anom_dt,76,-0.0084,0.9427
site,ghcn_SWE00140492,DJF,tmean,value,76,-0.0288,0.8052
site,ghcn_SWE00140492,DJF,tmean,anom,76,-0.0288,0.8052
site,ghcn_SWE00140492,DJF,tmean,anom_dt,76,-0.0185,0.8740
site,ghcn_SWE00140492,DJF,tmin_mean,value,76,-0.0236,0.8399
site,ghcn_SWE00140492,DJF,tmin_mean,anom,76,-0.0236,0.8399
site,ghcn_SWE00140492,DJF,tmin_mean,anom_dt,76,-0.0390,0.7380
site,ghcn_SWE00140492,JFM,frost_days,value,77,-0.1491,0.1956
site,ghcn_SWE00140492,JFM,frost_days,anom,77,-0.1491,0.1956
site,ghcn_SWE00140492,JFM,frost_days,anom_dt,77,-0.1694,0.1407
site,ghcn_SWE00140492,JFM,ice_days,value,77,-0.1067,0.3559
site,ghcn_SWE00140492,JFM,ice_days,anom,77,-0.1067,0.3559
site,ghcn_SWE00140492,JFM,ice_days,anom_dt,77,-0.1435,0.2130
site,ghcn_SWE00140492,JFM,precip,value,77,0.1027,0.3739
site,ghcn_SWE00140492,JFM,precip,anom,77,0.1027,0.3739
site,ghcn_SWE00140492,JFM,precip,anom_dt,77,0.1230,0.2866
site,ghcn_SWE00140492,JFM,precip_days,value,77,0.1814,0.1143
site,ghcn_SWE00140492,JFM,precip_days,anom,77,0.1814,0.1143
site,ghcn_SWE00140492,JFM,precip_days,anom_dt,77,0.1858,0.1056
site,ghcn_SWE00140492,JFM,rain_on_snow_days,value,77,0.1549,0.1786
site,ghcn_SWE00140492,JFM,rain_on_snow_days,anom,77,0.1549,0.1786
site,ghcn_SWE00140492,JFM,rain_on_snow_days,anom_dt,77,0.2239,0.0502
site,ghcn_SWE00140492,JFM,snow_cover_days,value,77,-0.0174,0.8805
site,ghcn_SWE00140492,JFM,snow_cover_days,anom,77,-0.0174,0.8805
site,ghcn_SWE00140492,JFM,snow_cover_days,anom_dt,77,-0.0629,0.5867
site,ghcn_SWE00140492,JFM,snow_depth,value,77,0.0030,0.9793
site,ghcn_SWE00140492,JFM,snow_depth,anom,77,0.0030,0.9793
site,ghcn_SWE00140492,JFM,snow_depth,anom_dt,77,0.0079,0.9454
site,ghcn_SWE00140492,JFM,snow_max,value,77,0.0660,0.5687
site,ghcn_SWE00140492,JFM,snow_max,anom,77,0.0660,0.5687
site,ghcn_SWE00140492,JFM,snow_max,anom_dt,77,0.0707,0.5410
site,ghcn_SWE00140492,JFM,thaw_days,value,77,0.1197,0.2999
site,ghcn_SWE00140492,JFM,thaw_days,anom,77,0.1197,0.2999
site,ghcn_SWE00140492,JFM,thaw_days,anom_dt,77,0.1404,0.2232
site,ghcn_SWE00140492,JFM,tmax_mean,value,77,0.0314,0.7860
site,ghcn_SWE00140492,JFM,tmax_mean,anom,77,0.0314,0.7860
site,ghcn_SWE00140492,JFM,tmax_mean,anom_dt,77,-0.0001,0.9991
site,ghcn_SWE00140492,JFM,tmean,value,77,0.0338,0.7703
site,ghcn_SWE00140492,JFM,tmean,anom,77,0.0338,0.7703
site,ghcn_SWE00140492,JFM,tmean,anom_dt,77,0.0083,0.9426
site,ghcn_SWE00140492,JFM,tmin_mean,value,77,0.0278,0.8101
site,ghcn_SWE00140492,JFM,tmin_mean,anom,77,0.0278,0.8101
site,ghcn_SWE00140492,JFM,tmin_mean,anom_dt,77,0.0090,0.9380
site,ghcn_SWE00140492,NDJFM,frost_days,value,76,-0.0438,0.7071
site,ghcn_SWE00140492,NDJFM,frost_days,anom,76,-0.0438,0.7071
site,ghcn_SWE00140492,NDJFM,frost_days,anom_dt,76,-0.0211,0.8563
site,ghcn_SWE00140492,NDJFM,ice_days,value,76,-0.0733,0.5289
site,ghcn_SWE00140492,NDJFM,ice_days,anom,76,-0.0733,0.5289
site,ghcn_SWE00140492,NDJFM,ice_days,anom_dt,76,-0.0460,0.6932
site,ghcn_SWE00140492,NDJFM,precip,value,76,0.0076,0.9481
site,ghcn_SWE00140492,NDJFM,precip,anom,76,0.0076,0.9481
site,ghcn_SWE00140492,NDJFM,precip,anom_dt,76,0.0069,0.9528
site,ghcn_SWE00140492,NDJFM,precip_days,value,76,0.0444,0.7030
site,ghcn_SWE00140492,NDJFM,precip_days,anom,76,0.0444,0.7030
site,ghcn_SWE00140492,NDJFM,precip_days,anom_dt,76,0.0094,0.9354
site,ghcn_SWE00140492,NDJFM,rain_on_snow_days,value,76,-0.0190,0.8707
site,ghcn_SWE00140492,NDJFM,rain_on_snow_days,anom,76,-0.0190,0.8707
site,ghcn_SWE00140492,NDJFM,rain_on_snow_days,anom_dt,76,-0.0060,0.9591
site,ghcn_SWE00140492,NDJFM,snow_cover_days,value,76,0.0149,0.8982
site,ghcn_SWE00140492,NDJFM,snow_cover_days,anom,76,0.0149,0.8982
site,ghcn_SWE00140492,NDJFM,snow_cover_days,anom_dt,76,0.0201,0.8629
site,ghcn_SWE00140492,NDJFM,snow_depth,value,76,0.0192,0.8689
site,ghcn_SWE00140492,NDJFM,snow_depth,anom,76,0.0192,0.8689
site,ghcn_SWE00140492,NDJFM,snow_depth,anom_dt,76,0.0262,0.8224
site,ghcn_SWE00140492,NDJFM,snow_max,value,76,0.0990,0.3949
site,ghcn_SWE00140492,NDJFM,snow_max,anom,76,0.0990,0.3949
site,ghcn_SWE00140492,NDJFM,snow_max,anom_dt,76,0.1061,0.3616
site,ghcn_SWE00140492,NDJFM,thaw_days,value,76,0.0786,0.4999
site,ghcn_SWE00140492,NDJFM,thaw_days,anom,76,0.0786,0.4999
site,ghcn_SWE00140492,NDJFM,thaw_days,anom_dt,76,0.0628,0.5900
site,ghcn_SWE00140492,NDJFM,tmax_mean,value,76,0.0000,1.0000
site,ghcn_SWE00140492,NDJFM,tmax_mean,anom,76,0.0000,1.0000
site,ghcn_SWE00140492,NDJFM,tmax_mean,anom_dt,76,-0.0183,0.8752
site,ghcn_SWE00140492,NDJFM,tmean,value,76,0.0071,0.9513
site,ghcn_SWE00140492,NDJFM,tmean,anom,76,0.0071,0.9517
site,ghcn_SWE00140492,NDJFM,tmean,anom_dt,76,-0.0103,0.9298
site,ghcn_SWE00140492,NDJFM,tmin_mean,value,76,0.0162,0.8897
site,ghcn_SWE00140492,NDJFM,tmin_mean,anom,76,0.0162,0.8897
site,ghcn_SWE00140492,NDJFM,tmin_mean,anom_dt,76,-0.0157,0.8932
site,ghcn_SWE00140886,DJF,frost_days,value,66,-0.0810,0.5177
site,ghcn_SWE00140886,DJF,frost_days,anom,66,-0.0810,0.5177
site,ghcn_SWE00140886,DJF,frost_days,anom_dt,66,-0.0913,0.4659
site,ghcn_SWE00140886,DJF,ice_days,value,65,-0.1375,0.2748
site,ghcn_SWE00140886,DJF,ice_days,anom,65,-0.1375,0.2748
site,ghcn_SWE00140886,DJF,ice_days,anom_dt,65,-0.1278,0.3105
site,ghcn_SWE00140886,DJF,precip,value,72,-0.1107,0.3544
site,ghcn_SWE00140886,DJF,precip,anom,72,-0.1107,0.3544
site,ghcn_SWE00140886,DJF,precip,anom_dt,72,-0.1327,0.2665
site,ghcn_SWE00140886,DJF,precip_days,value,72,-0.1347,0.2591
site,ghcn_SWE00140886,DJF,precip_days,anom,72,-0.1347,0.2591
site,ghcn_SWE00140886,DJF,precip_days,anom_dt,72,-0.1753,0.1407
site,ghcn_SWE00140886,DJF,rain_on_snow_days,value,22,-0.2549,0.2523
site,ghcn_SWE00140886,DJF,rain_on_snow_days,anom_dt,22,-0.1646,0.4642
site,ghcn_SWE00140886,DJF,snow_cover_days,value,22,0.0003,0.9988
site,ghcn_SWE00140886,DJF,snow_cover_days,anom_dt,22,-0.0113,0.9602
site,ghcn_SWE00140886,DJF,snow_depth,value,22,-0.0107,0.9621
site,ghcn_SWE00140886,DJF,snow_depth,anom_dt,22,-0.0102,0.9641
site,ghcn_SWE00140886,DJF,snow_max,value,22,0.0198,0.9303
site,ghcn_SWE00140886,DJF,snow_max,anom_dt,22,0.0803,0.7224
site,ghcn_SWE00140886,DJF,thaw_days,value,65,0.1566,0.2128
site,ghcn_SWE00140886,DJF,thaw_days,anom,65,0.1566,0.2128
site,ghcn_SWE00140886,DJF,thaw_days,anom_dt,65,0.1389,0.2697
site,ghcn_SWE00140886,DJF,tmax_mean,value,65,-0.0181,0.8864
site,ghcn_SWE00140886,DJF,tmax_mean,anom,65,-0.0181,0.8864
site,ghcn_SWE00140886,DJF,tmax_mean,anom_dt,65,-0.0392,0.7568
site,ghcn_SWE00140886,DJF,tmean,value,65,-0.0146,0.9081
site,ghcn_SWE00140886,DJF,tmean,anom,65,-0.0146,0.9081
site,ghcn_SWE00140886,DJF,tmean,anom_dt,65,-0.0256,0.8396
site,ghcn_SWE00140886,DJF,tmin_mean,value,66,-0.0237,0.8501
site,ghcn_SWE00140886,DJF,tmin_mean,anom,66,-0.0237,0.8501
site,ghcn_SWE00140886,DJF,tmin_mean,anom_dt,66,-0.0386,0.7584
site,ghcn_SWE00140886,JFM,frost_days,value,65,-0.1962,0.1173
site,ghcn_SWE00140886,JFM,frost_days,anom,65,-0.1962,0.1173
site,ghcn_SWE00140886,JFM,frost_days,anom_dt,65,-0.1834,0.1436
site,ghcn_SWE00140886,JFM,ice_days,value,64,-0.0571,0.6540
site,ghcn_SWE00140886,JFM,ice_days,anom,64,-0.0571,0.6540
site,ghcn_SWE00140886,JFM,ice_days,anom_dt,64,-0.0708,0.5780
site,ghcn_SWE00140886,JFM,precip,value,73,0.1526,0.1976
site,ghcn_SWE00140886,JFM,precip,anom,73,0.1526,0.1976
site,ghcn_SWE00140886,JFM,precip,anom_dt,73,0.1649,0.1633
site,ghcn_SWE00140886,JFM,precip_days,value,73,0.1080,0.3633
site,ghcn_SWE00140886,JFM,precip_days,anom,73,0.1080,0.3633
site,ghcn_SWE00140886,JFM,precip_days,anom_dt,73,0.1060,0.3721
site,ghcn_SWE00140886,JFM,rain_on_snow_days,value,19,-0.1350,0.5817
site,ghcn_SWE00140886,JFM,snow_cover_days,value,19,-0.1859,0.4461
site,ghcn_SWE00140886,JFM,snow_depth,value,19,-0.2910,0.2268
site,ghcn_SWE00140886,JFM,snow_max,value,19,-0.2628,0.2771
site,ghcn_SWE00140886,JFM,thaw_days,value,64,0.0484,0.7040
site,ghcn_SWE00140886,JFM,thaw_days,anom,64,0.0484,0.7040
site,ghcn_SWE00140886,JFM,thaw_days,anom_dt,64,0.0787,0.5366
site,ghcn_SWE00140886,JFM,tmax_mean,value,64,-0.0693,0.5863
site,ghcn_SWE00140886,JFM,tmax_mean,anom,64,-0.0693,0.5863
site,ghcn_SWE00140886,JFM,tmax_mean,anom_dt,64,-0.0908,0.4756
site,ghcn_SWE00140886,JFM,tmean,value,64,-0.0554,0.6639
site,ghcn_SWE00140886,JFM,tmean,anom,64,-0.0554,0.6639
site,ghcn_SWE00140886,JFM,tmean,anom_dt,64,-0.0482,0.7050
site,ghcn_SWE00140886,JFM,tmin_mean,value,65,-0.0631,0.6178
site,ghcn_SWE00140886,JFM,tmin_mean,anom,65,-0.0631,0.6178
site,ghcn_SWE00140886,JFM,tmin_mean,anom_dt,65,-0.0407,0.7477
site,ghcn_SWE00140886,NDJFM,frost_days,value,66,-0.1423,0.2544
site,ghcn_SWE00140886,NDJFM,frost_days,anom,66,-0.1423,0.2544
site,ghcn_SWE00140886,NDJFM,frost_days,anom_dt,66,-0.1151,0.3574
site,ghcn_SWE00140886,NDJFM,ice_days,value,67,-0.0629,0.6130
site,ghcn_SWE00140886,NDJFM,ice_days,anom,67,-0.0629,0.6130
site,ghcn_SWE00140886,NDJFM,ice_days,anom_dt,67,-0.0534,0.6677
site,ghcn_SWE00140886,NDJFM,precip,value,71,0.0773,0.5219
site,ghcn_SWE00140886,NDJFM,precip,anom,71,0.0773,0.5219
site,ghcn_SWE00140886,NDJFM,precip,anom_dt,71,0.0548,0.6499
site,ghcn_SWE00140886,NDJFM,precip_days,value,71,0.0659,0.5853
site,ghcn_SWE00140886,NDJFM,precip_days,anom,71,0.0659,0.5853
site,ghcn_SWE00140886,NDJFM,precip_days,anom_dt,71,0.0203,0.8663
site,ghcn_SWE00140886,NDJFM,rain_on_snow_days,value,21,-0.4839,0.0262
site,ghcn_SWE00140886,NDJFM,rain_on_snow_days,anom_dt,21,-0.3910,0.0796
site,ghcn_SWE00140886,NDJFM,snow_cover_days,value,21,0.0360,0.8770
site,ghcn_SWE00140886,NDJFM,snow_cover_days,anom_dt,21,-0.0286,0.9020
site,ghcn_SWE00140886,NDJFM,snow_depth,value,21,-0.1080,0.6412
site,ghcn_SWE00140886,NDJFM,snow_depth,anom_dt,21,-0.0885,0.7029
site,ghcn_SWE00140886,NDJFM,snow_max,value,21,-0.0401,0.8631
site,ghcn_SWE00140886,NDJFM,snow_max,anom_dt,21,-0.0488,0.8336
site,ghcn_SWE00140886,NDJFM,thaw_days,value,67,0.0501,0.6870
site,ghcn_SWE00140886,NDJFM,thaw_days,anom,67,0.0512,0.6809
site,ghcn_SWE00140886,NDJFM,thaw_days,anom_dt,67,0.0515,0.6790
site,ghcn_SWE00140886,NDJFM,tmax_mean,value,67,0.0213,0.8641
site,ghcn_SWE00140886,NDJFM,tmax_mean,anom,67,0.0213,0.8641
site,ghcn_SWE00140886,NDJFM,tmax_mean,anom_dt,67,-0.0233,0.8517
site,ghcn_SWE00140886,NDJFM,tmean,value,66,0.0424,0.7356
site,ghcn_SWE00140886,NDJFM,tmean,anom,66,0.0424,0.7356
site,ghcn_SWE00140886,NDJFM,tmean,anom_dt,66,0.0019,0.9877
site,ghcn_SWE00140886,NDJFM,tmin_mean,value,66,0.0585,0.6407
site,ghcn_SWE00140886,NDJFM,tmin_mean,anom,66,0.0585,0.6407
site,ghcn_SWE00140886,NDJFM,tmin_mean,anom_dt,66,0.0381,0.7616
site,ghcn_SWM00002485,DJF,frost_days,value,75,0.0392,0.7386
site,ghcn_SWM00002485,DJF,frost_days,anom,75,0.0392,0.7386
site,ghcn_SWM00002485,DJF,frost_days,anom_dt,75,0.0453,0.6997
site,ghcn_SWM00002485,DJF,ice_days,value,75,0.0048,0.9675
site,ghcn_SWM00002485,DJF,ice_days,anom,75,0.0048,0.9675
site,ghcn_SWM00002485,DJF,ice_days,anom_dt,75,0.0180,0.8783
site,ghcn_SWM00002485,DJF,precip,value,75,-0.1229,0.2935
site,ghcn_SWM00002485,DJF,precip,anom,75,-0.1229,0.2935
site,ghcn_SWM00002485,DJF,precip,anom_dt,75,-0.1180,0.3133
site,ghcn_SWM00002485,DJF,precip_days,value,75,-0.0503,0.6684
site,ghcn_SWM00002485,DJF,precip_days,anom,75,-0.0503,0.6684
site,ghcn_SWM00002485,DJF,precip_days,anom_dt,75,-0.0426,0.7170
site,ghcn_SWM00002485,DJF,rain_on_snow_days,value,25,-0.0537,0.7987
site,ghcn_SWM00002485,DJF,rain_on_snow_days,anom_dt,25,-0.0112,0.9578
site,ghcn_SWM00002485,DJF,snow_cover_days,value,25,0.0077,0.9708
site,ghcn_SWM00002485,DJF,snow_cover_days,anom_dt,25,-0.1096,0.6019
site,ghcn_SWM00002485,DJF,snow_depth,value,25,0.0908,0.6660
site,ghcn_SWM00002485,DJF,snow_depth,anom_dt,25,0.0392,0.8523
site,ghcn_SWM00002485,DJF,snow_max,value,25,0.1374,0.5124
site,ghcn_SWM00002485,DJF,snow_max,anom_dt,25,0.0623,0.7673
site,ghcn_SWM00002485,DJF,thaw_days,value,75,-0.0044,0.9702
site,ghcn_SWM00002485,DJF,thaw_days,anom,75,-0.0044,0.9702
site,ghcn_SWM00002485,DJF,thaw_days,anom_dt,75,-0.0211,0.8575
site,ghcn_SWM00002485,DJF,tmax_mean,value,75,0.0071,0.9520
site,ghcn_SWM00002485,DJF,tmax_mean,anom,75,0.0071,0.9520
site,ghcn_SWM00002485,DJF,tmax_mean,anom_dt,75,0.0065,0.9561
site,ghcn_SWM00002485,DJF,tmean,value,75,0.0029,0.9803
site,ghcn_SWM00002485,DJF,tmean,anom,75,0.0029,0.9803
site,ghcn_SWM00002485,DJF,tmean,anom_dt,75,0.0033,0.9779
site,ghcn_SWM00002485,DJF,tmin_mean,value,75,0.0031,0.9789
site,ghcn_SWM00002485,DJF,tmin_mean,anom,75,0.0042,0.9718
site,ghcn_SWM00002485,DJF,tmin_mean,anom_dt,75,-0.0113,0.9231
site,ghcn_SWM00002485,JFM,frost_days,value,76,-0.0249,0.8311
site,ghcn_SWM00002485,JFM,frost_days,anom,76,-0.0249,0.8311
site,ghcn_SWM00002485,JFM,frost_days,anom_dt,76,-0.0492,0.6729
site,ghcn_SWM00002485,JFM,ice_days,value,76,0.0495,0.6710
site,ghcn_SWM00002485,JFM,ice_days,anom,76,0.0495,0.6710
site,ghcn_SWM00002485,JFM,ice_days,anom_dt,76,0.0528,0.6507
site,ghcn_SWM00002485,JFM,precip,value,75,0.1239,0.2896
site,ghcn_SWM00002485,JFM,precip,anom,75,0.1239,0.2896
site,ghcn_SWM00002485,JFM,precip,anom_dt,75,0.1271,0.2771
site,ghcn_SWM00002485,JFM,precip_days,value,75,0.1365,0.2428
site,ghcn_SWM00002485,JFM,precip_days,anom,75,0.1365,0.2428
site,ghcn_SWM00002485,JFM,precip_days,anom_dt,75,0.1308,0.2632
site,ghcn_SWM00002485,JFM,rain_on_snow_days,value,37,0.0225,0.8951
site,ghcn_SWM00002485,JFM,rain_on_snow_days,anom_dt,37,-0.0019,0.9911
site,ghcn_SWM00002485,JFM,snow_cover_days,value,37,-0.0943,0.5786
site,ghcn_SWM00002485,JFM,snow_cover_days,anom_dt,37,-0.1721,0.3083
site,ghcn_SWM00002485,JFM,snow_depth,value,37,0.0416,0.8071
site,ghcn_SWM00002485,JFM,snow_depth,anom_dt,37,0.0458,0.7880
site,ghcn_SWM00002485,JFM,snow_max,value,37,0.0677,0.6904
site,ghcn_SWM00002485,JFM,snow_max,anom_dt,37,0.0518,0.7607
site,ghcn_SWM00002485,JFM,thaw_days,value,76,-0.0593,0.6108
site,ghcn_SWM00002485,JFM,thaw_days,anom,76,-0.0593,0.6108
site,ghcn_SWM00002485,JFM,thaw_days,anom_dt,76,-0.0606,0.6032
site,ghcn_SWM00002485,JFM,tmax_mean,value,76,-0.0068,0.9535
site,ghcn_SWM00002485,JFM,tmax_mean,anom,76,-0.0068,0.9535
site,ghcn_SWM00002485,JFM,tmax_mean,anom_dt,76,-0.0142,0.9033
site,ghcn_SWM00002485,JFM,tmean,value,76,-0.0120,0.9177
site,ghcn_SWM00002485,JFM,tmean,anom,76,-0.0120,0.9177
site,ghcn_SWM00002485,JFM,tmean,anom_dt,76,-0.0079,0.9463
site,ghcn_SWM00002485,JFM,tmin_mean,value,76,-0.0155,0.8944
site,ghcn_SWM00002485,JFM,tmin_mean,anom,76,-0.0155,0.8944
site,ghcn_SWM00002485,JFM,tmin_mean,anom_dt,76,-0.0166,0.8867
site,ghcn_SWM00002485,NDJFM,frost_days,value,75,-0.0389,0.7401
site,ghcn_SWM00002485,NDJFM,frost_days,anom,75,-0.0389,0.7401
site,ghcn_SWM00002485,NDJFM,frost_days,anom_dt,75,-0.0265,0.8215
site,ghcn_SWM00002485,NDJFM,ice_days,value,75,-0.0170,0.8850
site,ghcn_SWM00002485,NDJFM,ice_days,anom,75,-0.0170,0.8850
site,ghcn_SWM00002485,NDJFM,ice_days,anom_dt,75,-0.0157,0.8939
site,ghcn_SWM00002485,NDJFM,precip,value,75,-0.0430,0.7145
site,ghcn_SWM00002485,NDJFM,precip,anom,75,-0.0430,0.7145
site,ghcn_SWM00002485,NDJFM,precip,anom_dt,75,-0.0470,0.6887
site,ghcn_SWM00002485,NDJFM,precip_days,value,75,-0.0222,0.8501
site,ghcn_SWM00002485,NDJFM,precip_days,anom,75,-0.0222,0.8501
site,ghcn_SWM00002485,NDJFM,precip_days,anom_dt,75,-0.0255,0.8279
site,ghcn_SWM00002485,NDJFM,rain_on_snow_days,value,16,0.0698,0.7972
site,ghcn_SWM00002485,NDJFM,snow_cover_days,value,16,0.1324,0.6251
site,ghcn_SWM00002485,NDJFM,snow_depth,value,16,0.1853,0.4921
site,ghcn_SWM00002485,NDJFM,snow_max,value,16,0.0251,0.9265
site,ghcn_SWM00002485,NDJFM,thaw_days,value,75,0.0069,0.9529
site,ghcn_SWM00002485,NDJFM,thaw_days,anom,75,0.0069,0.9529
site,ghcn_SWM00002485,NDJFM,thaw_days,anom_dt,75,0.0219,0.8522
site,ghcn_SWM00002485,NDJFM,tmax_mean,value,75,0.0369,0.7530
site,ghcn_SWM00002485,NDJFM,tmax_mean,anom,75,0.0369,0.7530
site,ghcn_SWM00002485,NDJFM,tmax_mean,anom_dt,75,0.0198,0.8664
site,ghcn_SWM00002485,NDJFM,tmean,value,75,0.0336,0.7746
site,ghcn_SWM00002485,NDJFM,tmean,anom,75,0.0337,0.7740
site,ghcn_SWM00002485,NDJFM,tmean,anom_dt,75,0.0227,0.8469
site,ghcn_SWM00002485,NDJFM,tmin_mean,value,75,0.0454,0.6992
site,ghcn_SWM00002485,NDJFM,tmin_mean,anom,75,0.0454,0.6992
site,ghcn_SWM00002485,NDJFM,tmin_mean,anom_dt,75,0.0441,0.7070
site,om_goteborg,DJF,frost_days,value,77,0.0198,0.8643
site,om_goteborg,DJF,frost_days,anom,77,0.0198,0.8643
site,om_goteborg,DJF,frost_days,anom_dt,77,0.0139,0.9046
site,om_goteborg,DJF,ice_days,value,77,-0.0065,0.9551
site,om_goteborg,DJF,ice_days,anom,77,-0.0065,0.9551
site,om_goteborg,DJF,ice_days,anom_dt,77,-0.0284,0.8062
site,om_goteborg,DJF,precip,value,77,0.0394,0.7337
site,om_goteborg,DJF,precip,anom,77,0.0394,0.7337
site,om_goteborg,DJF,precip,anom_dt,77,0.0401,0.7292
site,om_goteborg,DJF,precip_days,value,77,0.0304,0.7931
site,om_goteborg,DJF,precip_days,anom,77,0.0304,0.7931
site,om_goteborg,DJF,precip_days,anom_dt,77,0.0301,0.7951
site,om_goteborg,DJF,thaw_days,value,77,0.0008,0.9945
site,om_goteborg,DJF,thaw_days,anom,77,0.0008,0.9945
site,om_goteborg,DJF,thaw_days,anom_dt,77,0.0179,0.8770
site,om_goteborg,DJF,tmax_mean,value,77,-0.0032,0.9777
site,om_goteborg,DJF,tmax_mean,anom,77,-0.0028,0.9807
site,om_goteborg,DJF,tmax_mean,anom_dt,77,0.0068,0.9531
site,om_goteborg,DJF,tmean,value,77,0.0050,0.9654
site,om_goteborg,DJF,tmean,anom,77,0.0050,0.9654
site,om_goteborg,DJF,tmean,anom_dt,77,0.0070,0.9521
site,om_goteborg,DJF,tmin_mean,value,77,0.0211,0.8553
site,om_goteborg,DJF,tmin_mean,anom,77,0.0211,0.8553
site,om_goteborg,DJF,tmin_mean,anom_dt,77,0.0046,0.9683
site,om_goteborg,JFM,frost_days,value,77,-0.0350,0.7624
site,om_goteborg,JFM,frost_days,anom,77,-0.0350,0.7624
site,om_goteborg,JFM,frost_days,anom_dt,77,-0.0447,0.6997
site,om_goteborg,JFM,ice_days,value,77,0.0133,0.9084
site,om_goteborg,JFM,ice_days,anom,77,0.0133,0.9084
site,om_goteborg,JFM,ice_days,anom_dt,77,0.0097,0.9334
site,om_goteborg,JFM,precip,value,77,0.0437,0.7059
site,om_goteborg,JFM,precip,anom,77,0.0437,0.7059
site,om_goteborg,JFM,precip,anom_dt,77,0.0806,0.4861
site,om_goteborg,JFM,precip_days,value,77,0.0654,0.5719
site,om_goteborg,JFM,precip_days,anom,77,0.0654,0.5719
site,om_goteborg,JFM,precip_days,anom_dt,77,0.0650,0.5746
site,om_goteborg,JFM,thaw_days,value,77,-0.0134,0.9081
site,om_goteborg,JFM,thaw_days,anom,77,-0.0134,0.9081
site,om_goteborg,JFM,thaw_days,anom_dt,77,-0.0162,0.8891
site,om_goteborg,JFM,tmax_mean,value,77,0.0040,0.9724
site,om_goteborg,JFM,tmax_mean,anom,77,0.0040,0.9724
site,om_goteborg,JFM,tmax_mean,anom_dt,77,0.0100,0.9310
site,om_goteborg,JFM,tmean,value,77,-0.0029,0.9804
site,om_goteborg,JFM,tmean,anom,77,-0.0029,0.9804
site,om_goteborg,JFM,tmean,anom_dt,77,0.0010,0.9932
site,om_goteborg,JFM,tmin_mean,value,77,-0.0030,0.9793
site,om_goteborg,JFM,tmin_mean,anom,77,-0.0030,0.9793
site,om_goteborg,JFM,tmin_mean,anom_dt,77,0.0100,0.9311
site,om_goteborg,NDJFM,frost_days,value,77,-0.0733,0.5266
site,om_goteborg,NDJFM,frost_days,anom,77,-0.0733,0.5266
site,om_goteborg,NDJFM,frost_days,anom_dt,77,-0.0653,0.5724
site,om_goteborg,NDJFM,ice_days,value,77,-0.0400,0.7300
site,om_goteborg,NDJFM,ice_days,anom,77,-0.0400,0.7300
site,om_goteborg,NDJFM,ice_days,anom_dt,77,-0.0349,0.7634
site,om_goteborg,NDJFM,precip,value,77,0.1204,0.2970
site,om_goteborg,NDJFM,precip,anom,77,0.1204,0.2970
site,om_goteborg,NDJFM,precip,anom_dt,77,0.1357,0.2392
site,om_goteborg,NDJFM,precip_days,value,77,0.0662,0.5675
site,om_goteborg,NDJFM,precip_days,anom,77,0.0662,0.5675
site,om_goteborg,NDJFM,precip_days,anom_dt,77,0.0813,0.4823
site,om_goteborg,NDJFM,thaw_days,value,77,0.0351,0.7616
site,om_goteborg,NDJFM,thaw_days,anom,77,0.0351,0.7616
site,om_goteborg,NDJFM,thaw_days,anom_dt,77,0.0333,0.7738
site,om_goteborg,NDJFM,tmax_mean,value,77,0.0166,0.8861
site,om_goteborg,NDJFM,tmax_mean,anom,77,0.0166,0.8861
site,om_goteborg,NDJFM,tmax_mean,anom_dt,77,0.0286,0.8049
site,om_goteborg,NDJFM,tmean,value,77,0.0257,0.8247
site,om_goteborg,NDJFM,tmean,anom,77,0.0257,0.8247
site,om_goteborg,NDJFM,tmean,anom_dt,77,0.0447,0.6997
site,om_goteborg,NDJFM,tmin_mean,value,77,0.0492,0.6710
site,om_goteborg,NDJFM,tmin_mean,anom,77,0.0492,0.6710
site,om_goteborg,NDJFM,tmin_mean,anom_dt,77,0.0497,0.6675
site,om_malmo,DJF,frost_days,value,77,0.0394,0.7335
site,om_malmo,DJF,frost_days,anom,77,0.0394,0.7335
site,om_malmo,DJF,frost_days,anom_dt,77,0.0178,0.8780
site,om_malmo,DJF,ice_days,value,77,0.0079,0.9455
site,om_malmo,DJF,ice_days,anom,77,0.0079,0.9455
site,om_malmo,DJF,ice_days,anom_dt,77,0.0189,0.8703
site,om_malmo,DJF,precip,value,77,0.1122,0.3312
site,om_malmo,DJF,precip,anom,77,0.1122,0.3312
site,om_malmo,DJF,precip,anom_dt,77,0.1077,0.3511
site,om_malmo,DJF,precip_days,value,77,0.1621,0.1589
site,om_malmo,DJF,precip_days,anom,77,0.1621,0.1589
site,om_malmo,DJF,precip_days,anom_dt,77,0.1551,0.1780
site,om_malmo,DJF,thaw_days,value,77,-0.0137,0.9058
site,om_malmo,DJF,thaw_days,anom,77,-0.0137,0.9058
site,om_malmo,DJF,thaw_days,anom_dt,77,-0.0347,0.7644
site,om_malmo,DJF,tmax_mean,value,77,0.0292,0.8008
site,om_malmo,DJF,tmax_mean,anom,77,0.0291,0.8016
site,om_malmo,DJF,tmax_mean,anom_dt,77,0.0415,0.7200
site,om_malmo,DJF,tmean,value,77,0.0272,0.8146
site,om_malmo,DJF,tmean,anom,77,0.0272,0.8146
site,om_malmo,DJF,tmean,anom_dt,77,0.0332,0.7743
site,om_malmo,DJF,tmin_mean,value,77,0.0264,0.8196
site,om_malmo,DJF,tmin_mean,anom,77,0.0264,0.8196
site,om_malmo,DJF,tmin_mean,anom_dt,77,0.0298,0.7967
site,om_malmo,JFM,frost_days,value,77,0.0030,0.9792
site,om_malmo,JFM,frost_days,anom,77,0.0030,0.9792
site,om_malmo,JFM,frost_days,anom_dt,77,-0.0208,0.8577
site,om_malmo,JFM,ice_days,value,77,0.0321,0.7815
site,om_malmo,JFM,ice_days,anom,77,0.0321,0.7815
site,om_malmo,JFM,ice_days,anom_dt,77,0.0398,0.7308
site,om_malmo,JFM,precip,value,77,0.1145,0.3212
site,om_malmo,JFM,precip,anom,77,0.1145,0.3212
site,om_malmo,JFM,precip,anom_dt,77,0.1377,0.2324
site,om_malmo,JFM,precip_days,value,77,0.1762,0.1253
site,om_malmo,JFM,precip_days,anom,77,0.1762,0.1253
site,om_malmo,JFM,precip_days,anom_dt,77,0.1771,0.1233
site,om_malmo,JFM,thaw_days,value,77,-0.0455,0.6942
site,om_malmo,JFM,thaw_days,anom,77,-0.0455,0.6942
site,om_malmo,JFM,thaw_days,anom_dt,77,-0.0424,0.7142
site,om_malmo,JFM,tmax_mean,value,77,0.0305,0.7924
site,om_malmo,JFM,tmax_mean,anom,77,0.0305,0.7924
site,om_malmo,JFM,tmax_mean,anom_dt,77,0.0120,0.9172
site,om_malmo,JFM,tmean,value,77,0.0262,0.8212
site,om_malmo,JFM,tmean,anom,77,0.0262,0.8212
site,om_malmo,JFM,tmean,anom_dt,77,0.0397,0.7317
site,om_malmo,JFM,tmin_mean,value,77,0.0248,0.8306
site,om_malmo,JFM,tmin_mean,anom,77,0.0248,0.8306
site,om_malmo,JFM,tmin_mean,anom_dt,77,0.0516,0.6559
site,om_malmo,NDJFM,frost_days,value,77,-0.0350,0.7624
site,om_malmo,NDJFM,frost_days,anom,77,-0.0350,0.7624
site,om_malmo,NDJFM,frost_days,anom_dt,77,-0.0530,0.6472
site,om_malmo,NDJFM,ice_days,value,77,-0.0043,0.9701
site,om_malmo,NDJFM,ice_days,anom,77,-0.0043,0.9701
site,om_malmo,NDJFM,ice_days,anom_dt,77,0.0153,0.8950
site,om_malmo,NDJFM,precip,value,77,0.1986,0.0834
site,om_malmo,NDJFM,precip,anom,77,0.1986,0.0834
site,om_malmo,NDJFM,precip,anom_dt,77,0.2033,0.0762
site,om_malmo,NDJFM,precip_days,value,77,0.2395,0.0359
site,om_malmo,NDJFM,precip_days,anom,77,0.2395,0.0359
site,om_malmo,NDJFM,precip_days,anom_dt,77,0.2381,0.0370
site,om_malmo,NDJFM,thaw_days,value,77,-0.0063,0.9569
site,om_malmo,NDJFM,thaw_days,anom,77,-0.0063,0.9569
site,om_malmo,NDJFM,thaw_days,anom_dt,77,-0.0291,0.8014
site,om_malmo,NDJFM,tmax_mean,value,77,0.0370,0.7497
site,om_malmo,NDJFM,tmax_mean,anom,77,0.0370,0.7497
site,om_malmo,NDJFM,tmax_mean,anom_dt,77,0.0612,0.5971
site,om_malmo,NDJFM,tmean,value,77,0.0736,0.5244
site,om_malmo,NDJFM,tmean,anom,77,0.0736,0.5244
site,om_malmo,NDJFM,tmean,anom_dt,77,0.0765,0.5082
site,om_malmo,NDJFM,tmin_mean,value,77,0.0700,0.5450
site,om_malmo,NDJFM,tmin_mean,anom,77,0.0700,0.5450
site,om_malmo,NDJFM,tmin_mean,anom_dt,77,0.0970,0.4012
site,om_stockholm,DJF,frost_days,value,77,-0.0231,0.8421
site,om_stockholm,DJF,frost_days,anom,77,-0.0231,0.8421
site,om_stockholm,DJF,frost_days,anom_dt,77,-0.0088,0.9394
site,om_stockholm,DJF,ice_days,value,77,-0.0183,0.8747
site,om_stockholm,DJF,ice_days,anom,77,-0.0183,0.8747
site,om_stockholm,DJF,ice_days,anom_dt,77,-0.0124,0.9149
site,om_stockholm,DJF,precip,value,77,-0.0879,0.4471
site,om_stockholm,DJF,precip,anom,77,-0.0879,0.4471
site,om_stockholm,DJF,precip,anom_dt,77,-0.0800,0.4889
site,om_stockholm,DJF,precip_days,value,77,-0.0258,0.8235
site,om_stockholm,DJF,precip_days,anom,77,-0.0258,0.8235
site,om_stockholm,DJF,precip_days,anom_dt,77,-0.0289,0.8027
site,om_stockholm,DJF,thaw_days,value,77,0.0257,0.8243
site,om_stockholm,DJF,thaw_days,anom,77,0.0257,0.8243
site,om_stockholm,DJF,thaw_days,anom_dt,77,0.0056,0.9614
site,om_stockholm,DJF,tmax_mean,value,77,0.0103,0.9290
site,om_stockholm,DJF,tmax_mean,anom,77,0.0103,0.9290
site,om_stockholm,DJF,tmax_mean,anom_dt,77,0.0097,0.9332
site,om_stockholm,DJF,tmean,value,77,0.0084,0.9424
site,om_stockholm,DJF,tmean,anom,77,0.0084,0.9424
site,om_stockholm,DJF,tmean,anom_dt,77,-0.0004,0.9976
site,om_stockholm,DJF,tmin_mean,value,77,-0.0027,0.9814
site,om_stockholm,DJF,tmin_mean,anom,77,-0.0027,0.9814
site,om_stockholm,DJF,tmin_mean,anom_dt,77,-0.0038,0.9739
site,om_stockholm,JFM,frost_days,value,77,-0.0372,0.7481
site,om_stockholm,JFM,frost_days,anom,77,-0.0372,0.7481
site,om_stockholm,JFM,frost_days,anom_dt,77,-0.0668,0.5639
site,om_stockholm,JFM,ice_days,value,77,0.0203,0.8611
site,om_stockholm,JFM,ice_days,anom,77,0.0203,0.8611
site,om_stockholm,JFM,ice_days,anom_dt,77,-0.0036,0.9752
site,om_stockholm,JFM,precip,value,77,0.1020,0.3772
site,om_stockholm,JFM,precip,anom,77,0.1020,0.3772
site,om_stockholm,JFM,precip,anom_dt,77,0.0960,0.4063
site,om_stockholm,JFM,precip_days,value,77,0.1469,0.2024
site,om_stockholm,JFM,precip_days,anom,77,0.1469,0.2024
site,om_stockholm,JFM,precip_days,anom_dt,77,0.1529,0.1844
site,om_stockholm,JFM,thaw_days,value,77,-0.0093,0.9361
site,om_stockholm,JFM,thaw_days,anom,77,-0.0093,0.9361
site,om_stockholm,JFM,thaw_days,anom_dt,77,0.0073,0.9497
site,om_stockholm,JFM,tmax_mean,value,77,-0.0078,0.9464
site,om_stockholm,JFM,tmax_mean,anom,77,-0.0078,0.9464
site,om_stockholm,JFM,tmax_mean,anom_dt,77,-0.0055,0.9618
site,om_stockholm,JFM,tmean,value,77,-0.0114,0.9217
site,om_stockholm,JFM,tmean,anom,77,-0.0114,0.9217
site,om_stockholm,JFM,tmean,anom_dt,77,0.0007,0.9953
site,om_stockholm,JFM,tmin_mean,value,77,-0.0237,0.8378
site,om_stockholm,JFM,tmin_mean,anom,77,-0.0237,0.8378
site,om_stockholm,JFM,tmin_mean,anom_dt,77,-0.0064,0.9561
site,om_stockholm,NDJFM,frost_days,value,77,-0.0776,0.5022
site,om_stockholm,NDJFM,frost_days,anom,77,-0.0776,0.5022
site,om_stockholm,NDJFM,frost_days,anom_dt,77,-0.0713,0.5380
site,om_stockholm,NDJFM,ice_days,value,77,-0.0076,0.9476
site,om_stockholm,NDJFM,ice_days,anom,77,-0.0076,0.9476
site,om_stockholm,NDJFM,ice_days,anom_dt,77,-0.0232,0.8414
site,om_stockholm,NDJFM,precip,value,77,-0.0199,0.8634
site,om_stockholm,NDJFM,precip,anom,77,-0.0199,0.8634
site,om_stockholm,NDJFM,precip,anom_dt,77,-0.0243,0.8337
site,om_stockholm,NDJFM,precip_days,value,77,0.0798,0.4903
site,om_stockholm,NDJFM,precip_days,anom,77,0.0798,0.4903
site,om_stockholm,NDJFM,precip_days,anom_dt,77,0.0744,0.5202
site,om_stockholm,NDJFM,thaw_days,value,77,0.0186,0.8721
site,om_stockholm,NDJFM,thaw_days,anom,77,0.0186,0.8721
site,om_stockholm,NDJFM,thaw_days,anom_dt,77,0.0308,0.7905
site,om_stockholm,NDJFM,tmax_mean,value,77,0.0135,0.9070
site,om_stockholm,NDJFM,tmax_mean,anom,77,0.0135,0.9070
site,om_stockholm,NDJFM,tmax_mean,anom_dt,77,0.0231,0.8420
site,om_stockholm,NDJFM,tmean,value,77,0.0204,0.8600
site,om_stockholm,NDJFM,tmean,anom,77,0.0204,0.8600
site,om_stockholm,NDJFM,tmean,anom_dt,77,0.0300,0.7956
site,om_stockholm,NDJFM,tmin_mean,value,77,0.0314,0.7860
site,om_stockholm,NDJFM,tmin_mean,anom,77,0.0314,0.7860
site,om_stockholm,NDJFM,tmin_mean,anom_dt,77,0.0425,0.7134
country,DK,DJF,frost_days,value,71,0.0038,0.9748
country,DK,DJF,frost_days,anom,71,0.0073,0.9518
country,DK,DJF,frost_days,anom_dt,71,0.0178,0.8831
country,DK,DJF,ice_days,value,62,0.0817,0.5279
country,DK,DJF,ice_days,anom,62,0.0795,0.5393
country,DK,DJF,ice_days,anom_dt,62,0.0666,0.6072
country,DK,DJF,precip,value,76,0.0670,0.5655
country,DK,DJF,precip,anom,76,0.0504,0.6658
country,DK,DJF,precip,anom_dt,76,0.0614,0.5985
country,DK,DJF,precip_days,value,76,0.0356,0.7601
country,DK,DJF,precip_days,anom,76,-0.0167,0.8860
country,DK,DJF,precip_days,anom_dt,76,0.0533,0.6475
country,DK,DJF,thaw_days,value,62,-0.0770,0.5517
country,DK,DJF,thaw_days,anom,62,-0.0767,0.5533
country,DK,DJF,thaw_days,anom_dt,62,-0.0599,0.6440
country,DK,DJF,tmax_mean,value,62,-0.0382,0.7681
country,DK,DJF,tmax_mean,anom,62,-0.0416,0.7482
country,DK,DJF,tmax_mean,anom_dt,62,-0.0216,0.8678
country,DK,DJF,tmean,value,71,0.0964,0.4238
country,DK,DJF,tmean,anom,54,0.1027,0.4599
country,DK,DJF,tmean,anom_dt,71,0.0989,0.4117
country,DK,DJF,tmin_mean,value,71,0.0468,0.6982
country,DK,DJF,tmin_mean,anom,71,0.0525,0.6639
country,DK,DJF,tmin_mean,anom_dt,71,0.0424,0.7258
country,DK,JFM,frost_days,value,71,-0.0176,0.8841
country,DK,JFM,frost_days,anom,71,-0.0164,0.8921
country,DK,JFM,frost_days,anom_dt,71,-0.0087,0.9424
country,DK,JFM,ice_days,value,61,0.1157,0.3747
country,DK,JFM,ice_days,anom,61,0.1136,0.3835
country,DK,JFM,ice_days,anom_dt,61,0.0928,0.4768
country,DK,JFM,precip,value,75,0.1457,0.2123
country,DK,JFM,precip,anom,75,0.1339,0.2520
country,DK,JFM,precip,anom_dt,75,0.1449,0.2150
country,DK,JFM,precip_days,value,75,0.1358,0.2455
country,DK,JFM,precip_days,anom,75,0.0540,0.6454
country,DK,JFM,precip_days,anom_dt,75,0.1271,0.2771
country,DK,JFM,thaw_days,value,61,-0.0919,0.4810
country,DK,JFM,thaw_days,anom,61,-0.0990,0.4476
country,DK,JFM,thaw_days,anom_dt,61,-0.0777,0.5518
country,DK,JFM,tmax_mean,value,61,-0.0371,0.7767
country,DK,JFM,tmax_mean,anom,61,-0.0469,0.7194
country,DK,JFM,tmax_mean,anom_dt,61,-0.0303,0.8167
country,DK,JFM,tmean,value,74,0.0369,0.7548
country,DK,JFM,tmean,anom,74,0.0490,0.6785
country,DK,JFM,tmean,anom_dt,74,0.0674,0.5682
country,DK,JFM,tmin_mean,value,71,0.0326,0.7873
country,DK,JFM,tmin_mean,anom,71,0.0311,0.7968
country,DK,JFM,tmin_mean,anom_dt,71,0.0262,0.8286
country,DK,NDJFM,frost_days,value,71,-0.0364,0.7633
country,DK,NDJFM,frost_days,anom,71,-0.0464,0.7007
country,DK,NDJFM,frost_days,anom_dt,71,-0.0460,0.7035
country,DK,NDJFM,ice_days,value,61,0.0655,0.6161
country,DK,NDJFM,ice_days,anom,61,0.0663,0.6116
country,DK,NDJFM,ice_days,anom_dt,61,0.0626,0.6316
country,DK,NDJFM,precip,value,75,0.2066,0.0753
country,DK,NDJFM,precip,anom,75,0.1614,0.1665
country,DK,NDJFM,precip,anom_dt,75,0.1818,0.1186
country,DK,NDJFM,precip_days,value,75,0.0874,0.4561
country,DK,NDJFM,precip_days,anom,75,-0.0046,0.9687
country,DK,NDJFM,precip_days,anom_dt,75,0.0800,0.4950
country,DK,NDJFM,thaw_days,value,61,-0.0587,0.6534
country,DK,NDJFM,thaw_days,anom,61,-0.0541,0.6791
country,DK,NDJFM,thaw_days,anom_dt,61,-0.0449,0.7310
country,DK,NDJFM,tmax_mean,value,61,-0.0151,0.9081
country,DK,NDJFM,tmax_mean,anom,61,-0.0159,0.9029
country,DK,NDJFM,tmax_mean,anom_dt,61,0.0055,0.9663
country,DK,NDJFM,tmean,value,73,0.1111,0.3492
country,DK,NDJFM,tmean,anom,54,0.1321,0.3410
country,DK,NDJFM,tmean,anom_dt,73,0.1473,0.2136
country,DK,NDJFM,tmin_mean,value,71,0.0930,0.4406
country,DK,NDJFM,tmin_mean,anom,71,0.1082,0.3692
country,DK,NDJFM,tmin_mean,anom_dt,71,0.1024,0.3953
country,FI,DJF,frost_days,value,77,0.0221,0.8490
country,FI,DJF,frost_days,anom,77,0.0378,0.7439
country,FI,DJF,frost_days,anom_dt,77,-0.0119,0.9183
country,FI,DJF,ice_days,value,77,-0.0623,0.5902
country,FI,DJF,ice_days,anom,77,-0.0527,0.6489
country,FI,DJF,ice_days,anom_dt,77,-0.0647,0.5763
country,FI,DJF,precip,value,77,-0.1303,0.2588
country,FI,DJF,precip,anom,77,-0.1290,0.2635
country,FI,DJF,precip,anom_dt,77,-0.1152,0.3186
country,FI,DJF,precip_days,value,77,-0.1074,0.3524
country,FI,DJF,precip_days,anom,77,-0.1054,0.3617
country,FI,DJF,precip_days,anom_dt,77,-0.0974,0.3996
country,FI,DJF,rain_on_snow_days,value,77,-0.0340,0.7691
country,FI,DJF,rain_on_snow_days,anom,77,-0.0158,0.8915
country,FI,DJF,rain_on_snow_days,anom_dt,77,-0.0361,0.7555
country,FI,DJF,snow_cover_days,value,77,-0.1250,0.2788
country,FI,DJF,snow_cover_days,anom,77,-0.1014,0.3804
country,FI,DJF,snow_cover_days,anom_dt,77,-0.1459,0.2056
country,FI,DJF,snow_depth,value,77,-0.0605,0.6014
country,FI,DJF,snow_depth,anom,77,-0.0285,0.8055
country,FI,DJF,snow_depth,anom_dt,77,-0.0364,0.7534
country,FI,DJF,snow_max,value,77,-0.0527,0.6488
country,FI,DJF,snow_max,anom,77,-0.0208,0.8576
country,FI,DJF,snow_max,anom_dt,77,-0.0398,0.7313
country,FI,DJF,thaw_days,value,77,0.0720,0.5336
country,FI,DJF,thaw_days,anom,77,0.0571,0.6221
country,FI,DJF,thaw_days,anom_dt,77,0.0648,0.5755
country,FI,DJF,tmax_mean,value,77,0.0194,0.8673
country,FI,DJF,tmax_mean,anom,77,0.0149,0.8974
country,FI,DJF,tmax_mean,anom_dt,77,0.0342,0.7680
country,FI,DJF,tmean,value,77,0.0226,0.8454
country,FI,DJF,tmean,anom,77,0.0140,0.9039
country,FI,DJF,tmean,anom_dt,77,0.0268,0.8170
country,FI,DJF,tmin_mean,value,77,-0.0056,0.9613
country,FI,DJF,tmin_mean,anom,77,-0.0010,0.9930
country,FI,DJF,tmin_mean,anom_dt,77,0.0064,0.9560
country,FI,JFM,frost_days,value,77,-0.1213,0.2933
country,FI,JFM,frost_days,anom,77,-0.1161,0.3145
country,FI,JFM,frost_days,anom_dt,77,-0.1566,0.1739
country,FI,JFM,ice_days,value,77,-0.0737,0.5239
country,FI,JFM,ice_days,anom,77,-0.0616,0.5948
country,FI,JFM,ice_days,anom_dt,77,-0.1133,0.3267
country,FI,JFM,precip,value,77,0.0089,0.9388
country,FI,JFM,precip,anom,77,0.0152,0.8958
country,FI,JFM,precip,anom_dt,77,-0.0072,0.9505
country,FI,JFM,precip_days,value,77,0.0109,0.9252
country,FI,JFM,precip_days,anom,77,0.0384,0.7403
country,FI,JFM,precip_days,anom_dt,77,0.0249,0.8301
country,FI,JFM,rain_on_snow_days,value,77,0.0854,0.4604
country,FI,JFM,rain_on_snow_days,anom,77,0.0923,0.4248
country,FI,JFM,rain_on_snow_days,anom_dt,77,0.1083,0.3486
country,FI,JFM,snow_cover_days,value,77,-0.1504,0.1918
country,FI,JFM,snow_cover_days,anom,77,-0.1085,0.3476
country,FI,JFM,snow_cover_days,anom_dt,77,-0.1255,0.2769
country,FI,JFM,snow_depth,value,77,-0.0588,0.6115
country,FI,JFM,snow_depth,anom,77,-0.0359,0.7566
country,FI,JFM,snow_depth,anom_dt,77,-0.0706,0.5418
country,FI,JFM,snow_max,value,77,-0.1027,0.3741
country,FI,JFM,snow_max,anom,77,-0.0327,0.7774
country,FI,JFM,snow_max,anom_dt,77,-0.1235,0.2847
country,FI,JFM,thaw_days,value,77,0.0733,0.5266
country,FI,JFM,thaw_days,anom,77,0.0682,0.5556
country,FI,JFM,thaw_days,anom_dt,77,0.1170,0.3111
country,FI,JFM,tmax_mean,value,77,0.0443,0.7019
country,FI,JFM,tmax_mean,anom,77,0.0406,0.7259
country,FI,JFM,tmax_mean,anom_dt,77,0.0154,0.8941
country,FI,JFM,tmean,value,77,0.0263,0.8206
country,FI,JFM,tmean,anom,77,0.0183,0.8747
country,FI,JFM,tmean,anom_dt,77,0.0099,0.9318
country,FI,JFM,tmin_mean,value,77,0.0122,0.9159
country,FI,JFM,tmin_mean,anom,77,0.0012,0.9920
country,FI,JFM,tmin_mean,anom_dt,77,0.0001,0.9996
country,FI,NDJFM,frost_days,value,77,-0.0861,0.4568
country,FI,NDJFM,frost_days,anom,77,-0.0632,0.5853
country,FI,NDJFM,frost_days,anom_dt,77,-0.0992,0.3906
country,FI,NDJFM,ice_days,value,77,-0.0681,0.5561
country,FI,NDJFM,ice_days,anom,77,-0.0468,0.6863
country,FI,NDJFM,ice_days,anom_dt,77,-0.0624,0.5899
country,FI,NDJFM,precip,value,77,-0.0430,0.7106
country,FI,NDJFM,precip,anom,77,-0.0515,0.6565
country,FI,NDJFM,precip,anom_dt,77,-0.0463,0.6894
country,FI,NDJFM,precip_days,value,77,-0.0215,0.8530
country,FI,NDJFM,precip_days,anom,77,-0.0321,0.7814
country,FI,NDJFM,precip_days,anom_dt,77,-0.0317,0.7844
country,FI,NDJFM,rain_on_snow_days,value,77,0.0920,0.4259
country,FI,NDJFM,rain_on_snow_days,anom,77,0.0845,0.4648
country,FI,NDJFM,rain_on_snow_days,anom_dt,77,0.0865,0.4543
country,FI,NDJFM,snow_cover_days,value,77,-0.1333,0.2479
country,FI,NDJFM,snow_cover_days,anom,77,-0.1166,0.3127
country,FI,NDJFM,snow_cover_days,anom_dt,77,-0.1475,0.2005
country,FI,NDJFM,snow_depth,value,77,-0.0602,0.6027
country,FI,NDJFM,snow_depth,anom,77,-0.0101,0.9305
country,FI,NDJFM,snow_depth,anom_dt,77,-0.0585,0.6133
country,FI,NDJFM,snow_max,value,77,-0.1029,0.3733
country,FI,NDJFM,snow_max,anom,77,-0.0395,0.7332
country,FI,NDJFM,snow_max,anom_dt,77,-0.1205,0.2964
country,FI,NDJFM,thaw_days,value,77,0.0776,0.5023
country,FI,NDJFM,thaw_days,anom,77,0.0522,0.6518
country,FI,NDJFM,thaw_days,anom_dt,77,0.0737,0.5243
country,FI,NDJFM,tmax_mean,value,77,0.0509,0.6604
country,FI,NDJFM,tmax_mean,anom,77,0.0404,0.7272
country,FI,NDJFM,tmax_mean,anom_dt,77,0.0476,0.6812
country,FI,NDJFM,tmean,value,77,0.0499,0.6665
country,FI,NDJFM,tmean,anom,77,0.0420,0.7171
country,FI,NDJFM,tmean,anom_dt,77,0.0553,0.6326
country,FI,NDJFM,tmin_mean,value,77,0.0495,0.6687
country,FI,NDJFM,tmin_mean,anom,77,0.0376,0.7454
country,FI,NDJFM,tmin_mean,anom_dt,77,0.0484,0.6758
country,IS,DJF,frost_days,value,77,-0.0358,0.7569
country,IS,DJF,frost_days,anom,77,-0.0455,0.6942
country,IS,DJF,frost_days,anom_dt,77,-0.0404,0.7270
country,IS,DJF,ice_days,value,77,0.0280,0.8092
country,IS,DJF,ice_days,anom,77,0.0025,0.9826
country,IS,DJF,ice_days,anom_dt,77,0.0262,0.8210
country,IS,DJF,precip,value,50,-0.0206,0.8871
country,IS,DJF,precip,anom_dt,50,-0.0394,0.7860
country,IS,DJF,precip_days,value,50,-0.1134,0.4328
country,IS,DJF,precip_days,anom_dt,50,-0.1337,0.3545
country,IS,DJF,thaw_days,value,77,-0.0242,0.8347
country,IS,DJF,thaw_days,anom,77,0.0014,0.9907
country,IS,DJF,thaw_days,anom_dt,77,-0.0329,0.7764
country,IS,DJF,tmax_mean,value,77,-0.0113,0.9224
country,IS,DJF,tmax_mean,anom,77,-0.0048,0.9670
country,IS,DJF,tmax_mean,anom_dt,77,-0.0205,0.8595
country,IS,DJF,tmean,value,77,0.0039,0.9732
country,IS,DJF,tmean,anom,77,0.0029,0.9800
country,IS,DJF,tmean,anom_dt,77,-0.0192,0.8684
country,IS,DJF,tmin_mean,value,77,0.0454,0.6948
country,IS,DJF,tmin_mean,anom,77,0.0658,0.5695
country,IS,DJF,tmin_mean,anom_dt,77,0.0455,0.6942
country,IS,JFM,frost_days,value,77,0.0252,0.8280
country,IS,JFM,frost_days,anom,77,0.0308,0.7901
country,IS,JFM,frost_days,anom_dt,77,0.0388,0.7375
country,IS,JFM,ice_days,value,77,0.0837,0.4690
country,IS,JFM,ice_days,anom,77,0.0764,0.5091
country,IS,JFM,ice_days,anom_dt,77,0.0589,0.6111
country,IS,JFM,precip,value,50,0.0266,0.8545
country,IS,JFM,precip,anom_dt,50,-0.0146,0.9196
country,IS,JFM,precip_days,value,50,-0.0668,0.6448
country,IS,JFM,precip_days,anom_dt,50,-0.0635,0.6614
country,IS,JFM,thaw_days,value,77,-0.0752,0.5159
country,IS,JFM,thaw_days,anom,77,-0.0723,0.5322
country,IS,JFM,thaw_days,anom_dt,77,-0.0637,0.5821
country,IS,JFM,tmax_mean,value,77,-0.0547,0.6366
country,IS,JFM,tmax_mean,anom,77,-0.0634,0.5838
country,IS,JFM,tmax_mean,anom_dt,77,-0.0763,0.5097
country,IS,JFM,tmean,value,77,-0.0613,0.5965
country,IS,JFM,tmean,anom,77,-0.0598,0.6054
country,IS,JFM,tmean,anom_dt,77,-0.0869,0.4526
country,IS,JFM,tmin_mean,value,77,-0.0482,0.6769
country,IS,JFM,tmin_mean,anom,77,-0.0317,0.7842
country,IS,JFM,tmin_mean,anom_dt,77,-0.0418,0.7179
country,IS,NDJFM,frost_days,value,77,-0.0973,0.4001
country,IS,NDJFM,frost_days,anom,77,-0.1197,0.2999
country,IS,NDJFM,frost_days,anom_dt,77,-0.1162,0.3144
country,IS,NDJFM,ice_days,value,77,0.0012,0.9919
country,IS,NDJFM,ice_days,anom,77,-0.0113,0.9221
country,IS,NDJFM,ice_days,anom_dt,77,-0.0306,0.7916
country,IS,NDJFM,precip,value,48,0.0815,0.5820
country,IS,NDJFM,precip,anom_dt,48,0.0829,0.5754
country,IS,NDJFM,precip_days,value,48,-0.0402,0.7862
country,IS,NDJFM,precip_days,anom_dt,48,-0.0307,0.8361
country,IS,NDJFM,thaw_days,value,77,-0.0126,0.9134
country,IS,NDJFM,thaw_days,anom,77,0.0111,0.9236
country,IS,NDJFM,thaw_days,anom_dt,77,0.0261,0.8216
country,IS,NDJFM,tmax_mean,value,77,0.0035,0.9757
country,IS,NDJFM,tmax_mean,anom,77,0.0061,0.9578
country,IS,NDJFM,tmax_mean,anom_dt,77,-0.0054,0.9625
country,IS,NDJFM,tmean,value,77,0.0320,0.7824
country,IS,NDJFM,tmean,anom,77,0.0330,0.7754
country,IS,NDJFM,tmean,anom_dt,77,0.0258,0.8240
country,IS,NDJFM,tmin_mean,value,77,0.0731,0.5273
country,IS,NDJFM,tmin_mean,anom,77,0.0980,0.3964
country,IS,NDJFM,tmin_mean,anom_dt,77,0.1217,0.2917
country,NO,DJF,frost_days,value,77,-0.0127,0.9124
country,NO,DJF,frost_days,anom,77,0.0002,0.9988
country,NO,DJF,frost_days,anom_dt,77,-0.0402,0.7288
country,NO,DJF,ice_days,value,77,-0.0151,0.8963
country,NO,DJF,ice_days,anom,77,0.0023,0.9844
country,NO,DJF,ice_days,anom_dt,77,0.0099,0.9317
country,NO,DJF,precip,value,77,-0.0161,0.8892
country,NO,DJF,precip,anom,77,0.0208,0.8576
country,NO,DJF,precip,anom_dt,77,0.0142,0.9025
country,NO,DJF,precip_days,value,77,0.0034,0.9764
country,NO,DJF,precip_days,anom,77,0.0285,0.8058
country,NO,DJF,precip_days,anom_dt,77,0.0357,0.7580
country,NO,DJF,rain_on_snow_days,value,77,0.0890,0.4412
country,NO,DJF,rain_on_snow_days,anom,77,0.0529,0.6480
country,NO,DJF,rain_on_snow_days,anom_dt,77,0.0402,0.7287
country,NO,DJF,snow_cover_days,value,77,-0.0355,0.7594
country,NO,DJF,snow_cover_days,anom,77,0.0224,0.8463
country,NO,DJF,snow_cover_days,anom_dt,77,0.0297,0.7974
country,NO,DJF,snow_depth,value,77,-0.0885,0.4442
country,NO,DJF,snow_depth,anom,77,-0.0615,0.5950
country,NO,DJF,snow_depth,anom_dt,77,-0.0609,0.5989
country,NO,DJF,snow_max,value,77,-0.0580,0.6164
country,NO,DJF,snow_max,anom,77,-0.0150,0.8967
country,NO,DJF,snow_max,anom_dt,77,-0.0051,0.9651
country,NO,DJF,thaw_days,value,77,0.0226,0.8450
country,NO,DJF,thaw_days,anom,77,0.0097,0.9335
country,NO,DJF,thaw_days,anom_dt,77,0.0059,0.9594
country,NO,DJF,tmax_mean,value,77,0.0166,0.8859
country,NO,DJF,tmax_mean,anom,77,0.0040,0.9725
country,NO,DJF,tmax_mean,anom_dt,77,-0.0014,0.9904
country,NO,DJF,tmean,value,77,0.0060,0.9586
country,NO,DJF,tmean,anom,77,-0.0017,0.9885
country,NO,DJF,tmean,anom_dt,77,-0.0035,0.9758
country,NO,DJF,tmin_mean,value,77,0.0007,0.9952
country,NO,DJF,tmin_mean,anom,77,-0.0105,0.9278
country,NO,DJF,tmin_mean,anom_dt,77,-0.0073,0.9494
country,NO,JFM,frost_days,value,77,-0.0517,0.6554
country,NO,JFM,frost_days,anom,77,-0.0327,0.7780
country,NO,JFM,frost_days,anom_dt,77,-0.0679,0.5575
country,NO,JFM,ice_days,value,77,0.0078,0.9464
country,NO,JFM,ice_days,anom,77,0.0157,0.8925
country,NO,JFM,ice_days,anom_dt,77,0.0137,0.9058
country,NO,JFM,precip,value,77,0.0309,0.7900
country,NO,JFM,precip,anom,77,0.0247,0.8312
country,NO,JFM,precip,anom_dt,77,0.0352,0.7609
country,NO,JFM,precip_days,value,77,0.0356,0.7582
country,NO,JFM,precip_days,anom,77,0.0341,0.7684
country,NO,JFM,precip_days,anom_dt,77,0.0411,0.7227
country,NO,JFM,rain_on_snow_days,value,77,0.0098,0.9328
country,NO,JFM,rain_on_snow_days,anom,77,-0.0093,0.9360
country,NO,JFM,rain_on_snow_days,anom_dt,77,0.0062,0.9572
country,NO,JFM,snow_cover_days,value,77,-0.0475,0.6816
country,NO,JFM,snow_cover_days,anom,77,0.0092,0.9370
country,NO,JFM,snow_cover_days,anom_dt,77,0.0036,0.9754
country,NO,JFM,snow_depth,value,77,-0.0806,0.4861
country,NO,JFM,snow_depth,anom,77,-0.0298,0.7970
country,NO,JFM,snow_depth,anom_dt,77,-0.0171,0.8828
country,NO,JFM,snow_max,value,77,-0.0895,0.4387
country,NO,JFM,snow_max,anom,77,-0.0296,0.7983
country,NO,JFM,snow_max,anom_dt,77,-0.0259,0.8233
country,NO,JFM,thaw_days,value,77,-0.0099,0.9318
country,NO,JFM,thaw_days,anom,77,-0.0196,0.8656
country,NO,JFM,thaw_days,anom_dt,77,-0.0105,0.9281
country,NO,JFM,tmax_mean,value,77,-0.0161,0.8894
country,NO,JFM,tmax_mean,anom,77,-0.0166,0.8858
country,NO,JFM,tmax_mean,anom_dt,77,-0.0041,0.9718
country,NO,JFM,tmean,value,77,-0.0295,0.7987
country,NO,JFM,tmean,anom,77,-0.0195,0.8662
country,NO,JFM,tmean,anom_dt,77,-0.0201,0.8620
country,NO,JFM,tmin_mean,value,77,-0.0147,0.8987
country,NO,JFM,tmin_mean,anom,77,-0.0238,0.8371
country,NO,JFM,tmin_mean,anom_dt,77,-0.0240,0.8357
country,NO,NDJFM,frost_days,value,77,-0.0687,0.5528
country,NO,NDJFM,frost_days,anom,77,-0.0471,0.6843
country,NO,NDJFM,frost_days,anom_dt,77,-0.0545,0.6380
country,NO,NDJFM,ice_days,value,77,-0.0171,0.8824
country,NO,NDJFM,ice_days,anom,77,0.0045,0.9687
country,NO,NDJFM,ice_days,anom_dt,77,-0.0250,0.8293
country,NO,NDJFM,precip,value,77,-0.0704,0.5432
country,NO,NDJFM,precip,anom,77,-0.0492,0.6709
country,NO,NDJFM,precip,anom_dt,77,-0.0478,0.6797
country,NO,NDJFM,precip_days,value,77,-0.0406,0.7260
country,NO,NDJFM,precip_days,anom,77,-0.0203,0.8609
country,NO,NDJFM,precip_days,anom_dt,77,-0.0017,0.9881
country,NO,NDJFM,rain_on_snow_days,value,77,0.0260,0.8227
country,NO,NDJFM,rain_on_snow_days,anom,77,-0.0092,0.9365
country,NO,NDJFM,rain_on_snow_days,anom_dt,77,0.0228,0.8439
country,NO,NDJFM,snow_cover_days,value,77,-0.0334,0.7729
country,NO,NDJFM,snow_cover_days,anom,77,-0.0091,0.9376
country,NO,NDJFM,snow_cover_days,anom_dt,77,-0.0105,0.9275
country,NO,NDJFM,snow_depth,value,77,-0.1089,0.3459
country,NO,NDJFM,snow_depth,anom,77,-0.0740,0.5227
country,NO,NDJFM,snow_depth,anom_dt,77,-0.0691,0.5507
country,NO,NDJFM,snow_max,value,77,-0.0922,0.4250
country,NO,NDJFM,snow_max,anom,77,-0.0313,0.7872
country,NO,NDJFM,snow_max,anom_dt,77,-0.0480,0.6786
country,NO,NDJFM,thaw_days,value,77,0.0214,0.8532
country,NO,NDJFM,thaw_days,anom,77,0.0039,0.9730
country,NO,NDJFM,thaw_days,anom_dt,77,0.0257,0.8247
country,NO,NDJFM,tmax_mean,value,77,0.0256,0.8248
country,NO,NDJFM,tmax_mean,anom,77,0.0169,0.8840
country,NO,NDJFM,tmax_mean,anom_dt,77,0.0083,0.9426
country,NO,NDJFM,tmean,value,77,0.0384,0.7400
country,NO,NDJFM,tmean,anom,77,0.0241,0.8353
country,NO,NDJFM,tmean,anom_dt,77,0.0180,0.8765
country,NO,NDJFM,tmin_mean,value,77,0.0370,0.7492
country,NO,NDJFM,tmin_mean,anom,77,0.0271,0.8147
country,NO,NDJFM,tmin_mean,anom_dt,77,0.0134,0.9082
country,NORDIC,DJF,frost_days,value,77,-0.0071,0.9511
country,NORDIC,DJF,frost_days,anom,77,-0.0014,0.9903
country,NORDIC,DJF,frost_days,anom_dt,77,-0.0145,0.9004
country,NORDIC,DJF,ice_days,value,77,0.0053,0.9636
country,NORDIC,DJF,ice_days,anom,77,-0.0198,0.8641
country,NORDIC,DJF,ice_days,anom_dt,77,-0.0224,0.8466
country,NORDIC,DJF,precip,value,77,-0.0086,0.9407
country,NORDIC,DJF,precip,anom,77,-0.0677,0.5586
country,NORDIC,DJF,precip,anom_dt,77,-0.0667,0.5641
country,NORDIC,DJF,precip_days,value,77,-0.0541,0.6404
country,NORDIC,DJF,precip_days,anom,77,-0.0630,0.5863
country,NORDIC,DJF,precip_days,anom_dt,77,-0.1030,0.3729
country,NORDIC,DJF,rain_on_snow_days,value,77,0.0129,0.9113
country,NORDIC,DJF,rain_on_snow_days,anom,77,-0.0171,0.8830
country,NORDIC,DJF,rain_on_snow_days,anom_dt,77,0.0097,0.9332
country,NORDIC,DJF,snow_cover_days,value,77,-0.0535,0.6443
country,NORDIC,DJF,snow_cover_days,anom,77,-0.0409,0.7241
country,NORDIC,DJF,snow_cover_days,anom_dt,77,-0.0285,0.8056
country,NORDIC,DJF,snow_depth,value,77,-0.0210,0.8560
country,NORDIC,DJF,snow_depth,anom,77,-0.0151,0.8965
country,NORDIC,DJF,snow_depth,anom_dt,77,-0.0033,0.9772
country,NORDIC,DJF,snow_max,value,77,0.0307,0.7908
country,NORDIC,DJF,snow_max,anom,77,0.0462,0.6902
country,NORDIC,DJF,snow_max,anom_dt,77,0.0676,0.5591
country,NORDIC,DJF,thaw_days,value,77,-0.0015,0.9899
country,NORDIC,DJF,thaw_days,anom,77,0.0278,0.8106
country,NORDIC,DJF,thaw_days,anom_dt,77,0.0301,0.7953
country,NORDIC,DJF,tmax_mean,value,77,0.0046,0.9682
country,NORDIC,DJF,tmax_mean,anom,77,0.0329,0.7761
country,NORDIC,DJF,tmax_mean,anom_dt,77,0.0226,0.8453
country,NORDIC,DJF,tmean,value,77,0.0236,0.8382
country,NORDIC,DJF,tmean,anom,77,0.0403,0.7279
country,NORDIC,DJF,tmean,anom_dt,77,0.0288,0.8038
country,NORDIC,DJF,tmin_mean,value,77,0.0173,0.8811
country,NORDIC,DJF,tmin_mean,anom,77,0.0145,0.9005
country,NORDIC,DJF,tmin_mean,anom_dt,77,0.0127,0.9127
country,NORDIC,JFM,frost_days,value,77,-0.0578,0.6177
country,NORDIC,JFM,frost_days,anom,77,-0.0411,0.7224
country,NORDIC,JFM,frost_days,anom_dt,77,-0.0514,0.6571
country,NORDIC,JFM,ice_days,value,77,-0.0040,0.9725
country,NORDIC,JFM,ice_days,anom,77,-0.0141,0.9033
country,NORDIC,JFM,ice_days,anom_dt,77,-0.0291,0.8019
country,NORDIC,JFM,precip,value,77,0.1065,0.3564
country,NORDIC,JFM,precip,anom,77,0.0722,0.5327
country,NORDIC,JFM,precip,anom_dt,77,0.0746,0.5193
country,NORDIC,JFM,precip_days,value,77,0.1105,0.3385
country,NORDIC,JFM,precip_days,anom,77,0.0958,0.4074
country,NORDIC,JFM,precip_days,anom_dt,77,0.0791,0.4939
country,NORDIC,JFM,rain_on_snow_days,value,77,0.1051,0.3629
country,NORDIC,JFM,rain_on_snow_days,anom,77,0.0911,0.4306
country,NORDIC,JFM,rain_on_snow_days,anom_dt,77,0.0736,0.5249
country,NORDIC,JFM,snow_cover_days,value,77,-0.0609,0.5985
country,NORDIC,JFM,snow_cover_days,anom,77,-0.0036,0.9752
country,NORDIC,JFM,snow_cover_days,anom_dt,77,-0.0209,0.8570
country,NORDIC,JFM,snow_depth,value,77,0.0114,0.9216
country,NORDIC,JFM,snow_depth,anom,77,0.0125,0.9142
country,NORDIC,JFM,snow_depth,anom_dt,77,0.0078,0.9463
country,NORDIC,JFM,snow_max,value,77,0.0043,0.9704
country,NORDIC,JFM,snow_max,anom,77,0.0375,0.7460
country,NORDIC,JFM,snow_max,anom_dt,77,0.0069,0.9528
country,NORDIC,JFM,thaw_days,value,77,-0.0015,0.9899
country,NORDIC,JFM,thaw_days,anom,77,0.0063,0.9567
country,NORDIC,JFM,thaw_days,anom_dt,77,0.0256,0.8251
country,NORDIC,JFM,tmax_mean,value,77,-0.0179,0.8769
country,NORDIC,JFM,tmax_mean,anom,77,-0.0111,0.9239
country,NORDIC,JFM,tmax_mean,anom_dt,77,-0.0073,0.9501
country,NORDIC,JFM,tmean,value,77,-0.0064,0.9561
country,NORDIC,JFM,tmean,anom,77,-0.0055,0.9624
country,NORDIC,JFM,tmean,anom_dt,77,-0.0118,0.9186
country,NORDIC,JFM,tmin_mean,value,77,0.0053,0.9636
country,NORDIC,JFM,tmin_mean,anom,77,0.0046,0.9685
country,NORDIC,JFM,tmin_mean,anom_dt,77,0.0049,0.9665
country,NORDIC,NDJFM,frost_days,value,77,-0.0950,0.4111
country,NORDIC,NDJFM,frost_days,anom,77,-0.0973,0.3998
country,NORDIC,NDJFM,frost_days,anom_dt,77,-0.0862,0.4562
country,NORDIC,NDJFM,ice_days,value,77,-0.0181,0.8759
country,NORDIC,NDJFM,ice_days,anom,77,-0.0310,0.7889
country,NORDIC,NDJFM,ice_days,anom_dt,77,-0.0551,0.6339
country,NORDIC,NDJFM,precip,value,77,0.1082,0.3490
country,NORDIC,NDJFM,precip,anom,77,0.0312,0.7874
country,NORDIC,NDJFM,precip,anom_dt,77,0.0208,0.8572
country,NORDIC,NDJFM,precip_days,value,77,0.0657,0.5705
country,NORDIC,NDJFM,precip_days,anom,77,0.0054,0.9629
country,NORDIC,NDJFM,precip_days,anom_dt,77,-0.0094,0.9352
country,NORDIC,NDJFM,rain_on_snow_days,value,77,0.0228,0.8437
country,NORDIC,NDJFM,rain_on_snow_days,anom,77,0.0732,0.5269
country,NORDIC,NDJFM,rain_on_snow_days,anom_dt,77,0.1079,0.3504
country,NORDIC,NDJFM,snow_cover_days,value,77,0.0078,0.9465
country,NORDIC,NDJFM,snow_cover_days,anom,77,-0.0866,0.4538
country,NORDIC,NDJFM,snow_cover_days,anom_dt,77,-0.0564,0.6263
country,NORDIC,NDJFM,snow_depth,value,77,-0.0153,0.8947
country,NORDIC,NDJFM,snow_depth,anom,77,-0.0367,0.7513
country,NORDIC,NDJFM,snow_depth,anom_dt,77,-0.0402,0.7288
country,NORDIC,NDJFM,snow_max,value,77,-0.0418,0.7180
country,NORDIC,NDJFM,snow_max,anom,77,-0.0038,0.9737
country,NORDIC,NDJFM,snow_max,anom_dt,77,-0.0321,0.7819
country,NORDIC,NDJFM,thaw_days,value,77,0.0170,0.8833
country,NORDIC,NDJFM,thaw_days,anom,77,0.0436,0.7068
country,NORDIC,NDJFM,thaw_days,anom_dt,77,0.0584,0.6138
country,NORDIC,NDJFM,tmax_mean,value,77,0.0146,0.8995
country,NORDIC,NDJFM,tmax_mean,anom,77,0.0317,0.7843
country,NORDIC,NDJFM,tmax_mean,anom_dt,77,0.0382,0.7413
country,NORDIC,NDJFM,tmean,value,77,0.0592,0.6090
country,NORDIC,NDJFM,tmean,anom,77,0.0568,0.6236
country,NORDIC,NDJFM,tmean,anom_dt,77,0.0605,0.6014
country,NORDIC,NDJFM,tmin_mean,value,77,0.0588,0.6117
country,NORDIC,NDJFM,tmin_mean,anom,77,0.0483,0.6763
country,NORDIC,NDJFM,tmin_mean,anom_dt,77,0.0757,0.5129
country,SE,DJF,frost_days,value,77,0.0741,0.5219
country,SE,DJF,frost_days,anom,77,0.0169,0.8843
country,SE,DJF,frost_days,anom_dt,77,0.0313,0.7870
country,SE,DJF,ice_days,value,77,0.0145,0.9007
country,SE,DJF,ice_days,anom,77,-0.0268,0.8169
country,SE,DJF,ice_days,anom_dt,77,-0.0375,0.7463
country,SE,DJF,precip,value,77,-0.1694,0.1408
country,SE,DJF,precip,anom,77,-0.1410,0.2214
country,SE,DJF,precip,anom_dt,77,-0.1541,0.1809
country,SE,DJF,precip_days,value,77,-0.0827,0.4745
country,SE,DJF,precip_days,anom,77,-0.0591,0.6094
country,SE,DJF,precip_days,anom_dt,77,-0.0789,0.4951
country,SE,DJF,rain_on_snow_days,value,71,-0.1288,0.2842
country,SE,DJF,rain_on_snow_days,anom,71,-0.1802,0.1327
country,SE,DJF,rain_on_snow_days,anom_dt,71,-0.1332,0.2683
country,SE,DJF,snow_cover_days,value,71,0.0120,0.9209
country,SE,DJF,snow_cover_days,anom,71,-0.0262,0.8280
country,SE,DJF,snow_cover_days,anom_dt,71,-0.0080,0.9471
country,SE,DJF,snow_depth,value,71,0.0488,0.6858
country,SE,DJF,snow_depth,anom,71,0.0893,0.4591
country,SE,DJF,snow_depth,anom_dt,71,0.1077,0.3712
country,SE,DJF,snow_max,value,71,0.1361,0.2579
country,SE,DJF,snow_max,anom,71,0.1571,0.1909
country,SE,DJF,snow_max,anom_dt,71,0.1830,0.1266
country,SE,DJF,thaw_days,value,77,-0.0156,0.8931
country,SE,DJF,thaw_days,anom,77,0.0174,0.8808
country,SE,DJF,thaw_days,anom_dt,77,0.0406,0.7256
country,SE,DJF,tmax_mean,value,77,-0.0239,0.8365
country,SE,DJF,tmax_mean,anom,77,0.0217,0.8516
country,SE,DJF,tmax_mean,anom_dt,77,0.0248,0.8306
country,SE,DJF,tmean,value,77,-0.0305,0.7922
country,SE,DJF,tmean,anom,77,0.0048,0.9667
country,SE,DJF,tmean,anom_dt,77,0.0259,0.8234
country,SE,DJF,tmin_mean,value,77,-0.0473,0.6828
country,SE,DJF,tmin_mean,anom,77,-0.0035,0.9756
country,SE,DJF,tmin_mean,anom_dt,77,0.0121,0.9166
country,SE,JFM,frost_days,value,77,-0.0010,0.9930
country,SE,JFM,frost_days,anom,77,-0.0614,0.5958
country,SE,JFM,frost_days,anom_dt,77,-0.0740,0.5225
country,SE,JFM,ice_days,value,77,0.0338,0.7707
country,SE,JFM,ice_days,anom,77,-0.0149,0.8976
country,SE,JFM,ice_days,anom_dt,77,-0.0306,0.7914
country,SE,JFM,precip,value,77,0.0490,0.6719
country,SE,JFM,precip,anom,77,0.0928,0.4220
country,SE,JFM,precip,anom_dt,77,0.0993,0.3903
country,SE,JFM,precip_days,value,77,0.1278,0.2678
country,SE,JFM,precip_days,anom,77,0.1413,0.2202
country,SE,JFM,precip_days,anom_dt,77,0.1693,0.1411
country,SE,JFM,rain_on_snow_days,value,74,0.0977,0.4075
country,SE,JFM,rain_on_snow_days,anom,74,0.1166,0.3225
country,SE,JFM,rain_on_snow_days,anom_dt,74,0.1101,0.3502
country,SE,JFM,snow_cover_days,value,74,-0.0068,0.9542
country,SE,JFM,snow_cover_days,anom,74,-0.0182,0.8774
country,SE,JFM,snow_cover_days,anom_dt,74,0.0277,0.8146
country,SE,JFM,snow_depth,value,74,0.1096,0.3525
country,SE,JFM,snow_depth,anom,74,0.0816,0.4897
country,SE,JFM,snow_depth,anom_dt,74,0.1177,0.3178
country,SE,JFM,snow_max,value,74,0.1443,0.2200
country,SE,JFM,snow_max,anom,74,0.1370,0.2445
country,SE,JFM,snow_max,anom_dt,74,0.1564,0.1832
country,SE,JFM,thaw_days,value,77,-0.0260,0.8226
country,SE,JFM,thaw_days,anom,77,0.0230,0.8428
country,SE,JFM,thaw_days,anom_dt,77,0.0495,0.6688
country,SE,JFM,tmax_mean,value,77,-0.0325,0.7792
country,SE,JFM,tmax_mean,anom,77,-0.0020,0.9864
country,SE,JFM,tmax_mean,anom_dt,77,0.0003,0.9977
country,SE,JFM,tmean,value,77,-0.0467,0.6865
country,SE,JFM,tmean,anom,77,0.0023,0.9839
country,SE,JFM,tmean,anom_dt,77,0.0165,0.8866
country,SE,JFM,tmin_mean,value,77,-0.0490,0.6720
country,SE,JFM,tmin_mean,anom,77,-0.0048,0.9671
country,SE,JFM,tmin_mean,anom_dt,77,0.0099,0.9318
country,SE,NDJFM,frost_days,value,77,0.0003,0.9979
country,SE,NDJFM,frost_days,anom,77,-0.0676,0.5588
country,SE,NDJFM,frost_days,anom_dt,77,-0.0576,0.6189
country,SE,NDJFM,ice_days,value,77,0.0427,0.7122
country,SE,NDJFM,ice_days,anom,77,-0.0156,0.8930
country,SE,NDJFM,ice_days,anom_dt,77,-0.0295,0.7989
country,SE,NDJFM,precip,value,77,0.0205,0.8593
country,SE,NDJFM,precip,anom,77,0.0725,0.5308
country,SE,NDJFM,precip,anom_dt,77,0.0609,0.5991
country,SE,NDJFM,precip_days,value,77,0.0389,0.7368
country,SE,NDJFM,precip_days,anom,77,0.0636,0.5828
country,SE,NDJFM,precip_days,anom_dt,77,0.0515,0.6563
country,SE,NDJFM,rain_on_snow_days,value,55,0.0488,0.7234
country,SE,NDJFM,rain_on_snow_days,anom,55,0.0142,0.9181
country,SE,NDJFM,rain_on_snow_days,anom_dt,55,0.0512,0.7105
country,SE,NDJFM,snow_cover_days,value,55,0.1417,0.3022
country,SE,NDJFM,snow_cover_days,anom,55,-0.0380,0.7828
country,SE,NDJFM,snow_cover_days,anom_dt,55,0.0010,0.9944
country,SE,NDJFM,snow_depth,value,55,0.1562,0.2549
country,SE,NDJFM,snow_depth,anom,55,0.0478,0.7289
country,SE,NDJFM,snow_depth,anom_dt,55,0.0787,0.5681
country,SE,NDJFM,snow_max,value,55,0.1766,0.1972
country,SE,NDJFM,snow_max,anom,55,0.1541,0.2614
country,SE,NDJFM,snow_max,anom_dt,55,0.1414,0.3030
country,SE,NDJFM,thaw_days,value,77,-0.0397,0.7319
country,SE,NDJFM,thaw_days,anom,77,0.0215,0.8527
country,SE,NDJFM,thaw_days,anom_dt,77,0.0416,0.7197
country,SE,NDJFM,tmax_mean,value,77,-0.0195,0.8660
country,SE,NDJFM,tmax_mean,anom,77,0.0334,0.7730
country,SE,NDJFM,tmax_mean,anom_dt,77,0.0301,0.7952
country,SE,NDJFM,tmean,value,77,-0.0313,0.7871
country,SE,NDJFM,tmean,anom,77,0.0432,0.7091
country,SE,NDJFM,tmean,anom_dt,77,0.0479,0.6789
country,SE,NDJFM,tmin_mean,value,77,-0.0390,0.7361
country,SE,NDJFM,tmin_mean,anom,77,0.0495,0.6688
country,SE,NDJFM,tmin_mean,anom_dt,77,0.0475,0.6816
country,SE-ERA5,DJF,frost_days,value,77,0.0204,0.8600
country,SE-ERA5,DJF,frost_days,anom,77,0.0208,0.8576
country,SE-ERA5,DJF,frost_days,anom_dt,77,0.0108,0.9256
country,SE-ERA5,DJF,ice_days,value,77,0.0031,0.9787
country,SE-ERA5,DJF,ice_days,anom,77,0.0041,0.9719
country,SE-ERA5,DJF,ice_days,anom_dt,77,-0.0150,0.8971
country,SE-ERA5,DJF,precip,value,77,0.0473,0.6830
country,SE-ERA5,DJF,precip,anom,77,0.0473,0.6830
country,SE-ERA5,DJF,precip,anom_dt,77,0.0408,0.7247
country,SE-ERA5,DJF,precip_days,value,77,0.0671,0.5620
country,SE-ERA5,DJF,precip_days,anom,77,0.0675,0.5598
country,SE-ERA5,DJF,precip_days,anom_dt,77,0.0624,0.5899
country,SE-ERA5,DJF,thaw_days,value,77,-0.0058,0.9599
country,SE-ERA5,DJF,thaw_days,anom,77,-0.0058,0.9602
country,SE-ERA5,DJF,thaw_days,anom_dt,77,0.0098,0.9329
country,SE-ERA5,DJF,tmax_mean,value,77,0.0155,0.8936
country,SE-ERA5,DJF,tmax_mean,anom,77,0.0155,0.8936
country,SE-ERA5,DJF,tmax_mean,anom_dt,77,0.0087,0.9402
country,SE-ERA5,DJF,tmean,value,77,0.0190,0.8694
country,SE-ERA5,DJF,tmean,anom,77,0.0190,0.8694
country,SE-ERA5,DJF,tmean,anom_dt,77,0.0050,0.9654
country,SE-ERA5,DJF,tmin_mean,value,77,0.0197,0.8649
country,SE-ERA5,DJF,tmin_mean,anom,77,0.0182,0.8754
country,SE-ERA5,DJF,tmin_mean,anom_dt,77,0.0103,0.9288
country,SE-ERA5,JFM,frost_days,value,77,-0.0335,0.7724
country,SE-ERA5,JFM,frost_days,anom,77,-0.0347,0.7647
country,SE-ERA5,JFM,frost_days,anom_dt,77,-0.0503,0.6637
country,SE-ERA5,JFM,ice_days,value,77,0.0214,0.8534
country,SE-ERA5,JFM,ice_days,anom,77,0.0214,0.8534
country,SE-ERA5,JFM,ice_days,anom_dt,77,0.0119,0.9182
country,SE-ERA5,JFM,precip,value,77,0.0897,0.4378
country,SE-ERA5,JFM,precip,anom,77,0.0897,0.4378
country,SE-ERA5,JFM,precip,anom_dt,77,0.1000,0.3869
country,SE-ERA5,JFM,precip_days,value,77,0.1311,0.2558
country,SE-ERA5,JFM,precip_days,anom,77,0.1295,0.2615
country,SE-ERA5,JFM,precip_days,anom_dt,77,0.1277,0.2682
country,SE-ERA5,JFM,thaw_days,value,77,-0.0236,0.8387
country,SE-ERA5,JFM,thaw_days,anom,77,-0.0236,0.8387
country,SE-ERA5,JFM,thaw_days,anom_dt,77,-0.0113,0.9224
country,SE-ERA5,JFM,tmax_mean,value,77,0.0002,0.9986
country,SE-ERA5,JFM,tmax_mean,anom,77,0.0002,0.9986
country,SE-ERA5,JFM,tmax_mean,anom_dt,77,0.0154,0.8946
country,SE-ERA5,JFM,tmean,value,77,-0.0003,0.9976
country,SE-ERA5,JFM,tmean,anom,77,-0.0003,0.9976
country,SE-ERA5,JFM,tmean,anom_dt,77,0.0182,0.8750
country,SE-ERA5,JFM,tmin_mean,value,77,-0.0029,0.9801
country,SE-ERA5,JFM,tmin_mean,anom,77,-0.0029,0.9801
country,SE-ERA5,JFM,tmin_mean,anom_dt,77,0.0238,0.8374
country,SE-ERA5,NDJFM,frost_days,value,77,-0.0579,0.6171
country,SE-ERA5,NDJFM,frost_days,anom,77,-0.0572,0.6213
country,SE-ERA5,NDJFM,frost_days,anom_dt,77,-0.0530,0.6470
country,SE-ERA5,NDJFM,ice_days,value,77,-0.0133,0.9085
country,SE-ERA5,NDJFM,ice_days,anom,77,-0.0133,0.9085
country,SE-ERA5,NDJFM,ice_days,anom_dt,77,-0.0220,0.8492
country,SE-ERA5,NDJFM,precip,value,77,0.1362,0.2377
country,SE-ERA5,NDJFM,precip,anom,77,0.1362,0.2377
country,SE-ERA5,NDJFM,precip,anom_dt,77,0.1431,0.2143
country,SE-ERA5,NDJFM,precip_days,value,77,0.1553,0.1775
country,SE-ERA5,NDJFM,precip_days,anom,77,0.1554,0.1771
country,SE-ERA5,NDJFM,precip_days,anom_dt,77,0.1498,0.1935
country,SE-ERA5,NDJFM,thaw_days,value,77,0.0111,0.9235
country,SE-ERA5,NDJFM,thaw_days,anom,77,0.0118,0.9188
country,SE-ERA5,NDJFM,thaw_days,anom_dt,77,0.0134,0.9079
country,SE-ERA5,NDJFM,tmax_mean,value,77,0.0169,0.8841
country,SE-ERA5,NDJFM,tmax_mean,anom,77,0.0169,0.8841
country,SE-ERA5,NDJFM,tmax_mean,anom_dt,77,0.0319,0.7830
country,SE-ERA5,NDJFM,tmean,value,77,0.0350,0.7625
country,SE-ERA5,NDJFM,tmean,anom,77,0.0350,0.7625
country,SE-ERA5,NDJFM,tmean,anom_dt,77,0.0634,0.5839
country,SE-ERA5,NDJFM,tmin_mean,value,77,0.0488,0.6734
country,SE-ERA5,NDJFM,tmin_mean,anom,77,0.0488,0.6734
country,SE-ERA5,NDJFM,tmin_mean,anom_dt,77,0.0816,0.4802
